  0
SECTION
  2
HEADER
  9
$ACADVER
  1
AC1018
  9
$HANDSEED
  5
FFFFFFFF
  9
$ANGBASE
  50
0.0
  9
$ANGDIR
  70
1
  9
$MEASUREMENT
  70
0
  9
$INSUNITS
  70
1
  0
ENDSEC
  0
SECTION
  2
TABLES
  0
TABLE
  2
APPID
  5
1
330
0
100
AcDbSymbolTable
 70
1
  0
APPID
  5
2
330
1
100
AcDbSymbolTableRecord
100
AcDbRegAppTableRecord
  2
ACAD
 70
0
  0
ENDTAB
  0
TABLE
  2
LTYPE
  5
3
330
0
100
AcDbSymbolTable
 70
6
  0
LTYPE
  5
4
330
3
100
AcDbSymbolTableRecord
100
AcDbLinetypeTableRecord
  2
ByBlock
 70
0
  3

 72
65
 73
0
 40
0
  0
LTYPE
  5
5
330
3
100
AcDbSymbolTableRecord
100
AcDbLinetypeTableRecord
  2
ByLayer
 70
0
  3

 72
65
 73
0
 40
0
  0
LTYPE
  5
6
330
3
100
AcDbSymbolTableRecord
100
AcDbLinetypeTableRecord
  2
CONTINUOUS
 70
0
  3
Solid line
 72
65
 73
0
 40
0
  0
LTYPE
  5
7
330
3
100
AcDbSymbolTableRecord
100
AcDbLinetypeTableRecord
  2
DASHDOT
 70
0
  3
Dash Dot ____ _ ____ _
 72
65
 73
4
 40
2
 49
1.25
 74
0
 49
-0.25
 74
0
 49
0.25
 74
0
 49
-0.25
 74
0
  0
LTYPE
  5
8
330
3
100
AcDbSymbolTableRecord
100
AcDbLinetypeTableRecord
  2
DASHED
 70
0
  3
Dashed __ __ __ __ __
 72
65
 73
2
 40
0.75
 49
0.5
 74
0
 49
-0.25
 74
0
  0
LTYPE
  5
9
330
3
100
AcDbSymbolTableRecord
100
AcDbLinetypeTableRecord
  2
DOTTED
 70
0
  3
Dotted .  .  .  .
 72
65
 73
2
 40
0.2
 49
0.0
 74
0
 49
-0.2
 74
0
  0
ENDTAB
  0
TABLE
  2
STYLE
  5
A
330
0
100
AcDbSymbolTable
 70
4
  0
STYLE
  5
B
330
A
100
AcDbSymbolTableRecord
100
AcDbTextStyleTableRecord
  2
KICAD
 70
0
 40
0
 41
1
 42
1
 50
0
 71
0
  3
isocp.shx
  0
STYLE
  5
C
330
A
100
AcDbSymbolTableRecord
100
AcDbTextStyleTableRecord
  2
KICADB
 70
0
 40
0
 41
1
 42
1
 50
0
 71
0
  3
isocp.shx
  0
STYLE
  5
D
330
A
100
AcDbSymbolTableRecord
100
AcDbTextStyleTableRecord
  2
KICADI
 70
0
 40
0
 41
1
 42
1
 50
15
 71
0
  3
isocp.shx
  0
STYLE
  5
E
330
A
100
AcDbSymbolTableRecord
100
AcDbTextStyleTableRecord
  2
KICADBI
 70
0
 40
0
 41
1
 42
1
 50
15
 71
0
  3
isocp.shx
  0
ENDTAB
  0
TABLE
  2
LAYER
  5
F
330
0
100
AcDbSymbolTable
 70
10
  0
LAYER
  5
12
330
F
100
AcDbSymbolTableRecord
100
AcDbLayerTableRecord
  2
0
 70
0
 62
7
  6
CONTINUOUS
390
10
  0
LAYER
  5
13
330
F
100
AcDbSymbolTableRecord
100
AcDbLayerTableRecord
  2
F.Cu
 70
0
 62
13
420
13120564
  6
CONTINUOUS
390
10
  0
LAYER
  5
14
330
F
100
AcDbSymbolTableRecord
100
AcDbLayerTableRecord
  2
B.Cu
 70
0
 62
153
420
5078980
  6
CONTINUOUS
390
10
  0
LAYER
  5
15
330
F
100
AcDbSymbolTableRecord
100
AcDbLayerTableRecord
  2
F.Paste
 70
0
 62
253
420
11837594
  6
CONTINUOUS
390
10
  0
LAYER
  5
16
330
F
100
AcDbSymbolTableRecord
100
AcDbLayerTableRecord
  2
B.Paste
 70
0
 62
132
420
49858
  6
CONTINUOUS
390
10
  0
LAYER
  5
17
330
F
100
AcDbSymbolTableRecord
100
AcDbLayerTableRecord
  2
F.Silkscreen
 70
0
 62
41
420
15920545
  6
CONTINUOUS
390
10
  0
LAYER
  5
18
330
F
100
AcDbSymbolTableRecord
100
AcDbLayerTableRecord
  2
B.Silkscreen
 70
0
 62
31
420
15250087
  6
CONTINUOUS
390
10
  0
LAYER
  5
19
330
F
100
AcDbSymbolTableRecord
100
AcDbLayerTableRecord
  2
F.Mask
 70
0
 62
201
420
14181631
  6
CONTINUOUS
390
10
  0
LAYER
  5
1A
330
F
100
AcDbSymbolTableRecord
100
AcDbLayerTableRecord
  2
B.Mask
 70
0
 62
4
420
196590
  6
CONTINUOUS
390
10
  0
LAYER
  5
1B
330
F
100
AcDbSymbolTableRecord
100
AcDbLayerTableRecord
  2
Edge.Cuts
 70
0
 62
254
420
13685453
  6
CONTINUOUS
390
10
  0
ENDTAB
  0
TABLE
  2
VPORT
  5
1C
330
0
100
AcDbSymbolTable
 70
0
  0
ENDTAB
  0
TABLE
  2
VIEW
  5
1D
330
0
100
AcDbSymbolTable
 70
0
  0
ENDTAB
  0
TABLE
  2
UCS
  5
1E
330
0
100
AcDbSymbolTable
 70
0
  0
ENDTAB
  0
TABLE
  2
DIMSTYLE
  5
1F
330
0
100
AcDbSymbolTable
 70
1
100
AcDbDimStyleTable
 71
0
  0
DIMSTYLE
105
20
330
1F
100
AcDbSymbolTableRecord
100
AcDbDimStyleTableRecord
  2
Standard
 70
0
  0
ENDTAB
  0
TABLE
  2
BLOCK_RECORD
  5
21
330
0
100
AcDbSymbolTable
 70
3
  0
BLOCK_RECORD
  5
22
330
21
100
AcDbSymbolTableRecord
100
AcDbBlockTableRecord
  2
*Model_Space
340
25
 70
0
280
1
281
0
  0
BLOCK_RECORD
  5
23
330
21
100
AcDbSymbolTableRecord
100
AcDbBlockTableRecord
  2
*Paper_Space
340
26
 70
0
280
1
281
0
  0
BLOCK_RECORD
  5
24
330
21
100
AcDbSymbolTableRecord
100
AcDbBlockTableRecord
  2
*Paper_Space0
340
27
 70
0
280
1
281
0
  0
ENDTAB
  0
ENDSEC
  0
SECTION
  2
BLOCKS
  0
BLOCK
  5
2B
330
22
100
AcDbEntity
  8
0
100
AcDbBlockBegin
  2
*Model_Space
 70
0
 10
0.0
 20
0.0
 30
0.0
  3
*Model_Space
  1

  0
ENDBLK
  5
2A
330
22
100
AcDbEntity
  8
0
100
AcDbBlockEnd
  0
BLOCK
  5
2D
330
23
100
AcDbEntity
 67
1
  8
0
100
AcDbBlockBegin
  2
*Paper_Space
 70
0
 10
0.0
 20
0.0
 30
0.0
  3
*Paper_Space
  1

  0
ENDBLK
  5
2C
330
23
100
AcDbEntity
 67
1
  8
0
100
AcDbBlockEnd
  0
BLOCK
  5
2F
330
24
100
AcDbEntity
 67
1
  8
0
100
AcDbBlockBegin
  2
*Paper_Space0
 70
0
 10
0.0
 20
0.0
 30
0.0
  3
*Paper_Space0
  1

  0
ENDBLK
  5
2E
330
24
100
AcDbEntity
 67
1
  8
0
100
AcDbBlockEnd
  0
ENDSEC
  0
SECTION
  2
ENTITIES
  0
LINE
  5
30
330
22
100
AcDbEntity
  8
F.Silkscreen
  6
CONTINUOUS
100
AcDbLine
 10
6.9613370472440943
 20
-3.4645498818897638
 30
0
 11
6.9626154724409446
 21
-3.465828307086614
 31
0
  0
LINE
  5
31
330
22
100
AcDbEntity
  8
F.Silkscreen
  6
CONTINUOUS
100
AcDbLine
 10
6.9626154724409446
 20
-3.465828307086614
 30
0
 11
6.9627952755905511
 21
-3.4667322834645669
 31
0
  0
LINE
  5
32
330
22
100
AcDbEntity
  8
F.Silkscreen
  6
CONTINUOUS
100
AcDbLine
 10
6.9627952755905511
 20
-3.4667322834645669
 30
0
 11
6.9627952755905511
 21
-4.0167322834645667
 31
0
  0
LINE
  5
33
330
22
100
AcDbEntity
  8
F.Silkscreen
  6
CONTINUOUS
100
AcDbLine
 10
6.9627952755905511
 20
-4.0167322834645667
 30
0
 11
6.9626154724409446
 21
-4.0176362598425195
 31
0
  0
LINE
  5
34
330
22
100
AcDbEntity
  8
F.Silkscreen
  6
CONTINUOUS
100
AcDbLine
 10
6.9626154724409446
 20
-4.0176362598425195
 30
0
 11
6.9613370472440943
 21
-4.0189146850393698
 31
0
  0
LINE
  5
35
330
22
100
AcDbEntity
  8
F.Silkscreen
  6
CONTINUOUS
100
AcDbLine
 10
6.9613370472440943
 20
-4.0189146850393698
 30
0
 11
6.9604330708661415
 21
-4.0190944881889763
 31
0
  0
LINE
  5
36
330
22
100
AcDbEntity
  8
F.Silkscreen
  6
CONTINUOUS
100
AcDbLine
 10
6.9604330708661415
 20
-4.0190944881889763
 30
0
 11
6.4104330708661417
 21
-4.0190944881889763
 31
0
  0
LINE
  5
37
330
22
100
AcDbEntity
  8
F.Silkscreen
  6
CONTINUOUS
100
AcDbLine
 10
6.4104330708661417
 20
-4.0190944881889763
 30
0
 11
6.4095290944881889
 21
-4.0189146850393698
 31
0
  0
LINE
  5
38
330
22
100
AcDbEntity
  8
F.Silkscreen
  6
CONTINUOUS
100
AcDbLine
 10
6.4095290944881889
 20
-4.0189146850393698
 30
0
 11
6.4082506692913386
 21
-4.0176362598425195
 31
0
  0
LINE
  5
39
330
22
100
AcDbEntity
  8
F.Silkscreen
  6
CONTINUOUS
100
AcDbLine
 10
6.4082506692913386
 20
-4.0176362598425195
 30
0
 11
6.408070866141732
 21
-4.0167322834645667
 31
0
  0
LINE
  5
3A
330
22
100
AcDbEntity
  8
F.Silkscreen
  6
CONTINUOUS
100
AcDbLine
 10
6.408070866141732
 20
-4.0167322834645667
 30
0
 11
6.408070866141732
 21
-3.4667322834645669
 31
0
  0
LINE
  5
3B
330
22
100
AcDbEntity
  8
F.Silkscreen
  6
CONTINUOUS
100
AcDbLine
 10
6.408070866141732
 20
-3.4667322834645669
 30
0
 11
6.4082506692913386
 21
-3.465828307086614
 31
0
  0
LINE
  5
3C
330
22
100
AcDbEntity
  8
F.Silkscreen
  6
CONTINUOUS
100
AcDbLine
 10
6.4082506692913386
 20
-3.465828307086614
 30
0
 11
6.4095290944881889
 21
-3.4645498818897638
 31
0
  0
LINE
  5
3D
330
22
100
AcDbEntity
  8
F.Silkscreen
  6
CONTINUOUS
100
AcDbLine
 10
6.4095290944881889
 20
-3.4645498818897638
 30
0
 11
6.4104330708661417
 21
-3.4643700787401572
 31
0
  0
LINE
  5
3E
330
22
100
AcDbEntity
  8
F.Silkscreen
  6
CONTINUOUS
100
AcDbLine
 10
6.4104330708661417
 20
-3.4643700787401572
 30
0
 11
6.9604330708661415
 21
-3.4643700787401572
 31
0
  0
LINE
  5
3F
330
22
100
AcDbEntity
  8
F.Silkscreen
  6
CONTINUOUS
100
AcDbLine
 10
6.9604330708661415
 20
-3.4643700787401572
 30
0
 11
6.9613370472440943
 21
-3.4645498818897638
 31
0
  0
LINE
  5
40
330
22
100
AcDbEntity
  8
F.Silkscreen
  6
CONTINUOUS
100
AcDbLine
 10
6.4127952755905513
 20
-3.4690944881889765
 30
0
 11
6.4127952755905513
 21
-4.0143700787401571
 31
0
  0
LINE
  5
41
330
22
100
AcDbEntity
  8
F.Silkscreen
  6
CONTINUOUS
100
AcDbLine
 10
6.4127952755905513
 20
-4.0143700787401571
 30
0
 11
6.9580708661417319
 21
-4.0143700787401571
 31
0
  0
LINE
  5
42
330
22
100
AcDbEntity
  8
F.Silkscreen
  6
CONTINUOUS
100
AcDbLine
 10
6.9580708661417319
 20
-4.0143700787401571
 30
0
 11
6.9580708661417319
 21
-3.4690944881889765
 31
0
  0
LINE
  5
43
330
22
100
AcDbEntity
  8
F.Silkscreen
  6
CONTINUOUS
100
AcDbLine
 10
6.9580708661417319
 20
-3.4690944881889765
 30
0
 11
6.4127952755905513
 21
-3.4690944881889765
 31
0
  0
LINE
  5
44
330
22
100
AcDbEntity
  8
F.Silkscreen
  6
CONTINUOUS
100
AcDbLine
 10
6.2011008267716532
 20
-3.4629750787401572
 30
0
 11
6.2023792519685035
 21
-3.4642535039370079
 31
0
  0
LINE
  5
45
330
22
100
AcDbEntity
  8
F.Silkscreen
  6
CONTINUOUS
100
AcDbLine
 10
6.2023792519685035
 20
-3.4642535039370079
 30
0
 11
6.20255905511811
 21
-3.4651574803149607
 31
0
  0
LINE
  5
46
330
22
100
AcDbEntity
  8
F.Silkscreen
  6
CONTINUOUS
100
AcDbLine
 10
6.20255905511811
 20
-3.4651574803149607
 30
0
 11
6.20255905511811
 21
-4.0151574803149606
 31
0
  0
LINE
  5
47
330
22
100
AcDbEntity
  8
F.Silkscreen
  6
CONTINUOUS
100
AcDbLine
 10
6.20255905511811
 20
-4.0151574803149606
 30
0
 11
6.2023792519685035
 21
-4.0160614566929134
 31
0
  0
LINE
  5
48
330
22
100
AcDbEntity
  8
F.Silkscreen
  6
CONTINUOUS
100
AcDbLine
 10
6.2023792519685035
 20
-4.0160614566929134
 30
0
 11
6.2011008267716532
 21
-4.0173398818897637
 31
0
  0
LINE
  5
49
330
22
100
AcDbEntity
  8
F.Silkscreen
  6
CONTINUOUS
100
AcDbLine
 10
6.2011008267716532
 20
-4.0173398818897637
 30
0
 11
6.2001968503937004
 21
-4.0175196850393702
 31
0
  0
LINE
  5
4A
330
22
100
AcDbEntity
  8
F.Silkscreen
  6
CONTINUOUS
100
AcDbLine
 10
6.2001968503937004
 20
-4.0175196850393702
 30
0
 11
5.6501968503937006
 21
-4.0175196850393702
 31
0
  0
LINE
  5
4B
330
22
100
AcDbEntity
  8
F.Silkscreen
  6
CONTINUOUS
100
AcDbLine
 10
5.6501968503937006
 20
-4.0175196850393702
 30
0
 11
5.6492928740157478
 21
-4.0173398818897637
 31
0
  0
LINE
  5
4C
330
22
100
AcDbEntity
  8
F.Silkscreen
  6
CONTINUOUS
100
AcDbLine
 10
5.6492928740157478
 20
-4.0173398818897637
 30
0
 11
5.6480144488188975
 21
-4.0160614566929134
 31
0
  0
LINE
  5
4D
330
22
100
AcDbEntity
  8
F.Silkscreen
  6
CONTINUOUS
100
AcDbLine
 10
5.6480144488188975
 20
-4.0160614566929134
 30
0
 11
5.6478346456692909
 21
-4.0151574803149606
 31
0
  0
LINE
  5
4E
330
22
100
AcDbEntity
  8
F.Silkscreen
  6
CONTINUOUS
100
AcDbLine
 10
5.6478346456692909
 20
-4.0151574803149606
 30
0
 11
5.6478346456692909
 21
-3.4651574803149607
 31
0
  0
LINE
  5
4F
330
22
100
AcDbEntity
  8
F.Silkscreen
  6
CONTINUOUS
100
AcDbLine
 10
5.6478346456692909
 20
-3.4651574803149607
 30
0
 11
5.6480144488188975
 21
-3.4642535039370079
 31
0
  0
LINE
  5
50
330
22
100
AcDbEntity
  8
F.Silkscreen
  6
CONTINUOUS
100
AcDbLine
 10
5.6480144488188975
 20
-3.4642535039370079
 30
0
 11
5.6492928740157478
 21
-3.4629750787401572
 31
0
  0
LINE
  5
51
330
22
100
AcDbEntity
  8
F.Silkscreen
  6
CONTINUOUS
100
AcDbLine
 10
5.6492928740157478
 20
-3.4629750787401572
 30
0
 11
5.6501968503937006
 21
-3.4627952755905511
 31
0
  0
LINE
  5
52
330
22
100
AcDbEntity
  8
F.Silkscreen
  6
CONTINUOUS
100
AcDbLine
 10
5.6501968503937006
 20
-3.4627952755905511
 30
0
 11
6.2001968503937004
 21
-3.4627952755905511
 31
0
  0
LINE
  5
53
330
22
100
AcDbEntity
  8
F.Silkscreen
  6
CONTINUOUS
100
AcDbLine
 10
6.2001968503937004
 20
-3.4627952755905511
 30
0
 11
6.2011008267716532
 21
-3.4629750787401572
 31
0
  0
LINE
  5
54
330
22
100
AcDbEntity
  8
F.Silkscreen
  6
CONTINUOUS
100
AcDbLine
 10
5.6525590551181102
 20
-3.4675196850393699
 30
0
 11
5.6525590551181102
 21
-4.0127952755905509
 31
0
  0
LINE
  5
55
330
22
100
AcDbEntity
  8
F.Silkscreen
  6
CONTINUOUS
100
AcDbLine
 10
5.6525590551181102
 20
-4.0127952755905509
 30
0
 11
6.1978346456692908
 21
-4.0127952755905509
 31
0
  0
LINE
  5
56
330
22
100
AcDbEntity
  8
F.Silkscreen
  6
CONTINUOUS
100
AcDbLine
 10
6.1978346456692908
 20
-4.0127952755905509
 30
0
 11
6.1978346456692908
 21
-3.4675196850393699
 31
0
  0
LINE
  5
57
330
22
100
AcDbEntity
  8
F.Silkscreen
  6
CONTINUOUS
100
AcDbLine
 10
6.1978346456692908
 20
-3.4675196850393699
 30
0
 11
5.6525590551181102
 21
-3.4675196850393699
 31
0
  0
LINE
  5
58
330
22
100
AcDbEntity
  8
F.Silkscreen
  6
CONTINUOUS
100
AcDbLine
 10
7.7168488582677162
 20
-3.4629750787401572
 30
0
 11
7.7181272834645664
 21
-3.4642535039370079
 31
0
  0
LINE
  5
59
330
22
100
AcDbEntity
  8
F.Silkscreen
  6
CONTINUOUS
100
AcDbLine
 10
7.7181272834645664
 20
-3.4642535039370079
 30
0
 11
7.718307086614173
 21
-3.4651574803149607
 31
0
  0
LINE
  5
5A
330
22
100
AcDbEntity
  8
F.Silkscreen
  6
CONTINUOUS
100
AcDbLine
 10
7.718307086614173
 20
-3.4651574803149607
 30
0
 11
7.718307086614173
 21
-4.0151574803149606
 31
0
  0
LINE
  5
5B
330
22
100
AcDbEntity
  8
F.Silkscreen
  6
CONTINUOUS
100
AcDbLine
 10
7.718307086614173
 20
-4.0151574803149606
 30
0
 11
7.7181272834645664
 21
-4.0160614566929134
 31
0
  0
LINE
  5
5C
330
22
100
AcDbEntity
  8
F.Silkscreen
  6
CONTINUOUS
100
AcDbLine
 10
7.7181272834645664
 20
-4.0160614566929134
 30
0
 11
7.7168488582677162
 21
-4.0173398818897637
 31
0
  0
LINE
  5
5D
330
22
100
AcDbEntity
  8
F.Silkscreen
  6
CONTINUOUS
100
AcDbLine
 10
7.7168488582677162
 20
-4.0173398818897637
 30
0
 11
7.7159448818897634
 21
-4.0175196850393702
 31
0
  0
LINE
  5
5E
330
22
100
AcDbEntity
  8
F.Silkscreen
  6
CONTINUOUS
100
AcDbLine
 10
7.7159448818897634
 20
-4.0175196850393702
 30
0
 11
7.1659448818897635
 21
-4.0175196850393702
 31
0
  0
LINE
  5
5F
330
22
100
AcDbEntity
  8
F.Silkscreen
  6
CONTINUOUS
100
AcDbLine
 10
7.1659448818897635
 20
-4.0175196850393702
 30
0
 11
7.1650409055118107
 21
-4.0173398818897637
 31
0
  0
LINE
  5
60
330
22
100
AcDbEntity
  8
F.Silkscreen
  6
CONTINUOUS
100
AcDbLine
 10
7.1650409055118107
 20
-4.0173398818897637
 30
0
 11
7.1637624803149604
 21
-4.0160614566929134
 31
0
  0
LINE
  5
61
330
22
100
AcDbEntity
  8
F.Silkscreen
  6
CONTINUOUS
100
AcDbLine
 10
7.1637624803149604
 20
-4.0160614566929134
 30
0
 11
7.1635826771653539
 21
-4.0151574803149606
 31
0
  0
LINE
  5
62
330
22
100
AcDbEntity
  8
F.Silkscreen
  6
CONTINUOUS
100
AcDbLine
 10
7.1635826771653539
 20
-4.0151574803149606
 30
0
 11
7.1635826771653539
 21
-3.4651574803149607
 31
0
  0
LINE
  5
63
330
22
100
AcDbEntity
  8
F.Silkscreen
  6
CONTINUOUS
100
AcDbLine
 10
7.1635826771653539
 20
-3.4651574803149607
 30
0
 11
7.1637624803149604
 21
-3.4642535039370079
 31
0
  0
LINE
  5
64
330
22
100
AcDbEntity
  8
F.Silkscreen
  6
CONTINUOUS
100
AcDbLine
 10
7.1637624803149604
 20
-3.4642535039370079
 30
0
 11
7.1650409055118107
 21
-3.4629750787401572
 31
0
  0
LINE
  5
65
330
22
100
AcDbEntity
  8
F.Silkscreen
  6
CONTINUOUS
100
AcDbLine
 10
7.1650409055118107
 20
-3.4629750787401572
 30
0
 11
7.1659448818897635
 21
-3.4627952755905511
 31
0
  0
LINE
  5
66
330
22
100
AcDbEntity
  8
F.Silkscreen
  6
CONTINUOUS
100
AcDbLine
 10
7.1659448818897635
 20
-3.4627952755905511
 30
0
 11
7.7159448818897634
 21
-3.4627952755905511
 31
0
  0
LINE
  5
67
330
22
100
AcDbEntity
  8
F.Silkscreen
  6
CONTINUOUS
100
AcDbLine
 10
7.7159448818897634
 20
-3.4627952755905511
 30
0
 11
7.7168488582677162
 21
-3.4629750787401572
 31
0
  0
LINE
  5
68
330
22
100
AcDbEntity
  8
F.Silkscreen
  6
CONTINUOUS
100
AcDbLine
 10
7.1683070866141732
 20
-3.4675196850393699
 30
0
 11
7.1683070866141732
 21
-4.0127952755905509
 31
0
  0
LINE
  5
69
330
22
100
AcDbEntity
  8
F.Silkscreen
  6
CONTINUOUS
100
AcDbLine
 10
7.1683070866141732
 20
-4.0127952755905509
 30
0
 11
7.7135826771653537
 21
-4.0127952755905509
 31
0
  0
LINE
  5
6A
330
22
100
AcDbEntity
  8
F.Silkscreen
  6
CONTINUOUS
100
AcDbLine
 10
7.7135826771653537
 20
-4.0127952755905509
 30
0
 11
7.7135826771653537
 21
-3.4675196850393699
 31
0
  0
LINE
  5
6B
330
22
100
AcDbEntity
  8
F.Silkscreen
  6
CONTINUOUS
100
AcDbLine
 10
7.7135826771653537
 20
-3.4675196850393699
 30
0
 11
7.1683070866141732
 21
-3.4675196850393699
 31
0
  0
LINE
  5
6C
330
22
100
AcDbEntity
  8
F.Silkscreen
  6
CONTINUOUS
100
AcDbLine
 10
6.6501040551181099
 20
-3.407344409448819
 30
0
 11
6.6501818110236215
 21
-3.4073388976377954
 31
0
  0
LINE
  5
6D
330
22
100
AcDbEntity
  8
F.Silkscreen
  6
CONTINUOUS
100
AcDbLine
 10
6.6501818110236215
 20
-3.4073388976377954
 30
0
 11
6.6502840551181102
 21
-3.4073621259842519
 31
0
  0
LINE
  5
6E
330
22
100
AcDbEntity
  8
F.Silkscreen
  6
CONTINUOUS
100
AcDbLine
 10
6.6502840551181102
 20
-3.4073621259842519
 30
0
 11
6.6503885826771656
 21
-3.407372440944882
 31
0
  0
LINE
  5
6F
330
22
100
AcDbEntity
  8
F.Silkscreen
  6
CONTINUOUS
100
AcDbLine
 10
6.6503885826771656
 20
-3.407372440944882
 30
0
 11
6.6504606692913386
 21
-3.4074022834645668
 31
0
  0
LINE
  5
70
330
22
100
AcDbEntity
  8
F.Silkscreen
  6
CONTINUOUS
100
AcDbLine
 10
6.6504606692913386
 20
-3.4074022834645668
 30
0
 11
6.6507462598425198
 21
-3.4074672440944882
 31
0
  0
LINE
  5
71
330
22
100
AcDbEntity
  8
F.Silkscreen
  6
CONTINUOUS
100
AcDbLine
 10
6.6507462598425198
 20
-3.4074672440944882
 30
0
 11
6.6563705511811024
 21
-3.4093420078740158
 31
0
  0
LINE
  5
72
330
22
100
AcDbEntity
  8
F.Silkscreen
  6
CONTINUOUS
100
AcDbLine
 10
6.6563705511811024
 20
-3.4093420078740158
 30
0
 11
6.656899094488189
 21
-3.4095779921259841
 31
0
  0
LINE
  5
73
330
22
100
AcDbEntity
  8
F.Silkscreen
  6
CONTINUOUS
100
AcDbLine
 10
6.656899094488189
 20
-3.4095779921259841
 30
0
 11
6.6577694488188977
 21
-3.4103328740157481
 31
0
  0
LINE
  5
74
330
22
100
AcDbEntity
  8
F.Silkscreen
  6
CONTINUOUS
100
AcDbLine
 10
6.6577694488188977
 20
-3.4103328740157481
 30
0
 11
6.6582846850393702
 21
-3.4113633070866141
 31
0
  0
LINE
  5
75
330
22
100
AcDbEntity
  8
F.Silkscreen
  6
CONTINUOUS
100
AcDbLine
 10
6.6582846850393702
 20
-3.4113633070866141
 30
0
 11
6.6583663779527553
 21
-3.4125125196850394
 31
0
  0
LINE
  5
76
330
22
100
AcDbEntity
  8
F.Silkscreen
  6
CONTINUOUS
100
AcDbLine
 10
6.6583663779527553
 20
-3.4125125196850394
 30
0
 11
6.6580020472440946
 21
-3.4136055118110233
 31
0
  0
LINE
  5
77
330
22
100
AcDbEntity
  8
F.Silkscreen
  6
CONTINUOUS
100
AcDbLine
 10
6.6580020472440946
 20
-3.4136055118110233
 30
0
 11
6.6572471653543301
 21
-3.4144759055118108
 31
0
  0
LINE
  5
78
330
22
100
AcDbEntity
  8
F.Silkscreen
  6
CONTINUOUS
100
AcDbLine
 10
6.6572471653543301
 20
-3.4144759055118108
 30
0
 11
6.6562166929133859
 21
-3.4149911023622046
 31
0
  0
LINE
  5
79
330
22
100
AcDbEntity
  8
F.Silkscreen
  6
CONTINUOUS
100
AcDbLine
 10
6.6562166929133859
 20
-3.4149911023622046
 30
0
 11
6.6550674803149601
 21
-3.4150727952755906
 31
0
  0
LINE
  5
7A
330
22
100
AcDbEntity
  8
F.Silkscreen
  6
CONTINUOUS
100
AcDbLine
 10
6.6550674803149601
 20
-3.4150727952755906
 30
0
 11
6.6545030314960627
 21
-3.4149444488188974
 31
0
  0
LINE
  5
7B
330
22
100
AcDbEntity
  8
F.Silkscreen
  6
CONTINUOUS
100
AcDbLine
 10
6.6545030314960627
 20
-3.4149444488188974
 30
0
 11
6.6493333858267718
 21
-3.4132212204724408
 31
0
  0
LINE
  5
7C
330
22
100
AcDbEntity
  8
F.Silkscreen
  6
CONTINUOUS
100
AcDbLine
 10
6.6493333858267718
 20
-3.4132212204724408
 30
0
 11
6.6411357480314956
 21
-3.4132212204724408
 31
0
  0
LINE
  5
7D
330
22
100
AcDbEntity
  8
F.Silkscreen
  6
CONTINUOUS
100
AcDbLine
 10
6.6411357480314956
 20
-3.4132212204724408
 30
0
 11
6.638438267716535
 21
-3.4145699606299211
 31
0
  0
LINE
  5
7E
330
22
100
AcDbEntity
  8
F.Silkscreen
  6
CONTINUOUS
100
AcDbLine
 10
6.638438267716535
 20
-3.4145699606299211
 30
0
 11
6.6372411417322832
 21
-3.4157670866141729
 31
0
  0
LINE
  5
7F
330
22
100
AcDbEntity
  8
F.Silkscreen
  6
CONTINUOUS
100
AcDbLine
 10
6.6372411417322832
 20
-3.4157670866141729
 30
0
 11
6.6358924015748029
 21
-3.4184645669291336
 31
0
  0
LINE
  5
80
330
22
100
AcDbEntity
  8
F.Silkscreen
  6
CONTINUOUS
100
AcDbLine
 10
6.6358924015748029
 20
-3.4184645669291336
 30
0
 11
6.6358924015748029
 21
-3.42082
 31
0
  0
LINE
  5
81
330
22
100
AcDbEntity
  8
F.Silkscreen
  6
CONTINUOUS
100
AcDbLine
 10
6.6358924015748029
 20
-3.42082
 30
0
 11
6.6372411417322832
 21
-3.4235174803149606
 31
0
  0
LINE
  5
82
330
22
100
AcDbEntity
  8
F.Silkscreen
  6
CONTINUOUS
100
AcDbLine
 10
6.6372411417322832
 20
-3.4235174803149606
 30
0
 11
6.638438267716535
 21
-3.4247146062992124
 31
0
  0
LINE
  5
83
330
22
100
AcDbEntity
  8
F.Silkscreen
  6
CONTINUOUS
100
AcDbLine
 10
6.638438267716535
 20
-3.4247146062992124
 30
0
 11
6.6414692519685037
 21
-3.4262300787401574
 31
0
  0
LINE
  5
84
330
22
100
AcDbEntity
  8
F.Silkscreen
  6
CONTINUOUS
100
AcDbLine
 10
6.6414692519685037
 20
-3.4262300787401574
 30
0
 11
6.6486538976377947
 21
-3.4280262598425195
 31
0
  0
LINE
  5
85
330
22
100
AcDbEntity
  8
F.Silkscreen
  6
CONTINUOUS
100
AcDbLine
 10
6.6486538976377947
 20
-3.4280262598425195
 30
0
 11
6.6486963779527555
 21
-3.4280414173228344
 31
0
  0
LINE
  5
86
330
22
100
AcDbEntity
  8
F.Silkscreen
  6
CONTINUOUS
100
AcDbLine
 10
6.6486963779527555
 20
-3.4280414173228344
 30
0
 11
6.6487176377952757
 21
-3.4280429527559053
 31
0
  0
LINE
  5
87
330
22
100
AcDbEntity
  8
F.Silkscreen
  6
CONTINUOUS
100
AcDbLine
 10
6.6487176377952757
 20
-3.4280429527559053
 30
0
 11
6.6489570472440942
 21
-3.4281345669291339
 31
0
  0
LINE
  5
88
330
22
100
AcDbEntity
  8
F.Silkscreen
  6
CONTINUOUS
100
AcDbLine
 10
6.6489570472440942
 20
-3.4281345669291339
 30
0
 11
6.6491990157480316
 21
-3.4282210236220472
 31
0
  0
LINE
  5
89
330
22
100
AcDbEntity
  8
F.Silkscreen
  6
CONTINUOUS
100
AcDbLine
 10
6.6491990157480316
 20
-3.4282210236220472
 30
0
 11
6.6492161417322837
 21
-3.4282337007874015
 31
0
  0
LINE
  5
8A
330
22
100
AcDbEntity
  8
F.Silkscreen
  6
CONTINUOUS
100
AcDbLine
 10
6.6492161417322837
 20
-3.4282337007874015
 30
0
 11
6.6492582677165357
 21
-3.4282498425196848
 31
0
  0
LINE
  5
8B
330
22
100
AcDbEntity
  8
F.Silkscreen
  6
CONTINUOUS
100
AcDbLine
 10
6.6492582677165357
 20
-3.4282498425196848
 30
0
 11
6.6530077952755908
 21
-3.4301246062992123
 31
0
  0
LINE
  5
8C
330
22
100
AcDbEntity
  8
F.Silkscreen
  6
CONTINUOUS
100
AcDbLine
 10
6.6530077952755908
 20
-3.4301246062992123
 30
0
 11
6.6532557874015748
 21
-3.4302806692913386
 31
0
  0
LINE
  5
8D
330
22
100
AcDbEntity
  8
F.Silkscreen
  6
CONTINUOUS
100
AcDbLine
 10
6.6532557874015748
 20
-3.4302806692913386
 30
0
 11
6.6533277559055115
 21
-3.4303105118110238
 31
0
  0
LINE
  5
8E
330
22
100
AcDbEntity
  8
F.Silkscreen
  6
CONTINUOUS
100
AcDbLine
 10
6.6533277559055115
 20
-3.4303105118110238
 30
0
 11
6.6534087007874012
 21
-3.4303769685039369
 31
0
  0
LINE
  5
8F
330
22
100
AcDbEntity
  8
F.Silkscreen
  6
CONTINUOUS
100
AcDbLine
 10
6.6534087007874012
 20
-3.4303769685039369
 30
0
 11
6.6534976771653538
 21
-3.4304329527559054
 31
0
  0
LINE
  5
90
330
22
100
AcDbEntity
  8
F.Silkscreen
  6
CONTINUOUS
100
AcDbLine
 10
6.6534976771653538
 20
-3.4304329527559054
 30
0
 11
6.6535488188976375
 21
-3.4304919291338583
 31
0
  0
LINE
  5
91
330
22
100
AcDbEntity
  8
F.Silkscreen
  6
CONTINUOUS
100
AcDbLine
 10
6.6535488188976375
 20
-3.4304919291338583
 30
0
 11
6.6537751968503933
 21
-3.430677716535433
 31
0
  0
LINE
  5
92
330
22
100
AcDbEntity
  8
F.Silkscreen
  6
CONTINUOUS
100
AcDbLine
 10
6.6537751968503933
 20
-3.430677716535433
 30
0
 11
6.6556499606299209
 21
-3.4325524803149605
 31
0
  0
LINE
  5
93
330
22
100
AcDbEntity
  8
F.Silkscreen
  6
CONTINUOUS
100
AcDbLine
 10
6.6556499606299209
 20
-3.4325524803149605
 30
0
 11
6.6558357086614173
 21
-3.4327788188976376
 31
0
  0
LINE
  5
94
330
22
100
AcDbEntity
  8
F.Silkscreen
  6
CONTINUOUS
100
AcDbLine
 10
6.6558357086614173
 20
-3.4327788188976376
 30
0
 11
6.6558947244094488
 21
-3.43283
 31
0
  0
LINE
  5
95
330
22
100
AcDbEntity
  8
F.Silkscreen
  6
CONTINUOUS
100
AcDbLine
 10
6.6558947244094488
 20
-3.43283
 30
0
 11
6.6559506692913386
 21
-3.4329189370078739
 31
0
  0
LINE
  5
96
330
22
100
AcDbEntity
  8
F.Silkscreen
  6
CONTINUOUS
100
AcDbLine
 10
6.6559506692913386
 20
-3.4329189370078739
 30
0
 11
6.6560171653543305
 21
-3.4329999212598423
 31
0
  0
LINE
  5
97
330
22
100
AcDbEntity
  8
F.Silkscreen
  6
CONTINUOUS
100
AcDbLine
 10
6.6560171653543305
 20
-3.4329999212598423
 30
0
 11
6.6560469685039365
 21
-3.4330718503937008
 31
0
  0
LINE
  5
98
330
22
100
AcDbEntity
  8
F.Silkscreen
  6
CONTINUOUS
100
AcDbLine
 10
6.6560469685039365
 20
-3.4330718503937008
 30
0
 11
6.6562030708661419
 21
-3.4333198818897639
 31
0
  0
LINE
  5
99
330
22
100
AcDbEntity
  8
F.Silkscreen
  6
CONTINUOUS
100
AcDbLine
 10
6.6562030708661419
 20
-3.4333198818897639
 30
0
 11
6.6580778346456695
 21
-3.437069409448819
 31
0
  0
LINE
  5
9A
330
22
100
AcDbEntity
  8
F.Silkscreen
  6
CONTINUOUS
100
AcDbLine
 10
6.6580778346456695
 20
-3.437069409448819
 30
0
 11
6.658284724409449
 21
-3.4376099999999998
 31
0
  0
LINE
  5
9B
330
22
100
AcDbEntity
  8
F.Silkscreen
  6
CONTINUOUS
100
AcDbLine
 10
6.658284724409449
 20
-3.4376099999999998
 30
0
 11
6.6582922440944881
 21
-3.4377158661417324
 31
0
  0
LINE
  5
9C
330
22
100
AcDbEntity
  8
F.Silkscreen
  6
CONTINUOUS
100
AcDbLine
 10
6.6582922440944881
 20
-3.4377158661417324
 30
0
 11
6.6583328346456687
 21
-3.4378138582677162
 31
0
  0
LINE
  5
9D
330
22
100
AcDbEntity
  8
F.Silkscreen
  6
CONTINUOUS
100
AcDbLine
 10
6.6583328346456687
 20
-3.4378138582677162
 30
0
 11
6.6583895669291335
 21
-3.4383899212598426
 31
0
  0
LINE
  5
9E
330
22
100
AcDbEntity
  8
F.Silkscreen
  6
CONTINUOUS
100
AcDbLine
 10
6.6583895669291335
 20
-3.4383899212598426
 30
0
 11
6.6583895669291335
 21
-3.4421394488188977
 31
0
  0
LINE
  5
9F
330
22
100
AcDbEntity
  8
F.Silkscreen
  6
CONTINUOUS
100
AcDbLine
 10
6.6583895669291335
 20
-3.4421394488188977
 30
0
 11
6.6583328346456687
 21
-3.4427155118110235
 31
0
  0
LINE
  5
A0
330
22
100
AcDbEntity
  8
F.Silkscreen
  6
CONTINUOUS
100
AcDbLine
 10
6.6583328346456687
 20
-3.4427155118110235
 30
0
 11
6.6582922440944881
 21
-3.442813464566929
 31
0
  0
LINE
  5
A1
330
22
100
AcDbEntity
  8
F.Silkscreen
  6
CONTINUOUS
100
AcDbLine
 10
6.6582922440944881
 20
-3.442813464566929
 30
0
 11
6.658284724409449
 21
-3.4429193700787399
 31
0
  0
LINE
  5
A2
330
22
100
AcDbEntity
  8
F.Silkscreen
  6
CONTINUOUS
100
AcDbLine
 10
6.658284724409449
 20
-3.4429193700787399
 30
0
 11
6.6580778346456695
 21
-3.4434599606299212
 31
0
  0
LINE
  5
A3
330
22
100
AcDbEntity
  8
F.Silkscreen
  6
CONTINUOUS
100
AcDbLine
 10
6.6580778346456695
 20
-3.4434599606299212
 30
0
 11
6.6562030708661419
 21
-3.4472094881889763
 31
0
  0
LINE
  5
A4
330
22
100
AcDbEntity
  8
F.Silkscreen
  6
CONTINUOUS
100
AcDbLine
 10
6.6562030708661419
 20
-3.4472094881889763
 30
0
 11
6.6560470078740153
 21
-3.4474573622047244
 31
0
  0
LINE
  5
A5
330
22
100
AcDbEntity
  8
F.Silkscreen
  6
CONTINUOUS
100
AcDbLine
 10
6.6560470078740153
 20
-3.4474573622047244
 30
0
 11
6.6560172047244093
 21
-3.4475294094488187
 31
0
  0
LINE
  5
A6
330
22
100
AcDbEntity
  8
F.Silkscreen
  6
CONTINUOUS
100
AcDbLine
 10
6.6560172047244093
 20
-3.4475294094488187
 30
0
 11
6.6559506692913386
 21
-3.4476104330708659
 31
0
  0
LINE
  5
A7
330
22
100
AcDbEntity
  8
F.Silkscreen
  6
CONTINUOUS
100
AcDbLine
 10
6.6559506692913386
 20
-3.4476104330708659
 30
0
 11
6.6558947244094488
 21
-3.4476993700787402
 31
0
  0
LINE
  5
A8
330
22
100
AcDbEntity
  8
F.Silkscreen
  6
CONTINUOUS
100
AcDbLine
 10
6.6558947244094488
 20
-3.4476993700787402
 30
0
 11
6.6558357086614173
 21
-3.4477505118110234
 31
0
  0
LINE
  5
A9
330
22
100
AcDbEntity
  8
F.Silkscreen
  6
CONTINUOUS
100
AcDbLine
 10
6.6558357086614173
 20
-3.4477505118110234
 30
0
 11
6.6556499606299209
 21
-3.4479768897637793
 31
0
  0
LINE
  5
AA
330
22
100
AcDbEntity
  8
F.Silkscreen
  6
CONTINUOUS
100
AcDbLine
 10
6.6556499606299209
 20
-3.4479768897637793
 30
0
 11
6.6537752362204721
 21
-3.4498516535433068
 31
0
  0
LINE
  5
AB
330
22
100
AcDbEntity
  8
F.Silkscreen
  6
CONTINUOUS
100
AcDbLine
 10
6.6537752362204721
 20
-3.4498516535433068
 30
0
 11
6.6535488582677162
 21
-3.4500374015748032
 31
0
  0
LINE
  5
AC
330
22
100
AcDbEntity
  8
F.Silkscreen
  6
CONTINUOUS
100
AcDbLine
 10
6.6535488582677162
 20
-3.4500374015748032
 30
0
 11
6.6534976771653538
 21
-3.4500964566929131
 31
0
  0
LINE
  5
AD
330
22
100
AcDbEntity
  8
F.Silkscreen
  6
CONTINUOUS
100
AcDbLine
 10
6.6534976771653538
 20
-3.4500964566929131
 30
0
 11
6.6534087007874012
 21
-3.4501524409448816
 31
0
  0
LINE
  5
AE
330
22
100
AcDbEntity
  8
F.Silkscreen
  6
CONTINUOUS
100
AcDbLine
 10
6.6534087007874012
 20
-3.4501524409448816
 30
0
 11
6.6533277559055115
 21
-3.4502188976377952
 31
0
  0
LINE
  5
AF
330
22
100
AcDbEntity
  8
F.Silkscreen
  6
CONTINUOUS
100
AcDbLine
 10
6.6533277559055115
 20
-3.4502188976377952
 30
0
 11
6.6532557874015748
 21
-3.4502487007874016
 31
0
  0
LINE
  5
B0
330
22
100
AcDbEntity
  8
F.Silkscreen
  6
CONTINUOUS
100
AcDbLine
 10
6.6532557874015748
 20
-3.4502487007874016
 30
0
 11
6.6530077952755908
 21
-3.4504048031496062
 31
0
  0
LINE
  5
B1
330
22
100
AcDbEntity
  8
F.Silkscreen
  6
CONTINUOUS
100
AcDbLine
 10
6.6530077952755908
 20
-3.4504048031496062
 30
0
 11
6.6492582677165357
 21
-3.4522795669291337
 31
0
  0
LINE
  5
B2
330
22
100
AcDbEntity
  8
F.Silkscreen
  6
CONTINUOUS
100
AcDbLine
 10
6.6492582677165357
 20
-3.4522795669291337
 30
0
 11
6.6487176377952757
 21
-3.4524864566929132
 31
0
  0
LINE
  5
B3
330
22
100
AcDbEntity
  8
F.Silkscreen
  6
CONTINUOUS
100
AcDbLine
 10
6.6487176377952757
 20
-3.4524864566929132
 30
0
 11
6.6486118110236223
 21
-3.452493937007874
 31
0
  0
LINE
  5
B4
330
22
100
AcDbEntity
  8
F.Silkscreen
  6
CONTINUOUS
100
AcDbLine
 10
6.6486118110236223
 20
-3.452493937007874
 30
0
 11
6.648513818897638
 21
-3.4525345669291339
 31
0
  0
LINE
  5
B5
330
22
100
AcDbEntity
  8
F.Silkscreen
  6
CONTINUOUS
100
AcDbLine
 10
6.648513818897638
 20
-3.4525345669291339
 30
0
 11
6.6479377559055113
 21
-3.4525912992125982
 31
0
  0
LINE
  5
B6
330
22
100
AcDbEntity
  8
F.Silkscreen
  6
CONTINUOUS
100
AcDbLine
 10
6.6479377559055113
 20
-3.4525912992125982
 30
0
 11
6.6385639370078735
 21
-3.4525912992125982
 31
0
  0
LINE
  5
B7
330
22
100
AcDbEntity
  8
F.Silkscreen
  6
CONTINUOUS
100
AcDbLine
 10
6.6385639370078735
 20
-3.4525912992125982
 30
0
 11
6.6382723228346459
 21
-3.4525625590551181
 31
0
  0
LINE
  5
B8
330
22
100
AcDbEntity
  8
F.Silkscreen
  6
CONTINUOUS
100
AcDbLine
 10
6.6382723228346459
 20
-3.4525625590551181
 30
0
 11
6.6381946062992121
 21
-3.4525681102362205
 31
0
  0
LINE
  5
B9
330
22
100
AcDbEntity
  8
F.Silkscreen
  6
CONTINUOUS
100
AcDbLine
 10
6.6381946062992121
 20
-3.4525681102362205
 30
0
 11
6.6380923228346456
 21
-3.4525448425196847
 31
0
  0
LINE
  5
BA
330
22
100
AcDbEntity
  8
F.Silkscreen
  6
CONTINUOUS
100
AcDbLine
 10
6.6380923228346456
 20
-3.4525448425196847
 30
0
 11
6.6379878740157476
 21
-3.4525345669291339
 31
0
  0
LINE
  5
BB
330
22
100
AcDbEntity
  8
F.Silkscreen
  6
CONTINUOUS
100
AcDbLine
 10
6.6379878740157476
 20
-3.4525345669291339
 30
0
 11
6.6379157874015746
 21
-3.4525046850393699
 31
0
  0
LINE
  5
BC
330
22
100
AcDbEntity
  8
F.Silkscreen
  6
CONTINUOUS
100
AcDbLine
 10
6.6379157874015746
 20
-3.4525046850393699
 30
0
 11
6.6376301574803147
 21
-3.4524397637795277
 31
0
  0
LINE
  5
BD
330
22
100
AcDbEntity
  8
F.Silkscreen
  6
CONTINUOUS
100
AcDbLine
 10
6.6376301574803147
 20
-3.4524397637795277
 30
0
 11
6.6320059055118108
 21
-3.4505650000000001
 31
0
  0
LINE
  5
BE
330
22
100
AcDbEntity
  8
F.Silkscreen
  6
CONTINUOUS
100
AcDbLine
 10
6.6320059055118108
 20
-3.4505650000000001
 30
0
 11
6.6314773228346455
 21
-3.4503290157480313
 31
0
  0
LINE
  5
BF
330
22
100
AcDbEntity
  8
F.Silkscreen
  6
CONTINUOUS
100
AcDbLine
 10
6.6314773228346455
 20
-3.4503290157480313
 30
0
 11
6.6306069685039368
 21
-3.4495741338582677
 31
0
  0
LINE
  5
C0
330
22
100
AcDbEntity
  8
F.Silkscreen
  6
CONTINUOUS
100
AcDbLine
 10
6.6306069685039368
 20
-3.4495741338582677
 30
0
 11
6.630091771653543
 21
-3.4485437007874014
 31
0
  0
LINE
  5
C1
330
22
100
AcDbEntity
  8
F.Silkscreen
  6
CONTINUOUS
100
AcDbLine
 10
6.630091771653543
 20
-3.4485437007874014
 30
0
 11
6.630010078740157
 21
-3.4473944881889764
 31
0
  0
LINE
  5
C2
330
22
100
AcDbEntity
  8
F.Silkscreen
  6
CONTINUOUS
100
AcDbLine
 10
6.630010078740157
 20
-3.4473944881889764
 30
0
 11
6.6303744094488186
 21
-3.4463014566929133
 31
0
  0
LINE
  5
C3
330
22
100
AcDbEntity
  8
F.Silkscreen
  6
CONTINUOUS
100
AcDbLine
 10
6.6303744094488186
 20
-3.4463014566929133
 30
0
 11
6.6311292913385822
 21
-3.4454311023622046
 31
0
  0
LINE
  5
C4
330
22
100
AcDbEntity
  8
F.Silkscreen
  6
CONTINUOUS
100
AcDbLine
 10
6.6311292913385822
 20
-3.4454311023622046
 30
0
 11
6.6321597244094486
 21
-3.4449159055118108
 31
0
  0
LINE
  5
C5
330
22
100
AcDbEntity
  8
F.Silkscreen
  6
CONTINUOUS
100
AcDbLine
 10
6.6321597244094486
 20
-3.4449159055118108
 30
0
 11
6.6333089370078735
 21
-3.4448342125984253
 31
0
  0
LINE
  5
C6
330
22
100
AcDbEntity
  8
F.Silkscreen
  6
CONTINUOUS
100
AcDbLine
 10
6.6333089370078735
 20
-3.4448342125984253
 30
0
 11
6.6338733858267718
 21
-3.4449625590551181
 31
0
  0
LINE
  5
C7
330
22
100
AcDbEntity
  8
F.Silkscreen
  6
CONTINUOUS
100
AcDbLine
 10
6.6338733858267718
 20
-3.4449625590551181
 30
0
 11
6.6390430708661414
 21
-3.4466857874015746
 31
0
  0
LINE
  5
C8
330
22
100
AcDbEntity
  8
F.Silkscreen
  6
CONTINUOUS
100
AcDbLine
 10
6.6390430708661414
 20
-3.4466857874015746
 30
0
 11
6.6472407086614176
 21
-3.4466857874015746
 31
0
  0
LINE
  5
C9
330
22
100
AcDbEntity
  8
F.Silkscreen
  6
CONTINUOUS
100
AcDbLine
 10
6.6472407086614176
 20
-3.4466857874015746
 30
0
 11
6.6499381496062995
 21
-3.4453370472440943
 31
0
  0
LINE
  5
CA
330
22
100
AcDbEntity
  8
F.Silkscreen
  6
CONTINUOUS
100
AcDbLine
 10
6.6499381496062995
 20
-3.4453370472440943
 30
0
 11
6.6511352755905513
 21
-3.4441398818897637
 31
0
  0
LINE
  5
CB
330
22
100
AcDbEntity
  8
F.Silkscreen
  6
CONTINUOUS
100
AcDbLine
 10
6.6511352755905513
 20
-3.4441398818897637
 30
0
 11
6.6524840551181104
 21
-3.4414424015748031
 31
0
  0
LINE
  5
CC
330
22
100
AcDbEntity
  8
F.Silkscreen
  6
CONTINUOUS
100
AcDbLine
 10
6.6524840551181104
 20
-3.4414424015748031
 30
0
 11
6.6524840551181104
 21
-3.4390869685039371
 31
0
  0
LINE
  5
CD
330
22
100
AcDbEntity
  8
F.Silkscreen
  6
CONTINUOUS
100
AcDbLine
 10
6.6524840551181104
 20
-3.4390869685039371
 30
0
 11
6.65113531496063
 21
-3.4363894881889765
 31
0
  0
LINE
  5
CE
330
22
100
AcDbEntity
  8
F.Silkscreen
  6
CONTINUOUS
100
AcDbLine
 10
6.65113531496063
 20
-3.4363894881889765
 30
0
 11
6.6499381889763782
 21
-3.4351923622047242
 31
0
  0
LINE
  5
CF
330
22
100
AcDbEntity
  8
F.Silkscreen
  6
CONTINUOUS
100
AcDbLine
 10
6.6499381889763782
 20
-3.4351923622047242
 30
0
 11
6.6469072047244095
 21
-3.4336768503937005
 31
0
  0
LINE
  5
D0
330
22
100
AcDbEntity
  8
F.Silkscreen
  6
CONTINUOUS
100
AcDbLine
 10
6.6469072047244095
 20
-3.4336768503937005
 30
0
 11
6.6397225590551177
 21
-3.4318807086614171
 31
0
  0
LINE
  5
D1
330
22
100
AcDbEntity
  8
F.Silkscreen
  6
CONTINUOUS
100
AcDbLine
 10
6.6397225590551177
 20
-3.4318807086614171
 30
0
 11
6.639680039370079
 21
-3.4318655118110235
 31
0
  0
LINE
  5
D2
330
22
100
AcDbEntity
  8
F.Silkscreen
  6
CONTINUOUS
100
AcDbLine
 10
6.639680039370079
 20
-3.4318655118110235
 30
0
 11
6.6396587795275588
 21
-3.4318640157480313
 31
0
  0
LINE
  5
D3
330
22
100
AcDbEntity
  8
F.Silkscreen
  6
CONTINUOUS
100
AcDbLine
 10
6.6396587795275588
 20
-3.4318640157480313
 30
0
 11
6.6394190157480315
 21
-3.4317722440944882
 31
0
  0
LINE
  5
D4
330
22
100
AcDbEntity
  8
F.Silkscreen
  6
CONTINUOUS
100
AcDbLine
 10
6.6394190157480315
 20
-3.4317722440944882
 30
0
 11
6.6391774409448816
 21
-3.4316859448818895
 31
0
  0
LINE
  5
D5
330
22
100
AcDbEntity
  8
F.Silkscreen
  6
CONTINUOUS
100
AcDbLine
 10
6.6391774409448816
 20
-3.4316859448818895
 30
0
 11
6.6391602755905508
 21
-3.4316732283464568
 31
0
  0
LINE
  5
D6
330
22
100
AcDbEntity
  8
F.Silkscreen
  6
CONTINUOUS
100
AcDbLine
 10
6.6391602755905508
 20
-3.4316732283464568
 30
0
 11
6.6391181889763775
 21
-3.4316571259842519
 31
0
  0
LINE
  5
D7
330
22
100
AcDbEntity
  8
F.Silkscreen
  6
CONTINUOUS
100
AcDbLine
 10
6.6391181889763775
 20
-3.4316571259842519
 30
0
 11
6.6353686614173224
 21
-3.4297823622047243
 31
0
  0
LINE
  5
D8
330
22
100
AcDbEntity
  8
F.Silkscreen
  6
CONTINUOUS
100
AcDbLine
 10
6.6353686614173224
 20
-3.4297823622047243
 30
0
 11
6.6351206299212597
 21
-3.4296262598425198
 31
0
  0
LINE
  5
D9
330
22
100
AcDbEntity
  8
F.Silkscreen
  6
CONTINUOUS
100
AcDbLine
 10
6.6351206299212597
 20
-3.4296262598425198
 30
0
 11
6.6350487007874017
 21
-3.4295964566929134
 31
0
  0
LINE
  5
DA
330
22
100
AcDbEntity
  8
F.Silkscreen
  6
CONTINUOUS
100
AcDbLine
 10
6.6350487007874017
 20
-3.4295964566929134
 30
0
 11
6.6349677165354333
 21
-3.429529960629921
 31
0
  0
LINE
  5
DB
330
22
100
AcDbEntity
  8
F.Silkscreen
  6
CONTINUOUS
100
AcDbLine
 10
6.6349677165354333
 20
-3.429529960629921
 30
0
 11
6.6348787795275586
 21
-3.4294740157480312
 31
0
  0
LINE
  5
DC
330
22
100
AcDbEntity
  8
F.Silkscreen
  6
CONTINUOUS
100
AcDbLine
 10
6.6348787795275586
 20
-3.4294740157480312
 30
0
 11
6.634827598425197
 21
-3.4294150000000001
 31
0
  0
LINE
  5
DD
330
22
100
AcDbEntity
  8
F.Silkscreen
  6
CONTINUOUS
100
AcDbLine
 10
6.634827598425197
 20
-3.4294150000000001
 30
0
 11
6.6346012598425199
 21
-3.4292292519685037
 31
0
  0
LINE
  5
DE
330
22
100
AcDbEntity
  8
F.Silkscreen
  6
CONTINUOUS
100
AcDbLine
 10
6.6346012598425199
 20
-3.4292292519685037
 30
0
 11
6.6327264960629924
 21
-3.4273544881889761
 31
0
  0
LINE
  5
DF
330
22
100
AcDbEntity
  8
F.Silkscreen
  6
CONTINUOUS
100
AcDbLine
 10
6.6327264960629924
 20
-3.4273544881889761
 30
0
 11
6.6325407086614172
 21
-3.4271281102362203
 31
0
  0
LINE
  5
E0
330
22
100
AcDbEntity
  8
F.Silkscreen
  6
CONTINUOUS
100
AcDbLine
 10
6.6325407086614172
 20
-3.4271281102362203
 30
0
 11
6.6324817322834644
 21
-3.4270769685039371
 31
0
  0
LINE
  5
E1
330
22
100
AcDbEntity
  8
F.Silkscreen
  6
CONTINUOUS
100
AcDbLine
 10
6.6324817322834644
 20
-3.4270769685039371
 30
0
 11
6.6324257480314959
 21
-3.426987992125984
 31
0
  0
LINE
  5
E2
330
22
100
AcDbEntity
  8
F.Silkscreen
  6
CONTINUOUS
100
AcDbLine
 10
6.6324257480314959
 20
-3.426987992125984
 30
0
 11
6.6323592913385827
 21
-3.4269070472440943
 31
0
  0
LINE
  5
E3
330
22
100
AcDbEntity
  8
F.Silkscreen
  6
CONTINUOUS
100
AcDbLine
 10
6.6323592913385827
 20
-3.4269070472440943
 30
0
 11
6.6323294488188971
 21
-3.4268350787401576
 31
0
  0
LINE
  5
E4
330
22
100
AcDbEntity
  8
F.Silkscreen
  6
CONTINUOUS
100
AcDbLine
 10
6.6323294488188971
 20
-3.4268350787401576
 30
0
 11
6.6321733858267713
 21
-3.4265870866141732
 31
0
  0
LINE
  5
E5
330
22
100
AcDbEntity
  8
F.Silkscreen
  6
CONTINUOUS
100
AcDbLine
 10
6.6321733858267713
 20
-3.4265870866141732
 30
0
 11
6.6302986220472437
 21
-3.4228375590551181
 31
0
  0
LINE
  5
E6
330
22
100
AcDbEntity
  8
F.Silkscreen
  6
CONTINUOUS
100
AcDbLine
 10
6.6302986220472437
 20
-3.4228375590551181
 30
0
 11
6.6300917322834643
 21
-3.4222969291338581
 31
0
  0
LINE
  5
E7
330
22
100
AcDbEntity
  8
F.Silkscreen
  6
CONTINUOUS
100
AcDbLine
 10
6.6300917322834643
 20
-3.4222969291338581
 30
0
 11
6.6300842125984252
 21
-3.4221911023622047
 31
0
  0
LINE
  5
E8
330
22
100
AcDbEntity
  8
F.Silkscreen
  6
CONTINUOUS
100
AcDbLine
 10
6.6300842125984252
 20
-3.4221911023622047
 30
0
 11
6.6300436220472436
 21
-3.4220931102362204
 31
0
  0
LINE
  5
E9
330
22
100
AcDbEntity
  8
F.Silkscreen
  6
CONTINUOUS
100
AcDbLine
 10
6.6300436220472436
 20
-3.4220931102362204
 30
0
 11
6.6299868897637797
 21
-3.4215170472440946
 31
0
  0
LINE
  5
EA
330
22
100
AcDbEntity
  8
F.Silkscreen
  6
CONTINUOUS
100
AcDbLine
 10
6.6299868897637797
 20
-3.4215170472440946
 30
0
 11
6.6299868897637797
 21
-3.4177675196850394
 31
0
  0
LINE
  5
EB
330
22
100
AcDbEntity
  8
F.Silkscreen
  6
CONTINUOUS
100
AcDbLine
 10
6.6299868897637797
 20
-3.4177675196850394
 30
0
 11
6.6300436220472436
 21
-3.4171914566929131
 31
0
  0
LINE
  5
EC
330
22
100
AcDbEntity
  8
F.Silkscreen
  6
CONTINUOUS
100
AcDbLine
 10
6.6300436220472436
 20
-3.4171914566929131
 30
0
 11
6.6300842125984252
 21
-3.4170934251968501
 31
0
  0
LINE
  5
ED
330
22
100
AcDbEntity
  8
F.Silkscreen
  6
CONTINUOUS
100
AcDbLine
 10
6.6300842125984252
 20
-3.4170934251968501
 30
0
 11
6.6300917322834643
 21
-3.4169876377952755
 31
0
  0
LINE
  5
EE
330
22
100
AcDbEntity
  8
F.Silkscreen
  6
CONTINUOUS
100
AcDbLine
 10
6.6300917322834643
 20
-3.4169876377952755
 30
0
 11
6.6302986220472437
 21
-3.4164470078740155
 31
0
  0
LINE
  5
EF
330
22
100
AcDbEntity
  8
F.Silkscreen
  6
CONTINUOUS
100
AcDbLine
 10
6.6302986220472437
 20
-3.4164470078740155
 30
0
 11
6.6321733858267713
 21
-3.4126974803149603
 31
0
  0
LINE
  5
F0
330
22
100
AcDbEntity
  8
F.Silkscreen
  6
CONTINUOUS
100
AcDbLine
 10
6.6321733858267713
 20
-3.4126974803149603
 30
0
 11
6.6323294488188971
 21
-3.4124494488188977
 31
0
  0
LINE
  5
F1
330
22
100
AcDbEntity
  8
F.Silkscreen
  6
CONTINUOUS
100
AcDbLine
 10
6.6323294488188971
 20
-3.4124494488188977
 30
0
 11
6.6323592913385827
 21
-3.4123775196850392
 31
0
  0
LINE
  5
F2
330
22
100
AcDbEntity
  8
F.Silkscreen
  6
CONTINUOUS
100
AcDbLine
 10
6.6323592913385827
 20
-3.4123775196850392
 30
0
 11
6.6324257480314959
 21
-3.4122965354330708
 31
0
  0
LINE
  5
F3
330
22
100
AcDbEntity
  8
F.Silkscreen
  6
CONTINUOUS
100
AcDbLine
 10
6.6324257480314959
 20
-3.4122965354330708
 30
0
 11
6.6324817322834644
 21
-3.4122075984251969
 31
0
  0
LINE
  5
F4
330
22
100
AcDbEntity
  8
F.Silkscreen
  6
CONTINUOUS
100
AcDbLine
 10
6.6324817322834644
 20
-3.4122075984251969
 30
0
 11
6.6325407086614172
 21
-3.4121564173228345
 31
0
  0
LINE
  5
F5
330
22
100
AcDbEntity
  8
F.Silkscreen
  6
CONTINUOUS
100
AcDbLine
 10
6.6325407086614172
 20
-3.4121564173228345
 30
0
 11
6.6327264960629924
 21
-3.4119300787401574
 31
0
  0
LINE
  5
F6
330
22
100
AcDbEntity
  8
F.Silkscreen
  6
CONTINUOUS
100
AcDbLine
 10
6.6327264960629924
 20
-3.4119300787401574
 30
0
 11
6.6346012598425199
 21
-3.4100553149606299
 31
0
  0
LINE
  5
F7
330
22
100
AcDbEntity
  8
F.Silkscreen
  6
CONTINUOUS
100
AcDbLine
 10
6.6346012598425199
 20
-3.4100553149606299
 30
0
 11
6.634827598425197
 21
-3.4098695275590551
 31
0
  0
LINE
  5
F8
330
22
100
AcDbEntity
  8
F.Silkscreen
  6
CONTINUOUS
100
AcDbLine
 10
6.634827598425197
 20
-3.4098695275590551
 30
0
 11
6.6348787795275586
 21
-3.4098105511811023
 31
0
  0
LINE
  5
F9
330
22
100
AcDbEntity
  8
F.Silkscreen
  6
CONTINUOUS
100
AcDbLine
 10
6.6348787795275586
 20
-3.4098105511811023
 30
0
 11
6.6349677165354333
 21
-3.4097545669291338
 31
0
  0
LINE
  5
FA
330
22
100
AcDbEntity
  8
F.Silkscreen
  6
CONTINUOUS
100
AcDbLine
 10
6.6349677165354333
 20
-3.4097545669291338
 30
0
 11
6.6350487007874017
 21
-3.4096881102362202
 31
0
  0
LINE
  5
FB
330
22
100
AcDbEntity
  8
F.Silkscreen
  6
CONTINUOUS
100
AcDbLine
 10
6.6350487007874017
 20
-3.4096881102362202
 30
0
 11
6.6351206299212597
 21
-3.4096582677165355
 31
0
  0
LINE
  5
FC
330
22
100
AcDbEntity
  8
F.Silkscreen
  6
CONTINUOUS
100
AcDbLine
 10
6.6351206299212597
 20
-3.4096582677165355
 30
0
 11
6.6353686614173224
 21
-3.4095022047244092
 31
0
  0
LINE
  5
FD
330
22
100
AcDbEntity
  8
F.Silkscreen
  6
CONTINUOUS
100
AcDbLine
 10
6.6353686614173224
 20
-3.4095022047244092
 30
0
 11
6.6391181889763775
 21
-3.4076274409448817
 31
0
  0
LINE
  5
FE
330
22
100
AcDbEntity
  8
F.Silkscreen
  6
CONTINUOUS
100
AcDbLine
 10
6.6391181889763775
 20
-3.4076274409448817
 30
0
 11
6.6396587795275588
 21
-3.4074205511811022
 31
0
  0
LINE
  5
FF
330
22
100
AcDbEntity
  8
F.Silkscreen
  6
CONTINUOUS
100
AcDbLine
 10
6.6396587795275588
 20
-3.4074205511811022
 30
0
 11
6.6397646456692909
 21
-3.4074129921259844
 31
0
  0
LINE
  5
100
330
22
100
AcDbEntity
  8
F.Silkscreen
  6
CONTINUOUS
100
AcDbLine
 10
6.6397646456692909
 20
-3.4074129921259844
 30
0
 11
6.6398626377952752
 21
-3.407372440944882
 31
0
  0
LINE
  5
101
330
22
100
AcDbEntity
  8
F.Silkscreen
  6
CONTINUOUS
100
AcDbLine
 10
6.6398626377952752
 20
-3.407372440944882
 30
0
 11
6.6404387007874011
 21
-3.4073157086614172
 31
0
  0
LINE
  5
102
330
22
100
AcDbEntity
  8
F.Silkscreen
  6
CONTINUOUS
100
AcDbLine
 10
6.6404387007874011
 20
-3.4073157086614172
 30
0
 11
6.6498125196850388
 21
-3.4073157086614172
 31
0
  0
LINE
  5
103
330
22
100
AcDbEntity
  8
F.Silkscreen
  6
CONTINUOUS
100
AcDbLine
 10
6.6498125196850388
 20
-3.4073157086614172
 30
0
 11
6.6501040551181099
 21
-3.407344409448819
 31
0
  0
LINE
  5
104
330
22
100
AcDbEntity
  8
F.Silkscreen
  6
CONTINUOUS
100
AcDbLine
 10
6.703537165354331
 20
-3.4075846456692913
 30
0
 11
6.7044705118110235
 21
-3.4082600787401574
 31
0
  0
LINE
  5
105
330
22
100
AcDbEntity
  8
F.Silkscreen
  6
CONTINUOUS
100
AcDbLine
 10
6.7044705118110235
 20
-3.4082600787401574
 30
0
 11
6.7050742913385823
 21
-3.4092412598425197
 31
0
  0
LINE
  5
106
330
22
100
AcDbEntity
  8
F.Silkscreen
  6
CONTINUOUS
100
AcDbLine
 10
6.7050742913385823
 20
-3.4092412598425197
 30
0
 11
6.7052566929133857
 21
-3.4103788582677166
 31
0
  0
LINE
  5
107
330
22
100
AcDbEntity
  8
F.Silkscreen
  6
CONTINUOUS
100
AcDbLine
 10
6.7052566929133857
 20
-3.4103788582677166
 30
0
 11
6.7051784251968503
 21
-3.4109524015748032
 31
0
  0
LINE
  5
108
330
22
100
AcDbEntity
  8
F.Silkscreen
  6
CONTINUOUS
100
AcDbLine
 10
6.7051784251968503
 20
-3.4109524015748032
 30
0
 11
6.6958045669291337
 21
-3.4503224803149606
 31
0
  0
LINE
  5
109
330
22
100
AcDbEntity
  8
F.Silkscreen
  6
CONTINUOUS
100
AcDbLine
 10
6.6958045669291337
 20
-3.4503224803149606
 30
0
 11
6.695736456692913
 21
-3.4505200393700788
 31
0
  0
LINE
  5
10A
330
22
100
AcDbEntity
  8
F.Silkscreen
  6
CONTINUOUS
100
AcDbLine
 10
6.695736456692913
 20
-3.4505200393700788
 30
0
 11
6.6957270472440946
 21
-3.4505910629921259
 31
0
  0
LINE
  5
10B
330
22
100
AcDbEntity
  8
F.Silkscreen
  6
CONTINUOUS
100
AcDbLine
 10
6.6957270472440946
 20
-3.4505910629921259
 30
0
 11
6.6956898818897637
 21
-3.4506551968503936
 31
0
  0
LINE
  5
10C
330
22
100
AcDbEntity
  8
F.Silkscreen
  6
CONTINUOUS
100
AcDbLine
 10
6.6956898818897637
 20
-3.4506551968503936
 30
0
 11
6.695615984251968
 21
-3.4508697244094488
 31
0
  0
LINE
  5
10D
330
22
100
AcDbEntity
  8
F.Silkscreen
  6
CONTINUOUS
100
AcDbLine
 10
6.695615984251968
 20
-3.4508697244094488
 30
0
 11
6.6953645669291335
 21
-3.4512170866141734
 31
0
  0
LINE
  5
10E
330
22
100
AcDbEntity
  8
F.Silkscreen
  6
CONTINUOUS
100
AcDbLine
 10
6.6953645669291335
 20
-3.4512170866141734
 30
0
 11
6.6951498031496062
 21
-3.4515880708661415
 31
0
  0
LINE
  5
10F
330
22
100
AcDbEntity
  8
F.Silkscreen
  6
CONTINUOUS
100
AcDbLine
 10
6.6951498031496062
 20
-3.4515880708661415
 30
0
 11
6.6950294094488187
 21
-3.4516801968503934
 31
0
  0
LINE
  5
110
330
22
100
AcDbEntity
  8
F.Silkscreen
  6
CONTINUOUS
100
AcDbLine
 10
6.6950294094488187
 20
-3.4516801968503934
 30
0
 11
6.6949405118110237
 21
-3.4518030708661418
 31
0
  0
LINE
  5
111
330
22
100
AcDbEntity
  8
F.Silkscreen
  6
CONTINUOUS
100
AcDbLine
 10
6.6949405118110237
 20
-3.4518030708661418
 30
0
 11
6.6945754724409445
 21
-3.4520276771653542
 31
0
  0
LINE
  5
112
330
22
100
AcDbEntity
  8
F.Silkscreen
  6
CONTINUOUS
100
AcDbLine
 10
6.6945754724409445
 20
-3.4520276771653542
 30
0
 11
6.6942349212598424
 21
-3.4522883858267717
 31
0
  0
LINE
  5
113
330
22
100
AcDbEntity
  8
F.Silkscreen
  6
CONTINUOUS
100
AcDbLine
 10
6.6942349212598424
 20
-3.4522883858267717
 30
0
 11
6.6940883070866137
 21
-3.4523274803149606
 31
0
  0
LINE
  5
114
330
22
100
AcDbEntity
  8
F.Silkscreen
  6
CONTINUOUS
100
AcDbLine
 10
6.6940883070866137
 20
-3.4523274803149606
 30
0
 11
6.6939593307086609
 21
-3.4524068503937007
 31
0
  0
LINE
  5
115
330
22
100
AcDbEntity
  8
F.Silkscreen
  6
CONTINUOUS
100
AcDbLine
 10
6.6939593307086609
 20
-3.4524068503937007
 30
0
 11
6.6935363385826774
 21
-3.4524746456692914
 31
0
  0
LINE
  5
116
330
22
100
AcDbEntity
  8
F.Silkscreen
  6
CONTINUOUS
100
AcDbLine
 10
6.6935363385826774
 20
-3.4524746456692914
 30
0
 11
6.6931217322834646
 21
-3.4525852362204725
 31
0
  0
LINE
  5
117
330
22
100
AcDbEntity
  8
F.Silkscreen
  6
CONTINUOUS
100
AcDbLine
 10
6.6931217322834646
 20
-3.4525852362204725
 30
0
 11
6.6929713779527553
 21
-3.4525652362204724
 31
0
  0
LINE
  5
118
330
22
100
AcDbEntity
  8
F.Silkscreen
  6
CONTINUOUS
100
AcDbLine
 10
6.6929713779527553
 20
-3.4525652362204724
 30
0
 11
6.6928217322834644
 21
-3.452589251968504
 31
0
  0
LINE
  5
119
330
22
100
AcDbEntity
  8
F.Silkscreen
  6
CONTINUOUS
100
AcDbLine
 10
6.6928217322834644
 20
-3.452589251968504
 30
0
 11
6.6924045669291337
 21
-3.4524899212598426
 31
0
  0
LINE
  5
11A
330
22
100
AcDbEntity
  8
F.Silkscreen
  6
CONTINUOUS
100
AcDbLine
 10
6.6924045669291337
 20
-3.4524899212598426
 30
0
 11
6.6919796456692913
 21
-3.452433464566929
 31
0
  0
LINE
  5
11B
330
22
100
AcDbEntity
  8
F.Silkscreen
  6
CONTINUOUS
100
AcDbLine
 10
6.6919796456692913
 20
-3.452433464566929
 30
0
 11
6.6918484645669292
 21
-3.4523575196850391
 31
0
  0
LINE
  5
11C
330
22
100
AcDbEntity
  8
F.Silkscreen
  6
CONTINUOUS
100
AcDbLine
 10
6.6918484645669292
 20
-3.4523575196850391
 30
0
 11
6.69170094488189
 21
-3.4523224015748029
 31
0
  0
LINE
  5
11D
330
22
100
AcDbEntity
  8
F.Silkscreen
  6
CONTINUOUS
100
AcDbLine
 10
6.69170094488189
 20
-3.4523224015748029
 30
0
 11
6.691353503937008
 21
-3.4520709448818896
 31
0
  0
LINE
  5
11E
330
22
100
AcDbEntity
  8
F.Silkscreen
  6
CONTINUOUS
100
AcDbLine
 10
6.691353503937008
 20
-3.4520709448818896
 30
0
 11
6.6909825984251965
 21
-3.451856220472441
 31
0
  0
LINE
  5
11F
330
22
100
AcDbEntity
  8
F.Silkscreen
  6
CONTINUOUS
100
AcDbLine
 10
6.6909825984251965
 20
-3.451856220472441
 30
0
 11
6.6908904330708658
 21
-3.4517358267716536
 31
0
  0
LINE
  5
120
330
22
100
AcDbEntity
  8
F.Silkscreen
  6
CONTINUOUS
100
AcDbLine
 10
6.6908904330708658
 20
-3.4517358267716536
 30
0
 11
6.6907675984251966
 21
-3.4516469291338581
 31
0
  0
LINE
  5
121
330
22
100
AcDbEntity
  8
F.Silkscreen
  6
CONTINUOUS
100
AcDbLine
 10
6.6907675984251966
 20
-3.4516469291338581
 30
0
 11
6.690542952755905
 21
-3.4512818503937006
 31
0
  0
LINE
  5
122
330
22
100
AcDbEntity
  8
F.Silkscreen
  6
CONTINUOUS
100
AcDbLine
 10
6.690542952755905
 20
-3.4512818503937006
 30
0
 11
6.6902823228346451
 21
-3.450941377952756
 31
0
  0
LINE
  5
123
330
22
100
AcDbEntity
  8
F.Silkscreen
  6
CONTINUOUS
100
AcDbLine
 10
6.6902823228346451
 20
-3.450941377952756
 30
0
 11
6.690202559055118
 21
-3.4507287007874017
 31
0
  0
LINE
  5
124
330
22
100
AcDbEntity
  8
F.Silkscreen
  6
CONTINUOUS
100
AcDbLine
 10
6.690202559055118
 20
-3.4507287007874017
 30
0
 11
6.6901638188976378
 21
-3.4506657480314962
 31
0
  0
LINE
  5
125
330
22
100
AcDbEntity
  8
F.Silkscreen
  6
CONTINUOUS
100
AcDbLine
 10
6.6901638188976378
 20
-3.4506657480314962
 30
0
 11
6.6901524803149606
 21
-3.4505952362204724
 31
0
  0
LINE
  5
126
330
22
100
AcDbEntity
  8
F.Silkscreen
  6
CONTINUOUS
100
AcDbLine
 10
6.6901524803149606
 20
-3.4505952362204724
 30
0
 11
6.69007905511811
 21
-3.4503993700787401
 31
0
  0
LINE
  5
127
330
22
100
AcDbEntity
  8
F.Silkscreen
  6
CONTINUOUS
100
AcDbLine
 10
6.69007905511811
 20
-3.4503993700787401
 30
0
 11
6.6854330314960633
 21
-3.4329768897637796
 31
0
  0
LINE
  5
128
330
22
100
AcDbEntity
  8
F.Silkscreen
  6
CONTINUOUS
100
AcDbLine
 10
6.6854330314960633
 20
-3.4329768897637796
 30
0
 11
6.6807870866141732
 21
-3.4503993700787401
 31
0
  0
LINE
  5
129
330
22
100
AcDbEntity
  8
F.Silkscreen
  6
CONTINUOUS
100
AcDbLine
 10
6.6807870866141732
 20
-3.4503993700787401
 30
0
 11
6.6807136220472438
 21
-3.4505951968503936
 31
0
  0
LINE
  5
12A
330
22
100
AcDbEntity
  8
F.Silkscreen
  6
CONTINUOUS
100
AcDbLine
 10
6.6807136220472438
 20
-3.4505951968503936
 30
0
 11
6.6807023228346454
 21
-3.4506657480314962
 31
0
  0
LINE
  5
12B
330
22
100
AcDbEntity
  8
F.Silkscreen
  6
CONTINUOUS
100
AcDbLine
 10
6.6807023228346454
 20
-3.4506657480314962
 30
0
 11
6.6806635433070864
 21
-3.4507287401574804
 31
0
  0
LINE
  5
12C
330
22
100
AcDbEntity
  8
F.Silkscreen
  6
CONTINUOUS
100
AcDbLine
 10
6.6806635433070864
 20
-3.4507287401574804
 30
0
 11
6.6805838188976381
 21
-3.4509413385826773
 31
0
  0
LINE
  5
12D
330
22
100
AcDbEntity
  8
F.Silkscreen
  6
CONTINUOUS
100
AcDbLine
 10
6.6805838188976381
 20
-3.4509413385826773
 30
0
 11
6.6803232283464569
 21
-3.4512817322834644
 31
0
  0
LINE
  5
12E
330
22
100
AcDbEntity
  8
F.Silkscreen
  6
CONTINUOUS
100
AcDbLine
 10
6.6803232283464569
 20
-3.4512817322834644
 30
0
 11
6.6800985433070865
 21
-3.4516469291338581
 31
0
  0
LINE
  5
12F
330
22
100
AcDbEntity
  8
F.Silkscreen
  6
CONTINUOUS
100
AcDbLine
 10
6.6800985433070865
 20
-3.4516469291338581
 30
0
 11
6.6799756692913386
 21
-3.4517358267716536
 31
0
  0
LINE
  5
130
330
22
100
AcDbEntity
  8
F.Silkscreen
  6
CONTINUOUS
100
AcDbLine
 10
6.6799756692913386
 20
-3.4517358267716536
 30
0
 11
6.6798835433070867
 21
-3.451856220472441
 31
0
  0
LINE
  5
131
330
22
100
AcDbEntity
  8
F.Silkscreen
  6
CONTINUOUS
100
AcDbLine
 10
6.6798835433070867
 20
-3.451856220472441
 30
0
 11
6.6795125984251964
 21
-3.4520709448818896
 31
0
  0
LINE
  5
132
330
22
100
AcDbEntity
  8
F.Silkscreen
  6
CONTINUOUS
100
AcDbLine
 10
6.6795125984251964
 20
-3.4520709448818896
 30
0
 11
6.6791651968503931
 21
-3.4523224015748029
 31
0
  0
LINE
  5
133
330
22
100
AcDbEntity
  8
F.Silkscreen
  6
CONTINUOUS
100
AcDbLine
 10
6.6791651968503931
 20
-3.4523224015748029
 30
0
 11
6.6790176377952752
 21
-3.4523575196850391
 31
0
  0
LINE
  5
134
330
22
100
AcDbEntity
  8
F.Silkscreen
  6
CONTINUOUS
100
AcDbLine
 10
6.6790176377952752
 20
-3.4523575196850391
 30
0
 11
6.6788864960629919
 21
-3.452433464566929
 31
0
  0
LINE
  5
135
330
22
100
AcDbEntity
  8
F.Silkscreen
  6
CONTINUOUS
100
AcDbLine
 10
6.6788864960629919
 20
-3.452433464566929
 30
0
 11
6.678461653543307
 21
-3.4524898818897638
 31
0
  0
LINE
  5
136
330
22
100
AcDbEntity
  8
F.Silkscreen
  6
CONTINUOUS
100
AcDbLine
 10
6.678461653543307
 20
-3.4524898818897638
 30
0
 11
6.6780444094488187
 21
-3.452589251968504
 31
0
  0
LINE
  5
137
330
22
100
AcDbEntity
  8
F.Silkscreen
  6
CONTINUOUS
100
AcDbLine
 10
6.6780444094488187
 20
-3.452589251968504
 30
0
 11
6.6778946456692916
 21
-3.4525652362204724
 31
0
  0
LINE
  5
138
330
22
100
AcDbEntity
  8
F.Silkscreen
  6
CONTINUOUS
100
AcDbLine
 10
6.6778946456692916
 20
-3.4525652362204724
 30
0
 11
6.6777444488188973
 21
-3.4525851968503938
 31
0
  0
LINE
  5
139
330
22
100
AcDbEntity
  8
F.Silkscreen
  6
CONTINUOUS
100
AcDbLine
 10
6.6777444488188973
 20
-3.4525851968503938
 30
0
 11
6.6773301968503933
 21
-3.4524747244094489
 31
0
  0
LINE
  5
13A
330
22
100
AcDbEntity
  8
F.Silkscreen
  6
CONTINUOUS
100
AcDbLine
 10
6.6773301968503933
 20
-3.4524747244094489
 30
0
 11
6.6769068110236223
 21
-3.4524068503937007
 31
0
  0
LINE
  5
13B
330
22
100
AcDbEntity
  8
F.Silkscreen
  6
CONTINUOUS
100
AcDbLine
 10
6.6769068110236223
 20
-3.4524068503937007
 30
0
 11
6.6767776771653544
 21
-3.4523274015748031
 31
0
  0
LINE
  5
13C
330
22
100
AcDbEntity
  8
F.Silkscreen
  6
CONTINUOUS
100
AcDbLine
 10
6.6767776771653544
 20
-3.4523274015748031
 30
0
 11
6.6766312204724407
 21
-3.4522883464566929
 31
0
  0
LINE
  5
13D
330
22
100
AcDbEntity
  8
F.Silkscreen
  6
CONTINUOUS
100
AcDbLine
 10
6.6766312204724407
 20
-3.4522883464566929
 30
0
 11
6.6762907874015749
 21
-3.4520277559055117
 31
0
  0
LINE
  5
13E
330
22
100
AcDbEntity
  8
F.Silkscreen
  6
CONTINUOUS
100
AcDbLine
 10
6.6762907874015749
 20
-3.4520277559055117
 30
0
 11
6.6759256299212595
 21
-3.4518030708661418
 31
0
  0
LINE
  5
13F
330
22
100
AcDbEntity
  8
F.Silkscreen
  6
CONTINUOUS
100
AcDbLine
 10
6.6759256299212595
 20
-3.4518030708661418
 30
0
 11
6.6758366929133857
 21
-3.4516801968503934
 31
0
  0
LINE
  5
140
330
22
100
AcDbEntity
  8
F.Silkscreen
  6
CONTINUOUS
100
AcDbLine
 10
6.6758366929133857
 20
-3.4516801968503934
 30
0
 11
6.675716338582677
 21
-3.4515880708661415
 31
0
  0
LINE
  5
141
330
22
100
AcDbEntity
  8
F.Silkscreen
  6
CONTINUOUS
100
AcDbLine
 10
6.675716338582677
 20
-3.4515880708661415
 30
0
 11
6.6755015748031497
 21
-3.4512171259842517
 31
0
  0
LINE
  5
142
330
22
100
AcDbEntity
  8
F.Silkscreen
  6
CONTINUOUS
100
AcDbLine
 10
6.6755015748031497
 20
-3.4512171259842517
 30
0
 11
6.6752501574803151
 21
-3.4508697244094488
 31
0
  0
LINE
  5
143
330
22
100
AcDbEntity
  8
F.Silkscreen
  6
CONTINUOUS
100
AcDbLine
 10
6.6752501574803151
 20
-3.4508697244094488
 30
0
 11
6.675176181102362
 21
-3.4506551181102361
 31
0
  0
LINE
  5
144
330
22
100
AcDbEntity
  8
F.Silkscreen
  6
CONTINUOUS
100
AcDbLine
 10
6.675176181102362
 20
-3.4506551181102361
 30
0
 11
6.6751390944881885
 21
-3.4505910236220472
 31
0
  0
LINE
  5
145
330
22
100
AcDbEntity
  8
F.Silkscreen
  6
CONTINUOUS
100
AcDbLine
 10
6.6751390944881885
 20
-3.4505910236220472
 30
0
 11
6.6751296456692915
 21
-3.4505200787401575
 31
0
  0
LINE
  5
146
330
22
100
AcDbEntity
  8
F.Silkscreen
  6
CONTINUOUS
100
AcDbLine
 10
6.6751296456692915
 20
-3.4505200787401575
 30
0
 11
6.6750615748031494
 21
-3.4503224803149606
 31
0
  0
LINE
  5
147
330
22
100
AcDbEntity
  8
F.Silkscreen
  6
CONTINUOUS
100
AcDbLine
 10
6.6750615748031494
 20
-3.4503224803149606
 30
0
 11
6.6656877559055117
 21
-3.4109524015748032
 31
0
  0
LINE
  5
148
330
22
100
AcDbEntity
  8
F.Silkscreen
  6
CONTINUOUS
100
AcDbLine
 10
6.6656877559055117
 20
-3.4109524015748032
 30
0
 11
6.6656094881889763
 21
-3.4103788582677166
 31
0
  0
LINE
  5
149
330
22
100
AcDbEntity
  8
F.Silkscreen
  6
CONTINUOUS
100
AcDbLine
 10
6.6656094881889763
 20
-3.4103788582677166
 30
0
 11
6.6657918897637796
 21
-3.4092412598425197
 31
0
  0
LINE
  5
14A
330
22
100
AcDbEntity
  8
F.Silkscreen
  6
CONTINUOUS
100
AcDbLine
 10
6.6657918897637796
 20
-3.4092412598425197
 30
0
 11
6.6663956692913384
 21
-3.4082600787401574
 31
0
  0
LINE
  5
14B
330
22
100
AcDbEntity
  8
F.Silkscreen
  6
CONTINUOUS
100
AcDbLine
 10
6.6663956692913384
 20
-3.4082600787401574
 30
0
 11
6.6673290157480309
 21
-3.4075846062992126
 31
0
  0
LINE
  5
14C
330
22
100
AcDbEntity
  8
F.Silkscreen
  6
CONTINUOUS
100
AcDbLine
 10
6.6673290157480309
 20
-3.4075846062992126
 30
0
 11
6.6684498031496062
 21
-3.4073177559055119
 31
0
  0
LINE
  5
14D
330
22
100
AcDbEntity
  8
F.Silkscreen
  6
CONTINUOUS
100
AcDbLine
 10
6.6684498031496062
 20
-3.4073177559055119
 30
0
 11
6.6695874015748027
 21
-3.4075001574803148
 31
0
  0
LINE
  5
14E
330
22
100
AcDbEntity
  8
F.Silkscreen
  6
CONTINUOUS
100
AcDbLine
 10
6.6695874015748027
 20
-3.4075001574803148
 30
0
 11
6.6705685826771655
 21
-3.4081039370078741
 31
0
  0
LINE
  5
14F
330
22
100
AcDbEntity
  8
F.Silkscreen
  6
CONTINUOUS
100
AcDbLine
 10
6.6705685826771655
 20
-3.4081039370078741
 30
0
 11
6.6712440551181098
 21
-3.409037283464567
 31
0
  0
LINE
  5
150
330
22
100
AcDbEntity
  8
F.Silkscreen
  6
CONTINUOUS
100
AcDbLine
 10
6.6712440551181098
 20
-3.409037283464567
 30
0
 11
6.6714326377952755
 21
-3.4095845275590548
 31
0
  0
LINE
  5
151
330
22
100
AcDbEntity
  8
F.Silkscreen
  6
CONTINUOUS
100
AcDbLine
 10
6.6714326377952755
 20
-3.4095845275590548
 30
0
 11
6.6780960629921262
 21
-3.4375709842519684
 31
0
  0
LINE
  5
152
330
22
100
AcDbEntity
  8
F.Silkscreen
  6
CONTINUOUS
100
AcDbLine
 10
6.6780960629921262
 20
-3.4375709842519684
 30
0
 11
6.6825799999999997
 21
-3.4207562204724407
 31
0
  0
LINE
  5
153
330
22
100
AcDbEntity
  8
F.Silkscreen
  6
CONTINUOUS
100
AcDbLine
 10
6.6825799999999997
 20
-3.4207562204724407
 30
0
 11
6.6826305905511809
 21
-3.4206212204724409
 31
0
  0
LINE
  5
154
330
22
100
AcDbEntity
  8
F.Silkscreen
  6
CONTINUOUS
100
AcDbLine
 10
6.6826305905511809
 20
-3.4206212204724409
 30
0
 11
6.6826381496062988
 21
-3.4205645669291336
 31
0
  0
LINE
  5
155
330
22
100
AcDbEntity
  8
F.Silkscreen
  6
CONTINUOUS
100
AcDbLine
 10
6.6826381496062988
 20
-3.4205645669291336
 30
0
 11
6.6826770866141727
 21
-3.4204972440944883
 31
0
  0
LINE
  5
156
330
22
100
AcDbEntity
  8
F.Silkscreen
  6
CONTINUOUS
100
AcDbLine
 10
6.6826770866141727
 20
-3.4204972440944883
 30
0
 11
6.6827832677165349
 21
-3.4202142125984252
 31
0
  0
LINE
  5
157
330
22
100
AcDbEntity
  8
F.Silkscreen
  6
CONTINUOUS
100
AcDbLine
 10
6.6827832677165349
 20
-3.4202142125984252
 30
0
 11
6.683020157480315
 21
-3.4199047244094487
 31
0
  0
LINE
  5
158
330
22
100
AcDbEntity
  8
F.Silkscreen
  6
CONTINUOUS
100
AcDbLine
 10
6.683020157480315
 20
-3.4199047244094487
 30
0
 11
6.6832153937007872
 21
-3.4195675196850392
 31
0
  0
LINE
  5
159
330
22
100
AcDbEntity
  8
F.Silkscreen
  6
CONTINUOUS
100
AcDbLine
 10
6.6832153937007872
 20
-3.4195675196850392
 30
0
 11
6.6833672440944882
 21
-3.4194512598425195
 31
0
  0
LINE
  5
15A
330
22
100
AcDbEntity
  8
F.Silkscreen
  6
CONTINUOUS
100
AcDbLine
 10
6.6833672440944882
 20
-3.4194512598425195
 30
0
 11
6.6834835433070863
 21
-3.4192993700787402
 31
0
  0
LINE
  5
15B
330
22
100
AcDbEntity
  8
F.Silkscreen
  6
CONTINUOUS
100
AcDbLine
 10
6.6834835433070863
 20
-3.4192993700787402
 30
0
 11
6.6838208267716537
 21
-3.41910405511811
 31
0
  0
LINE
  5
15C
330
22
100
AcDbEntity
  8
F.Silkscreen
  6
CONTINUOUS
100
AcDbLine
 10
6.6838208267716537
 20
-3.41910405511811
 30
0
 11
6.684130275590551
 21
-3.4188672440944883
 31
0
  0
LINE
  5
15D
330
22
100
AcDbEntity
  8
F.Silkscreen
  6
CONTINUOUS
100
AcDbLine
 10
6.684130275590551
 20
-3.4188672440944883
 30
0
 11
6.6843149999999998
 21
-3.4188179527559055
 31
0
  0
LINE
  5
15E
330
22
100
AcDbEntity
  8
F.Silkscreen
  6
CONTINUOUS
100
AcDbLine
 10
6.6843149999999998
 20
-3.4188179527559055
 30
0
 11
6.684480590551181
 21
-3.4187221259842517
 31
0
  0
LINE
  5
15F
330
22
100
AcDbEntity
  8
F.Silkscreen
  6
CONTINUOUS
100
AcDbLine
 10
6.684480590551181
 20
-3.4187221259842517
 30
0
 11
6.6848670866141733
 21
-3.418670748031496
 31
0
  0
LINE
  5
160
330
22
100
AcDbEntity
  8
F.Silkscreen
  6
CONTINUOUS
100
AcDbLine
 10
6.6848670866141733
 20
-3.418670748031496
 30
0
 11
6.6852435039370075
 21
-3.4185703937007874
 31
0
  0
LINE
  5
161
330
22
100
AcDbEntity
  8
F.Silkscreen
  6
CONTINUOUS
100
AcDbLine
 10
6.6852435039370075
 20
-3.4185703937007874
 30
0
 11
6.6854329527559058
 21
-3.4185955511811024
 31
0
  0
LINE
  5
162
330
22
100
AcDbEntity
  8
F.Silkscreen
  6
CONTINUOUS
100
AcDbLine
 10
6.6854329527559058
 20
-3.4185955511811024
 30
0
 11
6.6856226771653544
 21
-3.4185703543307087
 31
0
  0
LINE
  5
163
330
22
100
AcDbEntity
  8
F.Silkscreen
  6
CONTINUOUS
100
AcDbLine
 10
6.6856226771653544
 20
-3.4185703543307087
 30
0
 11
6.6859994488188974
 21
-3.4186708267716535
 31
0
  0
LINE
  5
164
330
22
100
AcDbEntity
  8
F.Silkscreen
  6
CONTINUOUS
100
AcDbLine
 10
6.6859994488188974
 20
-3.4186708267716535
 30
0
 11
6.6863855511811021
 21
-3.4187221259842517
 31
0
  0
LINE
  5
165
330
22
100
AcDbEntity
  8
F.Silkscreen
  6
CONTINUOUS
100
AcDbLine
 10
6.6863855511811021
 20
-3.4187221259842517
 30
0
 11
6.6865509448818896
 21
-3.418817874015748
 31
0
  0
LINE
  5
166
330
22
100
AcDbEntity
  8
F.Silkscreen
  6
CONTINUOUS
100
AcDbLine
 10
6.6865509448818896
 20
-3.418817874015748
 30
0
 11
6.6867358661417322
 21
-3.4188672047244095
 31
0
  0
LINE
  5
167
330
22
100
AcDbEntity
  8
F.Silkscreen
  6
CONTINUOUS
100
AcDbLine
 10
6.6867358661417322
 20
-3.4188672047244095
 30
0
 11
6.687045393700787
 21
-3.4191041338582675
 31
0
  0
LINE
  5
168
330
22
100
AcDbEntity
  8
F.Silkscreen
  6
CONTINUOUS
100
AcDbLine
 10
6.687045393700787
 20
-3.4191041338582675
 30
0
 11
6.6873825984251969
 21
-3.4192993700787402
 31
0
  0
LINE
  5
169
330
22
100
AcDbEntity
  8
F.Silkscreen
  6
CONTINUOUS
100
AcDbLine
 10
6.6873825984251969
 20
-3.4192993700787402
 30
0
 11
6.6874988188976374
 21
-3.4194512204724408
 31
0
  0
LINE
  5
16A
330
22
100
AcDbEntity
  8
F.Silkscreen
  6
CONTINUOUS
100
AcDbLine
 10
6.6874988188976374
 20
-3.4194512204724408
 30
0
 11
6.687650748031496
 21
-3.4195675196850392
 31
0
  0
LINE
  5
16B
330
22
100
AcDbEntity
  8
F.Silkscreen
  6
CONTINUOUS
100
AcDbLine
 10
6.687650748031496
 20
-3.4195675196850392
 30
0
 11
6.6878460629921257
 21
-3.419904842519685
 31
0
  0
LINE
  5
16C
330
22
100
AcDbEntity
  8
F.Silkscreen
  6
CONTINUOUS
100
AcDbLine
 10
6.6878460629921257
 20
-3.419904842519685
 30
0
 11
6.6880828740157483
 21
-3.4202142519685039
 31
0
  0
LINE
  5
16D
330
22
100
AcDbEntity
  8
F.Silkscreen
  6
CONTINUOUS
100
AcDbLine
 10
6.6880828740157483
 20
-3.4202142519685039
 30
0
 11
6.6881889370078742
 21
-3.4204970866141733
 31
0
  0
LINE
  5
16E
330
22
100
AcDbEntity
  8
F.Silkscreen
  6
CONTINUOUS
100
AcDbLine
 10
6.6881889370078742
 20
-3.4204970866141733
 30
0
 11
6.6882279921259844
 21
-3.4205645275590548
 31
0
  0
LINE
  5
16F
330
22
100
AcDbEntity
  8
F.Silkscreen
  6
CONTINUOUS
100
AcDbLine
 10
6.6882279921259844
 20
-3.4205645275590548
 30
0
 11
6.6882355118110235
 21
-3.4206212598425196
 31
0
  0
LINE
  5
170
330
22
100
AcDbEntity
  8
F.Silkscreen
  6
CONTINUOUS
100
AcDbLine
 10
6.6882355118110235
 20
-3.4206212598425196
 30
0
 11
6.6882861417322834
 21
-3.4207562204724407
 31
0
  0
LINE
  5
171
330
22
100
AcDbEntity
  8
F.Silkscreen
  6
CONTINUOUS
100
AcDbLine
 10
6.6882861417322834
 20
-3.4207562204724407
 30
0
 11
6.6927700393700782
 21
-3.4375709842519684
 31
0
  0
LINE
  5
172
330
22
100
AcDbEntity
  8
F.Silkscreen
  6
CONTINUOUS
100
AcDbLine
 10
6.6927700393700782
 20
-3.4375709842519684
 30
0
 11
6.6994335433070864
 21
-3.4095845669291336
 31
0
  0
LINE
  5
173
330
22
100
AcDbEntity
  8
F.Silkscreen
  6
CONTINUOUS
100
AcDbLine
 10
6.6994335433070864
 20
-3.4095845669291336
 30
0
 11
6.6996221259842521
 21
-3.409037283464567
 31
0
  0
LINE
  5
174
330
22
100
AcDbEntity
  8
F.Silkscreen
  6
CONTINUOUS
100
AcDbLine
 10
6.6996221259842521
 20
-3.409037283464567
 30
0
 11
6.7002975984251965
 21
-3.4081039370078741
 31
0
  0
LINE
  5
175
330
22
100
AcDbEntity
  8
F.Silkscreen
  6
CONTINUOUS
100
AcDbLine
 10
6.7002975984251965
 20
-3.4081039370078741
 30
0
 11
6.7012787795275592
 21
-3.4075001574803148
 31
0
  0
LINE
  5
176
330
22
100
AcDbEntity
  8
F.Silkscreen
  6
CONTINUOUS
100
AcDbLine
 10
6.7012787795275592
 20
-3.4075001574803148
 30
0
 11
6.7024163779527557
 21
-3.4073177559055119
 31
0
  0
LINE
  5
177
330
22
100
AcDbEntity
  8
F.Silkscreen
  6
CONTINUOUS
100
AcDbLine
 10
6.7024163779527557
 20
-3.4073177559055119
 30
0
 11
6.703537165354331
 21
-3.4075846456692913
 31
0
  0
LINE
  5
178
330
22
100
AcDbEntity
  8
F.Silkscreen
  6
CONTINUOUS
100
AcDbLine
 10
6.726265433070866
 20
-3.405828464566929
 30
0
 11
6.7271358267716534
 21
-3.406583346456693
 31
0
  0
LINE
  5
179
330
22
100
AcDbEntity
  8
F.Silkscreen
  6
CONTINUOUS
100
AcDbLine
 10
6.7271358267716534
 20
-3.406583346456693
 30
0
 11
6.7276510236220473
 21
-3.4076138188976377
 31
0
  0
LINE
  5
17A
330
22
100
AcDbEntity
  8
F.Silkscreen
  6
CONTINUOUS
100
AcDbLine
 10
6.7276510236220473
 20
-3.4076138188976377
 30
0
 11
6.7277327165354333
 21
-3.4087630314960631
 31
0
  0
LINE
  5
17B
330
22
100
AcDbEntity
  8
F.Silkscreen
  6
CONTINUOUS
100
AcDbLine
 10
6.7277327165354333
 20
-3.4087630314960631
 30
0
 11
6.7276043700787396
 21
-3.4093274803149605
 31
0
  0
LINE
  5
17C
330
22
100
AcDbEntity
  8
F.Silkscreen
  6
CONTINUOUS
100
AcDbLine
 10
6.7276043700787396
 20
-3.4093274803149605
 30
0
 11
6.7195260629921254
 21
-3.433562401574803
 31
0
  0
LINE
  5
17D
330
22
100
AcDbEntity
  8
F.Silkscreen
  6
CONTINUOUS
100
AcDbLine
 10
6.7195260629921254
 20
-3.433562401574803
 30
0
 11
6.7312242125984252
 21
-3.433562401574803
 31
0
  0
LINE
  5
17E
330
22
100
AcDbEntity
  8
F.Silkscreen
  6
CONTINUOUS
100
AcDbLine
 10
6.7312242125984252
 20
-3.433562401574803
 30
0
 11
6.7312242125984252
 21
-3.4233918110236221
 31
0
  0
LINE
  5
17F
330
22
100
AcDbEntity
  8
F.Silkscreen
  6
CONTINUOUS
100
AcDbLine
 10
6.7312242125984252
 20
-3.4233918110236221
 30
0
 11
6.73128094488189
 21
-3.4228157480314958
 31
0
  0
LINE
  5
180
330
22
100
AcDbEntity
  8
F.Silkscreen
  6
CONTINUOUS
100
AcDbLine
 10
6.73128094488189
 20
-3.4228157480314958
 30
0
 11
6.7317218503937006
 21
-3.421751338582677
 31
0
  0
LINE
  5
181
330
22
100
AcDbEntity
  8
F.Silkscreen
  6
CONTINUOUS
100
AcDbLine
 10
6.7317218503937006
 20
-3.421751338582677
 30
0
 11
6.7325364960629921
 21
-3.4209366929133855
 31
0
  0
LINE
  5
182
330
22
100
AcDbEntity
  8
F.Silkscreen
  6
CONTINUOUS
100
AcDbLine
 10
6.7325364960629921
 20
-3.4209366929133855
 30
0
 11
6.7336009055118105
 21
-3.4204957874015749
 31
0
  0
LINE
  5
183
330
22
100
AcDbEntity
  8
F.Silkscreen
  6
CONTINUOUS
100
AcDbLine
 10
6.7336009055118105
 20
-3.4204957874015749
 30
0
 11
6.7347530314960631
 21
-3.4204957874015749
 31
0
  0
LINE
  5
184
330
22
100
AcDbEntity
  8
F.Silkscreen
  6
CONTINUOUS
100
AcDbLine
 10
6.7347530314960631
 20
-3.4204957874015749
 30
0
 11
6.7358174409448814
 21
-3.4209366929133855
 31
0
  0
LINE
  5
185
330
22
100
AcDbEntity
  8
F.Silkscreen
  6
CONTINUOUS
100
AcDbLine
 10
6.7358174409448814
 20
-3.4209366929133855
 30
0
 11
6.7366320866141729
 21
-3.421751338582677
 31
0
  0
LINE
  5
186
330
22
100
AcDbEntity
  8
F.Silkscreen
  6
CONTINUOUS
100
AcDbLine
 10
6.7366320866141729
 20
-3.421751338582677
 30
0
 11
6.7370729921259844
 21
-3.4228157480314958
 31
0
  0
LINE
  5
187
330
22
100
AcDbEntity
  8
F.Silkscreen
  6
CONTINUOUS
100
AcDbLine
 10
6.7370729921259844
 20
-3.4228157480314958
 30
0
 11
6.7371297244094484
 21
-3.4233918110236221
 31
0
  0
LINE
  5
188
330
22
100
AcDbEntity
  8
F.Silkscreen
  6
CONTINUOUS
100
AcDbLine
 10
6.7371297244094484
 20
-3.4233918110236221
 30
0
 11
6.7371297244094484
 21
-3.433562401574803
 31
0
  0
LINE
  5
189
330
22
100
AcDbEntity
  8
F.Silkscreen
  6
CONTINUOUS
100
AcDbLine
 10
6.7371297244094484
 20
-3.433562401574803
 30
0
 11
6.7398012598425199
 21
-3.433562401574803
 31
0
  0
LINE
  5
18A
330
22
100
AcDbEntity
  8
F.Silkscreen
  6
CONTINUOUS
100
AcDbLine
 10
6.7398012598425199
 20
-3.433562401574803
 30
0
 11
6.7403773228346457
 21
-3.4336191338582678
 31
0
  0
LINE
  5
18B
330
22
100
AcDbEntity
  8
F.Silkscreen
  6
CONTINUOUS
100
AcDbLine
 10
6.7403773228346457
 20
-3.4336191338582678
 30
0
 11
6.7414417322834641
 21
-3.4340600393700789
 31
0
  0
LINE
  5
18C
330
22
100
AcDbEntity
  8
F.Silkscreen
  6
CONTINUOUS
100
AcDbLine
 10
6.7414417322834641
 20
-3.4340600393700789
 30
0
 11
6.7422563779527556
 21
-3.4348746850393699
 31
0
  0
LINE
  5
18D
330
22
100
AcDbEntity
  8
F.Silkscreen
  6
CONTINUOUS
100
AcDbLine
 10
6.7422563779527556
 20
-3.4348746850393699
 30
0
 11
6.7426972834645671
 21
-3.4359390944881887
 31
0
  0
LINE
  5
18E
330
22
100
AcDbEntity
  8
F.Silkscreen
  6
CONTINUOUS
100
AcDbLine
 10
6.7426972834645671
 20
-3.4359390944881887
 30
0
 11
6.7426972834645671
 21
-3.4370912204724409
 31
0
  0
LINE
  5
18F
330
22
100
AcDbEntity
  8
F.Silkscreen
  6
CONTINUOUS
100
AcDbLine
 10
6.7426972834645671
 20
-3.4370912204724409
 30
0
 11
6.7422563779527556
 21
-3.4381556299212597
 31
0
  0
LINE
  5
190
330
22
100
AcDbEntity
  8
F.Silkscreen
  6
CONTINUOUS
100
AcDbLine
 10
6.7422563779527556
 20
-3.4381556299212597
 30
0
 11
6.7414417322834641
 21
-3.4389702755905511
 31
0
  0
LINE
  5
191
330
22
100
AcDbEntity
  8
F.Silkscreen
  6
CONTINUOUS
100
AcDbLine
 10
6.7414417322834641
 20
-3.4389702755905511
 30
0
 11
6.7403773228346457
 21
-3.4394111811023622
 31
0
  0
LINE
  5
192
330
22
100
AcDbEntity
  8
F.Silkscreen
  6
CONTINUOUS
100
AcDbLine
 10
6.7403773228346457
 20
-3.4394111811023622
 30
0
 11
6.7398012598425199
 21
-3.4394679133858266
 31
0
  0
LINE
  5
193
330
22
100
AcDbEntity
  8
F.Silkscreen
  6
CONTINUOUS
100
AcDbLine
 10
6.7398012598425199
 20
-3.4394679133858266
 30
0
 11
6.7371297244094484
 21
-3.4394679133858266
 31
0
  0
LINE
  5
194
330
22
100
AcDbEntity
  8
F.Silkscreen
  6
CONTINUOUS
100
AcDbLine
 10
6.7371297244094484
 20
-3.4394679133858266
 30
0
 11
6.7371297244094484
 21
-3.4496385433070866
 31
0
  0
LINE
  5
195
330
22
100
AcDbEntity
  8
F.Silkscreen
  6
CONTINUOUS
100
AcDbLine
 10
6.7371297244094484
 20
-3.4496385433070866
 30
0
 11
6.7370729921259844
 21
-3.4502146062992125
 31
0
  0
LINE
  5
196
330
22
100
AcDbEntity
  8
F.Silkscreen
  6
CONTINUOUS
100
AcDbLine
 10
6.7370729921259844
 20
-3.4502146062992125
 30
0
 11
6.7366320866141729
 21
-3.4512790157480313
 31
0
  0
LINE
  5
197
330
22
100
AcDbEntity
  8
F.Silkscreen
  6
CONTINUOUS
100
AcDbLine
 10
6.7366320866141729
 20
-3.4512790157480313
 30
0
 11
6.7358174409448814
 21
-3.4520936614173228
 31
0
  0
LINE
  5
198
330
22
100
AcDbEntity
  8
F.Silkscreen
  6
CONTINUOUS
100
AcDbLine
 10
6.7358174409448814
 20
-3.4520936614173228
 30
0
 11
6.7347530314960631
 21
-3.4525345669291339
 31
0
  0
LINE
  5
199
330
22
100
AcDbEntity
  8
F.Silkscreen
  6
CONTINUOUS
100
AcDbLine
 10
6.7347530314960631
 20
-3.4525345669291339
 30
0
 11
6.7336009055118105
 21
-3.4525345669291339
 31
0
  0
LINE
  5
19A
330
22
100
AcDbEntity
  8
F.Silkscreen
  6
CONTINUOUS
100
AcDbLine
 10
6.7336009055118105
 20
-3.4525345669291339
 30
0
 11
6.7325364960629921
 21
-3.4520936614173228
 31
0
  0
LINE
  5
19B
330
22
100
AcDbEntity
  8
F.Silkscreen
  6
CONTINUOUS
100
AcDbLine
 10
6.7325364960629921
 20
-3.4520936614173228
 30
0
 11
6.7317218503937006
 21
-3.4512790157480313
 31
0
  0
LINE
  5
19C
330
22
100
AcDbEntity
  8
F.Silkscreen
  6
CONTINUOUS
100
AcDbLine
 10
6.7317218503937006
 20
-3.4512790157480313
 30
0
 11
6.73128094488189
 21
-3.4502146062992125
 31
0
  0
LINE
  5
19D
330
22
100
AcDbEntity
  8
F.Silkscreen
  6
CONTINUOUS
100
AcDbLine
 10
6.73128094488189
 20
-3.4502146062992125
 30
0
 11
6.7312242125984252
 21
-3.4496385433070866
 31
0
  0
LINE
  5
19E
330
22
100
AcDbEntity
  8
F.Silkscreen
  6
CONTINUOUS
100
AcDbLine
 10
6.7312242125984252
 20
-3.4496385433070866
 30
0
 11
6.7312242125984252
 21
-3.4394679133858266
 31
0
  0
LINE
  5
19F
330
22
100
AcDbEntity
  8
F.Silkscreen
  6
CONTINUOUS
100
AcDbLine
 10
6.7312242125984252
 20
-3.4394679133858266
 30
0
 11
6.7154293307086617
 21
-3.4394679133858266
 31
0
  0
LINE
  5
1A0
330
22
100
AcDbEntity
  8
F.Silkscreen
  6
CONTINUOUS
100
AcDbLine
 10
6.7154293307086617
 20
-3.4394679133858266
 30
0
 11
6.7151377559055119
 21
-3.4394391732283465
 31
0
  0
LINE
  5
1A1
330
22
100
AcDbEntity
  8
F.Silkscreen
  6
CONTINUOUS
100
AcDbLine
 10
6.7151377559055119
 20
-3.4394391732283465
 30
0
 11
6.715060039370079
 21
-3.4394447244094488
 31
0
  0
LINE
  5
1A2
330
22
100
AcDbEntity
  8
F.Silkscreen
  6
CONTINUOUS
100
AcDbLine
 10
6.715060039370079
 20
-3.4394447244094488
 30
0
 11
6.7150038976377955
 21
-3.4394259842519683
 31
0
  0
LINE
  5
1A3
330
22
100
AcDbEntity
  8
F.Silkscreen
  6
CONTINUOUS
100
AcDbLine
 10
6.7150038976377955
 20
-3.4394259842519683
 30
0
 11
6.7148532677165349
 21
-3.4394111811023622
 31
0
  0
LINE
  5
1A4
330
22
100
AcDbEntity
  8
F.Silkscreen
  6
CONTINUOUS
100
AcDbLine
 10
6.7148532677165349
 20
-3.4394111811023622
 30
0
 11
6.7144159448818899
 21
-3.4392300393700785
 31
0
  0
LINE
  5
1A5
330
22
100
AcDbEntity
  8
F.Silkscreen
  6
CONTINUOUS
100
AcDbLine
 10
6.7144159448818899
 20
-3.4392300393700785
 30
0
 11
6.7139670078740155
 21
-3.4390803937007872
 31
0
  0
LINE
  5
1A6
330
22
100
AcDbEntity
  8
F.Silkscreen
  6
CONTINUOUS
100
AcDbLine
 10
6.7139670078740155
 20
-3.4390803937007872
 30
0
 11
6.7138868110236221
 21
-3.4390108267716535
 31
0
  0
LINE
  5
1A7
330
22
100
AcDbEntity
  8
F.Silkscreen
  6
CONTINUOUS
100
AcDbLine
 10
6.7138868110236221
 20
-3.4390108267716535
 30
0
 11
6.7137888582677165
 21
-3.4389702755905511
 31
0
  0
LINE
  5
1A8
330
22
100
AcDbEntity
  8
F.Silkscreen
  6
CONTINUOUS
100
AcDbLine
 10
6.7137888582677165
 20
-3.4389702755905511
 30
0
 11
6.7134542125984247
 21
-3.4386356299212597
 31
0
  0
LINE
  5
1A9
330
22
100
AcDbEntity
  8
F.Silkscreen
  6
CONTINUOUS
100
AcDbLine
 10
6.7134542125984247
 20
-3.4386356299212597
 30
0
 11
6.7130966535433068
 21
-3.4383255118110236
 31
0
  0
LINE
  5
1AA
330
22
100
AcDbEntity
  8
F.Silkscreen
  6
CONTINUOUS
100
AcDbLine
 10
6.7130966535433068
 20
-3.4383255118110236
 30
0
 11
6.7130492125984249
 21
-3.4382306299212599
 31
0
  0
LINE
  5
1AB
330
22
100
AcDbEntity
  8
F.Silkscreen
  6
CONTINUOUS
100
AcDbLine
 10
6.7130492125984249
 20
-3.4382306299212599
 30
0
 11
6.7129742125984251
 21
-3.4381556299212597
 31
0
  0
LINE
  5
1AC
330
22
100
AcDbEntity
  8
F.Silkscreen
  6
CONTINUOUS
100
AcDbLine
 10
6.7129742125984251
 20
-3.4381556299212597
 30
0
 11
6.7127930314960631
 21
-3.4377182677165354
 31
0
  0
LINE
  5
1AD
330
22
100
AcDbEntity
  8
F.Silkscreen
  6
CONTINUOUS
100
AcDbLine
 10
6.7127930314960631
 20
-3.4377182677165354
 30
0
 11
6.712581456692913
 21
-3.4372950787401573
 31
0
  0
LINE
  5
1AE
330
22
100
AcDbEntity
  8
F.Silkscreen
  6
CONTINUOUS
100
AcDbLine
 10
6.712581456692913
 20
-3.4372950787401573
 30
0
 11
6.7125739370078739
 21
-3.4371892913385826
 31
0
  0
LINE
  5
1AF
330
22
100
AcDbEntity
  8
F.Silkscreen
  6
CONTINUOUS
100
AcDbLine
 10
6.7125739370078739
 20
-3.4371892913385826
 30
0
 11
6.7125333070866144
 21
-3.4370912204724409
 31
0
  0
LINE
  5
1B0
330
22
100
AcDbEntity
  8
F.Silkscreen
  6
CONTINUOUS
100
AcDbLine
 10
6.7125333070866144
 20
-3.4370912204724409
 30
0
 11
6.7125333070866144
 21
-3.4366177165354328
 31
0
  0
LINE
  5
1B1
330
22
100
AcDbEntity
  8
F.Silkscreen
  6
CONTINUOUS
100
AcDbLine
 10
6.7125333070866144
 20
-3.4366177165354328
 30
0
 11
6.7124997637795278
 21
-3.4361458661417323
 31
0
  0
LINE
  5
1B2
330
22
100
AcDbEntity
  8
F.Silkscreen
  6
CONTINUOUS
100
AcDbLine
 10
6.7124997637795278
 20
-3.4361458661417323
 30
0
 11
6.7125333070866144
 21
-3.4359983464566928
 31
0
  0
LINE
  5
1B3
330
22
100
AcDbEntity
  8
F.Silkscreen
  6
CONTINUOUS
100
AcDbLine
 10
6.7125333070866144
 20
-3.4359983464566928
 30
0
 11
6.7125333070866144
 21
-3.4359390944881887
 31
0
  0
LINE
  5
1B4
330
22
100
AcDbEntity
  8
F.Silkscreen
  6
CONTINUOUS
100
AcDbLine
 10
6.7125333070866144
 20
-3.4359390944881887
 30
0
 11
6.7125631496062992
 21
-3.4358669685039369
 31
0
  0
LINE
  5
1B5
330
22
100
AcDbEntity
  8
F.Silkscreen
  6
CONTINUOUS
100
AcDbLine
 10
6.7125631496062992
 20
-3.4358669685039369
 30
0
 11
6.7126281102362206
 21
-3.4355814173228345
 31
0
  0
LINE
  5
1B6
330
22
100
AcDbEntity
  8
F.Silkscreen
  6
CONTINUOUS
100
AcDbLine
 10
6.7126281102362206
 20
-3.4355814173228345
 30
0
 11
6.7220019291338584
 21
-3.4074599606299212
 31
0
  0
LINE
  5
1B7
330
22
100
AcDbEntity
  8
F.Silkscreen
  6
CONTINUOUS
100
AcDbLine
 10
6.7220019291338584
 20
-3.4074599606299212
 30
0
 11
6.7222379133858263
 21
-3.4069314173228347
 31
0
  0
LINE
  5
1B8
330
22
100
AcDbEntity
  8
F.Silkscreen
  6
CONTINUOUS
100
AcDbLine
 10
6.7222379133858263
 20
-3.4069314173228347
 30
0
 11
6.7229927952755908
 21
-3.406061062992126
 31
0
  0
LINE
  5
1B9
330
22
100
AcDbEntity
  8
F.Silkscreen
  6
CONTINUOUS
100
AcDbLine
 10
6.7229927952755908
 20
-3.406061062992126
 30
0
 11
6.7240232283464563
 21
-3.4055458267716534
 31
0
  0
LINE
  5
1BA
330
22
100
AcDbEntity
  8
F.Silkscreen
  6
CONTINUOUS
100
AcDbLine
 10
6.7240232283464563
 20
-3.4055458267716534
 30
0
 11
6.7251724409448821
 21
-3.4054641338582679
 31
0
  0
LINE
  5
1BB
330
22
100
AcDbEntity
  8
F.Silkscreen
  6
CONTINUOUS
100
AcDbLine
 10
6.7251724409448821
 20
-3.4054641338582679
 30
0
 11
6.726265433070866
 21
-3.405828464566929
 31
0
  0
LINE
  5
1BC
330
22
100
AcDbEntity
  8
F.Silkscreen
  6
CONTINUOUS
100
AcDbLine
 10
5.8898678346456688
 20
-3.4057696062992124
 30
0
 11
5.8899455905511813
 21
-3.4057640944881888
 31
0
  0
LINE
  5
1BD
330
22
100
AcDbEntity
  8
F.Silkscreen
  6
CONTINUOUS
100
AcDbLine
 10
5.8899455905511813
 20
-3.4057640944881888
 30
0
 11
5.8900478346456691
 21
-3.4057873228346458
 31
0
  0
LINE
  5
1BE
330
22
100
AcDbEntity
  8
F.Silkscreen
  6
CONTINUOUS
100
AcDbLine
 10
5.8900478346456691
 20
-3.4057873228346458
 30
0
 11
5.8901523622047245
 21
-3.4057976377952754
 31
0
  0
LINE
  5
1BF
330
22
100
AcDbEntity
  8
F.Silkscreen
  6
CONTINUOUS
100
AcDbLine
 10
5.8901523622047245
 20
-3.4057976377952754
 30
0
 11
5.8902244488188975
 21
-3.4058274803149606
 31
0
  0
LINE
  5
1C0
330
22
100
AcDbEntity
  8
F.Silkscreen
  6
CONTINUOUS
100
AcDbLine
 10
5.8902244488188975
 20
-3.4058274803149606
 30
0
 11
5.8905100393700787
 21
-3.4058924409448816
 31
0
  0
LINE
  5
1C1
330
22
100
AcDbEntity
  8
F.Silkscreen
  6
CONTINUOUS
100
AcDbLine
 10
5.8905100393700787
 20
-3.4058924409448816
 30
0
 11
5.8961343307086613
 21
-3.4077672047244092
 31
0
  0
LINE
  5
1C2
330
22
100
AcDbEntity
  8
F.Silkscreen
  6
CONTINUOUS
100
AcDbLine
 10
5.8961343307086613
 20
-3.4077672047244092
 30
0
 11
5.8966628740157478
 21
-3.408003188976378
 31
0
  0
LINE
  5
1C3
330
22
100
AcDbEntity
  8
F.Silkscreen
  6
CONTINUOUS
100
AcDbLine
 10
5.8966628740157478
 20
-3.408003188976378
 30
0
 11
5.8975332283464565
 21
-3.4087580708661416
 31
0
  0
LINE
  5
1C4
330
22
100
AcDbEntity
  8
F.Silkscreen
  6
CONTINUOUS
100
AcDbLine
 10
5.8975332283464565
 20
-3.4087580708661416
 30
0
 11
5.8980484645669291
 21
-3.4097885039370079
 31
0
  0
LINE
  5
1C5
330
22
100
AcDbEntity
  8
F.Silkscreen
  6
CONTINUOUS
100
AcDbLine
 10
5.8980484645669291
 20
-3.4097885039370079
 30
0
 11
5.8981301574803151
 21
-3.4109377165354329
 31
0
  0
LINE
  5
1C6
330
22
100
AcDbEntity
  8
F.Silkscreen
  6
CONTINUOUS
100
AcDbLine
 10
5.8981301574803151
 20
-3.4109377165354329
 30
0
 11
5.8977658267716535
 21
-3.4120307086614172
 31
0
  0
LINE
  5
1C7
330
22
100
AcDbEntity
  8
F.Silkscreen
  6
CONTINUOUS
100
AcDbLine
 10
5.8977658267716535
 20
-3.4120307086614172
 30
0
 11
5.8970109448818899
 21
-3.4129011023622047
 31
0
  0
LINE
  5
1C8
330
22
100
AcDbEntity
  8
F.Silkscreen
  6
CONTINUOUS
100
AcDbLine
 10
5.8970109448818899
 20
-3.4129011023622047
 30
0
 11
5.8959804724409448
 21
-3.4134162992125985
 31
0
  0
LINE
  5
1C9
330
22
100
AcDbEntity
  8
F.Silkscreen
  6
CONTINUOUS
100
AcDbLine
 10
5.8959804724409448
 20
-3.4134162992125985
 30
0
 11
5.8948312598425199
 21
-3.413497992125984
 31
0
  0
LINE
  5
1CA
330
22
100
AcDbEntity
  8
F.Silkscreen
  6
CONTINUOUS
100
AcDbLine
 10
5.8948312598425199
 20
-3.413497992125984
 30
0
 11
5.8942668110236216
 21
-3.4133696456692912
 31
0
  0
LINE
  5
1CB
330
22
100
AcDbEntity
  8
F.Silkscreen
  6
CONTINUOUS
100
AcDbLine
 10
5.8942668110236216
 20
-3.4133696456692912
 30
0
 11
5.8890971653543307
 21
-3.4116464173228347
 31
0
  0
LINE
  5
1CC
330
22
100
AcDbEntity
  8
F.Silkscreen
  6
CONTINUOUS
100
AcDbLine
 10
5.8890971653543307
 20
-3.4116464173228347
 30
0
 11
5.8808995275590545
 21
-3.4116464173228347
 31
0
  0
LINE
  5
1CD
330
22
100
AcDbEntity
  8
F.Silkscreen
  6
CONTINUOUS
100
AcDbLine
 10
5.8808995275590545
 20
-3.4116464173228347
 30
0
 11
5.8782020472440948
 21
-3.412995157480315
 31
0
  0
LINE
  5
1CE
330
22
100
AcDbEntity
  8
F.Silkscreen
  6
CONTINUOUS
100
AcDbLine
 10
5.8782020472440948
 20
-3.412995157480315
 30
0
 11
5.8770049212598421
 21
-3.4141922834645668
 31
0
  0
LINE
  5
1CF
330
22
100
AcDbEntity
  8
F.Silkscreen
  6
CONTINUOUS
100
AcDbLine
 10
5.8770049212598421
 20
-3.4141922834645668
 30
0
 11
5.8756561811023618
 21
-3.4168897637795275
 31
0
  0
LINE
  5
1D0
330
22
100
AcDbEntity
  8
F.Silkscreen
  6
CONTINUOUS
100
AcDbLine
 10
5.8756561811023618
 20
-3.4168897637795275
 30
0
 11
5.8756561811023618
 21
-3.4192451968503934
 31
0
  0
LINE
  5
1D1
330
22
100
AcDbEntity
  8
F.Silkscreen
  6
CONTINUOUS
100
AcDbLine
 10
5.8756561811023618
 20
-3.4192451968503934
 30
0
 11
5.8770049212598421
 21
-3.4219426771653541
 31
0
  0
LINE
  5
1D2
330
22
100
AcDbEntity
  8
F.Silkscreen
  6
CONTINUOUS
100
AcDbLine
 10
5.8770049212598421
 20
-3.4219426771653541
 30
0
 11
5.8782020472440948
 21
-3.4231398031496063
 31
0
  0
LINE
  5
1D3
330
22
100
AcDbEntity
  8
F.Silkscreen
  6
CONTINUOUS
100
AcDbLine
 10
5.8782020472440948
 20
-3.4231398031496063
 30
0
 11
5.8812330314960626
 21
-3.4246552755905513
 31
0
  0
LINE
  5
1D4
330
22
100
AcDbEntity
  8
F.Silkscreen
  6
CONTINUOUS
100
AcDbLine
 10
5.8812330314960626
 20
-3.4246552755905513
 30
0
 11
5.8884176771653545
 21
-3.4264514566929134
 31
0
  0
LINE
  5
1D5
330
22
100
AcDbEntity
  8
F.Silkscreen
  6
CONTINUOUS
100
AcDbLine
 10
5.8884176771653545
 20
-3.4264514566929134
 30
0
 11
5.8884601574803153
 21
-3.4264666141732283
 31
0
  0
LINE
  5
1D6
330
22
100
AcDbEntity
  8
F.Silkscreen
  6
CONTINUOUS
100
AcDbLine
 10
5.8884601574803153
 20
-3.4264666141732283
 30
0
 11
5.8884814173228346
 21
-3.4264681496062992
 31
0
  0
LINE
  5
1D7
330
22
100
AcDbEntity
  8
F.Silkscreen
  6
CONTINUOUS
100
AcDbLine
 10
5.8884814173228346
 20
-3.4264681496062992
 30
0
 11
5.8887208267716531
 21
-3.4265597637795273
 31
0
  0
LINE
  5
1D8
330
22
100
AcDbEntity
  8
F.Silkscreen
  6
CONTINUOUS
100
AcDbLine
 10
5.8887208267716531
 20
-3.4265597637795273
 30
0
 11
5.8889627952755905
 21
-3.4266462204724411
 31
0
  0
LINE
  5
1D9
330
22
100
AcDbEntity
  8
F.Silkscreen
  6
CONTINUOUS
100
AcDbLine
 10
5.8889627952755905
 20
-3.4266462204724411
 30
0
 11
5.8889799212598426
 21
-3.4266588976377954
 31
0
  0
LINE
  5
1DA
330
22
100
AcDbEntity
  8
F.Silkscreen
  6
CONTINUOUS
100
AcDbLine
 10
5.8889799212598426
 20
-3.4266588976377954
 30
0
 11
5.8890220472440946
 21
-3.4266750393700787
 31
0
  0
LINE
  5
1DB
330
22
100
AcDbEntity
  8
F.Silkscreen
  6
CONTINUOUS
100
AcDbLine
 10
5.8890220472440946
 20
-3.4266750393700787
 30
0
 11
5.8927715748031497
 21
-3.4285498031496062
 31
0
  0
LINE
  5
1DC
330
22
100
AcDbEntity
  8
F.Silkscreen
  6
CONTINUOUS
100
AcDbLine
 10
5.8927715748031497
 20
-3.4285498031496062
 30
0
 11
5.8930195669291336
 21
-3.428705866141732
 31
0
  0
LINE
  5
1DD
330
22
100
AcDbEntity
  8
F.Silkscreen
  6
CONTINUOUS
100
AcDbLine
 10
5.8930195669291336
 20
-3.428705866141732
 30
0
 11
5.8930915354330704
 21
-3.4287357086614172
 31
0
  0
LINE
  5
1DE
330
22
100
AcDbEntity
  8
F.Silkscreen
  6
CONTINUOUS
100
AcDbLine
 10
5.8930915354330704
 20
-3.4287357086614172
 30
0
 11
5.8931724803149601
 21
-3.4288021653543308
 31
0
  0
LINE
  5
1DF
330
22
100
AcDbEntity
  8
F.Silkscreen
  6
CONTINUOUS
100
AcDbLine
 10
5.8931724803149601
 20
-3.4288021653543308
 30
0
 11
5.8932614566929136
 21
-3.4288581496062993
 31
0
  0
LINE
  5
1E0
330
22
100
AcDbEntity
  8
F.Silkscreen
  6
CONTINUOUS
100
AcDbLine
 10
5.8932614566929136
 20
-3.4288581496062993
 30
0
 11
5.8933125984251964
 21
-3.4289171259842517
 31
0
  0
LINE
  5
1E1
330
22
100
AcDbEntity
  8
F.Silkscreen
  6
CONTINUOUS
100
AcDbLine
 10
5.8933125984251964
 20
-3.4289171259842517
 30
0
 11
5.8935389763779522
 21
-3.4291029133858268
 31
0
  0
LINE
  5
1E2
330
22
100
AcDbEntity
  8
F.Silkscreen
  6
CONTINUOUS
100
AcDbLine
 10
5.8935389763779522
 20
-3.4291029133858268
 30
0
 11
5.8954137401574798
 21
-3.4309776771653544
 31
0
  0
LINE
  5
1E3
330
22
100
AcDbEntity
  8
F.Silkscreen
  6
CONTINUOUS
100
AcDbLine
 10
5.8954137401574798
 20
-3.4309776771653544
 30
0
 11
5.8955994881889762
 21
-3.4312040157480315
 31
0
  0
LINE
  5
1E4
330
22
100
AcDbEntity
  8
F.Silkscreen
  6
CONTINUOUS
100
AcDbLine
 10
5.8955994881889762
 20
-3.4312040157480315
 30
0
 11
5.8956585039370077
 21
-3.4312551968503935
 31
0
  0
LINE
  5
1E5
330
22
100
AcDbEntity
  8
F.Silkscreen
  6
CONTINUOUS
100
AcDbLine
 10
5.8956585039370077
 20
-3.4312551968503935
 30
0
 11
5.8957144488188975
 21
-3.4313441338582678
 31
0
  0
LINE
  5
1E6
330
22
100
AcDbEntity
  8
F.Silkscreen
  6
CONTINUOUS
100
AcDbLine
 10
5.8957144488188975
 20
-3.4313441338582678
 30
0
 11
5.8957809448818894
 21
-3.4314251181102362
 31
0
  0
LINE
  5
1E7
330
22
100
AcDbEntity
  8
F.Silkscreen
  6
CONTINUOUS
100
AcDbLine
 10
5.8957809448818894
 20
-3.4314251181102362
 30
0
 11
5.8958107480314963
 21
-3.4314970472440942
 31
0
  0
LINE
  5
1E8
330
22
100
AcDbEntity
  8
F.Silkscreen
  6
CONTINUOUS
100
AcDbLine
 10
5.8958107480314963
 20
-3.4314970472440942
 30
0
 11
5.8959668503937008
 21
-3.4317450787401573
 31
0
  0
LINE
  5
1E9
330
22
100
AcDbEntity
  8
F.Silkscreen
  6
CONTINUOUS
100
AcDbLine
 10
5.8959668503937008
 20
-3.4317450787401573
 30
0
 11
5.8978416141732284
 21
-3.4354946062992124
 31
0
  0
LINE
  5
1EA
330
22
100
AcDbEntity
  8
F.Silkscreen
  6
CONTINUOUS
100
AcDbLine
 10
5.8978416141732284
 20
-3.4354946062992124
 30
0
 11
5.8980485039370079
 21
-3.4360351968503937
 31
0
  0
LINE
  5
1EB
330
22
100
AcDbEntity
  8
F.Silkscreen
  6
CONTINUOUS
100
AcDbLine
 10
5.8980485039370079
 20
-3.4360351968503937
 30
0
 11
5.898056023622047
 21
-3.4361410629921258
 31
0
  0
LINE
  5
1EC
330
22
100
AcDbEntity
  8
F.Silkscreen
  6
CONTINUOUS
100
AcDbLine
 10
5.898056023622047
 20
-3.4361410629921258
 30
0
 11
5.8980966141732285
 21
-3.4362390551181101
 31
0
  0
LINE
  5
1ED
330
22
100
AcDbEntity
  8
F.Silkscreen
  6
CONTINUOUS
100
AcDbLine
 10
5.8980966141732285
 20
-3.4362390551181101
 30
0
 11
5.8981533464566924
 21
-3.436815118110236
 31
0
  0
LINE
  5
1EE
330
22
100
AcDbEntity
  8
F.Silkscreen
  6
CONTINUOUS
100
AcDbLine
 10
5.8981533464566924
 20
-3.436815118110236
 30
0
 11
5.8981533464566924
 21
-3.4405646456692911
 31
0
  0
LINE
  5
1EF
330
22
100
AcDbEntity
  8
F.Silkscreen
  6
CONTINUOUS
100
AcDbLine
 10
5.8981533464566924
 20
-3.4405646456692911
 30
0
 11
5.8980966141732285
 21
-3.4411407086614174
 31
0
  0
LINE
  5
1F0
330
22
100
AcDbEntity
  8
F.Silkscreen
  6
CONTINUOUS
100
AcDbLine
 10
5.8980966141732285
 20
-3.4411407086614174
 30
0
 11
5.898056023622047
 21
-3.4412386614173229
 31
0
  0
LINE
  5
1F1
330
22
100
AcDbEntity
  8
F.Silkscreen
  6
CONTINUOUS
100
AcDbLine
 10
5.898056023622047
 20
-3.4412386614173229
 30
0
 11
5.8980485039370079
 21
-3.4413445669291338
 31
0
  0
LINE
  5
1F2
330
22
100
AcDbEntity
  8
F.Silkscreen
  6
CONTINUOUS
100
AcDbLine
 10
5.8980485039370079
 20
-3.4413445669291338
 30
0
 11
5.8978416141732284
 21
-3.4418851574803151
 31
0
  0
LINE
  5
1F3
330
22
100
AcDbEntity
  8
F.Silkscreen
  6
CONTINUOUS
100
AcDbLine
 10
5.8978416141732284
 20
-3.4418851574803151
 30
0
 11
5.8959668503937008
 21
-3.4456346850393702
 31
0
  0
LINE
  5
1F4
330
22
100
AcDbEntity
  8
F.Silkscreen
  6
CONTINUOUS
100
AcDbLine
 10
5.8959668503937008
 20
-3.4456346850393702
 30
0
 11
5.895810787401575
 21
-3.4458825590551179
 31
0
  0
LINE
  5
1F5
330
22
100
AcDbEntity
  8
F.Silkscreen
  6
CONTINUOUS
100
AcDbLine
 10
5.895810787401575
 20
-3.4458825590551179
 30
0
 11
5.8957809842519682
 21
-3.4459546062992126
 31
0
  0
LINE
  5
1F6
330
22
100
AcDbEntity
  8
F.Silkscreen
  6
CONTINUOUS
100
AcDbLine
 10
5.8957809842519682
 20
-3.4459546062992126
 30
0
 11
5.8957144488188975
 21
-3.4460356299212598
 31
0
  0
LINE
  5
1F7
330
22
100
AcDbEntity
  8
F.Silkscreen
  6
CONTINUOUS
100
AcDbLine
 10
5.8957144488188975
 20
-3.4460356299212598
 30
0
 11
5.8956585039370077
 21
-3.4461245669291336
 31
0
  0
LINE
  5
1F8
330
22
100
AcDbEntity
  8
F.Silkscreen
  6
CONTINUOUS
100
AcDbLine
 10
5.8956585039370077
 20
-3.4461245669291336
 30
0
 11
5.8955994881889762
 21
-3.4461757086614173
 31
0
  0
LINE
  5
1F9
330
22
100
AcDbEntity
  8
F.Silkscreen
  6
CONTINUOUS
100
AcDbLine
 10
5.8955994881889762
 20
-3.4461757086614173
 30
0
 11
5.8954137401574798
 21
-3.4464020866141731
 31
0
  0
LINE
  5
1FA
330
22
100
AcDbEntity
  8
F.Silkscreen
  6
CONTINUOUS
100
AcDbLine
 10
5.8954137401574798
 20
-3.4464020866141731
 30
0
 11
5.893539015748031
 21
-3.4482768503937007
 31
0
  0
LINE
  5
1FB
330
22
100
AcDbEntity
  8
F.Silkscreen
  6
CONTINUOUS
100
AcDbLine
 10
5.893539015748031
 20
-3.4482768503937007
 30
0
 11
5.8933126377952751
 21
-3.4484625984251966
 31
0
  0
LINE
  5
1FC
330
22
100
AcDbEntity
  8
F.Silkscreen
  6
CONTINUOUS
100
AcDbLine
 10
5.8933126377952751
 20
-3.4484625984251966
 30
0
 11
5.8932614566929136
 21
-3.448521653543307
 31
0
  0
LINE
  5
1FD
330
22
100
AcDbEntity
  8
F.Silkscreen
  6
CONTINUOUS
100
AcDbLine
 10
5.8932614566929136
 20
-3.448521653543307
 30
0
 11
5.8931724803149601
 21
-3.4485776377952755
 31
0
  0
LINE
  5
1FE
330
22
100
AcDbEntity
  8
F.Silkscreen
  6
CONTINUOUS
100
AcDbLine
 10
5.8931724803149601
 20
-3.4485776377952755
 30
0
 11
5.8930915354330704
 21
-3.4486440944881891
 31
0
  0
LINE
  5
1FF
330
22
100
AcDbEntity
  8
F.Silkscreen
  6
CONTINUOUS
100
AcDbLine
 10
5.8930915354330704
 20
-3.4486440944881891
 30
0
 11
5.8930195669291336
 21
-3.4486738976377951
 31
0
  0
LINE
  5
200
330
22
100
AcDbEntity
  8
F.Silkscreen
  6
CONTINUOUS
100
AcDbLine
 10
5.8930195669291336
 20
-3.4486738976377951
 30
0
 11
5.8927715748031497
 21
-3.4488300000000001
 31
0
  0
LINE
  5
201
330
22
100
AcDbEntity
  8
F.Silkscreen
  6
CONTINUOUS
100
AcDbLine
 10
5.8927715748031497
 20
-3.4488300000000001
 30
0
 11
5.8890220472440946
 21
-3.4507047637795276
 31
0
  0
LINE
  5
202
330
22
100
AcDbEntity
  8
F.Silkscreen
  6
CONTINUOUS
100
AcDbLine
 10
5.8890220472440946
 20
-3.4507047637795276
 30
0
 11
5.8884814173228346
 21
-3.4509116535433071
 31
0
  0
LINE
  5
203
330
22
100
AcDbEntity
  8
F.Silkscreen
  6
CONTINUOUS
100
AcDbLine
 10
5.8884814173228346
 20
-3.4509116535433071
 30
0
 11
5.8883755905511812
 21
-3.4509191338582674
 31
0
  0
LINE
  5
204
330
22
100
AcDbEntity
  8
F.Silkscreen
  6
CONTINUOUS
100
AcDbLine
 10
5.8883755905511812
 20
-3.4509191338582674
 30
0
 11
5.8882775984251969
 21
-3.4509597637795273
 31
0
  0
LINE
  5
205
330
22
100
AcDbEntity
  8
F.Silkscreen
  6
CONTINUOUS
100
AcDbLine
 10
5.8882775984251969
 20
-3.4509597637795273
 30
0
 11
5.8877015354330711
 21
-3.4510164960629921
 31
0
  0
LINE
  5
206
330
22
100
AcDbEntity
  8
F.Silkscreen
  6
CONTINUOUS
100
AcDbLine
 10
5.8877015354330711
 20
-3.4510164960629921
 30
0
 11
5.8783277165354333
 21
-3.4510164960629921
 31
0
  0
LINE
  5
207
330
22
100
AcDbEntity
  8
F.Silkscreen
  6
CONTINUOUS
100
AcDbLine
 10
5.8783277165354333
 20
-3.4510164960629921
 30
0
 11
5.8780361023622048
 21
-3.4509877559055115
 31
0
  0
LINE
  5
208
330
22
100
AcDbEntity
  8
F.Silkscreen
  6
CONTINUOUS
100
AcDbLine
 10
5.8780361023622048
 20
-3.4509877559055115
 30
0
 11
5.8779583858267719
 21
-3.4509933070866139
 31
0
  0
LINE
  5
209
330
22
100
AcDbEntity
  8
F.Silkscreen
  6
CONTINUOUS
100
AcDbLine
 10
5.8779583858267719
 20
-3.4509933070866139
 30
0
 11
5.8778561023622045
 21
-3.4509700393700786
 31
0
  0
LINE
  5
20A
330
22
100
AcDbEntity
  8
F.Silkscreen
  6
CONTINUOUS
100
AcDbLine
 10
5.8778561023622045
 20
-3.4509700393700786
 30
0
 11
5.8777516535433065
 21
-3.4509597637795273
 31
0
  0
LINE
  5
20B
330
22
100
AcDbEntity
  8
F.Silkscreen
  6
CONTINUOUS
100
AcDbLine
 10
5.8777516535433065
 20
-3.4509597637795273
 30
0
 11
5.8776795669291335
 21
-3.4509298818897638
 31
0
  0
LINE
  5
20C
330
22
100
AcDbEntity
  8
F.Silkscreen
  6
CONTINUOUS
100
AcDbLine
 10
5.8776795669291335
 20
-3.4509298818897638
 30
0
 11
5.8773939370078736
 21
-3.4508649606299211
 31
0
  0
LINE
  5
20D
330
22
100
AcDbEntity
  8
F.Silkscreen
  6
CONTINUOUS
100
AcDbLine
 10
5.8773939370078736
 20
-3.4508649606299211
 30
0
 11
5.8717696850393697
 21
-3.4489901968503935
 31
0
  0
LINE
  5
20E
330
22
100
AcDbEntity
  8
F.Silkscreen
  6
CONTINUOUS
100
AcDbLine
 10
5.8717696850393697
 20
-3.4489901968503935
 30
0
 11
5.8712411023622044
 21
-3.4487542125984252
 31
0
  0
LINE
  5
20F
330
22
100
AcDbEntity
  8
F.Silkscreen
  6
CONTINUOUS
100
AcDbLine
 10
5.8712411023622044
 20
-3.4487542125984252
 30
0
 11
5.8703707480314957
 21
-3.4479993307086612
 31
0
  0
LINE
  5
210
330
22
100
AcDbEntity
  8
F.Silkscreen
  6
CONTINUOUS
100
AcDbLine
 10
5.8703707480314957
 20
-3.4479993307086612
 30
0
 11
5.8698555511811019
 21
-3.4469688976377952
 31
0
  0
LINE
  5
211
330
22
100
AcDbEntity
  8
F.Silkscreen
  6
CONTINUOUS
100
AcDbLine
 10
5.8698555511811019
 20
-3.4469688976377952
 30
0
 11
5.8697738582677168
 21
-3.4458196850393699
 31
0
  0
LINE
  5
212
330
22
100
AcDbEntity
  8
F.Silkscreen
  6
CONTINUOUS
100
AcDbLine
 10
5.8697738582677168
 20
-3.4458196850393699
 30
0
 11
5.8701381889763775
 21
-3.4447266535433072
 31
0
  0
LINE
  5
213
330
22
100
AcDbEntity
  8
F.Silkscreen
  6
CONTINUOUS
100
AcDbLine
 10
5.8701381889763775
 20
-3.4447266535433072
 30
0
 11
5.870893070866142
 21
-3.4438562992125985
 31
0
  0
LINE
  5
214
330
22
100
AcDbEntity
  8
F.Silkscreen
  6
CONTINUOUS
100
AcDbLine
 10
5.870893070866142
 20
-3.4438562992125985
 30
0
 11
5.8719235039370075
 21
-3.4433411023622047
 31
0
  0
LINE
  5
215
330
22
100
AcDbEntity
  8
F.Silkscreen
  6
CONTINUOUS
100
AcDbLine
 10
5.8719235039370075
 20
-3.4433411023622047
 30
0
 11
5.8730727165354333
 21
-3.4432594094488187
 31
0
  0
LINE
  5
216
330
22
100
AcDbEntity
  8
F.Silkscreen
  6
CONTINUOUS
100
AcDbLine
 10
5.8730727165354333
 20
-3.4432594094488187
 30
0
 11
5.8736371653543307
 21
-3.4433877559055119
 31
0
  0
LINE
  5
217
330
22
100
AcDbEntity
  8
F.Silkscreen
  6
CONTINUOUS
100
AcDbLine
 10
5.8736371653543307
 20
-3.4433877559055119
 30
0
 11
5.8788068503937003
 21
-3.4451109842519685
 31
0
  0
LINE
  5
218
330
22
100
AcDbEntity
  8
F.Silkscreen
  6
CONTINUOUS
100
AcDbLine
 10
5.8788068503937003
 20
-3.4451109842519685
 30
0
 11
5.8870044881889765
 21
-3.4451109842519685
 31
0
  0
LINE
  5
219
330
22
100
AcDbEntity
  8
F.Silkscreen
  6
CONTINUOUS
100
AcDbLine
 10
5.8870044881889765
 20
-3.4451109842519685
 30
0
 11
5.8897019291338584
 21
-3.4437622440944882
 31
0
  0
LINE
  5
21A
330
22
100
AcDbEntity
  8
F.Silkscreen
  6
CONTINUOUS
100
AcDbLine
 10
5.8897019291338584
 20
-3.4437622440944882
 30
0
 11
5.8908990551181102
 21
-3.4425650787401576
 31
0
  0
LINE
  5
21B
330
22
100
AcDbEntity
  8
F.Silkscreen
  6
CONTINUOUS
100
AcDbLine
 10
5.8908990551181102
 20
-3.4425650787401576
 30
0
 11
5.8922478346456693
 21
-3.439867598425197
 31
0
  0
LINE
  5
21C
330
22
100
AcDbEntity
  8
F.Silkscreen
  6
CONTINUOUS
100
AcDbLine
 10
5.8922478346456693
 20
-3.439867598425197
 30
0
 11
5.8922478346456693
 21
-3.4375121653543306
 31
0
  0
LINE
  5
21D
330
22
100
AcDbEntity
  8
F.Silkscreen
  6
CONTINUOUS
100
AcDbLine
 10
5.8922478346456693
 20
-3.4375121653543306
 30
0
 11
5.8908990944881889
 21
-3.4348146850393699
 31
0
  0
LINE
  5
21E
330
22
100
AcDbEntity
  8
F.Silkscreen
  6
CONTINUOUS
100
AcDbLine
 10
5.8908990944881889
 20
-3.4348146850393699
 30
0
 11
5.8897019685039371
 21
-3.4336175590551181
 31
0
  0
LINE
  5
21F
330
22
100
AcDbEntity
  8
F.Silkscreen
  6
CONTINUOUS
100
AcDbLine
 10
5.8897019685039371
 20
-3.4336175590551181
 30
0
 11
5.8866709842519684
 21
-3.4321020472440944
 31
0
  0
LINE
  5
220
330
22
100
AcDbEntity
  8
F.Silkscreen
  6
CONTINUOUS
100
AcDbLine
 10
5.8866709842519684
 20
-3.4321020472440944
 30
0
 11
5.8794863385826774
 21
-3.430305905511811
 31
0
  0
LINE
  5
221
330
22
100
AcDbEntity
  8
F.Silkscreen
  6
CONTINUOUS
100
AcDbLine
 10
5.8794863385826774
 20
-3.430305905511811
 30
0
 11
5.8794438188976379
 21
-3.4302907086614174
 31
0
  0
LINE
  5
222
330
22
100
AcDbEntity
  8
F.Silkscreen
  6
CONTINUOUS
100
AcDbLine
 10
5.8794438188976379
 20
-3.4302907086614174
 30
0
 11
5.8794225590551177
 21
-3.4302892125984252
 31
0
  0
LINE
  5
223
330
22
100
AcDbEntity
  8
F.Silkscreen
  6
CONTINUOUS
100
AcDbLine
 10
5.8794225590551177
 20
-3.4302892125984252
 30
0
 11
5.8791827952755904
 21
-3.4301974409448817
 31
0
  0
LINE
  5
224
330
22
100
AcDbEntity
  8
F.Silkscreen
  6
CONTINUOUS
100
AcDbLine
 10
5.8791827952755904
 20
-3.4301974409448817
 30
0
 11
5.8789412204724405
 21
-3.4301111417322834
 31
0
  0
LINE
  5
225
330
22
100
AcDbEntity
  8
F.Silkscreen
  6
CONTINUOUS
100
AcDbLine
 10
5.8789412204724405
 20
-3.4301111417322834
 30
0
 11
5.8789240551181097
 21
-3.4300984251968503
 31
0
  0
LINE
  5
226
330
22
100
AcDbEntity
  8
F.Silkscreen
  6
CONTINUOUS
100
AcDbLine
 10
5.8789240551181097
 20
-3.4300984251968503
 30
0
 11
5.8788819685039373
 21
-3.4300823228346458
 31
0
  0
LINE
  5
227
330
22
100
AcDbEntity
  8
F.Silkscreen
  6
CONTINUOUS
100
AcDbLine
 10
5.8788819685039373
 20
-3.4300823228346458
 30
0
 11
5.8751324409448822
 21
-3.4282075590551182
 31
0
  0
LINE
  5
228
330
22
100
AcDbEntity
  8
F.Silkscreen
  6
CONTINUOUS
100
AcDbLine
 10
5.8751324409448822
 20
-3.4282075590551182
 30
0
 11
5.8748844094488186
 21
-3.4280514566929132
 31
0
  0
LINE
  5
229
330
22
100
AcDbEntity
  8
F.Silkscreen
  6
CONTINUOUS
100
AcDbLine
 10
5.8748844094488186
 20
-3.4280514566929132
 30
0
 11
5.8748124803149606
 21
-3.4280216535433068
 31
0
  0
LINE
  5
22A
330
22
100
AcDbEntity
  8
F.Silkscreen
  6
CONTINUOUS
100
AcDbLine
 10
5.8748124803149606
 20
-3.4280216535433068
 30
0
 11
5.8747314960629922
 21
-3.4279551574803149
 31
0
  0
LINE
  5
22B
330
22
100
AcDbEntity
  8
F.Silkscreen
  6
CONTINUOUS
100
AcDbLine
 10
5.8747314960629922
 20
-3.4279551574803149
 30
0
 11
5.8746425590551183
 21
-3.4278992125984251
 31
0
  0
LINE
  5
22C
330
22
100
AcDbEntity
  8
F.Silkscreen
  6
CONTINUOUS
100
AcDbLine
 10
5.8746425590551183
 20
-3.4278992125984251
 30
0
 11
5.8745913779527559
 21
-3.4278401968503935
 31
0
  0
LINE
  5
22D
330
22
100
AcDbEntity
  8
F.Silkscreen
  6
CONTINUOUS
100
AcDbLine
 10
5.8745913779527559
 20
-3.4278401968503935
 30
0
 11
5.8743650393700788
 21
-3.4276544488188976
 31
0
  0
LINE
  5
22E
330
22
100
AcDbEntity
  8
F.Silkscreen
  6
CONTINUOUS
100
AcDbLine
 10
5.8743650393700788
 20
-3.4276544488188976
 30
0
 11
5.8724902755905513
 21
-3.42577968503937
 31
0
  0
LINE
  5
22F
330
22
100
AcDbEntity
  8
F.Silkscreen
  6
CONTINUOUS
100
AcDbLine
 10
5.8724902755905513
 20
-3.42577968503937
 30
0
 11
5.8723044881889761
 21
-3.4255533070866142
 31
0
  0
LINE
  5
230
330
22
100
AcDbEntity
  8
F.Silkscreen
  6
CONTINUOUS
100
AcDbLine
 10
5.8723044881889761
 20
-3.4255533070866142
 30
0
 11
5.8722455118110233
 21
-3.4255021653543305
 31
0
  0
LINE
  5
231
330
22
100
AcDbEntity
  8
F.Silkscreen
  6
CONTINUOUS
100
AcDbLine
 10
5.8722455118110233
 20
-3.4255021653543305
 30
0
 11
5.8721895275590548
 21
-3.4254131889763779
 31
0
  0
LINE
  5
232
330
22
100
AcDbEntity
  8
F.Silkscreen
  6
CONTINUOUS
100
AcDbLine
 10
5.8721895275590548
 20
-3.4254131889763779
 30
0
 11
5.8721230708661416
 21
-3.4253322440944882
 31
0
  0
LINE
  5
233
330
22
100
AcDbEntity
  8
F.Silkscreen
  6
CONTINUOUS
100
AcDbLine
 10
5.8721230708661416
 20
-3.4253322440944882
 30
0
 11
5.8720932283464569
 21
-3.425260275590551
 31
0
  0
LINE
  5
234
330
22
100
AcDbEntity
  8
F.Silkscreen
  6
CONTINUOUS
100
AcDbLine
 10
5.8720932283464569
 20
-3.425260275590551
 30
0
 11
5.8719371653543302
 21
-3.4250122834645667
 31
0
  0
LINE
  5
235
330
22
100
AcDbEntity
  8
F.Silkscreen
  6
CONTINUOUS
100
AcDbLine
 10
5.8719371653543302
 20
-3.4250122834645667
 30
0
 11
5.8700624015748026
 21
-3.4212627559055115
 31
0
  0
LINE
  5
236
330
22
100
AcDbEntity
  8
F.Silkscreen
  6
CONTINUOUS
100
AcDbLine
 10
5.8700624015748026
 20
-3.4212627559055115
 30
0
 11
5.8698555118110232
 21
-3.420722125984252
 31
0
  0
LINE
  5
237
330
22
100
AcDbEntity
  8
F.Silkscreen
  6
CONTINUOUS
100
AcDbLine
 10
5.8698555118110232
 20
-3.420722125984252
 30
0
 11
5.8698479921259841
 21
-3.4206162992125981
 31
0
  0
LINE
  5
238
330
22
100
AcDbEntity
  8
F.Silkscreen
  6
CONTINUOUS
100
AcDbLine
 10
5.8698479921259841
 20
-3.4206162992125981
 30
0
 11
5.8698074015748034
 21
-3.4205183070866143
 31
0
  0
LINE
  5
239
330
22
100
AcDbEntity
  8
F.Silkscreen
  6
CONTINUOUS
100
AcDbLine
 10
5.8698074015748034
 20
-3.4205183070866143
 30
0
 11
5.8697506692913386
 21
-3.419942244094488
 31
0
  0
LINE
  5
23A
330
22
100
AcDbEntity
  8
F.Silkscreen
  6
CONTINUOUS
100
AcDbLine
 10
5.8697506692913386
 20
-3.419942244094488
 30
0
 11
5.8697506692913386
 21
-3.4161927165354329
 31
0
  0
LINE
  5
23B
330
22
100
AcDbEntity
  8
F.Silkscreen
  6
CONTINUOUS
100
AcDbLine
 10
5.8697506692913386
 20
-3.4161927165354329
 30
0
 11
5.8698074015748034
 21
-3.415616653543307
 31
0
  0
LINE
  5
23C
330
22
100
AcDbEntity
  8
F.Silkscreen
  6
CONTINUOUS
100
AcDbLine
 10
5.8698074015748034
 20
-3.415616653543307
 30
0
 11
5.8698479921259841
 21
-3.415518622047244
 31
0
  0
LINE
  5
23D
330
22
100
AcDbEntity
  8
F.Silkscreen
  6
CONTINUOUS
100
AcDbLine
 10
5.8698479921259841
 20
-3.415518622047244
 30
0
 11
5.8698555118110232
 21
-3.4154128346456694
 31
0
  0
LINE
  5
23E
330
22
100
AcDbEntity
  8
F.Silkscreen
  6
CONTINUOUS
100
AcDbLine
 10
5.8698555118110232
 20
-3.4154128346456694
 30
0
 11
5.8700624015748026
 21
-3.4148722047244093
 31
0
  0
LINE
  5
23F
330
22
100
AcDbEntity
  8
F.Silkscreen
  6
CONTINUOUS
100
AcDbLine
 10
5.8700624015748026
 20
-3.4148722047244093
 30
0
 11
5.8719371653543302
 21
-3.4111226771653542
 31
0
  0
LINE
  5
240
330
22
100
AcDbEntity
  8
F.Silkscreen
  6
CONTINUOUS
100
AcDbLine
 10
5.8719371653543302
 20
-3.4111226771653542
 30
0
 11
5.8720932283464569
 21
-3.4108746456692911
 31
0
  0
LINE
  5
241
330
22
100
AcDbEntity
  8
F.Silkscreen
  6
CONTINUOUS
100
AcDbLine
 10
5.8720932283464569
 20
-3.4108746456692911
 30
0
 11
5.8721230708661416
 21
-3.4108027165354331
 31
0
  0
LINE
  5
242
330
22
100
AcDbEntity
  8
F.Silkscreen
  6
CONTINUOUS
100
AcDbLine
 10
5.8721230708661416
 20
-3.4108027165354331
 30
0
 11
5.8721895275590548
 21
-3.4107217322834646
 31
0
  0
LINE
  5
243
330
22
100
AcDbEntity
  8
F.Silkscreen
  6
CONTINUOUS
100
AcDbLine
 10
5.8721895275590548
 20
-3.4107217322834646
 30
0
 11
5.8722455118110233
 21
-3.4106327952755904
 31
0
  0
LINE
  5
244
330
22
100
AcDbEntity
  8
F.Silkscreen
  6
CONTINUOUS
100
AcDbLine
 10
5.8722455118110233
 20
-3.4106327952755904
 30
0
 11
5.8723044881889761
 21
-3.4105816141732284
 31
0
  0
LINE
  5
245
330
22
100
AcDbEntity
  8
F.Silkscreen
  6
CONTINUOUS
100
AcDbLine
 10
5.8723044881889761
 20
-3.4105816141732284
 30
0
 11
5.8724902755905513
 21
-3.4103552755905513
 31
0
  0
LINE
  5
246
330
22
100
AcDbEntity
  8
F.Silkscreen
  6
CONTINUOUS
100
AcDbLine
 10
5.8724902755905513
 20
-3.4103552755905513
 30
0
 11
5.8743650393700788
 21
-3.4084805118110237
 31
0
  0
LINE
  5
247
330
22
100
AcDbEntity
  8
F.Silkscreen
  6
CONTINUOUS
100
AcDbLine
 10
5.8743650393700788
 20
-3.4084805118110237
 30
0
 11
5.8745913779527559
 21
-3.4082947244094486
 31
0
  0
LINE
  5
248
330
22
100
AcDbEntity
  8
F.Silkscreen
  6
CONTINUOUS
100
AcDbLine
 10
5.8745913779527559
 20
-3.4082947244094486
 30
0
 11
5.8746425590551183
 21
-3.4082357480314962
 31
0
  0
LINE
  5
249
330
22
100
AcDbEntity
  8
F.Silkscreen
  6
CONTINUOUS
100
AcDbLine
 10
5.8746425590551183
 20
-3.4082357480314962
 30
0
 11
5.8747314960629922
 21
-3.4081797637795277
 31
0
  0
LINE
  5
24A
330
22
100
AcDbEntity
  8
F.Silkscreen
  6
CONTINUOUS
100
AcDbLine
 10
5.8747314960629922
 20
-3.4081797637795277
 30
0
 11
5.8748124803149606
 21
-3.4081133070866141
 31
0
  0
LINE
  5
24B
330
22
100
AcDbEntity
  8
F.Silkscreen
  6
CONTINUOUS
100
AcDbLine
 10
5.8748124803149606
 20
-3.4081133070866141
 30
0
 11
5.8748844094488186
 21
-3.4080834645669289
 31
0
  0
LINE
  5
24C
330
22
100
AcDbEntity
  8
F.Silkscreen
  6
CONTINUOUS
100
AcDbLine
 10
5.8748844094488186
 20
-3.4080834645669289
 30
0
 11
5.8751324409448822
 21
-3.4079274015748031
 31
0
  0
LINE
  5
24D
330
22
100
AcDbEntity
  8
F.Silkscreen
  6
CONTINUOUS
100
AcDbLine
 10
5.8751324409448822
 20
-3.4079274015748031
 30
0
 11
5.8788819685039373
 21
-3.4060526377952756
 31
0
  0
LINE
  5
24E
330
22
100
AcDbEntity
  8
F.Silkscreen
  6
CONTINUOUS
100
AcDbLine
 10
5.8788819685039373
 20
-3.4060526377952756
 30
0
 11
5.8794225590551177
 21
-3.4058457480314961
 31
0
  0
LINE
  5
24F
330
22
100
AcDbEntity
  8
F.Silkscreen
  6
CONTINUOUS
100
AcDbLine
 10
5.8794225590551177
 20
-3.4058457480314961
 30
0
 11
5.8795284251968498
 21
-3.4058381889763778
 31
0
  0
LINE
  5
250
330
22
100
AcDbEntity
  8
F.Silkscreen
  6
CONTINUOUS
100
AcDbLine
 10
5.8795284251968498
 20
-3.4058381889763778
 30
0
 11
5.8796264173228341
 21
-3.4057976377952754
 31
0
  0
LINE
  5
251
330
22
100
AcDbEntity
  8
F.Silkscreen
  6
CONTINUOUS
100
AcDbLine
 10
5.8796264173228341
 20
-3.4057976377952754
 30
0
 11
5.8802024803149608
 21
-3.4057409055118111
 31
0
  0
LINE
  5
252
330
22
100
AcDbEntity
  8
F.Silkscreen
  6
CONTINUOUS
100
AcDbLine
 10
5.8802024803149608
 20
-3.4057409055118111
 30
0
 11
5.8895762992125986
 21
-3.4057409055118111
 31
0
  0
LINE
  5
253
330
22
100
AcDbEntity
  8
F.Silkscreen
  6
CONTINUOUS
100
AcDbLine
 10
5.8895762992125986
 20
-3.4057409055118111
 30
0
 11
5.8898678346456688
 21
-3.4057696062992124
 31
0
  0
LINE
  5
254
330
22
100
AcDbEntity
  8
F.Silkscreen
  6
CONTINUOUS
100
AcDbLine
 10
5.9779949212598424
 20
-3.4057709055118108
 30
0
 11
5.9780724015748028
 21
-3.405765748031496
 31
0
  0
LINE
  5
255
330
22
100
AcDbEntity
  8
F.Silkscreen
  6
CONTINUOUS
100
AcDbLine
 10
5.9780724015748028
 20
-3.405765748031496
 30
0
 11
5.9781257480314958
 21
-3.405783779527559
 31
0
  0
LINE
  5
256
330
22
100
AcDbEntity
  8
F.Silkscreen
  6
CONTINUOUS
100
AcDbLine
 10
5.9781257480314958
 20
-3.405783779527559
 30
0
 11
5.9782663385826771
 21
-3.4057976377952754
 31
0
  0
LINE
  5
257
330
22
100
AcDbEntity
  8
F.Silkscreen
  6
CONTINUOUS
100
AcDbLine
 10
5.9782663385826771
 20
-3.4057976377952754
 30
0
 11
5.9787095275590554
 21
-3.4059812204724409
 31
0
  0
LINE
  5
258
330
22
100
AcDbEntity
  8
F.Silkscreen
  6
CONTINUOUS
100
AcDbLine
 10
5.9787095275590554
 20
-3.4059812204724409
 30
0
 11
5.9791637795275587
 21
-3.4061348425196849
 31
0
  0
LINE
  5
259
330
22
100
AcDbEntity
  8
F.Silkscreen
  6
CONTINUOUS
100
AcDbLine
 10
5.9791637795275587
 20
-3.4061348425196849
 30
0
 11
5.9792387401574798
 21
-3.4062003937007872
 31
0
  0
LINE
  5
25A
330
22
100
AcDbEntity
  8
F.Silkscreen
  6
CONTINUOUS
100
AcDbLine
 10
5.9792387401574798
 20
-3.4062003937007872
 30
0
 11
5.9793307480314963
 21
-3.4062385433070865
 31
0
  0
LINE
  5
25B
330
22
100
AcDbEntity
  8
F.Silkscreen
  6
CONTINUOUS
100
AcDbLine
 10
5.9793307480314963
 20
-3.4062385433070865
 30
0
 11
5.9796697244094483
 21
-3.4065775196850394
 31
0
  0
LINE
  5
25C
330
22
100
AcDbEntity
  8
F.Silkscreen
  6
CONTINUOUS
100
AcDbLine
 10
5.9796697244094483
 20
-3.4065775196850394
 30
0
 11
5.9800308661417318
 21
-3.4068935039370078
 31
0
  0
LINE
  5
25D
330
22
100
AcDbEntity
  8
F.Silkscreen
  6
CONTINUOUS
100
AcDbLine
 10
5.9800308661417318
 20
-3.4068935039370078
 30
0
 11
5.980075039370079
 21
-3.4069828346456692
 31
0
  0
LINE
  5
25E
330
22
100
AcDbEntity
  8
F.Silkscreen
  6
CONTINUOUS
100
AcDbLine
 10
5.980075039370079
 20
-3.4069828346456692
 30
0
 11
5.9801453937007869
 21
-3.407053188976378
 31
0
  0
LINE
  5
25F
330
22
100
AcDbEntity
  8
F.Silkscreen
  6
CONTINUOUS
100
AcDbLine
 10
5.9801453937007869
 20
-3.407053188976378
 30
0
 11
5.9803288582677165
 21
-3.4074961023622046
 31
0
  0
LINE
  5
260
330
22
100
AcDbEntity
  8
F.Silkscreen
  6
CONTINUOUS
100
AcDbLine
 10
5.9803288582677165
 20
-3.4074961023622046
 30
0
 11
5.9805415748031496
 21
-3.4079262598425197
 31
0
  0
LINE
  5
261
330
22
100
AcDbEntity
  8
F.Silkscreen
  6
CONTINUOUS
100
AcDbLine
 10
5.9805415748031496
 20
-3.4079262598425197
 30
0
 11
5.9805481889763774
 21
-3.4080255905511811
 31
0
  0
LINE
  5
262
330
22
100
AcDbEntity
  8
F.Silkscreen
  6
CONTINUOUS
100
AcDbLine
 10
5.9805481889763774
 20
-3.4080255905511811
 30
0
 11
5.9805862992125984
 21
-3.4081175984251968
 31
0
  0
LINE
  5
263
330
22
100
AcDbEntity
  8
F.Silkscreen
  6
CONTINUOUS
100
AcDbLine
 10
5.9805862992125984
 20
-3.4081175984251968
 30
0
 11
5.9805862992125984
 21
-3.4085972834645668
 31
0
  0
LINE
  5
264
330
22
100
AcDbEntity
  8
F.Silkscreen
  6
CONTINUOUS
100
AcDbLine
 10
5.9805862992125984
 20
-3.4085972834645668
 30
0
 11
5.9806181889763774
 21
-3.4090757874015747
 31
0
  0
LINE
  5
265
330
22
100
AcDbEntity
  8
F.Silkscreen
  6
CONTINUOUS
100
AcDbLine
 10
5.9806181889763774
 20
-3.4090757874015747
 30
0
 11
5.9805862992125984
 21
-3.4091700787401575
 31
0
  0
LINE
  5
266
330
22
100
AcDbEntity
  8
F.Silkscreen
  6
CONTINUOUS
100
AcDbLine
 10
5.9805862992125984
 20
-3.4091700787401575
 30
0
 11
5.9805862992125984
 21
-3.4092697244094485
 31
0
  0
LINE
  5
267
330
22
100
AcDbEntity
  8
F.Silkscreen
  6
CONTINUOUS
100
AcDbLine
 10
5.9805862992125984
 20
-3.4092697244094485
 30
0
 11
5.9804026771653538
 21
-3.4097129133858268
 31
0
  0
LINE
  5
268
330
22
100
AcDbEntity
  8
F.Silkscreen
  6
CONTINUOUS
100
AcDbLine
 10
5.9804026771653538
 20
-3.4097129133858268
 30
0
 11
5.9802490944881885
 21
-3.4101671653543306
 31
0
  0
LINE
  5
269
330
22
100
AcDbEntity
  8
F.Silkscreen
  6
CONTINUOUS
100
AcDbLine
 10
5.9802490944881885
 20
-3.4101671653543306
 30
0
 11
5.9801669685039371
 21
-3.4102820078740157
 31
0
  0
LINE
  5
26A
330
22
100
AcDbEntity
  8
F.Silkscreen
  6
CONTINUOUS
100
AcDbLine
 10
5.9801669685039371
 20
-3.4102820078740157
 30
0
 11
5.9801453937007869
 21
-3.4103341338582678
 31
0
  0
LINE
  5
26B
330
22
100
AcDbEntity
  8
F.Silkscreen
  6
CONTINUOUS
100
AcDbLine
 10
5.9801453937007869
 20
-3.4103341338582678
 30
0
 11
5.980090433070866
 21
-3.41038905511811
 31
0
  0
LINE
  5
26C
330
22
100
AcDbEntity
  8
F.Silkscreen
  6
CONTINUOUS
100
AcDbLine
 10
5.980090433070866
 20
-3.41038905511811
 30
0
 11
5.9799124409448821
 21
-3.4106380708661415
 31
0
  0
LINE
  5
26D
330
22
100
AcDbEntity
  8
F.Silkscreen
  6
CONTINUOUS
100
AcDbLine
 10
5.9799124409448821
 20
-3.4106380708661415
 30
0
 11
5.9709795275590549
 21
-3.4208470866141734
 31
0
  0
LINE
  5
26E
330
22
100
AcDbEntity
  8
F.Silkscreen
  6
CONTINUOUS
100
AcDbLine
 10
5.9709795275590549
 20
-3.4208470866141734
 30
0
 11
5.9715117322834645
 21
-3.421050748031496
 31
0
  0
LINE
  5
26F
330
22
100
AcDbEntity
  8
F.Silkscreen
  6
CONTINUOUS
100
AcDbLine
 10
5.9715117322834645
 20
-3.421050748031496
 30
0
 11
5.9752612598425197
 21
-3.4229255118110236
 31
0
  0
LINE
  5
270
330
22
100
AcDbEntity
  8
F.Silkscreen
  6
CONTINUOUS
100
AcDbLine
 10
5.9752612598425197
 20
-3.4229255118110236
 30
0
 11
5.9755092519685036
 21
-3.4230815748031493
 31
0
  0
LINE
  5
271
330
22
100
AcDbEntity
  8
F.Silkscreen
  6
CONTINUOUS
100
AcDbLine
 10
5.9755092519685036
 20
-3.4230815748031493
 30
0
 11
5.9755812204724412
 21
-3.4231114173228345
 31
0
  0
LINE
  5
272
330
22
100
AcDbEntity
  8
F.Silkscreen
  6
CONTINUOUS
100
AcDbLine
 10
5.9755812204724412
 20
-3.4231114173228345
 30
0
 11
5.9756621653543309
 21
-3.4231778740157481
 31
0
  0
LINE
  5
273
330
22
100
AcDbEntity
  8
F.Silkscreen
  6
CONTINUOUS
100
AcDbLine
 10
5.9756621653543309
 20
-3.4231778740157481
 30
0
 11
5.9757511417322835
 21
-3.4232338582677166
 31
0
  0
LINE
  5
274
330
22
100
AcDbEntity
  8
F.Silkscreen
  6
CONTINUOUS
100
AcDbLine
 10
5.9757511417322835
 20
-3.4232338582677166
 30
0
 11
5.9758022834645672
 21
-3.423292834645669
 31
0
  0
LINE
  5
275
330
22
100
AcDbEntity
  8
F.Silkscreen
  6
CONTINUOUS
100
AcDbLine
 10
5.9758022834645672
 20
-3.423292834645669
 30
0
 11
5.976028661417323
 21
-3.4234786220472442
 31
0
  0
LINE
  5
276
330
22
100
AcDbEntity
  8
F.Silkscreen
  6
CONTINUOUS
100
AcDbLine
 10
5.976028661417323
 20
-3.4234786220472442
 30
0
 11
5.9779034251968506
 21
-3.4253533858267717
 31
0
  0
LINE
  5
277
330
22
100
AcDbEntity
  8
F.Silkscreen
  6
CONTINUOUS
100
AcDbLine
 10
5.9779034251968506
 20
-3.4253533858267717
 30
0
 11
5.9780891732283461
 21
-3.4255797244094488
 31
0
  0
LINE
  5
278
330
22
100
AcDbEntity
  8
F.Silkscreen
  6
CONTINUOUS
100
AcDbLine
 10
5.9780891732283461
 20
-3.4255797244094488
 30
0
 11
5.9781481889763777
 21
-3.4256309055118108
 31
0
  0
LINE
  5
279
330
22
100
AcDbEntity
  8
F.Silkscreen
  6
CONTINUOUS
100
AcDbLine
 10
5.9781481889763777
 20
-3.4256309055118108
 30
0
 11
5.9782041338582674
 21
-3.4257198425196851
 31
0
  0
LINE
  5
27A
330
22
100
AcDbEntity
  8
F.Silkscreen
  6
CONTINUOUS
100
AcDbLine
 10
5.9782041338582674
 20
-3.4257198425196851
 30
0
 11
5.9782706299212593
 21
-3.4258008267716535
 31
0
  0
LINE
  5
27B
330
22
100
AcDbEntity
  8
F.Silkscreen
  6
CONTINUOUS
100
AcDbLine
 10
5.9782706299212593
 20
-3.4258008267716535
 30
0
 11
5.9783004330708662
 21
-3.4258727559055115
 31
0
  0
LINE
  5
27C
330
22
100
AcDbEntity
  8
F.Silkscreen
  6
CONTINUOUS
100
AcDbLine
 10
5.9783004330708662
 20
-3.4258727559055115
 30
0
 11
5.9784565354330708
 21
-3.4261207874015747
 31
0
  0
LINE
  5
27D
330
22
100
AcDbEntity
  8
F.Silkscreen
  6
CONTINUOUS
100
AcDbLine
 10
5.9784565354330708
 20
-3.4261207874015747
 30
0
 11
5.9803312992125983
 21
-3.4298703149606298
 31
0
  0
LINE
  5
27E
330
22
100
AcDbEntity
  8
F.Silkscreen
  6
CONTINUOUS
100
AcDbLine
 10
5.9803312992125983
 20
-3.4298703149606298
 30
0
 11
5.9805381889763778
 21
-3.430410905511811
 31
0
  0
LINE
  5
27F
330
22
100
AcDbEntity
  8
F.Silkscreen
  6
CONTINUOUS
100
AcDbLine
 10
5.9805381889763778
 20
-3.430410905511811
 30
0
 11
5.9805457086614169
 21
-3.4305167716535432
 31
0
  0
LINE
  5
280
330
22
100
AcDbEntity
  8
F.Silkscreen
  6
CONTINUOUS
100
AcDbLine
 10
5.9805457086614169
 20
-3.4305167716535432
 30
0
 11
5.9805862992125984
 21
-3.4306147637795275
 31
0
  0
LINE
  5
281
330
22
100
AcDbEntity
  8
F.Silkscreen
  6
CONTINUOUS
100
AcDbLine
 10
5.9805862992125984
 20
-3.4306147637795275
 30
0
 11
5.9806430314960632
 21
-3.4311908267716533
 31
0
  0
LINE
  5
282
330
22
100
AcDbEntity
  8
F.Silkscreen
  6
CONTINUOUS
100
AcDbLine
 10
5.9806430314960632
 20
-3.4311908267716533
 30
0
 11
5.9806430314960632
 21
-3.4405646456692911
 31
0
  0
LINE
  5
283
330
22
100
AcDbEntity
  8
F.Silkscreen
  6
CONTINUOUS
100
AcDbLine
 10
5.9806430314960632
 20
-3.4405646456692911
 30
0
 11
5.9805862992125984
 21
-3.4411407086614174
 31
0
  0
LINE
  5
284
330
22
100
AcDbEntity
  8
F.Silkscreen
  6
CONTINUOUS
100
AcDbLine
 10
5.9805862992125984
 20
-3.4411407086614174
 30
0
 11
5.9805457086614169
 21
-3.4412386614173229
 31
0
  0
LINE
  5
285
330
22
100
AcDbEntity
  8
F.Silkscreen
  6
CONTINUOUS
100
AcDbLine
 10
5.9805457086614169
 20
-3.4412386614173229
 30
0
 11
5.9805381889763778
 21
-3.4413445669291338
 31
0
  0
LINE
  5
286
330
22
100
AcDbEntity
  8
F.Silkscreen
  6
CONTINUOUS
100
AcDbLine
 10
5.9805381889763778
 20
-3.4413445669291338
 30
0
 11
5.9803312992125983
 21
-3.4418851574803151
 31
0
  0
LINE
  5
287
330
22
100
AcDbEntity
  8
F.Silkscreen
  6
CONTINUOUS
100
AcDbLine
 10
5.9803312992125983
 20
-3.4418851574803151
 30
0
 11
5.9784565354330708
 21
-3.4456346850393702
 31
0
  0
LINE
  5
288
330
22
100
AcDbEntity
  8
F.Silkscreen
  6
CONTINUOUS
100
AcDbLine
 10
5.9784565354330708
 20
-3.4456346850393702
 30
0
 11
5.978300472440945
 21
-3.4458825590551179
 31
0
  0
LINE
  5
289
330
22
100
AcDbEntity
  8
F.Silkscreen
  6
CONTINUOUS
100
AcDbLine
 10
5.978300472440945
 20
-3.4458825590551179
 30
0
 11
5.9782706692913381
 21
-3.4459546062992126
 31
0
  0
LINE
  5
28A
330
22
100
AcDbEntity
  8
F.Silkscreen
  6
CONTINUOUS
100
AcDbLine
 10
5.9782706692913381
 20
-3.4459546062992126
 30
0
 11
5.9782041338582674
 21
-3.4460356299212598
 31
0
  0
LINE
  5
28B
330
22
100
AcDbEntity
  8
F.Silkscreen
  6
CONTINUOUS
100
AcDbLine
 10
5.9782041338582674
 20
-3.4460356299212598
 30
0
 11
5.9781481889763777
 21
-3.4461245669291336
 31
0
  0
LINE
  5
28C
330
22
100
AcDbEntity
  8
F.Silkscreen
  6
CONTINUOUS
100
AcDbLine
 10
5.9781481889763777
 20
-3.4461245669291336
 30
0
 11
5.9780891732283461
 21
-3.4461757086614173
 31
0
  0
LINE
  5
28D
330
22
100
AcDbEntity
  8
F.Silkscreen
  6
CONTINUOUS
100
AcDbLine
 10
5.9780891732283461
 20
-3.4461757086614173
 30
0
 11
5.9779034251968506
 21
-3.4464020866141731
 31
0
  0
LINE
  5
28E
330
22
100
AcDbEntity
  8
F.Silkscreen
  6
CONTINUOUS
100
AcDbLine
 10
5.9779034251968506
 20
-3.4464020866141731
 30
0
 11
5.9760287007874018
 21
-3.4482768503937007
 31
0
  0
LINE
  5
28F
330
22
100
AcDbEntity
  8
F.Silkscreen
  6
CONTINUOUS
100
AcDbLine
 10
5.9760287007874018
 20
-3.4482768503937007
 30
0
 11
5.975802322834646
 21
-3.4484625984251966
 31
0
  0
LINE
  5
290
330
22
100
AcDbEntity
  8
F.Silkscreen
  6
CONTINUOUS
100
AcDbLine
 10
5.975802322834646
 20
-3.4484625984251966
 30
0
 11
5.9757511417322835
 21
-3.448521653543307
 31
0
  0
LINE
  5
291
330
22
100
AcDbEntity
  8
F.Silkscreen
  6
CONTINUOUS
100
AcDbLine
 10
5.9757511417322835
 20
-3.448521653543307
 30
0
 11
5.9756621653543309
 21
-3.4485776377952755
 31
0
  0
LINE
  5
292
330
22
100
AcDbEntity
  8
F.Silkscreen
  6
CONTINUOUS
100
AcDbLine
 10
5.9756621653543309
 20
-3.4485776377952755
 30
0
 11
5.9755812204724412
 21
-3.4486440944881891
 31
0
  0
LINE
  5
293
330
22
100
AcDbEntity
  8
F.Silkscreen
  6
CONTINUOUS
100
AcDbLine
 10
5.9755812204724412
 20
-3.4486440944881891
 30
0
 11
5.9755092519685036
 21
-3.4486738976377951
 31
0
  0
LINE
  5
294
330
22
100
AcDbEntity
  8
F.Silkscreen
  6
CONTINUOUS
100
AcDbLine
 10
5.9755092519685036
 20
-3.4486738976377951
 30
0
 11
5.9752612598425197
 21
-3.4488300000000001
 31
0
  0
LINE
  5
295
330
22
100
AcDbEntity
  8
F.Silkscreen
  6
CONTINUOUS
100
AcDbLine
 10
5.9752612598425197
 20
-3.4488300000000001
 30
0
 11
5.9715117322834645
 21
-3.4507047637795276
 31
0
  0
LINE
  5
296
330
22
100
AcDbEntity
  8
F.Silkscreen
  6
CONTINUOUS
100
AcDbLine
 10
5.9715117322834645
 20
-3.4507047637795276
 30
0
 11
5.9709711023622045
 21
-3.4509116535433071
 31
0
  0
LINE
  5
297
330
22
100
AcDbEntity
  8
F.Silkscreen
  6
CONTINUOUS
100
AcDbLine
 10
5.9709711023622045
 20
-3.4509116535433071
 30
0
 11
5.9708652755905511
 21
-3.4509191338582674
 31
0
  0
LINE
  5
298
330
22
100
AcDbEntity
  8
F.Silkscreen
  6
CONTINUOUS
100
AcDbLine
 10
5.9708652755905511
 20
-3.4509191338582674
 30
0
 11
5.9707672834645669
 21
-3.4509597637795273
 31
0
  0
LINE
  5
299
330
22
100
AcDbEntity
  8
F.Silkscreen
  6
CONTINUOUS
100
AcDbLine
 10
5.9707672834645669
 20
-3.4509597637795273
 30
0
 11
5.970191220472441
 21
-3.4510164960629921
 31
0
  0
LINE
  5
29A
330
22
100
AcDbEntity
  8
F.Silkscreen
  6
CONTINUOUS
100
AcDbLine
 10
5.970191220472441
 20
-3.4510164960629921
 30
0
 11
5.9589426377952757
 21
-3.4510164960629921
 31
0
  0
LINE
  5
29B
330
22
100
AcDbEntity
  8
F.Silkscreen
  6
CONTINUOUS
100
AcDbLine
 10
5.9589426377952757
 20
-3.4510164960629921
 30
0
 11
5.9583665748031498
 21
-3.4509597637795273
 31
0
  0
LINE
  5
29C
330
22
100
AcDbEntity
  8
F.Silkscreen
  6
CONTINUOUS
100
AcDbLine
 10
5.9583665748031498
 20
-3.4509597637795273
 30
0
 11
5.9582685826771655
 21
-3.4509191732283462
 31
0
  0
LINE
  5
29D
330
22
100
AcDbEntity
  8
F.Silkscreen
  6
CONTINUOUS
100
AcDbLine
 10
5.9582685826771655
 20
-3.4509191732283462
 30
0
 11
5.9581627165354325
 21
-3.4509116535433071
 31
0
  0
LINE
  5
29E
330
22
100
AcDbEntity
  8
F.Silkscreen
  6
CONTINUOUS
100
AcDbLine
 10
5.9581627165354325
 20
-3.4509116535433071
 30
0
 11
5.9576221259842521
 21
-3.4507047637795276
 31
0
  0
LINE
  5
29F
330
22
100
AcDbEntity
  8
F.Silkscreen
  6
CONTINUOUS
100
AcDbLine
 10
5.9576221259842521
 20
-3.4507047637795276
 30
0
 11
5.953872598425197
 21
-3.4488300000000001
 31
0
  0
LINE
  5
2A0
330
22
100
AcDbEntity
  8
F.Silkscreen
  6
CONTINUOUS
100
AcDbLine
 10
5.953872598425197
 20
-3.4488300000000001
 30
0
 11
5.9536245669291334
 21
-3.4486738976377951
 31
0
  0
LINE
  5
2A1
330
22
100
AcDbEntity
  8
F.Silkscreen
  6
CONTINUOUS
100
AcDbLine
 10
5.9536245669291334
 20
-3.4486738976377951
 30
0
 11
5.9535526377952754
 21
-3.4486440944881891
 31
0
  0
LINE
  5
2A2
330
22
100
AcDbEntity
  8
F.Silkscreen
  6
CONTINUOUS
100
AcDbLine
 10
5.9535526377952754
 20
-3.4486440944881891
 30
0
 11
5.953471653543307
 21
-3.4485776377952755
 31
0
  0
LINE
  5
2A3
330
22
100
AcDbEntity
  8
F.Silkscreen
  6
CONTINUOUS
100
AcDbLine
 10
5.953471653543307
 20
-3.4485776377952755
 30
0
 11
5.9533827165354332
 21
-3.448521653543307
 31
0
  0
LINE
  5
2A4
330
22
100
AcDbEntity
  8
F.Silkscreen
  6
CONTINUOUS
100
AcDbLine
 10
5.9533827165354332
 20
-3.448521653543307
 30
0
 11
5.9533314960629919
 21
-3.4484625984251966
 31
0
  0
LINE
  5
2A5
330
22
100
AcDbEntity
  8
F.Silkscreen
  6
CONTINUOUS
100
AcDbLine
 10
5.9533314960629919
 20
-3.4484625984251966
 30
0
 11
5.9531051574803149
 21
-3.4482768503937007
 31
0
  0
LINE
  5
2A6
330
22
100
AcDbEntity
  8
F.Silkscreen
  6
CONTINUOUS
100
AcDbLine
 10
5.9531051574803149
 20
-3.4482768503937007
 30
0
 11
5.9512303937007873
 21
-3.4464020472440944
 31
0
  0
LINE
  5
2A7
330
22
100
AcDbEntity
  8
F.Silkscreen
  6
CONTINUOUS
100
AcDbLine
 10
5.9512303937007873
 20
-3.4464020472440944
 30
0
 11
5.9508631889763777
 21
-3.4459546062992126
 31
0
  0
LINE
  5
2A8
330
22
100
AcDbEntity
  8
F.Silkscreen
  6
CONTINUOUS
100
AcDbLine
 10
5.9508631889763777
 20
-3.4459546062992126
 30
0
 11
5.9504223228346458
 21
-3.4448901968503938
 31
0
  0
LINE
  5
2A9
330
22
100
AcDbEntity
  8
F.Silkscreen
  6
CONTINUOUS
100
AcDbLine
 10
5.9504223228346458
 20
-3.4448901968503938
 30
0
 11
5.9504223228346458
 21
-3.4437381102362203
 31
0
  0
LINE
  5
2AA
330
22
100
AcDbEntity
  8
F.Silkscreen
  6
CONTINUOUS
100
AcDbLine
 10
5.9504223228346458
 20
-3.4437381102362203
 30
0
 11
5.9508632283464564
 21
-3.4426737007874015
 31
0
  0
LINE
  5
2AB
330
22
100
AcDbEntity
  8
F.Silkscreen
  6
CONTINUOUS
100
AcDbLine
 10
5.9508632283464564
 20
-3.4426737007874015
 30
0
 11
5.9516779133858266
 21
-3.4418590157480313
 31
0
  0
LINE
  5
2AC
330
22
100
AcDbEntity
  8
F.Silkscreen
  6
CONTINUOUS
100
AcDbLine
 10
5.9516779133858266
 20
-3.4418590157480313
 30
0
 11
5.9527423228346459
 21
-3.441418149606299
 31
0
  0
LINE
  5
2AD
330
22
100
AcDbEntity
  8
F.Silkscreen
  6
CONTINUOUS
100
AcDbLine
 10
5.9527423228346459
 20
-3.441418149606299
 30
0
 11
5.9538944094488189
 21
-3.441418149606299
 31
0
  0
LINE
  5
2AE
330
22
100
AcDbEntity
  8
F.Silkscreen
  6
CONTINUOUS
100
AcDbLine
 10
5.9538944094488189
 20
-3.441418149606299
 30
0
 11
5.9549588188976372
 21
-3.4418590551181101
 31
0
  0
LINE
  5
2AF
330
22
100
AcDbEntity
  8
F.Silkscreen
  6
CONTINUOUS
100
AcDbLine
 10
5.9549588188976372
 20
-3.4418590551181101
 30
0
 11
5.9554062992125987
 21
-3.4422262992125985
 31
0
  0
LINE
  5
2B0
330
22
100
AcDbEntity
  8
F.Silkscreen
  6
CONTINUOUS
100
AcDbLine
 10
5.9554062992125987
 20
-3.4422262992125985
 30
0
 11
5.9569422047244096
 21
-3.4437622440944882
 31
0
  0
LINE
  5
2B1
330
22
100
AcDbEntity
  8
F.Silkscreen
  6
CONTINUOUS
100
AcDbLine
 10
5.9569422047244096
 20
-3.4437622440944882
 30
0
 11
5.9596396850393702
 21
-3.4451109842519685
 31
0
  0
LINE
  5
2B2
330
22
100
AcDbEntity
  8
F.Silkscreen
  6
CONTINUOUS
100
AcDbLine
 10
5.9596396850393702
 20
-3.4451109842519685
 30
0
 11
5.9694941732283464
 21
-3.4451109842519685
 31
0
  0
LINE
  5
2B3
330
22
100
AcDbEntity
  8
F.Silkscreen
  6
CONTINUOUS
100
AcDbLine
 10
5.9694941732283464
 20
-3.4451109842519685
 30
0
 11
5.9721916141732283
 21
-3.4437622440944882
 31
0
  0
LINE
  5
2B4
330
22
100
AcDbEntity
  8
F.Silkscreen
  6
CONTINUOUS
100
AcDbLine
 10
5.9721916141732283
 20
-3.4437622440944882
 30
0
 11
5.9733887401574801
 21
-3.4425650787401576
 31
0
  0
LINE
  5
2B5
330
22
100
AcDbEntity
  8
F.Silkscreen
  6
CONTINUOUS
100
AcDbLine
 10
5.9733887401574801
 20
-3.4425650787401576
 30
0
 11
5.9747375196850392
 21
-3.439867598425197
 31
0
  0
LINE
  5
2B6
330
22
100
AcDbEntity
  8
F.Silkscreen
  6
CONTINUOUS
100
AcDbLine
 10
5.9747375196850392
 20
-3.439867598425197
 30
0
 11
5.9747375196850392
 21
-3.4318878740157479
 31
0
  0
LINE
  5
2B7
330
22
100
AcDbEntity
  8
F.Silkscreen
  6
CONTINUOUS
100
AcDbLine
 10
5.9747375196850392
 20
-3.4318878740157479
 30
0
 11
5.9733887795275589
 21
-3.4291903937007873
 31
0
  0
LINE
  5
2B8
330
22
100
AcDbEntity
  8
F.Silkscreen
  6
CONTINUOUS
100
AcDbLine
 10
5.9733887795275589
 20
-3.4291903937007873
 30
0
 11
5.9721916535433071
 21
-3.4279932677165355
 31
0
  0
LINE
  5
2B9
330
22
100
AcDbEntity
  8
F.Silkscreen
  6
CONTINUOUS
100
AcDbLine
 10
5.9721916535433071
 20
-3.4279932677165355
 30
0
 11
5.9694941732283464
 21
-3.4266445275590551
 31
0
  0
LINE
  5
2BA
330
22
100
AcDbEntity
  8
F.Silkscreen
  6
CONTINUOUS
100
AcDbLine
 10
5.9694941732283464
 20
-3.4266445275590551
 30
0
 11
5.9645669291338583
 21
-3.4266445275590551
 31
0
  0
LINE
  5
2BB
330
22
100
AcDbEntity
  8
F.Silkscreen
  6
CONTINUOUS
100
AcDbLine
 10
5.9645669291338583
 20
-3.4266445275590551
 30
0
 11
5.9642622440944884
 21
-3.4266144881889762
 31
0
  0
LINE
  5
2BC
330
22
100
AcDbEntity
  8
F.Silkscreen
  6
CONTINUOUS
100
AcDbLine
 10
5.9642622440944884
 20
-3.4266144881889762
 30
0
 11
5.9641848031496059
 21
-3.4266196850393702
 31
0
  0
LINE
  5
2BD
330
22
100
AcDbEntity
  8
F.Silkscreen
  6
CONTINUOUS
100
AcDbLine
 10
5.9641848031496059
 20
-3.4266196850393702
 30
0
 11
5.9641314173228341
 21
-3.4266016141732281
 31
0
  0
LINE
  5
2BE
330
22
100
AcDbEntity
  8
F.Silkscreen
  6
CONTINUOUS
100
AcDbLine
 10
5.9641314173228341
 20
-3.4266016141732281
 30
0
 11
5.9639908661417325
 21
-3.4265877952755903
 31
0
  0
LINE
  5
2BF
330
22
100
AcDbEntity
  8
F.Silkscreen
  6
CONTINUOUS
100
AcDbLine
 10
5.9639908661417325
 20
-3.4265877952755903
 30
0
 11
5.9635476377952754
 21
-3.4264041732283466
 31
0
  0
LINE
  5
2C0
330
22
100
AcDbEntity
  8
F.Silkscreen
  6
CONTINUOUS
100
AcDbLine
 10
5.9635476377952754
 20
-3.4264041732283466
 30
0
 11
5.9630934251968499
 21
-3.4262505905511809
 31
0
  0
LINE
  5
2C1
330
22
100
AcDbEntity
  8
F.Silkscreen
  6
CONTINUOUS
100
AcDbLine
 10
5.9630934251968499
 20
-3.4262505905511809
 30
0
 11
5.9630184251968501
 21
-3.4261849999999998
 31
0
  0
LINE
  5
2C2
330
22
100
AcDbEntity
  8
F.Silkscreen
  6
CONTINUOUS
100
AcDbLine
 10
5.9630184251968501
 20
-3.4261849999999998
 30
0
 11
5.9629264566929132
 21
-3.4261468897637792
 31
0
  0
LINE
  5
2C3
330
22
100
AcDbEntity
  8
F.Silkscreen
  6
CONTINUOUS
100
AcDbLine
 10
5.9629264566929132
 20
-3.4261468897637792
 30
0
 11
5.9625874409448816
 21
-3.425807874015748
 31
0
  0
LINE
  5
2C4
330
22
100
AcDbEntity
  8
F.Silkscreen
  6
CONTINUOUS
100
AcDbLine
 10
5.9625874409448816
 20
-3.425807874015748
 30
0
 11
5.9622263385826768
 21
-3.4254919291338584
 31
0
  0
LINE
  5
2C5
330
22
100
AcDbEntity
  8
F.Silkscreen
  6
CONTINUOUS
100
AcDbLine
 10
5.9622263385826768
 20
-3.4254919291338584
 30
0
 11
5.9621821259842518
 21
-3.4254025590551178
 31
0
  0
LINE
  5
2C6
330
22
100
AcDbEntity
  8
F.Silkscreen
  6
CONTINUOUS
100
AcDbLine
 10
5.9621821259842518
 20
-3.4254025590551178
 30
0
 11
5.9621118110236218
 21
-3.4253322440944882
 31
0
  0
LINE
  5
2C7
330
22
100
AcDbEntity
  8
F.Silkscreen
  6
CONTINUOUS
100
AcDbLine
 10
5.9621118110236218
 20
-3.4253322440944882
 30
0
 11
5.9619283070866143
 21
-3.4248892913385824
 31
0
  0
LINE
  5
2C8
330
22
100
AcDbEntity
  8
F.Silkscreen
  6
CONTINUOUS
100
AcDbLine
 10
5.9619283070866143
 20
-3.4248892913385824
 30
0
 11
5.9617156299212599
 21
-3.4244591732283465
 31
0
  0
LINE
  5
2C9
330
22
100
AcDbEntity
  8
F.Silkscreen
  6
CONTINUOUS
100
AcDbLine
 10
5.9617156299212599
 20
-3.4244591732283465
 30
0
 11
5.9617089763779525
 21
-3.4243598031496063
 31
0
  0
LINE
  5
2CA
330
22
100
AcDbEntity
  8
F.Silkscreen
  6
CONTINUOUS
100
AcDbLine
 10
5.9617089763779525
 20
-3.4243598031496063
 30
0
 11
5.9616709055118111
 21
-3.4242678346456694
 31
0
  0
LINE
  5
2CB
330
22
100
AcDbEntity
  8
F.Silkscreen
  6
CONTINUOUS
100
AcDbLine
 10
5.9616709055118111
 20
-3.4242678346456694
 30
0
 11
5.9616709055118111
 21
-3.4237881102362202
 31
0
  0
LINE
  5
2CC
330
22
100
AcDbEntity
  8
F.Silkscreen
  6
CONTINUOUS
100
AcDbLine
 10
5.9616709055118111
 20
-3.4237881102362202
 30
0
 11
5.9616390157480312
 21
-3.4233096456692911
 31
0
  0
LINE
  5
2CD
330
22
100
AcDbEntity
  8
F.Silkscreen
  6
CONTINUOUS
100
AcDbLine
 10
5.9616390157480312
 20
-3.4233096456692911
 30
0
 11
5.9616709055118111
 21
-3.4232153149606299
 31
0
  0
LINE
  5
2CE
330
22
100
AcDbEntity
  8
F.Silkscreen
  6
CONTINUOUS
100
AcDbLine
 10
5.9616709055118111
 20
-3.4232153149606299
 30
0
 11
5.9616709055118111
 21
-3.4231157086614172
 31
0
  0
LINE
  5
2CF
330
22
100
AcDbEntity
  8
F.Silkscreen
  6
CONTINUOUS
100
AcDbLine
 10
5.9616709055118111
 20
-3.4231157086614172
 30
0
 11
5.9618544881889761
 21
-3.4226724803149606
 31
0
  0
LINE
  5
2D0
330
22
100
AcDbEntity
  8
F.Silkscreen
  6
CONTINUOUS
100
AcDbLine
 10
5.9618544881889761
 20
-3.4226724803149606
 30
0
 11
5.9620081102362201
 21
-3.4222182677165351
 31
0
  0
LINE
  5
2D1
330
22
100
AcDbEntity
  8
F.Silkscreen
  6
CONTINUOUS
100
AcDbLine
 10
5.9620081102362201
 20
-3.4222182677165351
 30
0
 11
5.9620901968503937
 21
-3.4221033858267718
 31
0
  0
LINE
  5
2D2
330
22
100
AcDbEntity
  8
F.Silkscreen
  6
CONTINUOUS
100
AcDbLine
 10
5.9620901968503937
 20
-3.4221033858267718
 30
0
 11
5.9621118110236218
 21
-3.4220512992125984
 31
0
  0
LINE
  5
2D3
330
22
100
AcDbEntity
  8
F.Silkscreen
  6
CONTINUOUS
100
AcDbLine
 10
5.9621118110236218
 20
-3.4220512992125984
 30
0
 11
5.9621667322834648
 21
-3.421996338582677
 31
0
  0
LINE
  5
2D4
330
22
100
AcDbEntity
  8
F.Silkscreen
  6
CONTINUOUS
100
AcDbLine
 10
5.9621667322834648
 20
-3.421996338582677
 30
0
 11
5.9623447637795275
 21
-3.4217473622047243
 31
0
  0
LINE
  5
2D5
330
22
100
AcDbEntity
  8
F.Silkscreen
  6
CONTINUOUS
100
AcDbLine
 10
5.9623447637795275
 20
-3.4217473622047243
 30
0
 11
5.9711831102362201
 21
-3.4116464173228347
 31
0
  0
LINE
  5
2D6
330
22
100
AcDbEntity
  8
F.Silkscreen
  6
CONTINUOUS
100
AcDbLine
 10
5.9711831102362201
 20
-3.4116464173228347
 30
0
 11
5.953318346456693
 21
-3.4116464173228347
 31
0
  0
LINE
  5
2D7
330
22
100
AcDbEntity
  8
F.Silkscreen
  6
CONTINUOUS
100
AcDbLine
 10
5.953318346456693
 20
-3.4116464173228347
 30
0
 11
5.9527422834645671
 21
-3.4115896850393699
 31
0
  0
LINE
  5
2D8
330
22
100
AcDbEntity
  8
F.Silkscreen
  6
CONTINUOUS
100
AcDbLine
 10
5.9527422834645671
 20
-3.4115896850393699
 30
0
 11
5.9516778740157479
 21
-3.4111487795275588
 31
0
  0
LINE
  5
2D9
330
22
100
AcDbEntity
  8
F.Silkscreen
  6
CONTINUOUS
100
AcDbLine
 10
5.9516778740157479
 20
-3.4111487795275588
 30
0
 11
5.9508632283464564
 21
-3.4103341338582678
 31
0
  0
LINE
  5
2DA
330
22
100
AcDbEntity
  8
F.Silkscreen
  6
CONTINUOUS
100
AcDbLine
 10
5.9508632283464564
 20
-3.4103341338582678
 30
0
 11
5.9504223228346458
 21
-3.4092697244094485
 31
0
  0
LINE
  5
2DB
330
22
100
AcDbEntity
  8
F.Silkscreen
  6
CONTINUOUS
100
AcDbLine
 10
5.9504223228346458
 20
-3.4092697244094485
 30
0
 11
5.9504223228346458
 21
-3.4081175984251968
 31
0
  0
LINE
  5
2DC
330
22
100
AcDbEntity
  8
F.Silkscreen
  6
CONTINUOUS
100
AcDbLine
 10
5.9504223228346458
 20
-3.4081175984251968
 30
0
 11
5.9508632283464564
 21
-3.407053188976378
 31
0
  0
LINE
  5
2DD
330
22
100
AcDbEntity
  8
F.Silkscreen
  6
CONTINUOUS
100
AcDbLine
 10
5.9508632283464564
 20
-3.407053188976378
 30
0
 11
5.9516778740157479
 21
-3.4062385433070865
 31
0
  0
LINE
  5
2DE
330
22
100
AcDbEntity
  8
F.Silkscreen
  6
CONTINUOUS
100
AcDbLine
 10
5.9516778740157479
 20
-3.4062385433070865
 30
0
 11
5.9527422834645671
 21
-3.4057976377952754
 31
0
  0
LINE
  5
2DF
330
22
100
AcDbEntity
  8
F.Silkscreen
  6
CONTINUOUS
100
AcDbLine
 10
5.9527422834645671
 20
-3.4057976377952754
 30
0
 11
5.953318346456693
 21
-3.4057409055118111
 31
0
  0
LINE
  5
2E0
330
22
100
AcDbEntity
  8
F.Silkscreen
  6
CONTINUOUS
100
AcDbLine
 10
5.953318346456693
 20
-3.4057409055118111
 30
0
 11
5.9776902755905512
 21
-3.4057409055118111
 31
0
  0
LINE
  5
2E1
330
22
100
AcDbEntity
  8
F.Silkscreen
  6
CONTINUOUS
100
AcDbLine
 10
5.9776902755905512
 20
-3.4057409055118111
 30
0
 11
5.9779949212598424
 21
-3.4057709055118108
 31
0
  0
LINE
  5
2E2
330
22
100
AcDbEntity
  8
F.Silkscreen
  6
CONTINUOUS
100
AcDbLine
 10
7.4056158661417317
 20
-3.4057696062992124
 30
0
 11
7.4056936220472442
 21
-3.4057640944881888
 31
0
  0
LINE
  5
2E3
330
22
100
AcDbEntity
  8
F.Silkscreen
  6
CONTINUOUS
100
AcDbLine
 10
7.4056936220472442
 20
-3.4057640944881888
 30
0
 11
7.405795866141732
 21
-3.4057873228346458
 31
0
  0
LINE
  5
2E4
330
22
100
AcDbEntity
  8
F.Silkscreen
  6
CONTINUOUS
100
AcDbLine
 10
7.405795866141732
 20
-3.4057873228346458
 30
0
 11
7.4059003937007875
 21
-3.4057976377952754
 31
0
  0
LINE
  5
2E5
330
22
100
AcDbEntity
  8
F.Silkscreen
  6
CONTINUOUS
100
AcDbLine
 10
7.4059003937007875
 20
-3.4057976377952754
 30
0
 11
7.4059724803149605
 21
-3.4058274803149606
 31
0
  0
LINE
  5
2E6
330
22
100
AcDbEntity
  8
F.Silkscreen
  6
CONTINUOUS
100
AcDbLine
 10
7.4059724803149605
 20
-3.4058274803149606
 30
0
 11
7.4062580708661416
 21
-3.4058924409448816
 31
0
  0
LINE
  5
2E7
330
22
100
AcDbEntity
  8
F.Silkscreen
  6
CONTINUOUS
100
AcDbLine
 10
7.4062580708661416
 20
-3.4058924409448816
 30
0
 11
7.4118823622047243
 21
-3.4077672047244092
 31
0
  0
LINE
  5
2E8
330
22
100
AcDbEntity
  8
F.Silkscreen
  6
CONTINUOUS
100
AcDbLine
 10
7.4118823622047243
 20
-3.4077672047244092
 30
0
 11
7.4124109055118108
 21
-3.408003188976378
 31
0
  0
LINE
  5
2E9
330
22
100
AcDbEntity
  8
F.Silkscreen
  6
CONTINUOUS
100
AcDbLine
 10
7.4124109055118108
 20
-3.408003188976378
 30
0
 11
7.4132812598425195
 21
-3.4087580708661416
 31
0
  0
LINE
  5
2EA
330
22
100
AcDbEntity
  8
F.Silkscreen
  6
CONTINUOUS
100
AcDbLine
 10
7.4132812598425195
 20
-3.4087580708661416
 30
0
 11
7.4137964960629921
 21
-3.4097885039370079
 31
0
  0
LINE
  5
2EB
330
22
100
AcDbEntity
  8
F.Silkscreen
  6
CONTINUOUS
100
AcDbLine
 10
7.4137964960629921
 20
-3.4097885039370079
 30
0
 11
7.4138781889763781
 21
-3.4109377165354329
 31
0
  0
LINE
  5
2EC
330
22
100
AcDbEntity
  8
F.Silkscreen
  6
CONTINUOUS
100
AcDbLine
 10
7.4138781889763781
 20
-3.4109377165354329
 30
0
 11
7.4135138582677165
 21
-3.4120307086614172
 31
0
  0
LINE
  5
2ED
330
22
100
AcDbEntity
  8
F.Silkscreen
  6
CONTINUOUS
100
AcDbLine
 10
7.4135138582677165
 20
-3.4120307086614172
 30
0
 11
7.4127589763779529
 21
-3.4129011023622047
 31
0
  0
LINE
  5
2EE
330
22
100
AcDbEntity
  8
F.Silkscreen
  6
CONTINUOUS
100
AcDbLine
 10
7.4127589763779529
 20
-3.4129011023622047
 30
0
 11
7.4117285039370078
 21
-3.4134162992125985
 31
0
  0
LINE
  5
2EF
330
22
100
AcDbEntity
  8
F.Silkscreen
  6
CONTINUOUS
100
AcDbLine
 10
7.4117285039370078
 20
-3.4134162992125985
 30
0
 11
7.4105792913385828
 21
-3.413497992125984
 31
0
  0
LINE
  5
2F0
330
22
100
AcDbEntity
  8
F.Silkscreen
  6
CONTINUOUS
100
AcDbLine
 10
7.4105792913385828
 20
-3.413497992125984
 30
0
 11
7.4100148425196846
 21
-3.4133696456692912
 31
0
  0
LINE
  5
2F1
330
22
100
AcDbEntity
  8
F.Silkscreen
  6
CONTINUOUS
100
AcDbLine
 10
7.4100148425196846
 20
-3.4133696456692912
 30
0
 11
7.4048451968503937
 21
-3.4116464173228347
 31
0
  0
LINE
  5
2F2
330
22
100
AcDbEntity
  8
F.Silkscreen
  6
CONTINUOUS
100
AcDbLine
 10
7.4048451968503937
 20
-3.4116464173228347
 30
0
 11
7.3966475590551175
 21
-3.4116464173228347
 31
0
  0
LINE
  5
2F3
330
22
100
AcDbEntity
  8
F.Silkscreen
  6
CONTINUOUS
100
AcDbLine
 10
7.3966475590551175
 20
-3.4116464173228347
 30
0
 11
7.3939500787401577
 21
-3.412995157480315
 31
0
  0
LINE
  5
2F4
330
22
100
AcDbEntity
  8
F.Silkscreen
  6
CONTINUOUS
100
AcDbLine
 10
7.3939500787401577
 20
-3.412995157480315
 30
0
 11
7.392752952755905
 21
-3.4141922834645668
 31
0
  0
LINE
  5
2F5
330
22
100
AcDbEntity
  8
F.Silkscreen
  6
CONTINUOUS
100
AcDbLine
 10
7.392752952755905
 20
-3.4141922834645668
 30
0
 11
7.3914042125984247
 21
-3.4168897637795275
 31
0
  0
LINE
  5
2F6
330
22
100
AcDbEntity
  8
F.Silkscreen
  6
CONTINUOUS
100
AcDbLine
 10
7.3914042125984247
 20
-3.4168897637795275
 30
0
 11
7.3914042125984247
 21
-3.4192451968503934
 31
0
  0
LINE
  5
2F7
330
22
100
AcDbEntity
  8
F.Silkscreen
  6
CONTINUOUS
100
AcDbLine
 10
7.3914042125984247
 20
-3.4192451968503934
 30
0
 11
7.392752952755905
 21
-3.4219426771653541
 31
0
  0
LINE
  5
2F8
330
22
100
AcDbEntity
  8
F.Silkscreen
  6
CONTINUOUS
100
AcDbLine
 10
7.392752952755905
 20
-3.4219426771653541
 30
0
 11
7.3939500787401577
 21
-3.4231398031496063
 31
0
  0
LINE
  5
2F9
330
22
100
AcDbEntity
  8
F.Silkscreen
  6
CONTINUOUS
100
AcDbLine
 10
7.3939500787401577
 20
-3.4231398031496063
 30
0
 11
7.3969810629921255
 21
-3.4246552755905513
 31
0
  0
LINE
  5
2FA
330
22
100
AcDbEntity
  8
F.Silkscreen
  6
CONTINUOUS
100
AcDbLine
 10
7.3969810629921255
 20
-3.4246552755905513
 30
0
 11
7.4041657086614174
 21
-3.4264514566929134
 31
0
  0
LINE
  5
2FB
330
22
100
AcDbEntity
  8
F.Silkscreen
  6
CONTINUOUS
100
AcDbLine
 10
7.4041657086614174
 20
-3.4264514566929134
 30
0
 11
7.4042081889763782
 21
-3.4264666141732283
 31
0
  0
LINE
  5
2FC
330
22
100
AcDbEntity
  8
F.Silkscreen
  6
CONTINUOUS
100
AcDbLine
 10
7.4042081889763782
 20
-3.4264666141732283
 30
0
 11
7.4042294488188976
 21
-3.4264681496062992
 31
0
  0
LINE
  5
2FD
330
22
100
AcDbEntity
  8
F.Silkscreen
  6
CONTINUOUS
100
AcDbLine
 10
7.4042294488188976
 20
-3.4264681496062992
 30
0
 11
7.4044688582677161
 21
-3.4265597637795273
 31
0
  0
LINE
  5
2FE
330
22
100
AcDbEntity
  8
F.Silkscreen
  6
CONTINUOUS
100
AcDbLine
 10
7.4044688582677161
 20
-3.4265597637795273
 30
0
 11
7.4047108267716535
 21
-3.4266462204724411
 31
0
  0
LINE
  5
2FF
330
22
100
AcDbEntity
  8
F.Silkscreen
  6
CONTINUOUS
100
AcDbLine
 10
7.4047108267716535
 20
-3.4266462204724411
 30
0
 11
7.4047279527559056
 21
-3.4266588976377954
 31
0
  0
LINE
  5
300
330
22
100
AcDbEntity
  8
F.Silkscreen
  6
CONTINUOUS
100
AcDbLine
 10
7.4047279527559056
 20
-3.4266588976377954
 30
0
 11
7.4047700787401576
 21
-3.4266750393700787
 31
0
  0
LINE
  5
301
330
22
100
AcDbEntity
  8
F.Silkscreen
  6
CONTINUOUS
100
AcDbLine
 10
7.4047700787401576
 20
-3.4266750393700787
 30
0
 11
7.4085196062992127
 21
-3.4285498031496062
 31
0
  0
LINE
  5
302
330
22
100
AcDbEntity
  8
F.Silkscreen
  6
CONTINUOUS
100
AcDbLine
 10
7.4085196062992127
 20
-3.4285498031496062
 30
0
 11
7.4087675984251966
 21
-3.428705866141732
 31
0
  0
LINE
  5
303
330
22
100
AcDbEntity
  8
F.Silkscreen
  6
CONTINUOUS
100
AcDbLine
 10
7.4087675984251966
 20
-3.428705866141732
 30
0
 11
7.4088395669291334
 21
-3.4287357086614172
 31
0
  0
LINE
  5
304
330
22
100
AcDbEntity
  8
F.Silkscreen
  6
CONTINUOUS
100
AcDbLine
 10
7.4088395669291334
 20
-3.4287357086614172
 30
0
 11
7.4089205118110231
 21
-3.4288021653543308
 31
0
  0
LINE
  5
305
330
22
100
AcDbEntity
  8
F.Silkscreen
  6
CONTINUOUS
100
AcDbLine
 10
7.4089205118110231
 20
-3.4288021653543308
 30
0
 11
7.4090094881889765
 21
-3.4288581496062993
 31
0
  0
LINE
  5
306
330
22
100
AcDbEntity
  8
F.Silkscreen
  6
CONTINUOUS
100
AcDbLine
 10
7.4090094881889765
 20
-3.4288581496062993
 30
0
 11
7.4090606299212594
 21
-3.4289171259842517
 31
0
  0
LINE
  5
307
330
22
100
AcDbEntity
  8
F.Silkscreen
  6
CONTINUOUS
100
AcDbLine
 10
7.4090606299212594
 20
-3.4289171259842517
 30
0
 11
7.4092870078740152
 21
-3.4291029133858268
 31
0
  0
LINE
  5
308
330
22
100
AcDbEntity
  8
F.Silkscreen
  6
CONTINUOUS
100
AcDbLine
 10
7.4092870078740152
 20
-3.4291029133858268
 30
0
 11
7.4111617716535427
 21
-3.4309776771653544
 31
0
  0
LINE
  5
309
330
22
100
AcDbEntity
  8
F.Silkscreen
  6
CONTINUOUS
100
AcDbLine
 10
7.4111617716535427
 20
-3.4309776771653544
 30
0
 11
7.4113475196850391
 21
-3.4312040157480315
 31
0
  0
LINE
  5
30A
330
22
100
AcDbEntity
  8
F.Silkscreen
  6
CONTINUOUS
100
AcDbLine
 10
7.4113475196850391
 20
-3.4312040157480315
 30
0
 11
7.4114065354330707
 21
-3.4312551968503935
 31
0
  0
LINE
  5
30B
330
22
100
AcDbEntity
  8
F.Silkscreen
  6
CONTINUOUS
100
AcDbLine
 10
7.4114065354330707
 20
-3.4312551968503935
 30
0
 11
7.4114624803149605
 21
-3.4313441338582678
 31
0
  0
LINE
  5
30C
330
22
100
AcDbEntity
  8
F.Silkscreen
  6
CONTINUOUS
100
AcDbLine
 10
7.4114624803149605
 20
-3.4313441338582678
 30
0
 11
7.4115289763779524
 21
-3.4314251181102362
 31
0
  0
LINE
  5
30D
330
22
100
AcDbEntity
  8
F.Silkscreen
  6
CONTINUOUS
100
AcDbLine
 10
7.4115289763779524
 20
-3.4314251181102362
 30
0
 11
7.4115587795275593
 21
-3.4314970472440942
 31
0
  0
LINE
  5
30E
330
22
100
AcDbEntity
  8
F.Silkscreen
  6
CONTINUOUS
100
AcDbLine
 10
7.4115587795275593
 20
-3.4314970472440942
 30
0
 11
7.4117148818897638
 21
-3.4317450787401573
 31
0
  0
LINE
  5
30F
330
22
100
AcDbEntity
  8
F.Silkscreen
  6
CONTINUOUS
100
AcDbLine
 10
7.4117148818897638
 20
-3.4317450787401573
 30
0
 11
7.4135896456692914
 21
-3.4354946062992124
 31
0
  0
LINE
  5
310
330
22
100
AcDbEntity
  8
F.Silkscreen
  6
CONTINUOUS
100
AcDbLine
 10
7.4135896456692914
 20
-3.4354946062992124
 30
0
 11
7.4137965354330708
 21
-3.4360351968503937
 31
0
  0
LINE
  5
311
330
22
100
AcDbEntity
  8
F.Silkscreen
  6
CONTINUOUS
100
AcDbLine
 10
7.4137965354330708
 20
-3.4360351968503937
 30
0
 11
7.4138040551181099
 21
-3.4361410629921258
 31
0
  0
LINE
  5
312
330
22
100
AcDbEntity
  8
F.Silkscreen
  6
CONTINUOUS
100
AcDbLine
 10
7.4138040551181099
 20
-3.4361410629921258
 30
0
 11
7.4138446456692915
 21
-3.4362390551181101
 31
0
  0
LINE
  5
313
330
22
100
AcDbEntity
  8
F.Silkscreen
  6
CONTINUOUS
100
AcDbLine
 10
7.4138446456692915
 20
-3.4362390551181101
 30
0
 11
7.4139013779527554
 21
-3.436815118110236
 31
0
  0
LINE
  5
314
330
22
100
AcDbEntity
  8
F.Silkscreen
  6
CONTINUOUS
100
AcDbLine
 10
7.4139013779527554
 20
-3.436815118110236
 30
0
 11
7.4139013779527554
 21
-3.4405646456692911
 31
0
  0
LINE
  5
315
330
22
100
AcDbEntity
  8
F.Silkscreen
  6
CONTINUOUS
100
AcDbLine
 10
7.4139013779527554
 20
-3.4405646456692911
 30
0
 11
7.4138446456692915
 21
-3.4411407086614174
 31
0
  0
LINE
  5
316
330
22
100
AcDbEntity
  8
F.Silkscreen
  6
CONTINUOUS
100
AcDbLine
 10
7.4138446456692915
 20
-3.4411407086614174
 30
0
 11
7.4138040551181099
 21
-3.4412386614173229
 31
0
  0
LINE
  5
317
330
22
100
AcDbEntity
  8
F.Silkscreen
  6
CONTINUOUS
100
AcDbLine
 10
7.4138040551181099
 20
-3.4412386614173229
 30
0
 11
7.4137965354330708
 21
-3.4413445669291338
 31
0
  0
LINE
  5
318
330
22
100
AcDbEntity
  8
F.Silkscreen
  6
CONTINUOUS
100
AcDbLine
 10
7.4137965354330708
 20
-3.4413445669291338
 30
0
 11
7.4135896456692914
 21
-3.4418851574803151
 31
0
  0
LINE
  5
319
330
22
100
AcDbEntity
  8
F.Silkscreen
  6
CONTINUOUS
100
AcDbLine
 10
7.4135896456692914
 20
-3.4418851574803151
 30
0
 11
7.4117148818897638
 21
-3.4456346850393702
 31
0
  0
LINE
  5
31A
330
22
100
AcDbEntity
  8
F.Silkscreen
  6
CONTINUOUS
100
AcDbLine
 10
7.4117148818897638
 20
-3.4456346850393702
 30
0
 11
7.411558818897638
 21
-3.4458825590551179
 31
0
  0
LINE
  5
31B
330
22
100
AcDbEntity
  8
F.Silkscreen
  6
CONTINUOUS
100
AcDbLine
 10
7.411558818897638
 20
-3.4458825590551179
 30
0
 11
7.4115290157480311
 21
-3.4459546062992126
 31
0
  0
LINE
  5
31C
330
22
100
AcDbEntity
  8
F.Silkscreen
  6
CONTINUOUS
100
AcDbLine
 10
7.4115290157480311
 20
-3.4459546062992126
 30
0
 11
7.4114624803149605
 21
-3.4460356299212598
 31
0
  0
LINE
  5
31D
330
22
100
AcDbEntity
  8
F.Silkscreen
  6
CONTINUOUS
100
AcDbLine
 10
7.4114624803149605
 20
-3.4460356299212598
 30
0
 11
7.4114065354330707
 21
-3.4461245669291336
 31
0
  0
LINE
  5
31E
330
22
100
AcDbEntity
  8
F.Silkscreen
  6
CONTINUOUS
100
AcDbLine
 10
7.4114065354330707
 20
-3.4461245669291336
 30
0
 11
7.4113475196850391
 21
-3.4461757086614173
 31
0
  0
LINE
  5
31F
330
22
100
AcDbEntity
  8
F.Silkscreen
  6
CONTINUOUS
100
AcDbLine
 10
7.4113475196850391
 20
-3.4461757086614173
 30
0
 11
7.4111617716535427
 21
-3.4464020866141731
 31
0
  0
LINE
  5
320
330
22
100
AcDbEntity
  8
F.Silkscreen
  6
CONTINUOUS
100
AcDbLine
 10
7.4111617716535427
 20
-3.4464020866141731
 30
0
 11
7.4092870472440939
 21
-3.4482768503937007
 31
0
  0
LINE
  5
321
330
22
100
AcDbEntity
  8
F.Silkscreen
  6
CONTINUOUS
100
AcDbLine
 10
7.4092870472440939
 20
-3.4482768503937007
 30
0
 11
7.4090606692913381
 21
-3.4484625984251966
 31
0
  0
LINE
  5
322
330
22
100
AcDbEntity
  8
F.Silkscreen
  6
CONTINUOUS
100
AcDbLine
 10
7.4090606692913381
 20
-3.4484625984251966
 30
0
 11
7.4090094881889765
 21
-3.448521653543307
 31
0
  0
LINE
  5
323
330
22
100
AcDbEntity
  8
F.Silkscreen
  6
CONTINUOUS
100
AcDbLine
 10
7.4090094881889765
 20
-3.448521653543307
 30
0
 11
7.4089205118110231
 21
-3.4485776377952755
 31
0
  0
LINE
  5
324
330
22
100
AcDbEntity
  8
F.Silkscreen
  6
CONTINUOUS
100
AcDbLine
 10
7.4089205118110231
 20
-3.4485776377952755
 30
0
 11
7.4088395669291334
 21
-3.4486440944881891
 31
0
  0
LINE
  5
325
330
22
100
AcDbEntity
  8
F.Silkscreen
  6
CONTINUOUS
100
AcDbLine
 10
7.4088395669291334
 20
-3.4486440944881891
 30
0
 11
7.4087675984251966
 21
-3.4486738976377951
 31
0
  0
LINE
  5
326
330
22
100
AcDbEntity
  8
F.Silkscreen
  6
CONTINUOUS
100
AcDbLine
 10
7.4087675984251966
 20
-3.4486738976377951
 30
0
 11
7.4085196062992127
 21
-3.4488300000000001
 31
0
  0
LINE
  5
327
330
22
100
AcDbEntity
  8
F.Silkscreen
  6
CONTINUOUS
100
AcDbLine
 10
7.4085196062992127
 20
-3.4488300000000001
 30
0
 11
7.4047700787401576
 21
-3.4507047637795276
 31
0
  0
LINE
  5
328
330
22
100
AcDbEntity
  8
F.Silkscreen
  6
CONTINUOUS
100
AcDbLine
 10
7.4047700787401576
 20
-3.4507047637795276
 30
0
 11
7.4042294488188976
 21
-3.4509116535433071
 31
0
  0
LINE
  5
329
330
22
100
AcDbEntity
  8
F.Silkscreen
  6
CONTINUOUS
100
AcDbLine
 10
7.4042294488188976
 20
-3.4509116535433071
 30
0
 11
7.4041236220472442
 21
-3.4509191338582674
 31
0
  0
LINE
  5
32A
330
22
100
AcDbEntity
  8
F.Silkscreen
  6
CONTINUOUS
100
AcDbLine
 10
7.4041236220472442
 20
-3.4509191338582674
 30
0
 11
7.4040256299212599
 21
-3.4509597637795273
 31
0
  0
LINE
  5
32B
330
22
100
AcDbEntity
  8
F.Silkscreen
  6
CONTINUOUS
100
AcDbLine
 10
7.4040256299212599
 20
-3.4509597637795273
 30
0
 11
7.403449566929134
 21
-3.4510164960629921
 31
0
  0
LINE
  5
32C
330
22
100
AcDbEntity
  8
F.Silkscreen
  6
CONTINUOUS
100
AcDbLine
 10
7.403449566929134
 20
-3.4510164960629921
 30
0
 11
7.3940757480314963
 21
-3.4510164960629921
 31
0
  0
LINE
  5
32D
330
22
100
AcDbEntity
  8
F.Silkscreen
  6
CONTINUOUS
100
AcDbLine
 10
7.3940757480314963
 20
-3.4510164960629921
 30
0
 11
7.3937841338582677
 21
-3.4509877559055115
 31
0
  0
LINE
  5
32E
330
22
100
AcDbEntity
  8
F.Silkscreen
  6
CONTINUOUS
100
AcDbLine
 10
7.3937841338582677
 20
-3.4509877559055115
 30
0
 11
7.3937064173228348
 21
-3.4509933070866139
 31
0
  0
LINE
  5
32F
330
22
100
AcDbEntity
  8
F.Silkscreen
  6
CONTINUOUS
100
AcDbLine
 10
7.3937064173228348
 20
-3.4509933070866139
 30
0
 11
7.3936041338582674
 21
-3.4509700393700786
 31
0
  0
LINE
  5
330
330
22
100
AcDbEntity
  8
F.Silkscreen
  6
CONTINUOUS
100
AcDbLine
 10
7.3936041338582674
 20
-3.4509700393700786
 30
0
 11
7.3934996850393695
 21
-3.4509597637795273
 31
0
  0
LINE
  5
331
330
22
100
AcDbEntity
  8
F.Silkscreen
  6
CONTINUOUS
100
AcDbLine
 10
7.3934996850393695
 20
-3.4509597637795273
 30
0
 11
7.3934275984251965
 21
-3.4509298818897638
 31
0
  0
LINE
  5
332
330
22
100
AcDbEntity
  8
F.Silkscreen
  6
CONTINUOUS
100
AcDbLine
 10
7.3934275984251965
 20
-3.4509298818897638
 30
0
 11
7.3931419685039366
 21
-3.4508649606299211
 31
0
  0
LINE
  5
333
330
22
100
AcDbEntity
  8
F.Silkscreen
  6
CONTINUOUS
100
AcDbLine
 10
7.3931419685039366
 20
-3.4508649606299211
 30
0
 11
7.3875177165354327
 21
-3.4489901968503935
 31
0
  0
LINE
  5
334
330
22
100
AcDbEntity
  8
F.Silkscreen
  6
CONTINUOUS
100
AcDbLine
 10
7.3875177165354327
 20
-3.4489901968503935
 30
0
 11
7.3869891338582674
 21
-3.4487542125984252
 31
0
  0
LINE
  5
335
330
22
100
AcDbEntity
  8
F.Silkscreen
  6
CONTINUOUS
100
AcDbLine
 10
7.3869891338582674
 20
-3.4487542125984252
 30
0
 11
7.3861187795275587
 21
-3.4479993307086612
 31
0
  0
LINE
  5
336
330
22
100
AcDbEntity
  8
F.Silkscreen
  6
CONTINUOUS
100
AcDbLine
 10
7.3861187795275587
 20
-3.4479993307086612
 30
0
 11
7.3856035826771649
 21
-3.4469688976377952
 31
0
  0
LINE
  5
337
330
22
100
AcDbEntity
  8
F.Silkscreen
  6
CONTINUOUS
100
AcDbLine
 10
7.3856035826771649
 20
-3.4469688976377952
 30
0
 11
7.3855218897637798
 21
-3.4458196850393699
 31
0
  0
LINE
  5
338
330
22
100
AcDbEntity
  8
F.Silkscreen
  6
CONTINUOUS
100
AcDbLine
 10
7.3855218897637798
 20
-3.4458196850393699
 30
0
 11
7.3858862204724405
 21
-3.4447266535433072
 31
0
  0
LINE
  5
339
330
22
100
AcDbEntity
  8
F.Silkscreen
  6
CONTINUOUS
100
AcDbLine
 10
7.3858862204724405
 20
-3.4447266535433072
 30
0
 11
7.3866411023622049
 21
-3.4438562992125985
 31
0
  0
LINE
  5
33A
330
22
100
AcDbEntity
  8
F.Silkscreen
  6
CONTINUOUS
100
AcDbLine
 10
7.3866411023622049
 20
-3.4438562992125985
 30
0
 11
7.3876715354330704
 21
-3.4433411023622047
 31
0
  0
LINE
  5
33B
330
22
100
AcDbEntity
  8
F.Silkscreen
  6
CONTINUOUS
100
AcDbLine
 10
7.3876715354330704
 20
-3.4433411023622047
 30
0
 11
7.3888207480314962
 21
-3.4432594094488187
 31
0
  0
LINE
  5
33C
330
22
100
AcDbEntity
  8
F.Silkscreen
  6
CONTINUOUS
100
AcDbLine
 10
7.3888207480314962
 20
-3.4432594094488187
 30
0
 11
7.3893851968503936
 21
-3.4433877559055119
 31
0
  0
LINE
  5
33D
330
22
100
AcDbEntity
  8
F.Silkscreen
  6
CONTINUOUS
100
AcDbLine
 10
7.3893851968503936
 20
-3.4433877559055119
 30
0
 11
7.3945548818897633
 21
-3.4451109842519685
 31
0
  0
LINE
  5
33E
330
22
100
AcDbEntity
  8
F.Silkscreen
  6
CONTINUOUS
100
AcDbLine
 10
7.3945548818897633
 20
-3.4451109842519685
 30
0
 11
7.4027525196850394
 21
-3.4451109842519685
 31
0
  0
LINE
  5
33F
330
22
100
AcDbEntity
  8
F.Silkscreen
  6
CONTINUOUS
100
AcDbLine
 10
7.4027525196850394
 20
-3.4451109842519685
 30
0
 11
7.4054499606299213
 21
-3.4437622440944882
 31
0
  0
LINE
  5
340
330
22
100
AcDbEntity
  8
F.Silkscreen
  6
CONTINUOUS
100
AcDbLine
 10
7.4054499606299213
 20
-3.4437622440944882
 30
0
 11
7.4066470866141731
 21
-3.4425650787401576
 31
0
  0
LINE
  5
341
330
22
100
AcDbEntity
  8
F.Silkscreen
  6
CONTINUOUS
100
AcDbLine
 10
7.4066470866141731
 20
-3.4425650787401576
 30
0
 11
7.4079958661417322
 21
-3.439867598425197
 31
0
  0
LINE
  5
342
330
22
100
AcDbEntity
  8
F.Silkscreen
  6
CONTINUOUS
100
AcDbLine
 10
7.4079958661417322
 20
-3.439867598425197
 30
0
 11
7.4079958661417322
 21
-3.4375121653543306
 31
0
  0
LINE
  5
343
330
22
100
AcDbEntity
  8
F.Silkscreen
  6
CONTINUOUS
100
AcDbLine
 10
7.4079958661417322
 20
-3.4375121653543306
 30
0
 11
7.4066471259842519
 21
-3.4348146850393699
 31
0
  0
LINE
  5
344
330
22
100
AcDbEntity
  8
F.Silkscreen
  6
CONTINUOUS
100
AcDbLine
 10
7.4066471259842519
 20
-3.4348146850393699
 30
0
 11
7.4054500000000001
 21
-3.4336175590551181
 31
0
  0
LINE
  5
345
330
22
100
AcDbEntity
  8
F.Silkscreen
  6
CONTINUOUS
100
AcDbLine
 10
7.4054500000000001
 20
-3.4336175590551181
 30
0
 11
7.4024190157480314
 21
-3.4321020472440944
 31
0
  0
LINE
  5
346
330
22
100
AcDbEntity
  8
F.Silkscreen
  6
CONTINUOUS
100
AcDbLine
 10
7.4024190157480314
 20
-3.4321020472440944
 30
0
 11
7.3952343700787404
 21
-3.430305905511811
 31
0
  0
LINE
  5
347
330
22
100
AcDbEntity
  8
F.Silkscreen
  6
CONTINUOUS
100
AcDbLine
 10
7.3952343700787404
 20
-3.430305905511811
 30
0
 11
7.3951918503937009
 21
-3.4302907086614174
 31
0
  0
LINE
  5
348
330
22
100
AcDbEntity
  8
F.Silkscreen
  6
CONTINUOUS
100
AcDbLine
 10
7.3951918503937009
 20
-3.4302907086614174
 30
0
 11
7.3951705905511806
 21
-3.4302892125984252
 31
0
  0
LINE
  5
349
330
22
100
AcDbEntity
  8
F.Silkscreen
  6
CONTINUOUS
100
AcDbLine
 10
7.3951705905511806
 20
-3.4302892125984252
 30
0
 11
7.3949308267716534
 21
-3.4301974409448817
 31
0
  0
LINE
  5
34A
330
22
100
AcDbEntity
  8
F.Silkscreen
  6
CONTINUOUS
100
AcDbLine
 10
7.3949308267716534
 20
-3.4301974409448817
 30
0
 11
7.3946892519685035
 21
-3.4301111417322834
 31
0
  0
LINE
  5
34B
330
22
100
AcDbEntity
  8
F.Silkscreen
  6
CONTINUOUS
100
AcDbLine
 10
7.3946892519685035
 20
-3.4301111417322834
 30
0
 11
7.3946720866141726
 21
-3.4300984251968503
 31
0
  0
LINE
  5
34C
330
22
100
AcDbEntity
  8
F.Silkscreen
  6
CONTINUOUS
100
AcDbLine
 10
7.3946720866141726
 20
-3.4300984251968503
 30
0
 11
7.3946300000000003
 21
-3.4300823228346458
 31
0
  0
LINE
  5
34D
330
22
100
AcDbEntity
  8
F.Silkscreen
  6
CONTINUOUS
100
AcDbLine
 10
7.3946300000000003
 20
-3.4300823228346458
 30
0
 11
7.3908804724409451
 21
-3.4282075590551182
 31
0
  0
LINE
  5
34E
330
22
100
AcDbEntity
  8
F.Silkscreen
  6
CONTINUOUS
100
AcDbLine
 10
7.3908804724409451
 20
-3.4282075590551182
 30
0
 11
7.3906324409448816
 21
-3.4280514566929132
 31
0
  0
LINE
  5
34F
330
22
100
AcDbEntity
  8
F.Silkscreen
  6
CONTINUOUS
100
AcDbLine
 10
7.3906324409448816
 20
-3.4280514566929132
 30
0
 11
7.3905605118110236
 21
-3.4280216535433068
 31
0
  0
LINE
  5
350
330
22
100
AcDbEntity
  8
F.Silkscreen
  6
CONTINUOUS
100
AcDbLine
 10
7.3905605118110236
 20
-3.4280216535433068
 30
0
 11
7.3904795275590551
 21
-3.4279551574803149
 31
0
  0
LINE
  5
351
330
22
100
AcDbEntity
  8
F.Silkscreen
  6
CONTINUOUS
100
AcDbLine
 10
7.3904795275590551
 20
-3.4279551574803149
 30
0
 11
7.3903905905511813
 21
-3.4278992125984251
 31
0
  0
LINE
  5
352
330
22
100
AcDbEntity
  8
F.Silkscreen
  6
CONTINUOUS
100
AcDbLine
 10
7.3903905905511813
 20
-3.4278992125984251
 30
0
 11
7.3903394094488188
 21
-3.4278401968503935
 31
0
  0
LINE
  5
353
330
22
100
AcDbEntity
  8
F.Silkscreen
  6
CONTINUOUS
100
AcDbLine
 10
7.3903394094488188
 20
-3.4278401968503935
 30
0
 11
7.3901130708661418
 21
-3.4276544488188976
 31
0
  0
LINE
  5
354
330
22
100
AcDbEntity
  8
F.Silkscreen
  6
CONTINUOUS
100
AcDbLine
 10
7.3901130708661418
 20
-3.4276544488188976
 30
0
 11
7.3882383070866142
 21
-3.42577968503937
 31
0
  0
LINE
  5
355
330
22
100
AcDbEntity
  8
F.Silkscreen
  6
CONTINUOUS
100
AcDbLine
 10
7.3882383070866142
 20
-3.42577968503937
 30
0
 11
7.3880525196850391
 21
-3.4255533070866142
 31
0
  0
LINE
  5
356
330
22
100
AcDbEntity
  8
F.Silkscreen
  6
CONTINUOUS
100
AcDbLine
 10
7.3880525196850391
 20
-3.4255533070866142
 30
0
 11
7.3879935433070862
 21
-3.4255021653543305
 31
0
  0
LINE
  5
357
330
22
100
AcDbEntity
  8
F.Silkscreen
  6
CONTINUOUS
100
AcDbLine
 10
7.3879935433070862
 20
-3.4255021653543305
 30
0
 11
7.3879375590551177
 21
-3.4254131889763779
 31
0
  0
LINE
  5
358
330
22
100
AcDbEntity
  8
F.Silkscreen
  6
CONTINUOUS
100
AcDbLine
 10
7.3879375590551177
 20
-3.4254131889763779
 30
0
 11
7.3878711023622046
 21
-3.4253322440944882
 31
0
  0
LINE
  5
359
330
22
100
AcDbEntity
  8
F.Silkscreen
  6
CONTINUOUS
100
AcDbLine
 10
7.3878711023622046
 20
-3.4253322440944882
 30
0
 11
7.3878412598425198
 21
-3.425260275590551
 31
0
  0
LINE
  5
35A
330
22
100
AcDbEntity
  8
F.Silkscreen
  6
CONTINUOUS
100
AcDbLine
 10
7.3878412598425198
 20
-3.425260275590551
 30
0
 11
7.3876851968503932
 21
-3.4250122834645667
 31
0
  0
LINE
  5
35B
330
22
100
AcDbEntity
  8
F.Silkscreen
  6
CONTINUOUS
100
AcDbLine
 10
7.3876851968503932
 20
-3.4250122834645667
 30
0
 11
7.3858104330708656
 21
-3.4212627559055115
 31
0
  0
LINE
  5
35C
330
22
100
AcDbEntity
  8
F.Silkscreen
  6
CONTINUOUS
100
AcDbLine
 10
7.3858104330708656
 20
-3.4212627559055115
 30
0
 11
7.3856035433070861
 21
-3.420722125984252
 31
0
  0
LINE
  5
35D
330
22
100
AcDbEntity
  8
F.Silkscreen
  6
CONTINUOUS
100
AcDbLine
 10
7.3856035433070861
 20
-3.420722125984252
 30
0
 11
7.385596023622047
 21
-3.4206162992125981
 31
0
  0
LINE
  5
35E
330
22
100
AcDbEntity
  8
F.Silkscreen
  6
CONTINUOUS
100
AcDbLine
 10
7.385596023622047
 20
-3.4206162992125981
 30
0
 11
7.3855554330708664
 21
-3.4205183070866143
 31
0
  0
LINE
  5
35F
330
22
100
AcDbEntity
  8
F.Silkscreen
  6
CONTINUOUS
100
AcDbLine
 10
7.3855554330708664
 20
-3.4205183070866143
 30
0
 11
7.3854987007874016
 21
-3.419942244094488
 31
0
  0
LINE
  5
360
330
22
100
AcDbEntity
  8
F.Silkscreen
  6
CONTINUOUS
100
AcDbLine
 10
7.3854987007874016
 20
-3.419942244094488
 30
0
 11
7.3854987007874016
 21
-3.4161927165354329
 31
0
  0
LINE
  5
361
330
22
100
AcDbEntity
  8
F.Silkscreen
  6
CONTINUOUS
100
AcDbLine
 10
7.3854987007874016
 20
-3.4161927165354329
 30
0
 11
7.3855554330708664
 21
-3.415616653543307
 31
0
  0
LINE
  5
362
330
22
100
AcDbEntity
  8
F.Silkscreen
  6
CONTINUOUS
100
AcDbLine
 10
7.3855554330708664
 20
-3.415616653543307
 30
0
 11
7.385596023622047
 21
-3.415518622047244
 31
0
  0
LINE
  5
363
330
22
100
AcDbEntity
  8
F.Silkscreen
  6
CONTINUOUS
100
AcDbLine
 10
7.385596023622047
 20
-3.415518622047244
 30
0
 11
7.3856035433070861
 21
-3.4154128346456694
 31
0
  0
LINE
  5
364
330
22
100
AcDbEntity
  8
F.Silkscreen
  6
CONTINUOUS
100
AcDbLine
 10
7.3856035433070861
 20
-3.4154128346456694
 30
0
 11
7.3858104330708656
 21
-3.4148722047244093
 31
0
  0
LINE
  5
365
330
22
100
AcDbEntity
  8
F.Silkscreen
  6
CONTINUOUS
100
AcDbLine
 10
7.3858104330708656
 20
-3.4148722047244093
 30
0
 11
7.3876851968503932
 21
-3.4111226771653542
 31
0
  0
LINE
  5
366
330
22
100
AcDbEntity
  8
F.Silkscreen
  6
CONTINUOUS
100
AcDbLine
 10
7.3876851968503932
 20
-3.4111226771653542
 30
0
 11
7.3878412598425198
 21
-3.4108746456692911
 31
0
  0
LINE
  5
367
330
22
100
AcDbEntity
  8
F.Silkscreen
  6
CONTINUOUS
100
AcDbLine
 10
7.3878412598425198
 20
-3.4108746456692911
 30
0
 11
7.3878711023622046
 21
-3.4108027165354331
 31
0
  0
LINE
  5
368
330
22
100
AcDbEntity
  8
F.Silkscreen
  6
CONTINUOUS
100
AcDbLine
 10
7.3878711023622046
 20
-3.4108027165354331
 30
0
 11
7.3879375590551177
 21
-3.4107217322834646
 31
0
  0
LINE
  5
369
330
22
100
AcDbEntity
  8
F.Silkscreen
  6
CONTINUOUS
100
AcDbLine
 10
7.3879375590551177
 20
-3.4107217322834646
 30
0
 11
7.3879935433070862
 21
-3.4106327952755904
 31
0
  0
LINE
  5
36A
330
22
100
AcDbEntity
  8
F.Silkscreen
  6
CONTINUOUS
100
AcDbLine
 10
7.3879935433070862
 20
-3.4106327952755904
 30
0
 11
7.3880525196850391
 21
-3.4105816141732284
 31
0
  0
LINE
  5
36B
330
22
100
AcDbEntity
  8
F.Silkscreen
  6
CONTINUOUS
100
AcDbLine
 10
7.3880525196850391
 20
-3.4105816141732284
 30
0
 11
7.3882383070866142
 21
-3.4103552755905513
 31
0
  0
LINE
  5
36C
330
22
100
AcDbEntity
  8
F.Silkscreen
  6
CONTINUOUS
100
AcDbLine
 10
7.3882383070866142
 20
-3.4103552755905513
 30
0
 11
7.3901130708661418
 21
-3.4084805118110237
 31
0
  0
LINE
  5
36D
330
22
100
AcDbEntity
  8
F.Silkscreen
  6
CONTINUOUS
100
AcDbLine
 10
7.3901130708661418
 20
-3.4084805118110237
 30
0
 11
7.3903394094488188
 21
-3.4082947244094486
 31
0
  0
LINE
  5
36E
330
22
100
AcDbEntity
  8
F.Silkscreen
  6
CONTINUOUS
100
AcDbLine
 10
7.3903394094488188
 20
-3.4082947244094486
 30
0
 11
7.3903905905511813
 21
-3.4082357480314962
 31
0
  0
LINE
  5
36F
330
22
100
AcDbEntity
  8
F.Silkscreen
  6
CONTINUOUS
100
AcDbLine
 10
7.3903905905511813
 20
-3.4082357480314962
 30
0
 11
7.3904795275590551
 21
-3.4081797637795277
 31
0
  0
LINE
  5
370
330
22
100
AcDbEntity
  8
F.Silkscreen
  6
CONTINUOUS
100
AcDbLine
 10
7.3904795275590551
 20
-3.4081797637795277
 30
0
 11
7.3905605118110236
 21
-3.4081133070866141
 31
0
  0
LINE
  5
371
330
22
100
AcDbEntity
  8
F.Silkscreen
  6
CONTINUOUS
100
AcDbLine
 10
7.3905605118110236
 20
-3.4081133070866141
 30
0
 11
7.3906324409448816
 21
-3.4080834645669289
 31
0
  0
LINE
  5
372
330
22
100
AcDbEntity
  8
F.Silkscreen
  6
CONTINUOUS
100
AcDbLine
 10
7.3906324409448816
 20
-3.4080834645669289
 30
0
 11
7.3908804724409451
 21
-3.4079274015748031
 31
0
  0
LINE
  5
373
330
22
100
AcDbEntity
  8
F.Silkscreen
  6
CONTINUOUS
100
AcDbLine
 10
7.3908804724409451
 20
-3.4079274015748031
 30
0
 11
7.3946300000000003
 21
-3.4060526377952756
 31
0
  0
LINE
  5
374
330
22
100
AcDbEntity
  8
F.Silkscreen
  6
CONTINUOUS
100
AcDbLine
 10
7.3946300000000003
 20
-3.4060526377952756
 30
0
 11
7.3951705905511806
 21
-3.4058457480314961
 31
0
  0
LINE
  5
375
330
22
100
AcDbEntity
  8
F.Silkscreen
  6
CONTINUOUS
100
AcDbLine
 10
7.3951705905511806
 20
-3.4058457480314961
 30
0
 11
7.3952764566929128
 21
-3.4058381889763778
 31
0
  0
LINE
  5
376
330
22
100
AcDbEntity
  8
F.Silkscreen
  6
CONTINUOUS
100
AcDbLine
 10
7.3952764566929128
 20
-3.4058381889763778
 30
0
 11
7.3953744488188971
 21
-3.4057976377952754
 31
0
  0
LINE
  5
377
330
22
100
AcDbEntity
  8
F.Silkscreen
  6
CONTINUOUS
100
AcDbLine
 10
7.3953744488188971
 20
-3.4057976377952754
 30
0
 11
7.3959505118110238
 21
-3.4057409055118111
 31
0
  0
LINE
  5
378
330
22
100
AcDbEntity
  8
F.Silkscreen
  6
CONTINUOUS
100
AcDbLine
 10
7.3959505118110238
 20
-3.4057409055118111
 30
0
 11
7.4053243307086616
 21
-3.4057409055118111
 31
0
  0
LINE
  5
379
330
22
100
AcDbEntity
  8
F.Silkscreen
  6
CONTINUOUS
100
AcDbLine
 10
7.4053243307086616
 20
-3.4057409055118111
 30
0
 11
7.4056158661417317
 21
-3.4057696062992124
 31
0
  0
LINE
  5
37A
330
22
100
AcDbEntity
  8
F.Silkscreen
  6
CONTINUOUS
100
AcDbLine
 10
7.4824733858267711
 20
-3.4057976377952754
 30
0
 11
7.4827657874015747
 21
-3.4057976377952754
 31
0
  0
LINE
  5
37B
330
22
100
AcDbEntity
  8
F.Silkscreen
  6
CONTINUOUS
100
AcDbLine
 10
7.4827657874015747
 20
-3.4057976377952754
 30
0
 11
7.4830330314960625
 21
-3.4059083464566928
 31
0
  0
LINE
  5
37C
330
22
100
AcDbEntity
  8
F.Silkscreen
  6
CONTINUOUS
100
AcDbLine
 10
7.4830330314960625
 20
-3.4059083464566928
 30
0
 11
7.4833168503937006
 21
-3.4059644881889763
 31
0
  0
LINE
  5
37D
330
22
100
AcDbEntity
  8
F.Silkscreen
  6
CONTINUOUS
100
AcDbLine
 10
7.4833168503937006
 20
-3.4059644881889763
 30
0
 11
7.483560118110236
 21
-3.406126653543307
 31
0
  0
LINE
  5
37E
330
22
100
AcDbEntity
  8
F.Silkscreen
  6
CONTINUOUS
100
AcDbLine
 10
7.483560118110236
 20
-3.406126653543307
 30
0
 11
7.483830196850394
 21
-3.4062385433070865
 31
0
  0
LINE
  5
37F
330
22
100
AcDbEntity
  8
F.Silkscreen
  6
CONTINUOUS
100
AcDbLine
 10
7.483830196850394
 20
-3.4062385433070865
 30
0
 11
7.4840346456692908
 21
-3.4064429921259842
 31
0
  0
LINE
  5
380
330
22
100
AcDbEntity
  8
F.Silkscreen
  6
CONTINUOUS
100
AcDbLine
 10
7.4840346456692908
 20
-3.4064429921259842
 30
0
 11
7.4842754724409444
 21
-3.4066035433070865
 31
0
  0
LINE
  5
381
330
22
100
AcDbEntity
  8
F.Silkscreen
  6
CONTINUOUS
100
AcDbLine
 10
7.4842754724409444
 20
-3.4066035433070865
 30
0
 11
7.4844381889763776
 21
-3.4068465354330706
 31
0
  0
LINE
  5
382
330
22
100
AcDbEntity
  8
F.Silkscreen
  6
CONTINUOUS
100
AcDbLine
 10
7.4844381889763776
 20
-3.4068465354330706
 30
0
 11
7.4846448425196845
 21
-3.407053188976378
 31
0
  0
LINE
  5
383
330
22
100
AcDbEntity
  8
F.Silkscreen
  6
CONTINUOUS
100
AcDbLine
 10
7.4846448425196845
 20
-3.407053188976378
 30
0
 11
7.4847555118110236
 21
-3.4073203937007874
 31
0
  0
LINE
  5
384
330
22
100
AcDbEntity
  8
F.Silkscreen
  6
CONTINUOUS
100
AcDbLine
 10
7.4847555118110236
 20
-3.4073203937007874
 30
0
 11
7.4849165354330705
 21
-3.4075608267716535
 31
0
  0
LINE
  5
385
330
22
100
AcDbEntity
  8
F.Silkscreen
  6
CONTINUOUS
100
AcDbLine
 10
7.4849165354330705
 20
-3.4075608267716535
 30
0
 11
7.4849738582677166
 21
-3.4078474803149605
 31
0
  0
LINE
  5
386
330
22
100
AcDbEntity
  8
F.Silkscreen
  6
CONTINUOUS
100
AcDbLine
 10
7.4849738582677166
 20
-3.4078474803149605
 30
0
 11
7.4850857480314961
 21
-3.4081175984251968
 31
0
  0
LINE
  5
387
330
22
100
AcDbEntity
  8
F.Silkscreen
  6
CONTINUOUS
100
AcDbLine
 10
7.4850857480314961
 20
-3.4081175984251968
 30
0
 11
7.4851418503937008
 21
-3.4086875196850395
 31
0
  0
LINE
  5
388
330
22
100
AcDbEntity
  8
F.Silkscreen
  6
CONTINUOUS
100
AcDbLine
 10
7.4851418503937008
 20
-3.4086875196850395
 30
0
 11
7.4851424803149609
 21
-3.4086905511811021
 31
0
  0
LINE
  5
389
330
22
100
AcDbEntity
  8
F.Silkscreen
  6
CONTINUOUS
100
AcDbLine
 10
7.4851424803149609
 20
-3.4086905511811021
 30
0
 11
7.4851422440944884
 21
-3.4086915748031497
 31
0
  0
LINE
  5
38A
330
22
100
AcDbEntity
  8
F.Silkscreen
  6
CONTINUOUS
100
AcDbLine
 10
7.4851422440944884
 20
-3.4086915748031497
 30
0
 11
7.4851424803149609
 21
-3.4086936614173227
 31
0
  0
LINE
  5
38B
330
22
100
AcDbEntity
  8
F.Silkscreen
  6
CONTINUOUS
100
AcDbLine
 10
7.4851424803149609
 20
-3.4086936614173227
 30
0
 11
7.4851424803149609
 21
-3.4451109842519685
 31
0
  0
LINE
  5
38C
330
22
100
AcDbEntity
  8
F.Silkscreen
  6
CONTINUOUS
100
AcDbLine
 10
7.4851424803149609
 20
-3.4451109842519685
 30
0
 11
7.4934383070866142
 21
-3.4451109842519685
 31
0
  0
LINE
  5
38D
330
22
100
AcDbEntity
  8
F.Silkscreen
  6
CONTINUOUS
100
AcDbLine
 10
7.4934383070866142
 20
-3.4451109842519685
 30
0
 11
7.4940143700787401
 21
-3.4451677165354329
 31
0
  0
LINE
  5
38E
330
22
100
AcDbEntity
  8
F.Silkscreen
  6
CONTINUOUS
100
AcDbLine
 10
7.4940143700787401
 20
-3.4451677165354329
 30
0
 11
7.4950787795275593
 21
-3.4456086220472439
 31
0
  0
LINE
  5
38F
330
22
100
AcDbEntity
  8
F.Silkscreen
  6
CONTINUOUS
100
AcDbLine
 10
7.4950787795275593
 20
-3.4456086220472439
 30
0
 11
7.4958934251968499
 21
-3.4464232677165354
 31
0
  0
LINE
  5
390
330
22
100
AcDbEntity
  8
F.Silkscreen
  6
CONTINUOUS
100
AcDbLine
 10
7.4958934251968499
 20
-3.4464232677165354
 30
0
 11
7.4963343307086614
 21
-3.4474876771653542
 31
0
  0
LINE
  5
391
330
22
100
AcDbEntity
  8
F.Silkscreen
  6
CONTINUOUS
100
AcDbLine
 10
7.4963343307086614
 20
-3.4474876771653542
 30
0
 11
7.4963343307086614
 21
-3.4486398031496064
 31
0
  0
LINE
  5
392
330
22
100
AcDbEntity
  8
F.Silkscreen
  6
CONTINUOUS
100
AcDbLine
 10
7.4963343307086614
 20
-3.4486398031496064
 30
0
 11
7.4958934251968499
 21
-3.4497042125984252
 31
0
  0
LINE
  5
393
330
22
100
AcDbEntity
  8
F.Silkscreen
  6
CONTINUOUS
100
AcDbLine
 10
7.4958934251968499
 20
-3.4497042125984252
 30
0
 11
7.4950787795275593
 21
-3.4505188582677166
 31
0
  0
LINE
  5
394
330
22
100
AcDbEntity
  8
F.Silkscreen
  6
CONTINUOUS
100
AcDbLine
 10
7.4950787795275593
 20
-3.4505188582677166
 30
0
 11
7.4940143700787401
 21
-3.4509597637795273
 31
0
  0
LINE
  5
395
330
22
100
AcDbEntity
  8
F.Silkscreen
  6
CONTINUOUS
100
AcDbLine
 10
7.4940143700787401
 20
-3.4509597637795273
 30
0
 11
7.4934383070866142
 21
-3.4510164960629921
 31
0
  0
LINE
  5
396
330
22
100
AcDbEntity
  8
F.Silkscreen
  6
CONTINUOUS
100
AcDbLine
 10
7.4934383070866142
 20
-3.4510164960629921
 30
0
 11
7.4709411417322835
 21
-3.4510164960629921
 31
0
  0
LINE
  5
397
330
22
100
AcDbEntity
  8
F.Silkscreen
  6
CONTINUOUS
100
AcDbLine
 10
7.4709411417322835
 20
-3.4510164960629921
 30
0
 11
7.4703650787401576
 21
-3.4509597637795273
 31
0
  0
LINE
  5
398
330
22
100
AcDbEntity
  8
F.Silkscreen
  6
CONTINUOUS
100
AcDbLine
 10
7.4703650787401576
 20
-3.4509597637795273
 30
0
 11
7.4693006692913384
 21
-3.4505188582677166
 31
0
  0
LINE
  5
399
330
22
100
AcDbEntity
  8
F.Silkscreen
  6
CONTINUOUS
100
AcDbLine
 10
7.4693006692913384
 20
-3.4505188582677166
 30
0
 11
7.4684860236220469
 21
-3.4497042125984252
 31
0
  0
LINE
  5
39A
330
22
100
AcDbEntity
  8
F.Silkscreen
  6
CONTINUOUS
100
AcDbLine
 10
7.4684860236220469
 20
-3.4497042125984252
 30
0
 11
7.4680451181102363
 21
-3.4486398031496064
 31
0
  0
LINE
  5
39B
330
22
100
AcDbEntity
  8
F.Silkscreen
  6
CONTINUOUS
100
AcDbLine
 10
7.4680451181102363
 20
-3.4486398031496064
 30
0
 11
7.4680451181102363
 21
-3.4474876771653542
 31
0
  0
LINE
  5
39C
330
22
100
AcDbEntity
  8
F.Silkscreen
  6
CONTINUOUS
100
AcDbLine
 10
7.4680451181102363
 20
-3.4474876771653542
 30
0
 11
7.4684860236220469
 21
-3.4464232677165354
 31
0
  0
LINE
  5
39D
330
22
100
AcDbEntity
  8
F.Silkscreen
  6
CONTINUOUS
100
AcDbLine
 10
7.4684860236220469
 20
-3.4464232677165354
 30
0
 11
7.4693006692913384
 21
-3.4456086220472439
 31
0
  0
LINE
  5
39E
330
22
100
AcDbEntity
  8
F.Silkscreen
  6
CONTINUOUS
100
AcDbLine
 10
7.4693006692913384
 20
-3.4456086220472439
 30
0
 11
7.4703650787401576
 21
-3.4451677165354329
 31
0
  0
LINE
  5
39F
330
22
100
AcDbEntity
  8
F.Silkscreen
  6
CONTINUOUS
100
AcDbLine
 10
7.4703650787401576
 20
-3.4451677165354329
 30
0
 11
7.4709411417322835
 21
-3.4451109842519685
 31
0
  0
LINE
  5
3A0
330
22
100
AcDbEntity
  8
F.Silkscreen
  6
CONTINUOUS
100
AcDbLine
 10
7.4709411417322835
 20
-3.4451109842519685
 30
0
 11
7.4792369685039368
 21
-3.4451109842519685
 31
0
  0
LINE
  5
3A1
330
22
100
AcDbEntity
  8
F.Silkscreen
  6
CONTINUOUS
100
AcDbLine
 10
7.4792369685039368
 20
-3.4451109842519685
 30
0
 11
7.4792369685039368
 21
-3.4176970078740156
 31
0
  0
LINE
  5
3A2
330
22
100
AcDbEntity
  8
F.Silkscreen
  6
CONTINUOUS
100
AcDbLine
 10
7.4792369685039368
 20
-3.4176970078740156
 30
0
 11
7.4767785826771656
 21
-3.4201553937007874
 31
0
  0
LINE
  5
3A3
330
22
100
AcDbEntity
  8
F.Silkscreen
  6
CONTINUOUS
100
AcDbLine
 10
7.4767785826771656
 20
-3.4201553937007874
 30
0
 11
7.4765522047244088
 21
-3.4203411417322833
 31
0
  0
LINE
  5
3A4
330
22
100
AcDbEntity
  8
F.Silkscreen
  6
CONTINUOUS
100
AcDbLine
 10
7.4765522047244088
 20
-3.4203411417322833
 30
0
 11
7.476501062992126
 21
-3.4204001574803149
 31
0
  0
LINE
  5
3A5
330
22
100
AcDbEntity
  8
F.Silkscreen
  6
CONTINUOUS
100
AcDbLine
 10
7.476501062992126
 20
-3.4204001574803149
 30
0
 11
7.4764120866141734
 21
-3.4204561023622047
 31
0
  0
LINE
  5
3A6
330
22
100
AcDbEntity
  8
F.Silkscreen
  6
CONTINUOUS
100
AcDbLine
 10
7.4764120866141734
 20
-3.4204561023622047
 30
0
 11
7.4763311417322829
 21
-3.4205225984251966
 31
0
  0
LINE
  5
3A7
330
22
100
AcDbEntity
  8
F.Silkscreen
  6
CONTINUOUS
100
AcDbLine
 10
7.4763311417322829
 20
-3.4205225984251966
 30
0
 11
7.4762591732283461
 21
-3.420552401574803
 31
0
  0
LINE
  5
3A8
330
22
100
AcDbEntity
  8
F.Silkscreen
  6
CONTINUOUS
100
AcDbLine
 10
7.4762591732283461
 20
-3.420552401574803
 30
0
 11
7.4760111811023622
 21
-3.420708503937008
 31
0
  0
LINE
  5
3A9
330
22
100
AcDbEntity
  8
F.Silkscreen
  6
CONTINUOUS
100
AcDbLine
 10
7.4760111811023622
 20
-3.420708503937008
 30
0
 11
7.4722616535433071
 21
-3.4225832677165355
 31
0
  0
LINE
  5
3AA
330
22
100
AcDbEntity
  8
F.Silkscreen
  6
CONTINUOUS
100
AcDbLine
 10
7.4722616535433071
 20
-3.4225832677165355
 30
0
 11
7.471721023622047
 21
-3.422790157480315
 31
0
  0
LINE
  5
3AB
330
22
100
AcDbEntity
  8
F.Silkscreen
  6
CONTINUOUS
100
AcDbLine
 10
7.471721023622047
 20
-3.422790157480315
 30
0
 11
7.4705718110236221
 21
-3.4228718110236218
 31
0
  0
LINE
  5
3AC
330
22
100
AcDbEntity
  8
F.Silkscreen
  6
CONTINUOUS
100
AcDbLine
 10
7.4705718110236221
 20
-3.4228718110236218
 30
0
 11
7.4694788582677161
 21
-3.4225074803149607
 31
0
  0
LINE
  5
3AD
330
22
100
AcDbEntity
  8
F.Silkscreen
  6
CONTINUOUS
100
AcDbLine
 10
7.4694788582677161
 20
-3.4225074803149607
 30
0
 11
7.4686084645669286
 21
-3.4217526377952754
 31
0
  0
LINE
  5
3AE
330
22
100
AcDbEntity
  8
F.Silkscreen
  6
CONTINUOUS
100
AcDbLine
 10
7.4686084645669286
 20
-3.4217526377952754
 30
0
 11
7.4680932283464569
 21
-3.420722125984252
 31
0
  0
LINE
  5
3AF
330
22
100
AcDbEntity
  8
F.Silkscreen
  6
CONTINUOUS
100
AcDbLine
 10
7.4680932283464569
 20
-3.420722125984252
 30
0
 11
7.4680115748031497
 21
-3.4195729133858266
 31
0
  0
LINE
  5
3B0
330
22
100
AcDbEntity
  8
F.Silkscreen
  6
CONTINUOUS
100
AcDbLine
 10
7.4680115748031497
 20
-3.4195729133858266
 30
0
 11
7.4683759055118113
 21
-3.418479960629921
 31
0
  0
LINE
  5
3B1
330
22
100
AcDbEntity
  8
F.Silkscreen
  6
CONTINUOUS
100
AcDbLine
 10
7.4683759055118113
 20
-3.418479960629921
 30
0
 11
7.4691307480314961
 21
-3.417609566929134
 31
0
  0
LINE
  5
3B2
330
22
100
AcDbEntity
  8
F.Silkscreen
  6
CONTINUOUS
100
AcDbLine
 10
7.4691307480314961
 20
-3.417609566929134
 30
0
 11
7.46962062992126
 21
-3.4173012204724409
 31
0
  0
LINE
  5
3B3
330
22
100
AcDbEntity
  8
F.Silkscreen
  6
CONTINUOUS
100
AcDbLine
 10
7.46962062992126
 20
-3.4173012204724409
 30
0
 11
7.4729415748031496
 21
-3.4156407480314961
 31
0
  0
LINE
  5
3B4
330
22
100
AcDbEntity
  8
F.Silkscreen
  6
CONTINUOUS
100
AcDbLine
 10
7.4729415748031496
 20
-3.4156407480314961
 30
0
 11
7.4761454724409449
 21
-3.4124368503937008
 31
0
  0
LINE
  5
3B5
330
22
100
AcDbEntity
  8
F.Silkscreen
  6
CONTINUOUS
100
AcDbLine
 10
7.4761454724409449
 20
-3.4124368503937008
 30
0
 11
7.479732874015748
 21
-3.407055748031496
 31
0
  0
LINE
  5
3B6
330
22
100
AcDbEntity
  8
F.Silkscreen
  6
CONTINUOUS
100
AcDbLine
 10
7.479732874015748
 20
-3.407055748031496
 30
0
 11
7.4797342125984247
 21
-3.4070540551181101
 31
0
  0
LINE
  5
3B7
330
22
100
AcDbEntity
  8
F.Silkscreen
  6
CONTINUOUS
100
AcDbLine
 10
7.4797342125984247
 20
-3.4070540551181101
 30
0
 11
7.4797346062992123
 21
-3.407053188976378
 31
0
  0
LINE
  5
3B8
330
22
100
AcDbEntity
  8
F.Silkscreen
  6
CONTINUOUS
100
AcDbLine
 10
7.4797346062992123
 20
-3.407053188976378
 30
0
 11
7.4797366141732278
 21
-3.4070511417322833
 31
0
  0
LINE
  5
3B9
330
22
100
AcDbEntity
  8
F.Silkscreen
  6
CONTINUOUS
100
AcDbLine
 10
7.4797366141732278
 20
-3.4070511417322833
 30
0
 11
7.4800996456692914
 21
-3.4066079133858267
 31
0
  0
LINE
  5
3BA
330
22
100
AcDbEntity
  8
F.Silkscreen
  6
CONTINUOUS
100
AcDbLine
 10
7.4800996456692914
 20
-3.4066079133858267
 30
0
 11
7.4803425196850393
 21
-3.4064452362204722
 31
0
  0
LINE
  5
3BB
330
22
100
AcDbEntity
  8
F.Silkscreen
  6
CONTINUOUS
100
AcDbLine
 10
7.4803425196850393
 20
-3.4064452362204722
 30
0
 11
7.4805492519685037
 21
-3.4062385433070865
 31
0
  0
LINE
  5
3BC
330
22
100
AcDbEntity
  8
F.Silkscreen
  6
CONTINUOUS
100
AcDbLine
 10
7.4805492519685037
 20
-3.4062385433070865
 30
0
 11
7.4808165354330711
 21
-3.4061277952755904
 31
0
  0
LINE
  5
3BD
330
22
100
AcDbEntity
  8
F.Silkscreen
  6
CONTINUOUS
100
AcDbLine
 10
7.4808165354330711
 20
-3.4061277952755904
 30
0
 11
7.4810569291338584
 21
-3.4059668503937006
 31
0
  0
LINE
  5
3BE
330
22
100
AcDbEntity
  8
F.Silkscreen
  6
CONTINUOUS
100
AcDbLine
 10
7.4810569291338584
 20
-3.4059668503937006
 30
0
 11
7.4813435433070863
 21
-3.4059094881889762
 31
0
  0
LINE
  5
3BF
330
22
100
AcDbEntity
  8
F.Silkscreen
  6
CONTINUOUS
100
AcDbLine
 10
7.4813435433070863
 20
-3.4059094881889762
 30
0
 11
7.481613661417323
 21
-3.4057976377952754
 31
0
  0
LINE
  5
3C0
330
22
100
AcDbEntity
  8
F.Silkscreen
  6
CONTINUOUS
100
AcDbLine
 10
7.481613661417323
 20
-3.4057976377952754
 30
0
 11
7.4819029527559051
 21
-3.4057976377952754
 31
0
  0
LINE
  5
3C1
330
22
100
AcDbEntity
  8
F.Silkscreen
  6
CONTINUOUS
100
AcDbLine
 10
7.4819029527559051
 20
-3.4057976377952754
 30
0
 11
7.4821866141732283
 21
-3.4057409055118111
 31
0
  0
LINE
  5
3C2
330
22
100
AcDbEntity
  8
F.Silkscreen
  6
CONTINUOUS
100
AcDbLine
 10
7.4821866141732283
 20
-3.4057409055118111
 30
0
 11
7.4824733858267711
 21
-3.4057976377952754
 31
0
  0
LINE
  5
3C3
330
22
100
AcDbEntity
  8
F.Silkscreen
  6
CONTINUOUS
100
AcDbLine
 10
5.9433009448818899
 20
-3.4060098425196847
 30
0
 11
5.9442342913385824
 21
-3.4066852755905512
 31
0
  0
LINE
  5
3C4
330
22
100
AcDbEntity
  8
F.Silkscreen
  6
CONTINUOUS
100
AcDbLine
 10
5.9442342913385824
 20
-3.4066852755905512
 30
0
 11
5.9448380708661412
 21
-3.4076664566929131
 31
0
  0
LINE
  5
3C5
330
22
100
AcDbEntity
  8
F.Silkscreen
  6
CONTINUOUS
100
AcDbLine
 10
5.9448380708661412
 20
-3.4076664566929131
 30
0
 11
5.9450204724409446
 21
-3.40880405511811
 31
0
  0
LINE
  5
3C6
330
22
100
AcDbEntity
  8
F.Silkscreen
  6
CONTINUOUS
100
AcDbLine
 10
5.9450204724409446
 20
-3.40880405511811
 30
0
 11
5.9449422047244092
 21
-3.4093775984251966
 31
0
  0
LINE
  5
3C7
330
22
100
AcDbEntity
  8
F.Silkscreen
  6
CONTINUOUS
100
AcDbLine
 10
5.9449422047244092
 20
-3.4093775984251966
 30
0
 11
5.9355683464566926
 21
-3.4487476771653545
 31
0
  0
LINE
  5
3C8
330
22
100
AcDbEntity
  8
F.Silkscreen
  6
CONTINUOUS
100
AcDbLine
 10
5.9355683464566926
 20
-3.4487476771653545
 30
0
 11
5.9355002362204727
 21
-3.4489452362204722
 31
0
  0
LINE
  5
3C9
330
22
100
AcDbEntity
  8
F.Silkscreen
  6
CONTINUOUS
100
AcDbLine
 10
5.9355002362204727
 20
-3.4489452362204722
 30
0
 11
5.9354908267716535
 21
-3.4490162598425198
 31
0
  0
LINE
  5
3CA
330
22
100
AcDbEntity
  8
F.Silkscreen
  6
CONTINUOUS
100
AcDbLine
 10
5.9354908267716535
 20
-3.4490162598425198
 30
0
 11
5.9354536614173226
 21
-3.4490803937007875
 31
0
  0
LINE
  5
3CB
330
22
100
AcDbEntity
  8
F.Silkscreen
  6
CONTINUOUS
100
AcDbLine
 10
5.9354536614173226
 20
-3.4490803937007875
 30
0
 11
5.9353797637795278
 21
-3.4492949212598423
 31
0
  0
LINE
  5
3CC
330
22
100
AcDbEntity
  8
F.Silkscreen
  6
CONTINUOUS
100
AcDbLine
 10
5.9353797637795278
 20
-3.4492949212598423
 30
0
 11
5.9351283464566924
 21
-3.4496422834645668
 31
0
  0
LINE
  5
3CD
330
22
100
AcDbEntity
  8
F.Silkscreen
  6
CONTINUOUS
100
AcDbLine
 10
5.9351283464566924
 20
-3.4496422834645668
 30
0
 11
5.9349135826771651
 21
-3.4500132677165354
 31
0
  0
LINE
  5
3CE
330
22
100
AcDbEntity
  8
F.Silkscreen
  6
CONTINUOUS
100
AcDbLine
 10
5.9349135826771651
 20
-3.4500132677165354
 30
0
 11
5.9347931889763776
 21
-3.4501053937007873
 31
0
  0
LINE
  5
3CF
330
22
100
AcDbEntity
  8
F.Silkscreen
  6
CONTINUOUS
100
AcDbLine
 10
5.9347931889763776
 20
-3.4501053937007873
 30
0
 11
5.9347042913385826
 21
-3.4502282677165352
 31
0
  0
LINE
  5
3D0
330
22
100
AcDbEntity
  8
F.Silkscreen
  6
CONTINUOUS
100
AcDbLine
 10
5.9347042913385826
 20
-3.4502282677165352
 30
0
 11
5.9343392519685034
 21
-3.4504528740157481
 31
0
  0
LINE
  5
3D1
330
22
100
AcDbEntity
  8
F.Silkscreen
  6
CONTINUOUS
100
AcDbLine
 10
5.9343392519685034
 20
-3.4504528740157481
 30
0
 11
5.9339987007874013
 21
-3.4507135826771651
 31
0
  0
LINE
  5
3D2
330
22
100
AcDbEntity
  8
F.Silkscreen
  6
CONTINUOUS
100
AcDbLine
 10
5.9339987007874013
 20
-3.4507135826771651
 30
0
 11
5.9338520866141735
 21
-3.4507526771653541
 31
0
  0
LINE
  5
3D3
330
22
100
AcDbEntity
  8
F.Silkscreen
  6
CONTINUOUS
100
AcDbLine
 10
5.9338520866141735
 20
-3.4507526771653541
 30
0
 11
5.9337231102362207
 21
-3.4508320472440945
 31
0
  0
LINE
  5
3D4
330
22
100
AcDbEntity
  8
F.Silkscreen
  6
CONTINUOUS
100
AcDbLine
 10
5.9337231102362207
 20
-3.4508320472440945
 30
0
 11
5.9333001181102363
 21
-3.4508998425196848
 31
0
  0
LINE
  5
3D5
330
22
100
AcDbEntity
  8
F.Silkscreen
  6
CONTINUOUS
100
AcDbLine
 10
5.9333001181102363
 20
-3.4508998425196848
 30
0
 11
5.9328855118110235
 21
-3.451010433070866
 31
0
  0
LINE
  5
3D6
330
22
100
AcDbEntity
  8
F.Silkscreen
  6
CONTINUOUS
100
AcDbLine
 10
5.9328855118110235
 20
-3.451010433070866
 30
0
 11
5.9327351574803151
 21
-3.4509904330708663
 31
0
  0
LINE
  5
3D7
330
22
100
AcDbEntity
  8
F.Silkscreen
  6
CONTINUOUS
100
AcDbLine
 10
5.9327351574803151
 20
-3.4509904330708663
 30
0
 11
5.9325855118110233
 21
-3.4510144488188974
 31
0
  0
LINE
  5
3D8
330
22
100
AcDbEntity
  8
F.Silkscreen
  6
CONTINUOUS
100
AcDbLine
 10
5.9325855118110233
 20
-3.4510144488188974
 30
0
 11
5.9321683464566926
 21
-3.450915118110236
 31
0
  0
LINE
  5
3D9
330
22
100
AcDbEntity
  8
F.Silkscreen
  6
CONTINUOUS
100
AcDbLine
 10
5.9321683464566926
 20
-3.450915118110236
 30
0
 11
5.9317434251968502
 21
-3.4508586614173229
 31
0
  0
LINE
  5
3DA
330
22
100
AcDbEntity
  8
F.Silkscreen
  6
CONTINUOUS
100
AcDbLine
 10
5.9317434251968502
 20
-3.4508586614173229
 30
0
 11
5.9316122440944881
 21
-3.450782716535433
 31
0
  0
LINE
  5
3DB
330
22
100
AcDbEntity
  8
F.Silkscreen
  6
CONTINUOUS
100
AcDbLine
 10
5.9316122440944881
 20
-3.450782716535433
 30
0
 11
5.9314647244094489
 21
-3.4507475984251967
 31
0
  0
LINE
  5
3DC
330
22
100
AcDbEntity
  8
F.Silkscreen
  6
CONTINUOUS
100
AcDbLine
 10
5.9314647244094489
 20
-3.4507475984251967
 30
0
 11
5.9311172834645669
 21
-3.4504961417322835
 31
0
  0
LINE
  5
3DD
330
22
100
AcDbEntity
  8
F.Silkscreen
  6
CONTINUOUS
100
AcDbLine
 10
5.9311172834645669
 20
-3.4504961417322835
 30
0
 11
5.9307463779527554
 21
-3.4502814173228344
 31
0
  0
LINE
  5
3DE
330
22
100
AcDbEntity
  8
F.Silkscreen
  6
CONTINUOUS
100
AcDbLine
 10
5.9307463779527554
 20
-3.4502814173228344
 30
0
 11
5.9306542125984247
 21
-3.450161023622047
 31
0
  0
LINE
  5
3DF
330
22
100
AcDbEntity
  8
F.Silkscreen
  6
CONTINUOUS
100
AcDbLine
 10
5.9306542125984247
 20
-3.450161023622047
 30
0
 11
5.9305313779527555
 21
-3.4500721259842519
 31
0
  0
LINE
  5
3E0
330
22
100
AcDbEntity
  8
F.Silkscreen
  6
CONTINUOUS
100
AcDbLine
 10
5.9305313779527555
 20
-3.4500721259842519
 30
0
 11
5.9303067322834648
 21
-3.4497070472440945
 31
0
  0
LINE
  5
3E1
330
22
100
AcDbEntity
  8
F.Silkscreen
  6
CONTINUOUS
100
AcDbLine
 10
5.9303067322834648
 20
-3.4497070472440945
 30
0
 11
5.9300461023622049
 21
-3.4493665748031495
 31
0
  0
LINE
  5
3E2
330
22
100
AcDbEntity
  8
F.Silkscreen
  6
CONTINUOUS
100
AcDbLine
 10
5.9300461023622049
 20
-3.4493665748031495
 30
0
 11
5.9299663385826769
 21
-3.4491538976377951
 31
0
  0
LINE
  5
3E3
330
22
100
AcDbEntity
  8
F.Silkscreen
  6
CONTINUOUS
100
AcDbLine
 10
5.9299663385826769
 20
-3.4491538976377951
 30
0
 11
5.9299275984251967
 21
-3.4490909448818896
 31
0
  0
LINE
  5
3E4
330
22
100
AcDbEntity
  8
F.Silkscreen
  6
CONTINUOUS
100
AcDbLine
 10
5.9299275984251967
 20
-3.4490909448818896
 30
0
 11
5.9299162598425195
 21
-3.4490204330708663
 31
0
  0
LINE
  5
3E5
330
22
100
AcDbEntity
  8
F.Silkscreen
  6
CONTINUOUS
100
AcDbLine
 10
5.9299162598425195
 20
-3.4490204330708663
 30
0
 11
5.9298428346456689
 21
-3.448824566929134
 31
0
  0
LINE
  5
3E6
330
22
100
AcDbEntity
  8
F.Silkscreen
  6
CONTINUOUS
100
AcDbLine
 10
5.9298428346456689
 20
-3.448824566929134
 30
0
 11
5.9251968110236222
 21
-3.431402086614173
 31
0
  0
LINE
  5
3E7
330
22
100
AcDbEntity
  8
F.Silkscreen
  6
CONTINUOUS
100
AcDbLine
 10
5.9251968110236222
 20
-3.431402086614173
 30
0
 11
5.9205508661417321
 21
-3.448824566929134
 31
0
  0
LINE
  5
3E8
330
22
100
AcDbEntity
  8
F.Silkscreen
  6
CONTINUOUS
100
AcDbLine
 10
5.9205508661417321
 20
-3.448824566929134
 30
0
 11
5.9204774015748027
 21
-3.4490203937007875
 31
0
  0
LINE
  5
3E9
330
22
100
AcDbEntity
  8
F.Silkscreen
  6
CONTINUOUS
100
AcDbLine
 10
5.9204774015748027
 20
-3.4490203937007875
 30
0
 11
5.9204661023622043
 21
-3.4490909448818896
 31
0
  0
LINE
  5
3EA
330
22
100
AcDbEntity
  8
F.Silkscreen
  6
CONTINUOUS
100
AcDbLine
 10
5.9204661023622043
 20
-3.4490909448818896
 30
0
 11
5.9204273228346453
 21
-3.4491539370078739
 31
0
  0
LINE
  5
3EB
330
22
100
AcDbEntity
  8
F.Silkscreen
  6
CONTINUOUS
100
AcDbLine
 10
5.9204273228346453
 20
-3.4491539370078739
 30
0
 11
5.920347598425197
 21
-3.4493665354330707
 31
0
  0
LINE
  5
3EC
330
22
100
AcDbEntity
  8
F.Silkscreen
  6
CONTINUOUS
100
AcDbLine
 10
5.920347598425197
 20
-3.4493665354330707
 30
0
 11
5.9200870078740158
 21
-3.4497069291338582
 31
0
  0
LINE
  5
3ED
330
22
100
AcDbEntity
  8
F.Silkscreen
  6
CONTINUOUS
100
AcDbLine
 10
5.9200870078740158
 20
-3.4497069291338582
 30
0
 11
5.9198623228346454
 21
-3.4500721259842519
 31
0
  0
LINE
  5
3EE
330
22
100
AcDbEntity
  8
F.Silkscreen
  6
CONTINUOUS
100
AcDbLine
 10
5.9198623228346454
 20
-3.4500721259842519
 30
0
 11
5.9197394488188975
 21
-3.450161023622047
 31
0
  0
LINE
  5
3EF
330
22
100
AcDbEntity
  8
F.Silkscreen
  6
CONTINUOUS
100
AcDbLine
 10
5.9197394488188975
 20
-3.450161023622047
 30
0
 11
5.9196473228346456
 21
-3.4502814173228344
 31
0
  0
LINE
  5
3F0
330
22
100
AcDbEntity
  8
F.Silkscreen
  6
CONTINUOUS
100
AcDbLine
 10
5.9196473228346456
 20
-3.4502814173228344
 30
0
 11
5.9192763779527562
 21
-3.4504961417322835
 31
0
  0
LINE
  5
3F1
330
22
100
AcDbEntity
  8
F.Silkscreen
  6
CONTINUOUS
100
AcDbLine
 10
5.9192763779527562
 20
-3.4504961417322835
 30
0
 11
5.9189289763779529
 21
-3.4507475984251967
 31
0
  0
LINE
  5
3F2
330
22
100
AcDbEntity
  8
F.Silkscreen
  6
CONTINUOUS
100
AcDbLine
 10
5.9189289763779529
 20
-3.4507475984251967
 30
0
 11
5.9187814173228341
 21
-3.450782716535433
 31
0
  0
LINE
  5
3F3
330
22
100
AcDbEntity
  8
F.Silkscreen
  6
CONTINUOUS
100
AcDbLine
 10
5.9187814173228341
 20
-3.450782716535433
 30
0
 11
5.9186502755905508
 21
-3.4508586614173229
 31
0
  0
LINE
  5
3F4
330
22
100
AcDbEntity
  8
F.Silkscreen
  6
CONTINUOUS
100
AcDbLine
 10
5.9186502755905508
 20
-3.4508586614173229
 30
0
 11
5.9182254330708659
 21
-3.4509150787401572
 31
0
  0
LINE
  5
3F5
330
22
100
AcDbEntity
  8
F.Silkscreen
  6
CONTINUOUS
100
AcDbLine
 10
5.9182254330708659
 20
-3.4509150787401572
 30
0
 11
5.9178081889763776
 21
-3.4510144488188974
 31
0
  0
LINE
  5
3F6
330
22
100
AcDbEntity
  8
F.Silkscreen
  6
CONTINUOUS
100
AcDbLine
 10
5.9178081889763776
 20
-3.4510144488188974
 30
0
 11
5.9176584251968505
 21
-3.4509904330708663
 31
0
  0
LINE
  5
3F7
330
22
100
AcDbEntity
  8
F.Silkscreen
  6
CONTINUOUS
100
AcDbLine
 10
5.9176584251968505
 20
-3.4509904330708663
 30
0
 11
5.9175082283464562
 21
-3.4510103937007872
 31
0
  0
LINE
  5
3F8
330
22
100
AcDbEntity
  8
F.Silkscreen
  6
CONTINUOUS
100
AcDbLine
 10
5.9175082283464562
 20
-3.4510103937007872
 30
0
 11
5.9170939763779522
 21
-3.4508999212598424
 31
0
  0
LINE
  5
3F9
330
22
100
AcDbEntity
  8
F.Silkscreen
  6
CONTINUOUS
100
AcDbLine
 10
5.9170939763779522
 20
-3.4508999212598424
 30
0
 11
5.9166705905511812
 21
-3.4508320472440945
 31
0
  0
LINE
  5
3FA
330
22
100
AcDbEntity
  8
F.Silkscreen
  6
CONTINUOUS
100
AcDbLine
 10
5.9166705905511812
 20
-3.4508320472440945
 30
0
 11
5.9165414566929133
 21
-3.450752598425197
 31
0
  0
LINE
  5
3FB
330
22
100
AcDbEntity
  8
F.Silkscreen
  6
CONTINUOUS
100
AcDbLine
 10
5.9165414566929133
 20
-3.450752598425197
 30
0
 11
5.9163949999999996
 21
-3.4507135433070864
 31
0
  0
LINE
  5
3FC
330
22
100
AcDbEntity
  8
F.Silkscreen
  6
CONTINUOUS
100
AcDbLine
 10
5.9163949999999996
 20
-3.4507135433070864
 30
0
 11
5.9160545669291338
 21
-3.4504529527559056
 31
0
  0
LINE
  5
3FD
330
22
100
AcDbEntity
  8
F.Silkscreen
  6
CONTINUOUS
100
AcDbLine
 10
5.9160545669291338
 20
-3.4504529527559056
 30
0
 11
5.9156894094488184
 21
-3.4502282677165352
 31
0
  0
LINE
  5
3FE
330
22
100
AcDbEntity
  8
F.Silkscreen
  6
CONTINUOUS
100
AcDbLine
 10
5.9156894094488184
 20
-3.4502282677165352
 30
0
 11
5.9156004724409446
 21
-3.4501053937007873
 31
0
  0
LINE
  5
3FF
330
22
100
AcDbEntity
  8
F.Silkscreen
  6
CONTINUOUS
100
AcDbLine
 10
5.9156004724409446
 20
-3.4501053937007873
 30
0
 11
5.9154801181102359
 21
-3.4500132677165354
 31
0
  0
LINE
  5
400
330
22
100
AcDbEntity
  8
F.Silkscreen
  6
CONTINUOUS
100
AcDbLine
 10
5.9154801181102359
 20
-3.4500132677165354
 30
0
 11
5.9152653543307085
 21
-3.4496423228346456
 31
0
  0
LINE
  5
401
330
22
100
AcDbEntity
  8
F.Silkscreen
  6
CONTINUOUS
100
AcDbLine
 10
5.9152653543307085
 20
-3.4496423228346456
 30
0
 11
5.915013937007874
 21
-3.4492949212598423
 31
0
  0
LINE
  5
402
330
22
100
AcDbEntity
  8
F.Silkscreen
  6
CONTINUOUS
100
AcDbLine
 10
5.915013937007874
 20
-3.4492949212598423
 30
0
 11
5.9149399606299209
 21
-3.4490803149606299
 31
0
  0
LINE
  5
403
330
22
100
AcDbEntity
  8
F.Silkscreen
  6
CONTINUOUS
100
AcDbLine
 10
5.9149399606299209
 20
-3.4490803149606299
 30
0
 11
5.9149028740157483
 21
-3.4490162204724411
 31
0
  0
LINE
  5
404
330
22
100
AcDbEntity
  8
F.Silkscreen
  6
CONTINUOUS
100
AcDbLine
 10
5.9149028740157483
 20
-3.4490162204724411
 30
0
 11
5.9148934251968504
 21
-3.448945275590551
 31
0
  0
LINE
  5
405
330
22
100
AcDbEntity
  8
F.Silkscreen
  6
CONTINUOUS
100
AcDbLine
 10
5.9148934251968504
 20
-3.448945275590551
 30
0
 11
5.9148253543307083
 21
-3.4487476771653545
 31
0
  0
LINE
  5
406
330
22
100
AcDbEntity
  8
F.Silkscreen
  6
CONTINUOUS
100
AcDbLine
 10
5.9148253543307083
 20
-3.4487476771653545
 30
0
 11
5.9054515354330706
 21
-3.4093775984251966
 31
0
  0
LINE
  5
407
330
22
100
AcDbEntity
  8
F.Silkscreen
  6
CONTINUOUS
100
AcDbLine
 10
5.9054515354330706
 20
-3.4093775984251966
 30
0
 11
5.9053732677165351
 21
-3.40880405511811
 31
0
  0
LINE
  5
408
330
22
100
AcDbEntity
  8
F.Silkscreen
  6
CONTINUOUS
100
AcDbLine
 10
5.9053732677165351
 20
-3.40880405511811
 30
0
 11
5.9055556692913385
 21
-3.4076664566929131
 31
0
  0
LINE
  5
409
330
22
100
AcDbEntity
  8
F.Silkscreen
  6
CONTINUOUS
100
AcDbLine
 10
5.9055556692913385
 20
-3.4076664566929131
 30
0
 11
5.9061594488188973
 21
-3.4066852755905512
 31
0
  0
LINE
  5
40A
330
22
100
AcDbEntity
  8
F.Silkscreen
  6
CONTINUOUS
100
AcDbLine
 10
5.9061594488188973
 20
-3.4066852755905512
 30
0
 11
5.9070927952755907
 21
-3.4060098031496064
 31
0
  0
LINE
  5
40B
330
22
100
AcDbEntity
  8
F.Silkscreen
  6
CONTINUOUS
100
AcDbLine
 10
5.9070927952755907
 20
-3.4060098031496064
 30
0
 11
5.9082135826771651
 21
-3.4057429527559053
 31
0
  0
LINE
  5
40C
330
22
100
AcDbEntity
  8
F.Silkscreen
  6
CONTINUOUS
100
AcDbLine
 10
5.9082135826771651
 20
-3.4057429527559053
 30
0
 11
5.9093511811023625
 21
-3.4059253543307086
 31
0
  0
LINE
  5
40D
330
22
100
AcDbEntity
  8
F.Silkscreen
  6
CONTINUOUS
100
AcDbLine
 10
5.9093511811023625
 20
-3.4059253543307086
 30
0
 11
5.9103323622047244
 21
-3.4065291338582675
 31
0
  0
LINE
  5
40E
330
22
100
AcDbEntity
  8
F.Silkscreen
  6
CONTINUOUS
100
AcDbLine
 10
5.9103323622047244
 20
-3.4065291338582675
 30
0
 11
5.9110078346456696
 21
-3.4074624803149605
 31
0
  0
LINE
  5
40F
330
22
100
AcDbEntity
  8
F.Silkscreen
  6
CONTINUOUS
100
AcDbLine
 10
5.9110078346456696
 20
-3.4074624803149605
 30
0
 11
5.9111964173228344
 21
-3.4080097244094487
 31
0
  0
LINE
  5
410
330
22
100
AcDbEntity
  8
F.Silkscreen
  6
CONTINUOUS
100
AcDbLine
 10
5.9111964173228344
 20
-3.4080097244094487
 30
0
 11
5.9178598425196851
 21
-3.4359961811023623
 31
0
  0
LINE
  5
411
330
22
100
AcDbEntity
  8
F.Silkscreen
  6
CONTINUOUS
100
AcDbLine
 10
5.9178598425196851
 20
-3.4359961811023623
 30
0
 11
5.9223437795275586
 21
-3.4191814173228345
 31
0
  0
LINE
  5
412
330
22
100
AcDbEntity
  8
F.Silkscreen
  6
CONTINUOUS
100
AcDbLine
 10
5.9223437795275586
 20
-3.4191814173228345
 30
0
 11
5.9223943700787398
 21
-3.4190464173228348
 31
0
  0
LINE
  5
413
330
22
100
AcDbEntity
  8
F.Silkscreen
  6
CONTINUOUS
100
AcDbLine
 10
5.9223943700787398
 20
-3.4190464173228348
 30
0
 11
5.9224019291338585
 21
-3.4189897637795275
 31
0
  0
LINE
  5
414
330
22
100
AcDbEntity
  8
F.Silkscreen
  6
CONTINUOUS
100
AcDbLine
 10
5.9224019291338585
 20
-3.4189897637795275
 30
0
 11
5.9224408661417325
 21
-3.4189224409448817
 31
0
  0
LINE
  5
415
330
22
100
AcDbEntity
  8
F.Silkscreen
  6
CONTINUOUS
100
AcDbLine
 10
5.9224408661417325
 20
-3.4189224409448817
 30
0
 11
5.9225470472440946
 21
-3.4186394094488186
 31
0
  0
LINE
  5
416
330
22
100
AcDbEntity
  8
F.Silkscreen
  6
CONTINUOUS
100
AcDbLine
 10
5.9225470472440946
 20
-3.4186394094488186
 30
0
 11
5.9227839370078739
 21
-3.4183299212598426
 31
0
  0
LINE
  5
417
330
22
100
AcDbEntity
  8
F.Silkscreen
  6
CONTINUOUS
100
AcDbLine
 10
5.9227839370078739
 20
-3.4183299212598426
 30
0
 11
5.9229791732283461
 21
-3.4179927165354331
 31
0
  0
LINE
  5
418
330
22
100
AcDbEntity
  8
F.Silkscreen
  6
CONTINUOUS
100
AcDbLine
 10
5.9229791732283461
 20
-3.4179927165354331
 30
0
 11
5.9231310236220471
 21
-3.4178764566929134
 31
0
  0
LINE
  5
419
330
22
100
AcDbEntity
  8
F.Silkscreen
  6
CONTINUOUS
100
AcDbLine
 10
5.9231310236220471
 20
-3.4178764566929134
 30
0
 11
5.9232473228346452
 21
-3.4177245669291336
 31
0
  0
LINE
  5
41A
330
22
100
AcDbEntity
  8
F.Silkscreen
  6
CONTINUOUS
100
AcDbLine
 10
5.9232473228346452
 20
-3.4177245669291336
 30
0
 11
5.9235846062992126
 21
-3.4175292519685039
 31
0
  0
LINE
  5
41B
330
22
100
AcDbEntity
  8
F.Silkscreen
  6
CONTINUOUS
100
AcDbLine
 10
5.9235846062992126
 20
-3.4175292519685039
 30
0
 11
5.9238940551181098
 21
-3.4172924409448817
 31
0
  0
LINE
  5
41C
330
22
100
AcDbEntity
  8
F.Silkscreen
  6
CONTINUOUS
100
AcDbLine
 10
5.9238940551181098
 20
-3.4172924409448817
 30
0
 11
5.9240787795275587
 21
-3.4172431496062989
 31
0
  0
LINE
  5
41D
330
22
100
AcDbEntity
  8
F.Silkscreen
  6
CONTINUOUS
100
AcDbLine
 10
5.9240787795275587
 20
-3.4172431496062989
 30
0
 11
5.9242443700787399
 21
-3.4171473228346456
 31
0
  0
LINE
  5
41E
330
22
100
AcDbEntity
  8
F.Silkscreen
  6
CONTINUOUS
100
AcDbLine
 10
5.9242443700787399
 20
-3.4171473228346456
 30
0
 11
5.9246308661417322
 21
-3.4170959448818898
 31
0
  0
LINE
  5
41F
330
22
100
AcDbEntity
  8
F.Silkscreen
  6
CONTINUOUS
100
AcDbLine
 10
5.9246308661417322
 20
-3.4170959448818898
 30
0
 11
5.9250072834645664
 21
-3.4169955905511809
 31
0
  0
LINE
  5
420
330
22
100
AcDbEntity
  8
F.Silkscreen
  6
CONTINUOUS
100
AcDbLine
 10
5.9250072834645664
 20
-3.4169955905511809
 30
0
 11
5.9251967322834647
 21
-3.4170207480314958
 31
0
  0
LINE
  5
421
330
22
100
AcDbEntity
  8
F.Silkscreen
  6
CONTINUOUS
100
AcDbLine
 10
5.9251967322834647
 20
-3.4170207480314958
 30
0
 11
5.9253864566929133
 21
-3.4169955511811021
 31
0
  0
LINE
  5
422
330
22
100
AcDbEntity
  8
F.Silkscreen
  6
CONTINUOUS
100
AcDbLine
 10
5.9253864566929133
 20
-3.4169955511811021
 30
0
 11
5.9257632283464563
 21
-3.4170960236220473
 31
0
  0
LINE
  5
423
330
22
100
AcDbEntity
  8
F.Silkscreen
  6
CONTINUOUS
100
AcDbLine
 10
5.9257632283464563
 20
-3.4170960236220473
 30
0
 11
5.926149330708661
 21
-3.4171473228346456
 31
0
  0
LINE
  5
424
330
22
100
AcDbEntity
  8
F.Silkscreen
  6
CONTINUOUS
100
AcDbLine
 10
5.926149330708661
 20
-3.4171473228346456
 30
0
 11
5.9263147244094485
 21
-3.4172430708661419
 31
0
  0
LINE
  5
425
330
22
100
AcDbEntity
  8
F.Silkscreen
  6
CONTINUOUS
100
AcDbLine
 10
5.9263147244094485
 20
-3.4172430708661419
 30
0
 11
5.9264996456692911
 21
-3.417292401574803
 31
0
  0
LINE
  5
426
330
22
100
AcDbEntity
  8
F.Silkscreen
  6
CONTINUOUS
100
AcDbLine
 10
5.9264996456692911
 20
-3.417292401574803
 30
0
 11
5.9268091732283459
 21
-3.4175293307086614
 31
0
  0
LINE
  5
427
330
22
100
AcDbEntity
  8
F.Silkscreen
  6
CONTINUOUS
100
AcDbLine
 10
5.9268091732283459
 20
-3.4175293307086614
 30
0
 11
5.9271463779527558
 21
-3.4177245669291336
 31
0
  0
LINE
  5
428
330
22
100
AcDbEntity
  8
F.Silkscreen
  6
CONTINUOUS
100
AcDbLine
 10
5.9271463779527558
 20
-3.4177245669291336
 30
0
 11
5.9272625984251963
 21
-3.4178764173228346
 31
0
  0
LINE
  5
429
330
22
100
AcDbEntity
  8
F.Silkscreen
  6
CONTINUOUS
100
AcDbLine
 10
5.9272625984251963
 20
-3.4178764173228346
 30
0
 11
5.9274145275590548
 21
-3.4179927165354331
 31
0
  0
LINE
  5
42A
330
22
100
AcDbEntity
  8
F.Silkscreen
  6
CONTINUOUS
100
AcDbLine
 10
5.9274145275590548
 20
-3.4179927165354331
 30
0
 11
5.9276098425196846
 21
-3.4183300393700788
 31
0
  0
LINE
  5
42B
330
22
100
AcDbEntity
  8
F.Silkscreen
  6
CONTINUOUS
100
AcDbLine
 10
5.9276098425196846
 20
-3.4183300393700788
 30
0
 11
5.9278466535433072
 21
-3.4186394488188974
 31
0
  0
LINE
  5
42C
330
22
100
AcDbEntity
  8
F.Silkscreen
  6
CONTINUOUS
100
AcDbLine
 10
5.9278466535433072
 20
-3.4186394488188974
 30
0
 11
5.9279527165354331
 21
-3.4189222834645667
 31
0
  0
LINE
  5
42D
330
22
100
AcDbEntity
  8
F.Silkscreen
  6
CONTINUOUS
100
AcDbLine
 10
5.9279527165354331
 20
-3.4189222834645667
 30
0
 11
5.9279917716535433
 21
-3.4189897244094487
 31
0
  0
LINE
  5
42E
330
22
100
AcDbEntity
  8
F.Silkscreen
  6
CONTINUOUS
100
AcDbLine
 10
5.9279917716535433
 20
-3.4189897244094487
 30
0
 11
5.9279992913385824
 21
-3.4190464566929135
 31
0
  0
LINE
  5
42F
330
22
100
AcDbEntity
  8
F.Silkscreen
  6
CONTINUOUS
100
AcDbLine
 10
5.9279992913385824
 20
-3.4190464566929135
 30
0
 11
5.9280499212598423
 21
-3.4191814173228345
 31
0
  0
LINE
  5
430
330
22
100
AcDbEntity
  8
F.Silkscreen
  6
CONTINUOUS
100
AcDbLine
 10
5.9280499212598423
 20
-3.4191814173228345
 30
0
 11
5.932533818897638
 21
-3.4359961811023623
 31
0
  0
LINE
  5
431
330
22
100
AcDbEntity
  8
F.Silkscreen
  6
CONTINUOUS
100
AcDbLine
 10
5.932533818897638
 20
-3.4359961811023623
 30
0
 11
5.9391973228346453
 21
-3.4080097637795275
 31
0
  0
LINE
  5
432
330
22
100
AcDbEntity
  8
F.Silkscreen
  6
CONTINUOUS
100
AcDbLine
 10
5.9391973228346453
 20
-3.4080097637795275
 30
0
 11
5.939385905511811
 21
-3.4074624803149605
 31
0
  0
LINE
  5
433
330
22
100
AcDbEntity
  8
F.Silkscreen
  6
CONTINUOUS
100
AcDbLine
 10
5.939385905511811
 20
-3.4074624803149605
 30
0
 11
5.9400613779527554
 21
-3.4065291338582675
 31
0
  0
LINE
  5
434
330
22
100
AcDbEntity
  8
F.Silkscreen
  6
CONTINUOUS
100
AcDbLine
 10
5.9400613779527554
 20
-3.4065291338582675
 30
0
 11
5.9410425590551181
 21
-3.4059253543307086
 31
0
  0
LINE
  5
435
330
22
100
AcDbEntity
  8
F.Silkscreen
  6
CONTINUOUS
100
AcDbLine
 10
5.9410425590551181
 20
-3.4059253543307086
 30
0
 11
5.9421801574803146
 21
-3.4057429527559053
 31
0
  0
LINE
  5
436
330
22
100
AcDbEntity
  8
F.Silkscreen
  6
CONTINUOUS
100
AcDbLine
 10
5.9421801574803146
 20
-3.4057429527559053
 30
0
 11
5.9433009448818899
 21
-3.4060098425196847
 31
0
  0
LINE
  5
437
330
22
100
AcDbEntity
  8
F.Silkscreen
  6
CONTINUOUS
100
AcDbLine
 10
7.4590489763779528
 20
-3.4060098425196847
 30
0
 11
7.4599823228346454
 21
-3.4066852755905512
 31
0
  0
LINE
  5
438
330
22
100
AcDbEntity
  8
F.Silkscreen
  6
CONTINUOUS
100
AcDbLine
 10
7.4599823228346454
 20
-3.4066852755905512
 30
0
 11
7.4605861023622042
 21
-3.4076664566929131
 31
0
  0
LINE
  5
439
330
22
100
AcDbEntity
  8
F.Silkscreen
  6
CONTINUOUS
100
AcDbLine
 10
7.4605861023622042
 20
-3.4076664566929131
 30
0
 11
7.4607685039370075
 21
-3.40880405511811
 31
0
  0
LINE
  5
43A
330
22
100
AcDbEntity
  8
F.Silkscreen
  6
CONTINUOUS
100
AcDbLine
 10
7.4607685039370075
 20
-3.40880405511811
 30
0
 11
7.4606902362204721
 21
-3.4093775984251966
 31
0
  0
LINE
  5
43B
330
22
100
AcDbEntity
  8
F.Silkscreen
  6
CONTINUOUS
100
AcDbLine
 10
7.4606902362204721
 20
-3.4093775984251966
 30
0
 11
7.4513163779527556
 21
-3.4487476771653545
 31
0
  0
LINE
  5
43C
330
22
100
AcDbEntity
  8
F.Silkscreen
  6
CONTINUOUS
100
AcDbLine
 10
7.4513163779527556
 20
-3.4487476771653545
 30
0
 11
7.4512482677165357
 21
-3.4489452362204722
 31
0
  0
LINE
  5
43D
330
22
100
AcDbEntity
  8
F.Silkscreen
  6
CONTINUOUS
100
AcDbLine
 10
7.4512482677165357
 20
-3.4489452362204722
 30
0
 11
7.4512388582677165
 21
-3.4490162598425198
 31
0
  0
LINE
  5
43E
330
22
100
AcDbEntity
  8
F.Silkscreen
  6
CONTINUOUS
100
AcDbLine
 10
7.4512388582677165
 20
-3.4490162598425198
 30
0
 11
7.4512016929133855
 21
-3.4490803937007875
 31
0
  0
LINE
  5
43F
330
22
100
AcDbEntity
  8
F.Silkscreen
  6
CONTINUOUS
100
AcDbLine
 10
7.4512016929133855
 20
-3.4490803937007875
 30
0
 11
7.4511277952755908
 21
-3.4492949212598423
 31
0
  0
LINE
  5
440
330
22
100
AcDbEntity
  8
F.Silkscreen
  6
CONTINUOUS
100
AcDbLine
 10
7.4511277952755908
 20
-3.4492949212598423
 30
0
 11
7.4508763779527554
 21
-3.4496422834645668
 31
0
  0
LINE
  5
441
330
22
100
AcDbEntity
  8
F.Silkscreen
  6
CONTINUOUS
100
AcDbLine
 10
7.4508763779527554
 20
-3.4496422834645668
 30
0
 11
7.450661614173228
 21
-3.4500132677165354
 31
0
  0
LINE
  5
442
330
22
100
AcDbEntity
  8
F.Silkscreen
  6
CONTINUOUS
100
AcDbLine
 10
7.450661614173228
 20
-3.4500132677165354
 30
0
 11
7.4505412204724406
 21
-3.4501053937007873
 31
0
  0
LINE
  5
443
330
22
100
AcDbEntity
  8
F.Silkscreen
  6
CONTINUOUS
100
AcDbLine
 10
7.4505412204724406
 20
-3.4501053937007873
 30
0
 11
7.4504523228346455
 21
-3.4502282677165352
 31
0
  0
LINE
  5
444
330
22
100
AcDbEntity
  8
F.Silkscreen
  6
CONTINUOUS
100
AcDbLine
 10
7.4504523228346455
 20
-3.4502282677165352
 30
0
 11
7.4500872834645664
 21
-3.4504528740157481
 31
0
  0
LINE
  5
445
330
22
100
AcDbEntity
  8
F.Silkscreen
  6
CONTINUOUS
100
AcDbLine
 10
7.4500872834645664
 20
-3.4504528740157481
 30
0
 11
7.4497467322834643
 21
-3.4507135826771651
 31
0
  0
LINE
  5
446
330
22
100
AcDbEntity
  8
F.Silkscreen
  6
CONTINUOUS
100
AcDbLine
 10
7.4497467322834643
 20
-3.4507135826771651
 30
0
 11
7.4496001181102365
 21
-3.4507526771653541
 31
0
  0
LINE
  5
447
330
22
100
AcDbEntity
  8
F.Silkscreen
  6
CONTINUOUS
100
AcDbLine
 10
7.4496001181102365
 20
-3.4507526771653541
 30
0
 11
7.4494711417322836
 21
-3.4508320472440945
 31
0
  0
LINE
  5
448
330
22
100
AcDbEntity
  8
F.Silkscreen
  6
CONTINUOUS
100
AcDbLine
 10
7.4494711417322836
 20
-3.4508320472440945
 30
0
 11
7.4490481496062992
 21
-3.4508998425196848
 31
0
  0
LINE
  5
449
330
22
100
AcDbEntity
  8
F.Silkscreen
  6
CONTINUOUS
100
AcDbLine
 10
7.4490481496062992
 20
-3.4508998425196848
 30
0
 11
7.4486335433070865
 21
-3.451010433070866
 31
0
  0
LINE
  5
44A
330
22
100
AcDbEntity
  8
F.Silkscreen
  6
CONTINUOUS
100
AcDbLine
 10
7.4486335433070865
 20
-3.451010433070866
 30
0
 11
7.4484831889763781
 21
-3.4509904330708663
 31
0
  0
LINE
  5
44B
330
22
100
AcDbEntity
  8
F.Silkscreen
  6
CONTINUOUS
100
AcDbLine
 10
7.4484831889763781
 20
-3.4509904330708663
 30
0
 11
7.4483335433070863
 21
-3.4510144488188974
 31
0
  0
LINE
  5
44C
330
22
100
AcDbEntity
  8
F.Silkscreen
  6
CONTINUOUS
100
AcDbLine
 10
7.4483335433070863
 20
-3.4510144488188974
 30
0
 11
7.4479163779527555
 21
-3.450915118110236
 31
0
  0
LINE
  5
44D
330
22
100
AcDbEntity
  8
F.Silkscreen
  6
CONTINUOUS
100
AcDbLine
 10
7.4479163779527555
 20
-3.450915118110236
 30
0
 11
7.4474914566929131
 21
-3.4508586614173229
 31
0
  0
LINE
  5
44E
330
22
100
AcDbEntity
  8
F.Silkscreen
  6
CONTINUOUS
100
AcDbLine
 10
7.4474914566929131
 20
-3.4508586614173229
 30
0
 11
7.447360275590551
 21
-3.450782716535433
 31
0
  0
LINE
  5
44F
330
22
100
AcDbEntity
  8
F.Silkscreen
  6
CONTINUOUS
100
AcDbLine
 10
7.447360275590551
 20
-3.450782716535433
 30
0
 11
7.4472127559055119
 21
-3.4507475984251967
 31
0
  0
LINE
  5
450
330
22
100
AcDbEntity
  8
F.Silkscreen
  6
CONTINUOUS
100
AcDbLine
 10
7.4472127559055119
 20
-3.4507475984251967
 30
0
 11
7.4468653149606299
 21
-3.4504961417322835
 31
0
  0
LINE
  5
451
330
22
100
AcDbEntity
  8
F.Silkscreen
  6
CONTINUOUS
100
AcDbLine
 10
7.4468653149606299
 20
-3.4504961417322835
 30
0
 11
7.4464944094488184
 21
-3.4502814173228344
 31
0
  0
LINE
  5
452
330
22
100
AcDbEntity
  8
F.Silkscreen
  6
CONTINUOUS
100
AcDbLine
 10
7.4464944094488184
 20
-3.4502814173228344
 30
0
 11
7.4464022440944877
 21
-3.450161023622047
 31
0
  0
LINE
  5
453
330
22
100
AcDbEntity
  8
F.Silkscreen
  6
CONTINUOUS
100
AcDbLine
 10
7.4464022440944877
 20
-3.450161023622047
 30
0
 11
7.4462794094488185
 21
-3.4500721259842519
 31
0
  0
LINE
  5
454
330
22
100
AcDbEntity
  8
F.Silkscreen
  6
CONTINUOUS
100
AcDbLine
 10
7.4462794094488185
 20
-3.4500721259842519
 30
0
 11
7.4460547637795278
 21
-3.4497070472440945
 31
0
  0
LINE
  5
455
330
22
100
AcDbEntity
  8
F.Silkscreen
  6
CONTINUOUS
100
AcDbLine
 10
7.4460547637795278
 20
-3.4497070472440945
 30
0
 11
7.4457941338582678
 21
-3.4493665748031495
 31
0
  0
LINE
  5
456
330
22
100
AcDbEntity
  8
F.Silkscreen
  6
CONTINUOUS
100
AcDbLine
 10
7.4457941338582678
 20
-3.4493665748031495
 30
0
 11
7.4457143700787398
 21
-3.4491538976377951
 31
0
  0
LINE
  5
457
330
22
100
AcDbEntity
  8
F.Silkscreen
  6
CONTINUOUS
100
AcDbLine
 10
7.4457143700787398
 20
-3.4491538976377951
 30
0
 11
7.4456756299212596
 21
-3.4490909448818896
 31
0
  0
LINE
  5
458
330
22
100
AcDbEntity
  8
F.Silkscreen
  6
CONTINUOUS
100
AcDbLine
 10
7.4456756299212596
 20
-3.4490909448818896
 30
0
 11
7.4456642913385824
 21
-3.4490204330708663
 31
0
  0
LINE
  5
459
330
22
100
AcDbEntity
  8
F.Silkscreen
  6
CONTINUOUS
100
AcDbLine
 10
7.4456642913385824
 20
-3.4490204330708663
 30
0
 11
7.4455908661417318
 21
-3.448824566929134
 31
0
  0
LINE
  5
45A
330
22
100
AcDbEntity
  8
F.Silkscreen
  6
CONTINUOUS
100
AcDbLine
 10
7.4455908661417318
 20
-3.448824566929134
 30
0
 11
7.4409448425196851
 21
-3.431402086614173
 31
0
  0
LINE
  5
45B
330
22
100
AcDbEntity
  8
F.Silkscreen
  6
CONTINUOUS
100
AcDbLine
 10
7.4409448425196851
 20
-3.431402086614173
 30
0
 11
7.4362988976377951
 21
-3.448824566929134
 31
0
  0
LINE
  5
45C
330
22
100
AcDbEntity
  8
F.Silkscreen
  6
CONTINUOUS
100
AcDbLine
 10
7.4362988976377951
 20
-3.448824566929134
 30
0
 11
7.4362254330708657
 21
-3.4490203937007875
 31
0
  0
LINE
  5
45D
330
22
100
AcDbEntity
  8
F.Silkscreen
  6
CONTINUOUS
100
AcDbLine
 10
7.4362254330708657
 20
-3.4490203937007875
 30
0
 11
7.4362141338582672
 21
-3.4490909448818896
 31
0
  0
LINE
  5
45E
330
22
100
AcDbEntity
  8
F.Silkscreen
  6
CONTINUOUS
100
AcDbLine
 10
7.4362141338582672
 20
-3.4490909448818896
 30
0
 11
7.4361753543307083
 21
-3.4491539370078739
 31
0
  0
LINE
  5
45F
330
22
100
AcDbEntity
  8
F.Silkscreen
  6
CONTINUOUS
100
AcDbLine
 10
7.4361753543307083
 20
-3.4491539370078739
 30
0
 11
7.4360956299212599
 21
-3.4493665354330707
 31
0
  0
LINE
  5
460
330
22
100
AcDbEntity
  8
F.Silkscreen
  6
CONTINUOUS
100
AcDbLine
 10
7.4360956299212599
 20
-3.4493665354330707
 30
0
 11
7.4358350393700787
 21
-3.4497069291338582
 31
0
  0
LINE
  5
461
330
22
100
AcDbEntity
  8
F.Silkscreen
  6
CONTINUOUS
100
AcDbLine
 10
7.4358350393700787
 20
-3.4497069291338582
 30
0
 11
7.4356103543307084
 21
-3.4500721259842519
 31
0
  0
LINE
  5
462
330
22
100
AcDbEntity
  8
F.Silkscreen
  6
CONTINUOUS
100
AcDbLine
 10
7.4356103543307084
 20
-3.4500721259842519
 30
0
 11
7.4354874803149604
 21
-3.450161023622047
 31
0
  0
LINE
  5
463
330
22
100
AcDbEntity
  8
F.Silkscreen
  6
CONTINUOUS
100
AcDbLine
 10
7.4354874803149604
 20
-3.450161023622047
 30
0
 11
7.4353953543307085
 21
-3.4502814173228344
 31
0
  0
LINE
  5
464
330
22
100
AcDbEntity
  8
F.Silkscreen
  6
CONTINUOUS
100
AcDbLine
 10
7.4353953543307085
 20
-3.4502814173228344
 30
0
 11
7.4350244094488191
 21
-3.4504961417322835
 31
0
  0
LINE
  5
465
330
22
100
AcDbEntity
  8
F.Silkscreen
  6
CONTINUOUS
100
AcDbLine
 10
7.4350244094488191
 20
-3.4504961417322835
 30
0
 11
7.4346770078740159
 21
-3.4507475984251967
 31
0
  0
LINE
  5
466
330
22
100
AcDbEntity
  8
F.Silkscreen
  6
CONTINUOUS
100
AcDbLine
 10
7.4346770078740159
 20
-3.4507475984251967
 30
0
 11
7.4345294488188971
 21
-3.450782716535433
 31
0
  0
LINE
  5
467
330
22
100
AcDbEntity
  8
F.Silkscreen
  6
CONTINUOUS
100
AcDbLine
 10
7.4345294488188971
 20
-3.450782716535433
 30
0
 11
7.4343983070866138
 21
-3.4508586614173229
 31
0
  0
LINE
  5
468
330
22
100
AcDbEntity
  8
F.Silkscreen
  6
CONTINUOUS
100
AcDbLine
 10
7.4343983070866138
 20
-3.4508586614173229
 30
0
 11
7.4339734645669289
 21
-3.4509150787401572
 31
0
  0
LINE
  5
469
330
22
100
AcDbEntity
  8
F.Silkscreen
  6
CONTINUOUS
100
AcDbLine
 10
7.4339734645669289
 20
-3.4509150787401572
 30
0
 11
7.4335562204724406
 21
-3.4510144488188974
 31
0
  0
LINE
  5
46A
330
22
100
AcDbEntity
  8
F.Silkscreen
  6
CONTINUOUS
100
AcDbLine
 10
7.4335562204724406
 20
-3.4510144488188974
 30
0
 11
7.4334064566929134
 21
-3.4509904330708663
 31
0
  0
LINE
  5
46B
330
22
100
AcDbEntity
  8
F.Silkscreen
  6
CONTINUOUS
100
AcDbLine
 10
7.4334064566929134
 20
-3.4509904330708663
 30
0
 11
7.4332562598425191
 21
-3.4510103937007872
 31
0
  0
LINE
  5
46C
330
22
100
AcDbEntity
  8
F.Silkscreen
  6
CONTINUOUS
100
AcDbLine
 10
7.4332562598425191
 20
-3.4510103937007872
 30
0
 11
7.4328420078740152
 21
-3.4508999212598424
 31
0
  0
LINE
  5
46D
330
22
100
AcDbEntity
  8
F.Silkscreen
  6
CONTINUOUS
100
AcDbLine
 10
7.4328420078740152
 20
-3.4508999212598424
 30
0
 11
7.4324186220472441
 21
-3.4508320472440945
 31
0
  0
LINE
  5
46E
330
22
100
AcDbEntity
  8
F.Silkscreen
  6
CONTINUOUS
100
AcDbLine
 10
7.4324186220472441
 20
-3.4508320472440945
 30
0
 11
7.4322894881889763
 21
-3.450752598425197
 31
0
  0
LINE
  5
46F
330
22
100
AcDbEntity
  8
F.Silkscreen
  6
CONTINUOUS
100
AcDbLine
 10
7.4322894881889763
 20
-3.450752598425197
 30
0
 11
7.4321430314960626
 21
-3.4507135433070864
 31
0
  0
LINE
  5
470
330
22
100
AcDbEntity
  8
F.Silkscreen
  6
CONTINUOUS
100
AcDbLine
 10
7.4321430314960626
 20
-3.4507135433070864
 30
0
 11
7.4318025984251967
 21
-3.4504529527559056
 31
0
  0
LINE
  5
471
330
22
100
AcDbEntity
  8
F.Silkscreen
  6
CONTINUOUS
100
AcDbLine
 10
7.4318025984251967
 20
-3.4504529527559056
 30
0
 11
7.4314374409448813
 21
-3.4502282677165352
 31
0
  0
LINE
  5
472
330
22
100
AcDbEntity
  8
F.Silkscreen
  6
CONTINUOUS
100
AcDbLine
 10
7.4314374409448813
 20
-3.4502282677165352
 30
0
 11
7.4313485039370075
 21
-3.4501053937007873
 31
0
  0
LINE
  5
473
330
22
100
AcDbEntity
  8
F.Silkscreen
  6
CONTINUOUS
100
AcDbLine
 10
7.4313485039370075
 20
-3.4501053937007873
 30
0
 11
7.4312281496062988
 21
-3.4500132677165354
 31
0
  0
LINE
  5
474
330
22
100
AcDbEntity
  8
F.Silkscreen
  6
CONTINUOUS
100
AcDbLine
 10
7.4312281496062988
 20
-3.4500132677165354
 30
0
 11
7.4310133858267715
 21
-3.4496423228346456
 31
0
  0
LINE
  5
475
330
22
100
AcDbEntity
  8
F.Silkscreen
  6
CONTINUOUS
100
AcDbLine
 10
7.4310133858267715
 20
-3.4496423228346456
 30
0
 11
7.430761968503937
 21
-3.4492949212598423
 31
0
  0
LINE
  5
476
330
22
100
AcDbEntity
  8
F.Silkscreen
  6
CONTINUOUS
100
AcDbLine
 10
7.430761968503937
 20
-3.4492949212598423
 30
0
 11
7.4306879921259839
 21
-3.4490803149606299
 31
0
  0
LINE
  5
477
330
22
100
AcDbEntity
  8
F.Silkscreen
  6
CONTINUOUS
100
AcDbLine
 10
7.4306879921259839
 20
-3.4490803149606299
 30
0
 11
7.4306509055118113
 21
-3.4490162204724411
 31
0
  0
LINE
  5
478
330
22
100
AcDbEntity
  8
F.Silkscreen
  6
CONTINUOUS
100
AcDbLine
 10
7.4306509055118113
 20
-3.4490162204724411
 30
0
 11
7.4306414566929133
 21
-3.448945275590551
 31
0
  0
LINE
  5
479
330
22
100
AcDbEntity
  8
F.Silkscreen
  6
CONTINUOUS
100
AcDbLine
 10
7.4306414566929133
 20
-3.448945275590551
 30
0
 11
7.4305733858267713
 21
-3.4487476771653545
 31
0
  0
LINE
  5
47A
330
22
100
AcDbEntity
  8
F.Silkscreen
  6
CONTINUOUS
100
AcDbLine
 10
7.4305733858267713
 20
-3.4487476771653545
 30
0
 11
7.4211995669291335
 21
-3.4093775984251966
 31
0
  0
LINE
  5
47B
330
22
100
AcDbEntity
  8
F.Silkscreen
  6
CONTINUOUS
100
AcDbLine
 10
7.4211995669291335
 20
-3.4093775984251966
 30
0
 11
7.4211212992125981
 21
-3.40880405511811
 31
0
  0
LINE
  5
47C
330
22
100
AcDbEntity
  8
F.Silkscreen
  6
CONTINUOUS
100
AcDbLine
 10
7.4211212992125981
 20
-3.40880405511811
 30
0
 11
7.4213037007874014
 21
-3.4076664566929131
 31
0
  0
LINE
  5
47D
330
22
100
AcDbEntity
  8
F.Silkscreen
  6
CONTINUOUS
100
AcDbLine
 10
7.4213037007874014
 20
-3.4076664566929131
 30
0
 11
7.4219074803149603
 21
-3.4066852755905512
 31
0
  0
LINE
  5
47E
330
22
100
AcDbEntity
  8
F.Silkscreen
  6
CONTINUOUS
100
AcDbLine
 10
7.4219074803149603
 20
-3.4066852755905512
 30
0
 11
7.4228408267716537
 21
-3.4060098031496064
 31
0
  0
LINE
  5
47F
330
22
100
AcDbEntity
  8
F.Silkscreen
  6
CONTINUOUS
100
AcDbLine
 10
7.4228408267716537
 20
-3.4060098031496064
 30
0
 11
7.4239616141732281
 21
-3.4057429527559053
 31
0
  0
LINE
  5
480
330
22
100
AcDbEntity
  8
F.Silkscreen
  6
CONTINUOUS
100
AcDbLine
 10
7.4239616141732281
 20
-3.4057429527559053
 30
0
 11
7.4250992125984254
 21
-3.4059253543307086
 31
0
  0
LINE
  5
481
330
22
100
AcDbEntity
  8
F.Silkscreen
  6
CONTINUOUS
100
AcDbLine
 10
7.4250992125984254
 20
-3.4059253543307086
 30
0
 11
7.4260803937007873
 21
-3.4065291338582675
 31
0
  0
LINE
  5
482
330
22
100
AcDbEntity
  8
F.Silkscreen
  6
CONTINUOUS
100
AcDbLine
 10
7.4260803937007873
 20
-3.4065291338582675
 30
0
 11
7.4267558661417326
 21
-3.4074624803149605
 31
0
  0
LINE
  5
483
330
22
100
AcDbEntity
  8
F.Silkscreen
  6
CONTINUOUS
100
AcDbLine
 10
7.4267558661417326
 20
-3.4074624803149605
 30
0
 11
7.4269444488188974
 21
-3.4080097244094487
 31
0
  0
LINE
  5
484
330
22
100
AcDbEntity
  8
F.Silkscreen
  6
CONTINUOUS
100
AcDbLine
 10
7.4269444488188974
 20
-3.4080097244094487
 30
0
 11
7.4336078740157481
 21
-3.4359961811023623
 31
0
  0
LINE
  5
485
330
22
100
AcDbEntity
  8
F.Silkscreen
  6
CONTINUOUS
100
AcDbLine
 10
7.4336078740157481
 20
-3.4359961811023623
 30
0
 11
7.4380918110236216
 21
-3.4191814173228345
 31
0
  0
LINE
  5
486
330
22
100
AcDbEntity
  8
F.Silkscreen
  6
CONTINUOUS
100
AcDbLine
 10
7.4380918110236216
 20
-3.4191814173228345
 30
0
 11
7.4381424015748028
 21
-3.4190464173228348
 31
0
  0
LINE
  5
487
330
22
100
AcDbEntity
  8
F.Silkscreen
  6
CONTINUOUS
100
AcDbLine
 10
7.4381424015748028
 20
-3.4190464173228348
 30
0
 11
7.4381499606299215
 21
-3.4189897637795275
 31
0
  0
LINE
  5
488
330
22
100
AcDbEntity
  8
F.Silkscreen
  6
CONTINUOUS
100
AcDbLine
 10
7.4381499606299215
 20
-3.4189897637795275
 30
0
 11
7.4381888976377954
 21
-3.4189224409448817
 31
0
  0
LINE
  5
489
330
22
100
AcDbEntity
  8
F.Silkscreen
  6
CONTINUOUS
100
AcDbLine
 10
7.4381888976377954
 20
-3.4189224409448817
 30
0
 11
7.4382950787401576
 21
-3.4186394094488186
 31
0
  0
LINE
  5
48A
330
22
100
AcDbEntity
  8
F.Silkscreen
  6
CONTINUOUS
100
AcDbLine
 10
7.4382950787401576
 20
-3.4186394094488186
 30
0
 11
7.4385319685039368
 21
-3.4183299212598426
 31
0
  0
LINE
  5
48B
330
22
100
AcDbEntity
  8
F.Silkscreen
  6
CONTINUOUS
100
AcDbLine
 10
7.4385319685039368
 20
-3.4183299212598426
 30
0
 11
7.4387272047244091
 21
-3.4179927165354331
 31
0
  0
LINE
  5
48C
330
22
100
AcDbEntity
  8
F.Silkscreen
  6
CONTINUOUS
100
AcDbLine
 10
7.4387272047244091
 20
-3.4179927165354331
 30
0
 11
7.4388790551181101
 21
-3.4178764566929134
 31
0
  0
LINE
  5
48D
330
22
100
AcDbEntity
  8
F.Silkscreen
  6
CONTINUOUS
100
AcDbLine
 10
7.4388790551181101
 20
-3.4178764566929134
 30
0
 11
7.4389953543307081
 21
-3.4177245669291336
 31
0
  0
LINE
  5
48E
330
22
100
AcDbEntity
  8
F.Silkscreen
  6
CONTINUOUS
100
AcDbLine
 10
7.4389953543307081
 20
-3.4177245669291336
 30
0
 11
7.4393326377952755
 21
-3.4175292519685039
 31
0
  0
LINE
  5
48F
330
22
100
AcDbEntity
  8
F.Silkscreen
  6
CONTINUOUS
100
AcDbLine
 10
7.4393326377952755
 20
-3.4175292519685039
 30
0
 11
7.4396420866141728
 21
-3.4172924409448817
 31
0
  0
LINE
  5
490
330
22
100
AcDbEntity
  8
F.Silkscreen
  6
CONTINUOUS
100
AcDbLine
 10
7.4396420866141728
 20
-3.4172924409448817
 30
0
 11
7.4398268110236216
 21
-3.4172431496062989
 31
0
  0
LINE
  5
491
330
22
100
AcDbEntity
  8
F.Silkscreen
  6
CONTINUOUS
100
AcDbLine
 10
7.4398268110236216
 20
-3.4172431496062989
 30
0
 11
7.4399924015748029
 21
-3.4171473228346456
 31
0
  0
LINE
  5
492
330
22
100
AcDbEntity
  8
F.Silkscreen
  6
CONTINUOUS
100
AcDbLine
 10
7.4399924015748029
 20
-3.4171473228346456
 30
0
 11
7.4403788976377951
 21
-3.4170959448818898
 31
0
  0
LINE
  5
493
330
22
100
AcDbEntity
  8
F.Silkscreen
  6
CONTINUOUS
100
AcDbLine
 10
7.4403788976377951
 20
-3.4170959448818898
 30
0
 11
7.4407553149606294
 21
-3.4169955905511809
 31
0
  0
LINE
  5
494
330
22
100
AcDbEntity
  8
F.Silkscreen
  6
CONTINUOUS
100
AcDbLine
 10
7.4407553149606294
 20
-3.4169955905511809
 30
0
 11
7.4409447637795276
 21
-3.4170207480314958
 31
0
  0
LINE
  5
495
330
22
100
AcDbEntity
  8
F.Silkscreen
  6
CONTINUOUS
100
AcDbLine
 10
7.4409447637795276
 20
-3.4170207480314958
 30
0
 11
7.4411344881889763
 21
-3.4169955511811021
 31
0
  0
LINE
  5
496
330
22
100
AcDbEntity
  8
F.Silkscreen
  6
CONTINUOUS
100
AcDbLine
 10
7.4411344881889763
 20
-3.4169955511811021
 30
0
 11
7.4415112598425193
 21
-3.4170960236220473
 31
0
  0
LINE
  5
497
330
22
100
AcDbEntity
  8
F.Silkscreen
  6
CONTINUOUS
100
AcDbLine
 10
7.4415112598425193
 20
-3.4170960236220473
 30
0
 11
7.441897362204724
 21
-3.4171473228346456
 31
0
  0
LINE
  5
498
330
22
100
AcDbEntity
  8
F.Silkscreen
  6
CONTINUOUS
100
AcDbLine
 10
7.441897362204724
 20
-3.4171473228346456
 30
0
 11
7.4420627559055115
 21
-3.4172430708661419
 31
0
  0
LINE
  5
499
330
22
100
AcDbEntity
  8
F.Silkscreen
  6
CONTINUOUS
100
AcDbLine
 10
7.4420627559055115
 20
-3.4172430708661419
 30
0
 11
7.4422476771653541
 21
-3.417292401574803
 31
0
  0
LINE
  5
49A
330
22
100
AcDbEntity
  8
F.Silkscreen
  6
CONTINUOUS
100
AcDbLine
 10
7.4422476771653541
 20
-3.417292401574803
 30
0
 11
7.4425572047244088
 21
-3.4175293307086614
 31
0
  0
LINE
  5
49B
330
22
100
AcDbEntity
  8
F.Silkscreen
  6
CONTINUOUS
100
AcDbLine
 10
7.4425572047244088
 20
-3.4175293307086614
 30
0
 11
7.4428944094488187
 21
-3.4177245669291336
 31
0
  0
LINE
  5
49C
330
22
100
AcDbEntity
  8
F.Silkscreen
  6
CONTINUOUS
100
AcDbLine
 10
7.4428944094488187
 20
-3.4177245669291336
 30
0
 11
7.4430106299212593
 21
-3.4178764173228346
 31
0
  0
LINE
  5
49D
330
22
100
AcDbEntity
  8
F.Silkscreen
  6
CONTINUOUS
100
AcDbLine
 10
7.4430106299212593
 20
-3.4178764173228346
 30
0
 11
7.4431625590551178
 21
-3.4179927165354331
 31
0
  0
LINE
  5
49E
330
22
100
AcDbEntity
  8
F.Silkscreen
  6
CONTINUOUS
100
AcDbLine
 10
7.4431625590551178
 20
-3.4179927165354331
 30
0
 11
7.4433578740157476
 21
-3.4183300393700788
 31
0
  0
LINE
  5
49F
330
22
100
AcDbEntity
  8
F.Silkscreen
  6
CONTINUOUS
100
AcDbLine
 10
7.4433578740157476
 20
-3.4183300393700788
 30
0
 11
7.4435946850393702
 21
-3.4186394488188974
 31
0
  0
LINE
  5
4A0
330
22
100
AcDbEntity
  8
F.Silkscreen
  6
CONTINUOUS
100
AcDbLine
 10
7.4435946850393702
 20
-3.4186394488188974
 30
0
 11
7.4437007480314961
 21
-3.4189222834645667
 31
0
  0
LINE
  5
4A1
330
22
100
AcDbEntity
  8
F.Silkscreen
  6
CONTINUOUS
100
AcDbLine
 10
7.4437007480314961
 20
-3.4189222834645667
 30
0
 11
7.4437398031496063
 21
-3.4189897244094487
 31
0
  0
LINE
  5
4A2
330
22
100
AcDbEntity
  8
F.Silkscreen
  6
CONTINUOUS
100
AcDbLine
 10
7.4437398031496063
 20
-3.4189897244094487
 30
0
 11
7.4437473228346454
 21
-3.4190464566929135
 31
0
  0
LINE
  5
4A3
330
22
100
AcDbEntity
  8
F.Silkscreen
  6
CONTINUOUS
100
AcDbLine
 10
7.4437473228346454
 20
-3.4190464566929135
 30
0
 11
7.4437979527559053
 21
-3.4191814173228345
 31
0
  0
LINE
  5
4A4
330
22
100
AcDbEntity
  8
F.Silkscreen
  6
CONTINUOUS
100
AcDbLine
 10
7.4437979527559053
 20
-3.4191814173228345
 30
0
 11
7.4482818503937009
 21
-3.4359961811023623
 31
0
  0
LINE
  5
4A5
330
22
100
AcDbEntity
  8
F.Silkscreen
  6
CONTINUOUS
100
AcDbLine
 10
7.4482818503937009
 20
-3.4359961811023623
 30
0
 11
7.4549453543307083
 21
-3.4080097637795275
 31
0
  0
LINE
  5
4A6
330
22
100
AcDbEntity
  8
F.Silkscreen
  6
CONTINUOUS
100
AcDbLine
 10
7.4549453543307083
 20
-3.4080097637795275
 30
0
 11
7.455133937007874
 21
-3.4074624803149605
 31
0
  0
LINE
  5
4A7
330
22
100
AcDbEntity
  8
F.Silkscreen
  6
CONTINUOUS
100
AcDbLine
 10
7.455133937007874
 20
-3.4074624803149605
 30
0
 11
7.4558094094488183
 21
-3.4065291338582675
 31
0
  0
LINE
  5
4A8
330
22
100
AcDbEntity
  8
F.Silkscreen
  6
CONTINUOUS
100
AcDbLine
 10
7.4558094094488183
 20
-3.4065291338582675
 30
0
 11
7.4567905905511811
 21
-3.4059253543307086
 31
0
  0
LINE
  5
4A9
330
22
100
AcDbEntity
  8
F.Silkscreen
  6
CONTINUOUS
100
AcDbLine
 10
7.4567905905511811
 20
-3.4059253543307086
 30
0
 11
7.4579281889763775
 21
-3.4057429527559053
 31
0
  0
LINE
  5
4AA
330
22
100
AcDbEntity
  8
F.Silkscreen
  6
CONTINUOUS
100
AcDbLine
 10
7.4579281889763775
 20
-3.4057429527559053
 30
0
 11
7.4590489763779528
 21
-3.4060098425196847
 31
0
  0
LINE
  5
4AB
330
22
100
AcDbEntity
  8
F.Silkscreen
  6
CONTINUOUS
100
AcDbLine
 10
4.9505747637795272
 20
-3.0180135826771655
 30
0
 11
4.9507270078740158
 21
-3.0187789370078741
 31
0
  0
LINE
  5
4AC
330
22
100
AcDbEntity
  8
F.Silkscreen
  6
CONTINUOUS
100
AcDbLine
 10
4.9507270078740158
 20
-3.0187789370078741
 30
0
 11
4.9507270078740158
 21
-3.0466400787401575
 31
0
  0
LINE
  5
4AD
330
22
100
AcDbEntity
  8
F.Silkscreen
  6
CONTINUOUS
100
AcDbLine
 10
4.9507270078740158
 20
-3.0466400787401575
 30
0
 11
4.9520374015748034
 21
-3.0492609055118112
 31
0
  0
LINE
  5
4AE
330
22
100
AcDbEntity
  8
F.Silkscreen
  6
CONTINUOUS
100
AcDbLine
 10
4.9520374015748034
 20
-3.0492609055118112
 30
0
 11
4.9532450787401574
 21
-3.0504685826771651
 31
0
  0
LINE
  5
4AF
330
22
100
AcDbEntity
  8
F.Silkscreen
  6
CONTINUOUS
100
AcDbLine
 10
4.9532450787401574
 20
-3.0504685826771651
 30
0
 11
4.9558658267716531
 21
-3.0517789370078741
 31
0
  0
LINE
  5
4B0
330
22
100
AcDbEntity
  8
F.Silkscreen
  6
CONTINUOUS
100
AcDbLine
 10
4.9558658267716531
 20
-3.0517789370078741
 30
0
 11
4.9615882283464563
 21
-3.0517789370078741
 31
0
  0
LINE
  5
4B1
330
22
100
AcDbEntity
  8
F.Silkscreen
  6
CONTINUOUS
100
AcDbLine
 10
4.9615882283464563
 20
-3.0517789370078741
 30
0
 11
4.9642089763779529
 21
-3.0504685433070864
 31
0
  0
LINE
  5
4B2
330
22
100
AcDbEntity
  8
F.Silkscreen
  6
CONTINUOUS
100
AcDbLine
 10
4.9642089763779529
 20
-3.0504685433070864
 30
0
 11
4.9654166141732281
 21
-3.0492608661417324
 31
0
  0
LINE
  5
4B3
330
22
100
AcDbEntity
  8
F.Silkscreen
  6
CONTINUOUS
100
AcDbLine
 10
4.9654166141732281
 20
-3.0492608661417324
 30
0
 11
4.9667270078740158
 21
-3.046640157480315
 31
0
  0
LINE
  5
4B4
330
22
100
AcDbEntity
  8
F.Silkscreen
  6
CONTINUOUS
100
AcDbLine
 10
4.9667270078740158
 20
-3.046640157480315
 30
0
 11
4.9667270078740158
 21
-3.0187789370078741
 31
0
  0
LINE
  5
4B5
330
22
100
AcDbEntity
  8
F.Silkscreen
  6
CONTINUOUS
100
AcDbLine
 10
4.9667270078740158
 20
-3.0187789370078741
 30
0
 11
4.9668792519685034
 21
-3.0180135826771655
 31
0
  0
LINE
  5
4B6
330
22
100
AcDbEntity
  8
F.Silkscreen
  6
CONTINUOUS
100
AcDbLine
 10
4.9668792519685034
 20
-3.0180135826771655
 30
0
 11
4.9679616535433073
 21
-3.016931181102362
 31
0
  0
LINE
  5
4B7
330
22
100
AcDbEntity
  8
F.Silkscreen
  6
CONTINUOUS
100
AcDbLine
 10
4.9679616535433073
 20
-3.016931181102362
 30
0
 11
4.9694923622047247
 21
-3.016931181102362
 31
0
  0
LINE
  5
4B8
330
22
100
AcDbEntity
  8
F.Silkscreen
  6
CONTINUOUS
100
AcDbLine
 10
4.9694923622047247
 20
-3.016931181102362
 30
0
 11
4.9705747637795277
 21
-3.0180135826771655
 31
0
  0
LINE
  5
4B9
330
22
100
AcDbEntity
  8
F.Silkscreen
  6
CONTINUOUS
100
AcDbLine
 10
4.9705747637795277
 20
-3.0180135826771655
 30
0
 11
4.9707270078740153
 21
-3.0187789370078741
 31
0
  0
LINE
  5
4BA
330
22
100
AcDbEntity
  8
F.Silkscreen
  6
CONTINUOUS
100
AcDbLine
 10
4.9707270078740153
 20
-3.0187789370078741
 30
0
 11
4.9707270078740153
 21
-3.0471122834645668
 31
0
  0
LINE
  5
4BB
330
22
100
AcDbEntity
  8
F.Silkscreen
  6
CONTINUOUS
100
AcDbLine
 10
4.9707270078740153
 20
-3.0471122834645668
 30
0
 11
4.9707074409448815
 21
-3.0472105511811023
 31
0
  0
LINE
  5
4BC
330
22
100
AcDbEntity
  8
F.Silkscreen
  6
CONTINUOUS
100
AcDbLine
 10
4.9707074409448815
 20
-3.0472105511811023
 30
0
 11
4.9707219685039368
 21
-3.047254094488189
 31
0
  0
LINE
  5
4BD
330
22
100
AcDbEntity
  8
F.Silkscreen
  6
CONTINUOUS
100
AcDbLine
 10
4.9707219685039368
 20
-3.047254094488189
 30
0
 11
4.9706372440944877
 21
-3.0475633464566929
 31
0
  0
LINE
  5
4BE
330
22
100
AcDbEntity
  8
F.Silkscreen
  6
CONTINUOUS
100
AcDbLine
 10
4.9706372440944877
 20
-3.0475633464566929
 30
0
 11
4.9705747637795277
 21
-3.0478776377952754
 31
0
  0
LINE
  5
4BF
330
22
100
AcDbEntity
  8
F.Silkscreen
  6
CONTINUOUS
100
AcDbLine
 10
4.9705747637795277
 20
-3.0478776377952754
 30
0
 11
4.9705423228346453
 21
-3.0479100393700786
 31
0
  0
LINE
  5
4C0
330
22
100
AcDbEntity
  8
F.Silkscreen
  6
CONTINUOUS
100
AcDbLine
 10
4.9705423228346453
 20
-3.0479100393700786
 30
0
 11
4.9705158661417324
 21
-3.0480067322834645
 31
0
  0
LINE
  5
4C1
330
22
100
AcDbEntity
  8
F.Silkscreen
  6
CONTINUOUS
100
AcDbLine
 10
4.9705158661417324
 20
-3.0480067322834645
 30
0
 11
4.9688492125984247
 21
-3.0513399999999997
 31
0
  0
LINE
  5
4C2
330
22
100
AcDbEntity
  8
F.Silkscreen
  6
CONTINUOUS
100
AcDbLine
 10
4.9688492125984247
 20
-3.0513399999999997
 30
0
 11
4.9686527165354333
 21
-3.0515931102362206
 31
0
  0
LINE
  5
4C3
330
22
100
AcDbEntity
  8
F.Silkscreen
  6
CONTINUOUS
100
AcDbLine
 10
4.9686527165354333
 20
-3.0515931102362206
 30
0
 11
4.9684746062992122
 21
-3.0518597637795275
 31
0
  0
LINE
  5
4C4
330
22
100
AcDbEntity
  8
F.Silkscreen
  6
CONTINUOUS
100
AcDbLine
 10
4.9684746062992122
 20
-3.0518597637795275
 30
0
 11
4.9668079133858267
 21
-3.0535264960629922
 31
0
  0
LINE
  5
4C5
330
22
100
AcDbEntity
  8
F.Silkscreen
  6
CONTINUOUS
100
AcDbLine
 10
4.9668079133858267
 20
-3.0535264960629922
 30
0
 11
4.9665412598425194
 21
-3.0537046456692911
 31
0
  0
LINE
  5
4C6
330
22
100
AcDbEntity
  8
F.Silkscreen
  6
CONTINUOUS
100
AcDbLine
 10
4.9665412598425194
 20
-3.0537046456692911
 30
0
 11
4.9662881102362206
 21
-3.0539011417322834
 31
0
  0
LINE
  5
4C7
330
22
100
AcDbEntity
  8
F.Silkscreen
  6
CONTINUOUS
100
AcDbLine
 10
4.9662881102362206
 20
-3.0539011417322834
 30
0
 11
4.9629547637795275
 21
-3.0555677952755906
 31
0
  0
LINE
  5
4C8
330
22
100
AcDbEntity
  8
F.Silkscreen
  6
CONTINUOUS
100
AcDbLine
 10
4.9629547637795275
 20
-3.0555677952755906
 30
0
 11
4.9628581102362199
 21
-3.055594251968504
 31
0
  0
LINE
  5
4C9
330
22
100
AcDbEntity
  8
F.Silkscreen
  6
CONTINUOUS
100
AcDbLine
 10
4.9628581102362199
 20
-3.055594251968504
 30
0
 11
4.9628257086614171
 21
-3.055626692913386
 31
0
  0
LINE
  5
4CA
330
22
100
AcDbEntity
  8
F.Silkscreen
  6
CONTINUOUS
100
AcDbLine
 10
4.9628257086614171
 20
-3.055626692913386
 30
0
 11
4.9625112598425192
 21
-3.0556892125984252
 31
0
  0
LINE
  5
4CB
330
22
100
AcDbEntity
  8
F.Silkscreen
  6
CONTINUOUS
100
AcDbLine
 10
4.9625112598425192
 20
-3.0556892125984252
 30
0
 11
4.9622021259842519
 21
-3.0557738976377951
 31
0
  0
LINE
  5
4CC
330
22
100
AcDbEntity
  8
F.Silkscreen
  6
CONTINUOUS
100
AcDbLine
 10
4.9622021259842519
 20
-3.0557738976377951
 30
0
 11
4.9621585826771648
 21
-3.0557593700787402
 31
0
  0
LINE
  5
4CD
330
22
100
AcDbEntity
  8
F.Silkscreen
  6
CONTINUOUS
100
AcDbLine
 10
4.9621585826771648
 20
-3.0557593700787402
 30
0
 11
4.9620603543307089
 21
-3.0557789370078741
 31
0
  0
LINE
  5
4CE
330
22
100
AcDbEntity
  8
F.Silkscreen
  6
CONTINUOUS
100
AcDbLine
 10
4.9620603543307089
 20
-3.0557789370078741
 30
0
 11
4.9553937007874014
 21
-3.0557789370078741
 31
0
  0
LINE
  5
4CF
330
22
100
AcDbEntity
  8
F.Silkscreen
  6
CONTINUOUS
100
AcDbLine
 10
4.9553937007874014
 20
-3.0557789370078741
 30
0
 11
4.9552954330708658
 21
-3.0557593700787402
 31
0
  0
LINE
  5
4D0
330
22
100
AcDbEntity
  8
F.Silkscreen
  6
CONTINUOUS
100
AcDbLine
 10
4.9552954330708658
 20
-3.0557593700787402
 30
0
 11
4.9552519291338584
 21
-3.0557738976377951
 31
0
  0
LINE
  5
4D1
330
22
100
AcDbEntity
  8
F.Silkscreen
  6
CONTINUOUS
100
AcDbLine
 10
4.9552519291338584
 20
-3.0557738976377951
 30
0
 11
4.9549427165354327
 21
-3.0556892125984252
 31
0
  0
LINE
  5
4D2
330
22
100
AcDbEntity
  8
F.Silkscreen
  6
CONTINUOUS
100
AcDbLine
 10
4.9549427165354327
 20
-3.0556892125984252
 30
0
 11
4.9546283464566931
 21
-3.055626692913386
 31
0
  0
LINE
  5
4D3
330
22
100
AcDbEntity
  8
F.Silkscreen
  6
CONTINUOUS
100
AcDbLine
 10
4.9546283464566931
 20
-3.055626692913386
 30
0
 11
4.9545959055118107
 21
-3.055594251968504
 31
0
  0
LINE
  5
4D4
330
22
100
AcDbEntity
  8
F.Silkscreen
  6
CONTINUOUS
100
AcDbLine
 10
4.9545959055118107
 20
-3.055594251968504
 30
0
 11
4.954499251968504
 21
-3.0555677952755906
 31
0
  0
LINE
  5
4D5
330
22
100
AcDbEntity
  8
F.Silkscreen
  6
CONTINUOUS
100
AcDbLine
 10
4.954499251968504
 20
-3.0555677952755906
 30
0
 11
4.9511659448818897
 21
-3.0539011417322834
 31
0
  0
LINE
  5
4D6
330
22
100
AcDbEntity
  8
F.Silkscreen
  6
CONTINUOUS
100
AcDbLine
 10
4.9511659448818897
 20
-3.0539011417322834
 30
0
 11
4.9509126771653547
 21
-3.0537045669291336
 31
0
  0
LINE
  5
4D7
330
22
100
AcDbEntity
  8
F.Silkscreen
  6
CONTINUOUS
100
AcDbLine
 10
4.9509126771653547
 20
-3.0537045669291336
 30
0
 11
4.9506461417322836
 21
-3.0535264960629922
 31
0
  0
LINE
  5
4D8
330
22
100
AcDbEntity
  8
F.Silkscreen
  6
CONTINUOUS
100
AcDbLine
 10
4.9506461417322836
 20
-3.0535264960629922
 30
0
 11
4.9489794881889759
 21
-3.0518598031496063
 31
0
  0
LINE
  5
4D9
330
22
100
AcDbEntity
  8
F.Silkscreen
  6
CONTINUOUS
100
AcDbLine
 10
4.9489794881889759
 20
-3.0518598031496063
 30
0
 11
4.9488014566929133
 21
-3.0515933464566927
 31
0
  0
LINE
  5
4DA
330
22
100
AcDbEntity
  8
F.Silkscreen
  6
CONTINUOUS
100
AcDbLine
 10
4.9488014566929133
 20
-3.0515933464566927
 30
0
 11
4.9486048425196847
 21
-3.0513400393700785
 31
0
  0
LINE
  5
4DB
330
22
100
AcDbEntity
  8
F.Silkscreen
  6
CONTINUOUS
100
AcDbLine
 10
4.9486048425196847
 20
-3.0513400393700785
 30
0
 11
4.9469381496062992
 21
-3.0480067322834645
 31
0
  0
LINE
  5
4DC
330
22
100
AcDbEntity
  8
F.Silkscreen
  6
CONTINUOUS
100
AcDbLine
 10
4.9469381496062992
 20
-3.0480067322834645
 30
0
 11
4.9469116535433066
 21
-3.0479100393700786
 31
0
  0
LINE
  5
4DD
330
22
100
AcDbEntity
  8
F.Silkscreen
  6
CONTINUOUS
100
AcDbLine
 10
4.9469116535433066
 20
-3.0479100393700786
 30
0
 11
4.9468792519685039
 21
-3.0478776377952754
 31
0
  0
LINE
  5
4DE
330
22
100
AcDbEntity
  8
F.Silkscreen
  6
CONTINUOUS
100
AcDbLine
 10
4.9468792519685039
 20
-3.0478776377952754
 30
0
 11
4.9468167322834642
 21
-3.0475633464566929
 31
0
  0
LINE
  5
4DF
330
22
100
AcDbEntity
  8
F.Silkscreen
  6
CONTINUOUS
100
AcDbLine
 10
4.9468167322834642
 20
-3.0475633464566929
 30
0
 11
4.9467320472440948
 21
-3.047254094488189
 31
0
  0
LINE
  5
4E0
330
22
100
AcDbEntity
  8
F.Silkscreen
  6
CONTINUOUS
100
AcDbLine
 10
4.9467320472440948
 20
-3.047254094488189
 30
0
 11
4.9467465354330704
 21
-3.0472105511811023
 31
0
  0
LINE
  5
4E1
330
22
100
AcDbEntity
  8
F.Silkscreen
  6
CONTINUOUS
100
AcDbLine
 10
4.9467465354330704
 20
-3.0472105511811023
 30
0
 11
4.9467270078740153
 21
-3.0471122834645668
 31
0
  0
LINE
  5
4E2
330
22
100
AcDbEntity
  8
F.Silkscreen
  6
CONTINUOUS
100
AcDbLine
 10
4.9467270078740153
 20
-3.0471122834645668
 30
0
 11
4.9467270078740153
 21
-3.0187789370078741
 31
0
  0
LINE
  5
4E3
330
22
100
AcDbEntity
  8
F.Silkscreen
  6
CONTINUOUS
100
AcDbLine
 10
4.9467270078740153
 20
-3.0187789370078741
 30
0
 11
4.9468792519685039
 21
-3.0180135826771655
 31
0
  0
LINE
  5
4E4
330
22
100
AcDbEntity
  8
F.Silkscreen
  6
CONTINUOUS
100
AcDbLine
 10
4.9468792519685039
 20
-3.0180135826771655
 30
0
 11
4.9479616535433069
 21
-3.016931181102362
 31
0
  0
LINE
  5
4E5
330
22
100
AcDbEntity
  8
F.Silkscreen
  6
CONTINUOUS
100
AcDbLine
 10
4.9479616535433069
 20
-3.016931181102362
 30
0
 11
4.9494923622047242
 21
-3.016931181102362
 31
0
  0
LINE
  5
4E6
330
22
100
AcDbEntity
  8
F.Silkscreen
  6
CONTINUOUS
100
AcDbLine
 10
4.9494923622047242
 20
-3.016931181102362
 30
0
 11
4.9505747637795272
 21
-3.0180135826771655
 31
0
  0
LINE
  5
4E7
330
22
100
AcDbEntity
  8
F.Silkscreen
  6
CONTINUOUS
100
AcDbLine
 10
4.9942864566929135
 20
-3.016931181102362
 30
0
 11
4.9944923622047241
 21
-3.016931181102362
 31
0
  0
LINE
  5
4E8
330
22
100
AcDbEntity
  8
F.Silkscreen
  6
CONTINUOUS
100
AcDbLine
 10
4.9944923622047241
 20
-3.016931181102362
 30
0
 11
4.9949041338582676
 21
-3.0173429527559055
 31
0
  0
LINE
  5
4E9
330
22
100
AcDbEntity
  8
F.Silkscreen
  6
CONTINUOUS
100
AcDbLine
 10
4.9949041338582676
 20
-3.0173429527559055
 30
0
 11
4.9953887795275591
 21
-3.0176660629921259
 31
0
  0
LINE
  5
4EA
330
22
100
AcDbEntity
  8
F.Silkscreen
  6
CONTINUOUS
100
AcDbLine
 10
4.9953887795275591
 20
-3.0176660629921259
 30
0
 11
4.9954291338582673
 21
-3.0178679527559056
 31
0
  0
LINE
  5
4EB
330
22
100
AcDbEntity
  8
F.Silkscreen
  6
CONTINUOUS
100
AcDbLine
 10
4.9954291338582673
 20
-3.0178679527559056
 30
0
 11
4.9955747637795271
 21
-3.0180135826771655
 31
0
  0
LINE
  5
4EC
330
22
100
AcDbEntity
  8
F.Silkscreen
  6
CONTINUOUS
100
AcDbLine
 10
4.9955747637795271
 20
-3.0180135826771655
 30
0
 11
4.9957270078740157
 21
-3.0187789370078741
 31
0
  0
LINE
  5
4ED
330
22
100
AcDbEntity
  8
F.Silkscreen
  6
CONTINUOUS
100
AcDbLine
 10
4.9957270078740157
 20
-3.0187789370078741
 30
0
 11
4.9957270078740157
 21
-3.0517789370078741
 31
0
  0
LINE
  5
4EE
330
22
100
AcDbEntity
  8
F.Silkscreen
  6
CONTINUOUS
100
AcDbLine
 10
4.9957270078740157
 20
-3.0517789370078741
 30
0
 11
5.0037270078740157
 21
-3.0517789370078741
 31
0
  0
LINE
  5
4EF
330
22
100
AcDbEntity
  8
F.Silkscreen
  6
CONTINUOUS
100
AcDbLine
 10
5.0037270078740157
 20
-3.0517789370078741
 30
0
 11
5.0044923622047239
 21
-3.0519311811023622
 31
0
  0
LINE
  5
4F0
330
22
100
AcDbEntity
  8
F.Silkscreen
  6
CONTINUOUS
100
AcDbLine
 10
5.0044923622047239
 20
-3.0519311811023622
 30
0
 11
5.0055747637795278
 21
-3.0530135826771652
 31
0
  0
LINE
  5
4F1
330
22
100
AcDbEntity
  8
F.Silkscreen
  6
CONTINUOUS
100
AcDbLine
 10
5.0055747637795278
 20
-3.0530135826771652
 30
0
 11
5.0055747637795278
 21
-3.0545442913385825
 31
0
  0
LINE
  5
4F2
330
22
100
AcDbEntity
  8
F.Silkscreen
  6
CONTINUOUS
100
AcDbLine
 10
5.0055747637795278
 20
-3.0545442913385825
 30
0
 11
5.0044923622047239
 21
-3.055626692913386
 31
0
  0
LINE
  5
4F3
330
22
100
AcDbEntity
  8
F.Silkscreen
  6
CONTINUOUS
100
AcDbLine
 10
5.0044923622047239
 20
-3.055626692913386
 30
0
 11
5.0037270078740157
 21
-3.0557789370078741
 31
0
  0
LINE
  5
4F4
330
22
100
AcDbEntity
  8
F.Silkscreen
  6
CONTINUOUS
100
AcDbLine
 10
5.0037270078740157
 20
-3.0557789370078741
 30
0
 11
4.9837270078740152
 21
-3.0557789370078741
 31
0
  0
LINE
  5
4F5
330
22
100
AcDbEntity
  8
F.Silkscreen
  6
CONTINUOUS
100
AcDbLine
 10
4.9837270078740152
 20
-3.0557789370078741
 30
0
 11
4.982961653543307
 21
-3.055626692913386
 31
0
  0
LINE
  5
4F6
330
22
100
AcDbEntity
  8
F.Silkscreen
  6
CONTINUOUS
100
AcDbLine
 10
4.982961653543307
 20
-3.055626692913386
 30
0
 11
4.981879251968504
 21
-3.0545442913385825
 31
0
  0
LINE
  5
4F7
330
22
100
AcDbEntity
  8
F.Silkscreen
  6
CONTINUOUS
100
AcDbLine
 10
4.981879251968504
 20
-3.0545442913385825
 30
0
 11
4.981879251968504
 21
-3.0530135826771652
 31
0
  0
LINE
  5
4F8
330
22
100
AcDbEntity
  8
F.Silkscreen
  6
CONTINUOUS
100
AcDbLine
 10
4.981879251968504
 20
-3.0530135826771652
 30
0
 11
4.982961653543307
 21
-3.0519311811023622
 31
0
  0
LINE
  5
4F9
330
22
100
AcDbEntity
  8
F.Silkscreen
  6
CONTINUOUS
100
AcDbLine
 10
4.982961653543307
 20
-3.0519311811023622
 30
0
 11
4.9837270078740152
 21
-3.0517789370078741
 31
0
  0
LINE
  5
4FA
330
22
100
AcDbEntity
  8
F.Silkscreen
  6
CONTINUOUS
100
AcDbLine
 10
4.9837270078740152
 20
-3.0517789370078741
 30
0
 11
4.9917270078740152
 21
-3.0517789370078741
 31
0
  0
LINE
  5
4FB
330
22
100
AcDbEntity
  8
F.Silkscreen
  6
CONTINUOUS
100
AcDbLine
 10
4.9917270078740152
 20
-3.0517789370078741
 30
0
 11
4.9917270078740152
 21
-3.0252740157480313
 31
0
  0
LINE
  5
4FC
330
22
100
AcDbEntity
  8
F.Silkscreen
  6
CONTINUOUS
100
AcDbLine
 10
4.9917270078740152
 20
-3.0252740157480313
 30
0
 11
4.9884745669291339
 21
-3.0285264960629918
 31
0
  0
LINE
  5
4FD
330
22
100
AcDbEntity
  8
F.Silkscreen
  6
CONTINUOUS
100
AcDbLine
 10
4.9884745669291339
 20
-3.0285264960629918
 30
0
 11
4.9882079133858266
 21
-3.0287046456692912
 31
0
  0
LINE
  5
4FE
330
22
100
AcDbEntity
  8
F.Silkscreen
  6
CONTINUOUS
100
AcDbLine
 10
4.9882079133858266
 20
-3.0287046456692912
 30
0
 11
4.9879547637795278
 21
-3.0289011417322835
 31
0
  0
LINE
  5
4FF
330
22
100
AcDbEntity
  8
F.Silkscreen
  6
CONTINUOUS
100
AcDbLine
 10
4.9879547637795278
 20
-3.0289011417322835
 30
0
 11
4.9846214173228347
 21
-3.0305677952755903
 31
0
  0
LINE
  5
500
330
22
100
AcDbEntity
  8
F.Silkscreen
  6
CONTINUOUS
100
AcDbLine
 10
4.9846214173228347
 20
-3.0305677952755903
 30
0
 11
4.9838687795275591
 21
-3.0307738976377951
 31
0
  0
LINE
  5
501
330
22
100
AcDbEntity
  8
F.Silkscreen
  6
CONTINUOUS
100
AcDbLine
 10
4.9838687795275591
 20
-3.0307738976377951
 30
0
 11
4.9824165748031497
 21
-3.0302898425196849
 31
0
  0
LINE
  5
502
330
22
100
AcDbEntity
  8
F.Silkscreen
  6
CONTINUOUS
100
AcDbLine
 10
4.9824165748031497
 20
-3.0302898425196849
 30
0
 11
4.981732047244094
 21
-3.0289207086614174
 31
0
  0
LINE
  5
503
330
22
100
AcDbEntity
  8
F.Silkscreen
  6
CONTINUOUS
100
AcDbLine
 10
4.981732047244094
 20
-3.0289207086614174
 30
0
 11
4.9822161023622042
 21
-3.0274685039370079
 31
0
  0
LINE
  5
504
330
22
100
AcDbEntity
  8
F.Silkscreen
  6
CONTINUOUS
100
AcDbLine
 10
4.9822161023622042
 20
-3.0274685039370079
 30
0
 11
4.9828325984251967
 21
-3.0269900787401576
 31
0
  0
LINE
  5
505
330
22
100
AcDbEntity
  8
F.Silkscreen
  6
CONTINUOUS
100
AcDbLine
 10
4.9828325984251967
 20
-3.0269900787401576
 30
0
 11
4.9858756299212601
 21
-3.0254685433070865
 31
0
  0
LINE
  5
506
330
22
100
AcDbEntity
  8
F.Silkscreen
  6
CONTINUOUS
100
AcDbLine
 10
4.9858756299212601
 20
-3.0254685433070865
 30
0
 11
4.9888393700787397
 21
-3.0225047637795277
 31
0
  0
LINE
  5
507
330
22
100
AcDbEntity
  8
F.Silkscreen
  6
CONTINUOUS
100
AcDbLine
 10
4.9888393700787397
 20
-3.0225047637795277
 30
0
 11
4.9920629133858263
 21
-3.0176695275590553
 31
0
  0
LINE
  5
508
330
22
100
AcDbEntity
  8
F.Silkscreen
  6
CONTINUOUS
100
AcDbLine
 10
4.9920629133858263
 20
-3.0176695275590553
 30
0
 11
4.9926141338582672
 21
-3.0171171653543305
 31
0
  0
LINE
  5
509
330
22
100
AcDbEntity
  8
F.Silkscreen
  6
CONTINUOUS
100
AcDbLine
 10
4.9926141338582672
 20
-3.0171171653543305
 30
0
 11
4.9928160236220469
 21
-3.0170767716535432
 31
0
  0
LINE
  5
50A
330
22
100
AcDbEntity
  8
F.Silkscreen
  6
CONTINUOUS
100
AcDbLine
 10
4.9928160236220469
 20
-3.0170767716535432
 30
0
 11
4.9929616535433068
 21
-3.016931181102362
 31
0
  0
LINE
  5
50B
330
22
100
AcDbEntity
  8
F.Silkscreen
  6
CONTINUOUS
100
AcDbLine
 10
4.9929616535433068
 20
-3.016931181102362
 30
0
 11
4.9935440944881888
 21
-3.016931181102362
 31
0
  0
LINE
  5
50C
330
22
100
AcDbEntity
  8
F.Silkscreen
  6
CONTINUOUS
100
AcDbLine
 10
4.9935440944881888
 20
-3.016931181102362
 30
0
 11
4.9941151574803149
 21
-3.016816968503937
 31
0
  0
LINE
  5
50D
330
22
100
AcDbEntity
  8
F.Silkscreen
  6
CONTINUOUS
100
AcDbLine
 10
4.9941151574803149
 20
-3.016816968503937
 30
0
 11
4.9942864566929135
 21
-3.016931181102362
 31
0
  0
LINE
  5
50E
330
22
100
AcDbEntity
  8
F.Silkscreen
  6
CONTINUOUS
100
AcDbLine
 10
4.9427750393700789
 20
-2.9332873228346457
 30
0
 11
4.9437336614173226
 21
-2.9339264173228345
 31
0
  0
LINE
  5
50F
330
22
100
AcDbEntity
  8
F.Silkscreen
  6
CONTINUOUS
100
AcDbLine
 10
4.9437336614173226
 20
-2.9339264173228345
 30
0
 11
4.9443747244094487
 21
-2.9348837007874016
 31
0
  0
LINE
  5
510
330
22
100
AcDbEntity
  8
F.Silkscreen
  6
CONTINUOUS
100
AcDbLine
 10
4.9443747244094487
 20
-2.9348837007874016
 30
0
 11
4.9446006692913382
 21
-2.9360133858267714
 31
0
  0
LINE
  5
511
330
22
100
AcDbEntity
  8
F.Silkscreen
  6
CONTINUOUS
100
AcDbLine
 10
4.9446006692913382
 20
-2.9360133858267714
 30
0
 11
4.944377086614173
 21
-2.9371436220472442
 31
0
  0
LINE
  5
512
330
22
100
AcDbEntity
  8
F.Silkscreen
  6
CONTINUOUS
100
AcDbLine
 10
4.944377086614173
 20
-2.9371436220472442
 30
0
 11
4.944104763779527
 21
-2.9376544094488186
 31
0
  0
LINE
  5
513
330
22
100
AcDbEntity
  8
F.Silkscreen
  6
CONTINUOUS
100
AcDbLine
 10
4.944104763779527
 20
-2.9376544094488186
 30
0
 11
4.9320733464566926
 21
-2.9557015354330707
 31
0
  0
LINE
  5
514
330
22
100
AcDbEntity
  8
F.Silkscreen
  6
CONTINUOUS
100
AcDbLine
 10
4.9320733464566926
 20
-2.9557015354330707
 30
0
 11
4.944104763779527
 21
-2.9737486614173227
 31
0
  0
LINE
  5
515
330
22
100
AcDbEntity
  8
F.Silkscreen
  6
CONTINUOUS
100
AcDbLine
 10
4.944104763779527
 20
-2.9737486614173227
 30
0
 11
4.944377086614173
 21
-2.9742594488188976
 31
0
  0
LINE
  5
516
330
22
100
AcDbEntity
  8
F.Silkscreen
  6
CONTINUOUS
100
AcDbLine
 10
4.944377086614173
 20
-2.9742594488188976
 30
0
 11
4.9446006692913382
 21
-2.97538968503937
 31
0
  0
LINE
  5
517
330
22
100
AcDbEntity
  8
F.Silkscreen
  6
CONTINUOUS
100
AcDbLine
 10
4.9446006692913382
 20
-2.97538968503937
 30
0
 11
4.9443747244094487
 21
-2.9765193700787402
 31
0
  0
LINE
  5
518
330
22
100
AcDbEntity
  8
F.Silkscreen
  6
CONTINUOUS
100
AcDbLine
 10
4.9443747244094487
 20
-2.9765193700787402
 30
0
 11
4.9437336614173226
 21
-2.9774766535433068
 31
0
  0
LINE
  5
519
330
22
100
AcDbEntity
  8
F.Silkscreen
  6
CONTINUOUS
100
AcDbLine
 10
4.9437336614173226
 20
-2.9774766535433068
 30
0
 11
4.9427750393700789
 21
-2.9781157480314961
 31
0
  0
LINE
  5
51A
330
22
100
AcDbEntity
  8
F.Silkscreen
  6
CONTINUOUS
100
AcDbLine
 10
4.9427750393700789
 20
-2.9781157480314961
 30
0
 11
4.9416448031496065
 21
-2.9783393307086614
 31
0
  0
LINE
  5
51B
330
22
100
AcDbEntity
  8
F.Silkscreen
  6
CONTINUOUS
100
AcDbLine
 10
4.9416448031496065
 20
-2.9783393307086614
 30
0
 11
4.9405151181102358
 21
-2.9781133858267714
 31
0
  0
LINE
  5
51C
330
22
100
AcDbEntity
  8
F.Silkscreen
  6
CONTINUOUS
100
AcDbLine
 10
4.9405151181102358
 20
-2.9781133858267714
 30
0
 11
4.9395578346456688
 21
-2.9774723228346458
 31
0
  0
LINE
  5
51D
330
22
100
AcDbEntity
  8
F.Silkscreen
  6
CONTINUOUS
100
AcDbLine
 10
4.9395578346456688
 20
-2.9774723228346458
 30
0
 11
4.9391910629921263
 21
-2.9770244488188977
 31
0
  0
LINE
  5
51E
330
22
100
AcDbEntity
  8
F.Silkscreen
  6
CONTINUOUS
100
AcDbLine
 10
4.9391910629921263
 20
-2.9770244488188977
 30
0
 11
4.9285245669291333
 21
-2.9610246850393702
 31
0
  0
LINE
  5
51F
330
22
100
AcDbEntity
  8
F.Silkscreen
  6
CONTINUOUS
100
AcDbLine
 10
4.9285245669291333
 20
-2.9610246850393702
 30
0
 11
4.9178580708661412
 21
-2.9770244488188977
 31
0
  0
LINE
  5
520
330
22
100
AcDbEntity
  8
F.Silkscreen
  6
CONTINUOUS
100
AcDbLine
 10
4.9178580708661412
 20
-2.9770244488188977
 30
0
 11
4.9174912992125988
 21
-2.9774723228346458
 31
0
  0
LINE
  5
521
330
22
100
AcDbEntity
  8
F.Silkscreen
  6
CONTINUOUS
100
AcDbLine
 10
4.9174912992125988
 20
-2.9774723228346458
 30
0
 11
4.9165340157480317
 21
-2.9781133858267714
 31
0
  0
LINE
  5
522
330
22
100
AcDbEntity
  8
F.Silkscreen
  6
CONTINUOUS
100
AcDbLine
 10
4.9165340157480317
 20
-2.9781133858267714
 30
0
 11
4.915404330708661
 21
-2.9783393307086614
 31
0
  0
LINE
  5
523
330
22
100
AcDbEntity
  8
F.Silkscreen
  6
CONTINUOUS
100
AcDbLine
 10
4.915404330708661
 20
-2.9783393307086614
 30
0
 11
4.9142740944881886
 21
-2.9781157480314961
 31
0
  0
LINE
  5
524
330
22
100
AcDbEntity
  8
F.Silkscreen
  6
CONTINUOUS
100
AcDbLine
 10
4.9142740944881886
 20
-2.9781157480314961
 30
0
 11
4.9133154724409449
 21
-2.9774766535433068
 31
0
  0
LINE
  5
525
330
22
100
AcDbEntity
  8
F.Silkscreen
  6
CONTINUOUS
100
AcDbLine
 10
4.9133154724409449
 20
-2.9774766535433068
 30
0
 11
4.9126744094488188
 21
-2.9765193700787402
 31
0
  0
LINE
  5
526
330
22
100
AcDbEntity
  8
F.Silkscreen
  6
CONTINUOUS
100
AcDbLine
 10
4.9126744094488188
 20
-2.9765193700787402
 30
0
 11
4.9124484645669293
 21
-2.97538968503937
 31
0
  0
LINE
  5
527
330
22
100
AcDbEntity
  8
F.Silkscreen
  6
CONTINUOUS
100
AcDbLine
 10
4.9124484645669293
 20
-2.97538968503937
 30
0
 11
4.9126720472440946
 21
-2.9742594488188976
 31
0
  0
LINE
  5
528
330
22
100
AcDbEntity
  8
F.Silkscreen
  6
CONTINUOUS
100
AcDbLine
 10
4.9126720472440946
 20
-2.9742594488188976
 30
0
 11
4.9129443700787396
 21
-2.9737487007874015
 31
0
  0
LINE
  5
529
330
22
100
AcDbEntity
  8
F.Silkscreen
  6
CONTINUOUS
100
AcDbLine
 10
4.9129443700787396
 20
-2.9737487007874015
 30
0
 11
4.9249757874015749
 21
-2.9557015354330707
 31
0
  0
LINE
  5
52A
330
22
100
AcDbEntity
  8
F.Silkscreen
  6
CONTINUOUS
100
AcDbLine
 10
4.9249757874015749
 20
-2.9557015354330707
 30
0
 11
4.9129443700787396
 21
-2.9376543700787403
 31
0
  0
LINE
  5
52B
330
22
100
AcDbEntity
  8
F.Silkscreen
  6
CONTINUOUS
100
AcDbLine
 10
4.9129443700787396
 20
-2.9376543700787403
 30
0
 11
4.9126720472440946
 21
-2.9371436220472442
 31
0
  0
LINE
  5
52C
330
22
100
AcDbEntity
  8
F.Silkscreen
  6
CONTINUOUS
100
AcDbLine
 10
4.9126720472440946
 20
-2.9371436220472442
 30
0
 11
4.9124484645669293
 21
-2.9360133858267714
 31
0
  0
LINE
  5
52D
330
22
100
AcDbEntity
  8
F.Silkscreen
  6
CONTINUOUS
100
AcDbLine
 10
4.9124484645669293
 20
-2.9360133858267714
 30
0
 11
4.9126744094488188
 21
-2.9348837007874016
 31
0
  0
LINE
  5
52E
330
22
100
AcDbEntity
  8
F.Silkscreen
  6
CONTINUOUS
100
AcDbLine
 10
4.9126744094488188
 20
-2.9348837007874016
 30
0
 11
4.9133154724409449
 21
-2.9339264173228345
 31
0
  0
LINE
  5
52F
330
22
100
AcDbEntity
  8
F.Silkscreen
  6
CONTINUOUS
100
AcDbLine
 10
4.9133154724409449
 20
-2.9339264173228345
 30
0
 11
4.9142740944881886
 21
-2.9332873228346457
 31
0
  0
LINE
  5
530
330
22
100
AcDbEntity
  8
F.Silkscreen
  6
CONTINUOUS
100
AcDbLine
 10
4.9142740944881886
 20
-2.9332873228346457
 30
0
 11
4.915404330708661
 21
-2.9330637401574804
 31
0
  0
LINE
  5
531
330
22
100
AcDbEntity
  8
F.Silkscreen
  6
CONTINUOUS
100
AcDbLine
 10
4.915404330708661
 20
-2.9330637401574804
 30
0
 11
4.9165340157480317
 21
-2.9332896850393699
 31
0
  0
LINE
  5
532
330
22
100
AcDbEntity
  8
F.Silkscreen
  6
CONTINUOUS
100
AcDbLine
 10
4.9165340157480317
 20
-2.9332896850393699
 30
0
 11
4.9174912992125988
 21
-2.933930748031496
 31
0
  0
LINE
  5
533
330
22
100
AcDbEntity
  8
F.Silkscreen
  6
CONTINUOUS
100
AcDbLine
 10
4.9174912992125988
 20
-2.933930748031496
 30
0
 11
4.9178580708661412
 21
-2.9343786220472441
 31
0
  0
LINE
  5
534
330
22
100
AcDbEntity
  8
F.Silkscreen
  6
CONTINUOUS
100
AcDbLine
 10
4.9178580708661412
 20
-2.9343786220472441
 30
0
 11
4.9285245669291333
 21
-2.9503783464566928
 31
0
  0
LINE
  5
535
330
22
100
AcDbEntity
  8
F.Silkscreen
  6
CONTINUOUS
100
AcDbLine
 10
4.9285245669291333
 20
-2.9503783464566928
 30
0
 11
4.9391910629921263
 21
-2.9343786220472441
 31
0
  0
LINE
  5
536
330
22
100
AcDbEntity
  8
F.Silkscreen
  6
CONTINUOUS
100
AcDbLine
 10
4.9391910629921263
 20
-2.9343786220472441
 30
0
 11
4.9395578346456688
 21
-2.933930748031496
 31
0
  0
LINE
  5
537
330
22
100
AcDbEntity
  8
F.Silkscreen
  6
CONTINUOUS
100
AcDbLine
 10
4.9395578346456688
 20
-2.933930748031496
 30
0
 11
4.9405151181102358
 21
-2.9332896850393699
 31
0
  0
LINE
  5
538
330
22
100
AcDbEntity
  8
F.Silkscreen
  6
CONTINUOUS
100
AcDbLine
 10
4.9405151181102358
 20
-2.9332896850393699
 30
0
 11
4.9416448031496065
 21
-2.9330637401574804
 31
0
  0
LINE
  5
539
330
22
100
AcDbEntity
  8
F.Silkscreen
  6
CONTINUOUS
100
AcDbLine
 10
4.9416448031496065
 20
-2.9330637401574804
 30
0
 11
4.9427750393700789
 21
-2.9332873228346457
 31
0
  0
LINE
  5
53A
330
22
100
AcDbEntity
  8
F.Silkscreen
  6
CONTINUOUS
100
AcDbLine
 10
5.0247136614173229
 20
-2.9331204724409448
 30
0
 11
5.0248116535433072
 21
-2.9331610629921259
 31
0
  0
LINE
  5
53B
330
22
100
AcDbEntity
  8
F.Silkscreen
  6
CONTINUOUS
100
AcDbLine
 10
5.0248116535433072
 20
-2.9331610629921259
 30
0
 11
5.0249174803149605
 21
-2.9331685826771654
 31
0
  0
LINE
  5
53C
330
22
100
AcDbEntity
  8
F.Silkscreen
  6
CONTINUOUS
100
AcDbLine
 10
5.0249174803149605
 20
-2.9331685826771654
 30
0
 11
5.0254581102362206
 21
-2.9333754724409449
 31
0
  0
LINE
  5
53D
330
22
100
AcDbEntity
  8
F.Silkscreen
  6
CONTINUOUS
100
AcDbLine
 10
5.0254581102362206
 20
-2.9333754724409449
 30
0
 11
5.0292076377952757
 21
-2.9352502362204724
 31
0
  0
LINE
  5
53E
330
22
100
AcDbEntity
  8
F.Silkscreen
  6
CONTINUOUS
100
AcDbLine
 10
5.0292076377952757
 20
-2.9352502362204724
 30
0
 11
5.0294556299212596
 21
-2.9354062992125982
 31
0
  0
LINE
  5
53F
330
22
100
AcDbEntity
  8
F.Silkscreen
  6
CONTINUOUS
100
AcDbLine
 10
5.0294556299212596
 20
-2.9354062992125982
 30
0
 11
5.0295275984251964
 21
-2.9354361417322834
 31
0
  0
LINE
  5
540
330
22
100
AcDbEntity
  8
F.Silkscreen
  6
CONTINUOUS
100
AcDbLine
 10
5.0295275984251964
 20
-2.9354361417322834
 30
0
 11
5.0296085433070861
 21
-2.9355025984251966
 31
0
  0
LINE
  5
541
330
22
100
AcDbEntity
  8
F.Silkscreen
  6
CONTINUOUS
100
AcDbLine
 10
5.0296085433070861
 20
-2.9355025984251966
 30
0
 11
5.0296975196850395
 21
-2.9355585826771651
 31
0
  0
LINE
  5
542
330
22
100
AcDbEntity
  8
F.Silkscreen
  6
CONTINUOUS
100
AcDbLine
 10
5.0296975196850395
 20
-2.9355585826771651
 30
0
 11
5.0297486614173224
 21
-2.9356175590551179
 31
0
  0
LINE
  5
543
330
22
100
AcDbEntity
  8
F.Silkscreen
  6
CONTINUOUS
100
AcDbLine
 10
5.0297486614173224
 20
-2.9356175590551179
 30
0
 11
5.0299750393700791
 21
-2.9358033464566931
 31
0
  0
LINE
  5
544
330
22
100
AcDbEntity
  8
F.Silkscreen
  6
CONTINUOUS
100
AcDbLine
 10
5.0299750393700791
 20
-2.9358033464566931
 30
0
 11
5.0337245669291342
 21
-2.9395528740157482
 31
0
  0
LINE
  5
545
330
22
100
AcDbEntity
  8
F.Silkscreen
  6
CONTINUOUS
100
AcDbLine
 10
5.0337245669291342
 20
-2.9395528740157482
 30
0
 11
5.0340918110236217
 21
-2.94000031496063
 31
0
  0
LINE
  5
546
330
22
100
AcDbEntity
  8
F.Silkscreen
  6
CONTINUOUS
100
AcDbLine
 10
5.0340918110236217
 20
-2.94000031496063
 30
0
 11
5.0341758267716532
 21
-2.940203188976378
 31
0
  0
LINE
  5
547
330
22
100
AcDbEntity
  8
F.Silkscreen
  6
CONTINUOUS
100
AcDbLine
 10
5.0341758267716532
 20
-2.940203188976378
 30
0
 11
5.0343064960629924
 21
-2.9403795275590552
 31
0
  0
LINE
  5
548
330
22
100
AcDbEntity
  8
F.Silkscreen
  6
CONTINUOUS
100
AcDbLine
 10
5.0343064960629924
 20
-2.9403795275590552
 30
0
 11
5.0345012598425196
 21
-2.9409246456692912
 31
0
  0
LINE
  5
549
330
22
100
AcDbEntity
  8
F.Silkscreen
  6
CONTINUOUS
100
AcDbLine
 10
5.0345012598425196
 20
-2.9409246456692912
 30
0
 11
5.0363760236220472
 21
-2.9484237007874015
 31
0
  0
LINE
  5
54A
330
22
100
AcDbEntity
  8
F.Silkscreen
  6
CONTINUOUS
100
AcDbLine
 10
5.0363760236220472
 20
-2.9484237007874015
 30
0
 11
5.036390787401575
 21
-2.9485235433070867
 31
0
  0
LINE
  5
54B
330
22
100
AcDbEntity
  8
F.Silkscreen
  6
CONTINUOUS
100
AcDbLine
 10
5.036390787401575
 20
-2.9485235433070867
 30
0
 11
5.036407440944882
 21
-2.948563779527559
 31
0
  0
LINE
  5
54C
330
22
100
AcDbEntity
  8
F.Silkscreen
  6
CONTINUOUS
100
AcDbLine
 10
5.036407440944882
 20
-2.948563779527559
 30
0
 11
5.0364287795275589
 21
-2.9487807874015748
 31
0
  0
LINE
  5
54D
330
22
100
AcDbEntity
  8
F.Silkscreen
  6
CONTINUOUS
100
AcDbLine
 10
5.0364287795275589
 20
-2.9487807874015748
 30
0
 11
5.0364606692913387
 21
-2.9489962992125984
 31
0
  0
LINE
  5
54E
330
22
100
AcDbEntity
  8
F.Silkscreen
  6
CONTINUOUS
100
AcDbLine
 10
5.0364606692913387
 20
-2.9489962992125984
 30
0
 11
5.0364542519685038
 21
-2.9490392913385826
 31
0
  0
LINE
  5
54F
330
22
100
AcDbEntity
  8
F.Silkscreen
  6
CONTINUOUS
100
AcDbLine
 10
5.0364542519685038
 20
-2.9490392913385826
 30
0
 11
5.0364641732283459
 21
-2.9491398425196849
 31
0
  0
LINE
  5
550
330
22
100
AcDbEntity
  8
F.Silkscreen
  6
CONTINUOUS
100
AcDbLine
 10
5.0364641732283459
 20
-2.9491398425196849
 30
0
 11
5.0364641732283459
 21
-2.9622631889763777
 31
0
  0
LINE
  5
551
330
22
100
AcDbEntity
  8
F.Silkscreen
  6
CONTINUOUS
100
AcDbLine
 10
5.0364641732283459
 20
-2.9622631889763777
 30
0
 11
5.0364542519685038
 21
-2.9623637007874013
 31
0
  0
LINE
  5
552
330
22
100
AcDbEntity
  8
F.Silkscreen
  6
CONTINUOUS
100
AcDbLine
 10
5.0364542519685038
 20
-2.9623637007874013
 30
0
 11
5.0364606692913387
 21
-2.9624067322834646
 31
0
  0
LINE
  5
553
330
22
100
AcDbEntity
  8
F.Silkscreen
  6
CONTINUOUS
100
AcDbLine
 10
5.0364606692913387
 20
-2.9624067322834646
 30
0
 11
5.0364287795275589
 21
-2.9626222047244095
 31
0
  0
LINE
  5
554
330
22
100
AcDbEntity
  8
F.Silkscreen
  6
CONTINUOUS
100
AcDbLine
 10
5.0364287795275589
 20
-2.9626222047244095
 30
0
 11
5.036407440944882
 21
-2.9628392519685041
 31
0
  0
LINE
  5
555
330
22
100
AcDbEntity
  8
F.Silkscreen
  6
CONTINUOUS
100
AcDbLine
 10
5.036407440944882
 20
-2.9628392519685041
 30
0
 11
5.036390787401575
 21
-2.9628794488188976
 31
0
  0
LINE
  5
556
330
22
100
AcDbEntity
  8
F.Silkscreen
  6
CONTINUOUS
100
AcDbLine
 10
5.036390787401575
 20
-2.9628794488188976
 30
0
 11
5.0363760236220472
 21
-2.9629793307086612
 31
0
  0
LINE
  5
557
330
22
100
AcDbEntity
  8
F.Silkscreen
  6
CONTINUOUS
100
AcDbLine
 10
5.0363760236220472
 20
-2.9629793307086612
 30
0
 11
5.0345012598425196
 21
-2.9704783858267714
 31
0
  0
LINE
  5
558
330
22
100
AcDbEntity
  8
F.Silkscreen
  6
CONTINUOUS
100
AcDbLine
 10
5.0345012598425196
 20
-2.9704783858267714
 30
0
 11
5.0343064960629924
 21
-2.9710235039370079
 31
0
  0
LINE
  5
559
330
22
100
AcDbEntity
  8
F.Silkscreen
  6
CONTINUOUS
100
AcDbLine
 10
5.0343064960629924
 20
-2.9710235039370079
 30
0
 11
5.0341757874015745
 21
-2.9711998425196851
 31
0
  0
LINE
  5
55A
330
22
100
AcDbEntity
  8
F.Silkscreen
  6
CONTINUOUS
100
AcDbLine
 10
5.0341757874015745
 20
-2.9711998425196851
 30
0
 11
5.0340918110236217
 21
-2.9714026771653543
 31
0
  0
LINE
  5
55B
330
22
100
AcDbEntity
  8
F.Silkscreen
  6
CONTINUOUS
100
AcDbLine
 10
5.0340918110236217
 20
-2.9714026771653543
 30
0
 11
5.0337246062992129
 21
-2.9718501181102361
 31
0
  0
LINE
  5
55C
330
22
100
AcDbEntity
  8
F.Silkscreen
  6
CONTINUOUS
100
AcDbLine
 10
5.0337246062992129
 20
-2.9718501181102361
 30
0
 11
5.0299750393700791
 21
-2.9755997244094488
 31
0
  0
LINE
  5
55D
330
22
100
AcDbEntity
  8
F.Silkscreen
  6
CONTINUOUS
100
AcDbLine
 10
5.0299750393700791
 20
-2.9755997244094488
 30
0
 11
5.0297486614173224
 21
-2.9757854724409447
 31
0
  0
LINE
  5
55E
330
22
100
AcDbEntity
  8
F.Silkscreen
  6
CONTINUOUS
100
AcDbLine
 10
5.0297486614173224
 20
-2.9757854724409447
 30
0
 11
5.0296975196850395
 21
-2.9758444881889763
 31
0
  0
LINE
  5
55F
330
22
100
AcDbEntity
  8
F.Silkscreen
  6
CONTINUOUS
100
AcDbLine
 10
5.0296975196850395
 20
-2.9758444881889763
 30
0
 11
5.0296085433070861
 21
-2.975900433070866
 31
0
  0
LINE
  5
560
330
22
100
AcDbEntity
  8
F.Silkscreen
  6
CONTINUOUS
100
AcDbLine
 10
5.0296085433070861
 20
-2.975900433070866
 30
0
 11
5.0295275984251964
 21
-2.9759669291338584
 31
0
  0
LINE
  5
561
330
22
100
AcDbEntity
  8
F.Silkscreen
  6
CONTINUOUS
100
AcDbLine
 10
5.0295275984251964
 20
-2.9759669291338584
 30
0
 11
5.0294556299212596
 21
-2.9759967322834644
 31
0
  0
LINE
  5
562
330
22
100
AcDbEntity
  8
F.Silkscreen
  6
CONTINUOUS
100
AcDbLine
 10
5.0294556299212596
 20
-2.9759967322834644
 30
0
 11
5.0292076377952757
 21
-2.9761528346456694
 31
0
  0
LINE
  5
563
330
22
100
AcDbEntity
  8
F.Silkscreen
  6
CONTINUOUS
100
AcDbLine
 10
5.0292076377952757
 20
-2.9761528346456694
 30
0
 11
5.0254581102362206
 21
-2.9780275984251969
 31
0
  0
LINE
  5
564
330
22
100
AcDbEntity
  8
F.Silkscreen
  6
CONTINUOUS
100
AcDbLine
 10
5.0254581102362206
 20
-2.9780275984251969
 30
0
 11
5.0249174803149605
 21
-2.9782344881889764
 31
0
  0
LINE
  5
565
330
22
100
AcDbEntity
  8
F.Silkscreen
  6
CONTINUOUS
100
AcDbLine
 10
5.0249174803149605
 20
-2.9782344881889764
 30
0
 11
5.0248116535433072
 21
-2.9782419685039367
 31
0
  0
LINE
  5
566
330
22
100
AcDbEntity
  8
F.Silkscreen
  6
CONTINUOUS
100
AcDbLine
 10
5.0248116535433072
 20
-2.9782419685039367
 30
0
 11
5.0247136614173229
 21
-2.9782825984251966
 31
0
  0
LINE
  5
567
330
22
100
AcDbEntity
  8
F.Silkscreen
  6
CONTINUOUS
100
AcDbLine
 10
5.0247136614173229
 20
-2.9782825984251966
 30
0
 11
5.024137598425197
 21
-2.9783393307086614
 31
0
  0
LINE
  5
568
330
22
100
AcDbEntity
  8
F.Silkscreen
  6
CONTINUOUS
100
AcDbLine
 10
5.024137598425197
 20
-2.9783393307086614
 30
0
 11
5.0166385433070868
 21
-2.9783393307086614
 31
0
  0
LINE
  5
569
330
22
100
AcDbEntity
  8
F.Silkscreen
  6
CONTINUOUS
100
AcDbLine
 10
5.0166385433070868
 20
-2.9783393307086614
 30
0
 11
5.0160624803149609
 21
-2.9782825984251966
 31
0
  0
LINE
  5
56A
330
22
100
AcDbEntity
  8
F.Silkscreen
  6
CONTINUOUS
100
AcDbLine
 10
5.0160624803149609
 20
-2.9782825984251966
 30
0
 11
5.0159644881889767
 21
-2.9782420078740155
 31
0
  0
LINE
  5
56B
330
22
100
AcDbEntity
  8
F.Silkscreen
  6
CONTINUOUS
100
AcDbLine
 10
5.0159644881889767
 20
-2.9782420078740155
 30
0
 11
5.0158586220472436
 21
-2.9782344881889764
 31
0
  0
LINE
  5
56C
330
22
100
AcDbEntity
  8
F.Silkscreen
  6
CONTINUOUS
100
AcDbLine
 10
5.0158586220472436
 20
-2.9782344881889764
 30
0
 11
5.0153180314960633
 21
-2.9780275984251969
 31
0
  0
LINE
  5
56D
330
22
100
AcDbEntity
  8
F.Silkscreen
  6
CONTINUOUS
100
AcDbLine
 10
5.0153180314960633
 20
-2.9780275984251969
 30
0
 11
5.0115685039370081
 21
-2.9761528346456694
 31
0
  0
LINE
  5
56E
330
22
100
AcDbEntity
  8
F.Silkscreen
  6
CONTINUOUS
100
AcDbLine
 10
5.0115685039370081
 20
-2.9761528346456694
 30
0
 11
5.0113206692913383
 21
-2.9759968110236219
 31
0
  0
LINE
  5
56F
330
22
100
AcDbEntity
  8
F.Silkscreen
  6
CONTINUOUS
100
AcDbLine
 10
5.0113206692913383
 20
-2.9759968110236219
 30
0
 11
5.0112485433070866
 21
-2.9759669685039372
 31
0
  0
LINE
  5
570
330
22
100
AcDbEntity
  8
F.Silkscreen
  6
CONTINUOUS
100
AcDbLine
 10
5.0112485433070866
 20
-2.9759669685039372
 30
0
 11
5.0111673622047244
 21
-2.9759003543307085
 31
0
  0
LINE
  5
571
330
22
100
AcDbEntity
  8
F.Silkscreen
  6
CONTINUOUS
100
AcDbLine
 10
5.0111673622047244
 20
-2.9759003543307085
 30
0
 11
5.0110786220472443
 21
-2.9758444881889763
 31
0
  0
LINE
  5
572
330
22
100
AcDbEntity
  8
F.Silkscreen
  6
CONTINUOUS
100
AcDbLine
 10
5.0110786220472443
 20
-2.9758444881889763
 30
0
 11
5.0110274803149606
 21
-2.9757855511811022
 31
0
  0
LINE
  5
573
330
22
100
AcDbEntity
  8
F.Silkscreen
  6
CONTINUOUS
100
AcDbLine
 10
5.0110274803149606
 20
-2.9757855511811022
 30
0
 11
5.0108011023622048
 21
-2.9755997244094488
 31
0
  0
LINE
  5
574
330
22
100
AcDbEntity
  8
F.Silkscreen
  6
CONTINUOUS
100
AcDbLine
 10
5.0108011023622048
 20
-2.9755997244094488
 30
0
 11
5.0070515748031497
 21
-2.9718501574803149
 31
0
  0
LINE
  5
575
330
22
100
AcDbEntity
  8
F.Silkscreen
  6
CONTINUOUS
100
AcDbLine
 10
5.0070515748031497
 20
-2.9718501574803149
 30
0
 11
5.0066843307086613
 21
-2.9714026771653543
 31
0
  0
LINE
  5
576
330
22
100
AcDbEntity
  8
F.Silkscreen
  6
CONTINUOUS
100
AcDbLine
 10
5.0066843307086613
 20
-2.9714026771653543
 30
0
 11
5.0066003149606297
 21
-2.9711998425196851
 31
0
  0
LINE
  5
577
330
22
100
AcDbEntity
  8
F.Silkscreen
  6
CONTINUOUS
100
AcDbLine
 10
5.0066003149606297
 20
-2.9711998425196851
 30
0
 11
5.0064696456692914
 21
-2.9710235039370079
 31
0
  0
LINE
  5
578
330
22
100
AcDbEntity
  8
F.Silkscreen
  6
CONTINUOUS
100
AcDbLine
 10
5.0064696456692914
 20
-2.9710235039370079
 30
0
 11
5.0062748818897633
 21
-2.9704783858267714
 31
0
  0
LINE
  5
579
330
22
100
AcDbEntity
  8
F.Silkscreen
  6
CONTINUOUS
100
AcDbLine
 10
5.0062748818897633
 20
-2.9704783858267714
 30
0
 11
5.0044001181102358
 21
-2.9629793307086612
 31
0
  0
LINE
  5
57A
330
22
100
AcDbEntity
  8
F.Silkscreen
  6
CONTINUOUS
100
AcDbLine
 10
5.0044001181102358
 20
-2.9629793307086612
 30
0
 11
5.0043853149606301
 21
-2.9628794488188976
 31
0
  0
LINE
  5
57B
330
22
100
AcDbEntity
  8
F.Silkscreen
  6
CONTINUOUS
100
AcDbLine
 10
5.0043853149606301
 20
-2.9628794488188976
 30
0
 11
5.0043687007874018
 21
-2.9628392519685041
 31
0
  0
LINE
  5
57C
330
22
100
AcDbEntity
  8
F.Silkscreen
  6
CONTINUOUS
100
AcDbLine
 10
5.0043687007874018
 20
-2.9628392519685041
 30
0
 11
5.0043473228346453
 21
-2.9626222047244095
 31
0
  0
LINE
  5
57D
330
22
100
AcDbEntity
  8
F.Silkscreen
  6
CONTINUOUS
100
AcDbLine
 10
5.0043473228346453
 20
-2.9626222047244095
 30
0
 11
5.0043154724409451
 21
-2.9624067322834646
 31
0
  0
LINE
  5
57E
330
22
100
AcDbEntity
  8
F.Silkscreen
  6
CONTINUOUS
100
AcDbLine
 10
5.0043154724409451
 20
-2.9624067322834646
 30
0
 11
5.0043218503937004
 21
-2.9623637007874013
 31
0
  0
LINE
  5
57F
330
22
100
AcDbEntity
  8
F.Silkscreen
  6
CONTINUOUS
100
AcDbLine
 10
5.0043218503937004
 20
-2.9623637007874013
 30
0
 11
5.004311968503937
 21
-2.9622631889763777
 31
0
  0
LINE
  5
580
330
22
100
AcDbEntity
  8
F.Silkscreen
  6
CONTINUOUS
100
AcDbLine
 10
5.004311968503937
 20
-2.9622631889763777
 30
0
 11
5.004311968503937
 21
-2.9491398425196849
 31
0
  0
LINE
  5
581
330
22
100
AcDbEntity
  8
F.Silkscreen
  6
CONTINUOUS
100
AcDbLine
 10
5.004311968503937
 20
-2.9491398425196849
 30
0
 11
5.0043218503937004
 21
-2.9490392913385826
 31
0
  0
LINE
  5
582
330
22
100
AcDbEntity
  8
F.Silkscreen
  6
CONTINUOUS
100
AcDbLine
 10
5.0043218503937004
 20
-2.9490392913385826
 30
0
 11
5.0043154724409451
 21
-2.9489962992125984
 31
0
  0
LINE
  5
583
330
22
100
AcDbEntity
  8
F.Silkscreen
  6
CONTINUOUS
100
AcDbLine
 10
5.0043154724409451
 20
-2.9489962992125984
 30
0
 11
5.0043473228346453
 21
-2.9487807874015748
 31
0
  0
LINE
  5
584
330
22
100
AcDbEntity
  8
F.Silkscreen
  6
CONTINUOUS
100
AcDbLine
 10
5.0043473228346453
 20
-2.9487807874015748
 30
0
 11
5.0043687007874018
 21
-2.948563779527559
 31
0
  0
LINE
  5
585
330
22
100
AcDbEntity
  8
F.Silkscreen
  6
CONTINUOUS
100
AcDbLine
 10
5.0043687007874018
 20
-2.948563779527559
 30
0
 11
5.0043853149606301
 21
-2.9485235433070867
 31
0
  0
LINE
  5
586
330
22
100
AcDbEntity
  8
F.Silkscreen
  6
CONTINUOUS
100
AcDbLine
 10
5.0043853149606301
 20
-2.9485235433070867
 30
0
 11
5.0044001181102358
 21
-2.9484237007874015
 31
0
  0
LINE
  5
587
330
22
100
AcDbEntity
  8
F.Silkscreen
  6
CONTINUOUS
100
AcDbLine
 10
5.0044001181102358
 20
-2.9484237007874015
 30
0
 11
5.0062748818897633
 21
-2.9409246456692912
 31
0
  0
LINE
  5
588
330
22
100
AcDbEntity
  8
F.Silkscreen
  6
CONTINUOUS
100
AcDbLine
 10
5.0062748818897633
 20
-2.9409246456692912
 30
0
 11
5.0064696456692914
 21
-2.9403795275590552
 31
0
  0
LINE
  5
589
330
22
100
AcDbEntity
  8
F.Silkscreen
  6
CONTINUOUS
100
AcDbLine
 10
5.0064696456692914
 20
-2.9403795275590552
 30
0
 11
5.0066003543307085
 21
-2.9402030708661417
 31
0
  0
LINE
  5
58A
330
22
100
AcDbEntity
  8
F.Silkscreen
  6
CONTINUOUS
100
AcDbLine
 10
5.0066003543307085
 20
-2.9402030708661417
 30
0
 11
5.00668437007874
 21
-2.94000031496063
 31
0
  0
LINE
  5
58B
330
22
100
AcDbEntity
  8
F.Silkscreen
  6
CONTINUOUS
100
AcDbLine
 10
5.00668437007874
 20
-2.94000031496063
 30
0
 11
5.0070515748031497
 21
-2.9395528740157482
 31
0
  0
LINE
  5
58C
330
22
100
AcDbEntity
  8
F.Silkscreen
  6
CONTINUOUS
100
AcDbLine
 10
5.0070515748031497
 20
-2.9395528740157482
 30
0
 11
5.0108011023622048
 21
-2.9358033464566931
 31
0
  0
LINE
  5
58D
330
22
100
AcDbEntity
  8
F.Silkscreen
  6
CONTINUOUS
100
AcDbLine
 10
5.0108011023622048
 20
-2.9358033464566931
 30
0
 11
5.0110274803149606
 21
-2.9356174803149604
 31
0
  0
LINE
  5
58E
330
22
100
AcDbEntity
  8
F.Silkscreen
  6
CONTINUOUS
100
AcDbLine
 10
5.0110274803149606
 20
-2.9356174803149604
 30
0
 11
5.0110786220472443
 21
-2.9355585826771651
 31
0
  0
LINE
  5
58F
330
22
100
AcDbEntity
  8
F.Silkscreen
  6
CONTINUOUS
100
AcDbLine
 10
5.0110786220472443
 20
-2.9355585826771651
 30
0
 11
5.0111673622047244
 21
-2.9355026771653541
 31
0
  0
LINE
  5
590
330
22
100
AcDbEntity
  8
F.Silkscreen
  6
CONTINUOUS
100
AcDbLine
 10
5.0111673622047244
 20
-2.9355026771653541
 30
0
 11
5.0112485433070866
 21
-2.9354361023622046
 31
0
  0
LINE
  5
591
330
22
100
AcDbEntity
  8
F.Silkscreen
  6
CONTINUOUS
100
AcDbLine
 10
5.0112485433070866
 20
-2.9354361023622046
 30
0
 11
5.0113206692913383
 21
-2.9354062204724407
 31
0
  0
LINE
  5
592
330
22
100
AcDbEntity
  8
F.Silkscreen
  6
CONTINUOUS
100
AcDbLine
 10
5.0113206692913383
 20
-2.9354062204724407
 30
0
 11
5.0115685039370081
 21
-2.9352502362204724
 31
0
  0
LINE
  5
593
330
22
100
AcDbEntity
  8
F.Silkscreen
  6
CONTINUOUS
100
AcDbLine
 10
5.0115685039370081
 20
-2.9352502362204724
 30
0
 11
5.0153180314960633
 21
-2.9333754724409449
 31
0
  0
LINE
  5
594
330
22
100
AcDbEntity
  8
F.Silkscreen
  6
CONTINUOUS
100
AcDbLine
 10
5.0153180314960633
 20
-2.9333754724409449
 30
0
 11
5.0158586220472436
 21
-2.9331685826771654
 31
0
  0
LINE
  5
595
330
22
100
AcDbEntity
  8
F.Silkscreen
  6
CONTINUOUS
100
AcDbLine
 10
5.0158586220472436
 20
-2.9331685826771654
 30
0
 11
5.0159644881889767
 21
-2.9331610236220471
 31
0
  0
LINE
  5
596
330
22
100
AcDbEntity
  8
F.Silkscreen
  6
CONTINUOUS
100
AcDbLine
 10
5.0159644881889767
 20
-2.9331610236220471
 30
0
 11
5.0160624803149609
 21
-2.9331204724409448
 31
0
  0
LINE
  5
597
330
22
100
AcDbEntity
  8
F.Silkscreen
  6
CONTINUOUS
100
AcDbLine
 10
5.0160624803149609
 20
-2.9331204724409448
 30
0
 11
5.0166385433070868
 21
-2.9330637401574804
 31
0
  0
LINE
  5
598
330
22
100
AcDbEntity
  8
F.Silkscreen
  6
CONTINUOUS
100
AcDbLine
 10
5.0166385433070868
 20
-2.9330637401574804
 30
0
 11
5.024137598425197
 21
-2.9330637401574804
 31
0
  0
LINE
  5
599
330
22
100
AcDbEntity
  8
F.Silkscreen
  6
CONTINUOUS
100
AcDbLine
 10
5.024137598425197
 20
-2.9330637401574804
 30
0
 11
5.0247136614173229
 21
-2.9331204724409448
 31
0
  0
LINE
  5
59A
330
22
100
AcDbEntity
  8
F.Silkscreen
  6
CONTINUOUS
100
AcDbLine
 10
5.0146381102362207
 20
-2.9403179921259843
 30
0
 11
5.0118057086614174
 21
-2.9431503543307085
 31
0
  0
LINE
  5
59B
330
22
100
AcDbEntity
  8
F.Silkscreen
  6
CONTINUOUS
100
AcDbLine
 10
5.0118057086614174
 20
-2.9431503543307085
 30
0
 11
5.0102174803149602
 21
-2.9495033858267714
 31
0
  0
LINE
  5
59C
330
22
100
AcDbEntity
  8
F.Silkscreen
  6
CONTINUOUS
100
AcDbLine
 10
5.0102174803149602
 20
-2.9495033858267714
 30
0
 11
5.0102174803149602
 21
-2.9618996456692912
 31
0
  0
LINE
  5
59D
330
22
100
AcDbEntity
  8
F.Silkscreen
  6
CONTINUOUS
100
AcDbLine
 10
5.0102174803149602
 20
-2.9618996456692912
 30
0
 11
5.0118057086614174
 21
-2.9682526377952754
 31
0
  0
LINE
  5
59E
330
22
100
AcDbEntity
  8
F.Silkscreen
  6
CONTINUOUS
100
AcDbLine
 10
5.0118057086614174
 20
-2.9682526377952754
 30
0
 11
5.0146381102362207
 21
-2.9710850787401575
 31
0
  0
LINE
  5
59F
330
22
100
AcDbEntity
  8
F.Silkscreen
  6
CONTINUOUS
100
AcDbLine
 10
5.0146381102362207
 20
-2.9710850787401575
 30
0
 11
5.0173355905511814
 21
-2.9724338188976378
 31
0
  0
LINE
  5
5A0
330
22
100
AcDbEntity
  8
F.Silkscreen
  6
CONTINUOUS
100
AcDbLine
 10
5.0173355905511814
 20
-2.9724338188976378
 30
0
 11
5.0234405511811024
 21
-2.9724338188976378
 31
0
  0
LINE
  5
5A1
330
22
100
AcDbEntity
  8
F.Silkscreen
  6
CONTINUOUS
100
AcDbLine
 10
5.0234405511811024
 20
-2.9724338188976378
 30
0
 11
5.0261379921259843
 21
-2.9710850787401575
 31
0
  0
LINE
  5
5A2
330
22
100
AcDbEntity
  8
F.Silkscreen
  6
CONTINUOUS
100
AcDbLine
 10
5.0261379921259843
 20
-2.9710850787401575
 30
0
 11
5.0289703937007877
 21
-2.9682526377952754
 31
0
  0
LINE
  5
5A3
330
22
100
AcDbEntity
  8
F.Silkscreen
  6
CONTINUOUS
100
AcDbLine
 10
5.0289703937007877
 20
-2.9682526377952754
 30
0
 11
5.0305586614173228
 21
-2.9618996456692912
 31
0
  0
LINE
  5
5A4
330
22
100
AcDbEntity
  8
F.Silkscreen
  6
CONTINUOUS
100
AcDbLine
 10
5.0305586614173228
 20
-2.9618996456692912
 30
0
 11
5.0305586614173228
 21
-2.9495033858267714
 31
0
  0
LINE
  5
5A5
330
22
100
AcDbEntity
  8
F.Silkscreen
  6
CONTINUOUS
100
AcDbLine
 10
5.0305586614173228
 20
-2.9495033858267714
 30
0
 11
5.0289703937007877
 21
-2.9431503543307085
 31
0
  0
LINE
  5
5A6
330
22
100
AcDbEntity
  8
F.Silkscreen
  6
CONTINUOUS
100
AcDbLine
 10
5.0289703937007877
 20
-2.9431503543307085
 30
0
 11
5.0261380314960631
 21
-2.9403179921259843
 31
0
  0
LINE
  5
5A7
330
22
100
AcDbEntity
  8
F.Silkscreen
  6
CONTINUOUS
100
AcDbLine
 10
5.0261380314960631
 20
-2.9403179921259843
 30
0
 11
5.0234405511811024
 21
-2.938969251968504
 31
0
  0
LINE
  5
5A8
330
22
100
AcDbEntity
  8
F.Silkscreen
  6
CONTINUOUS
100
AcDbLine
 10
5.0234405511811024
 20
-2.938969251968504
 30
0
 11
5.0173355905511814
 21
-2.938969251968504
 31
0
  0
LINE
  5
5A9
330
22
100
AcDbEntity
  8
F.Silkscreen
  6
CONTINUOUS
100
AcDbLine
 10
5.0173355905511814
 20
-2.938969251968504
 30
0
 11
5.0146381102362207
 21
-2.9403179921259843
 31
0
  0
LINE
  5
5AA
330
22
100
AcDbEntity
  8
F.Silkscreen
  6
CONTINUOUS
100
AcDbLine
 10
4.983462244094488
 20
-2.9331536614173226
 30
0
 11
4.9836726771653543
 21
-2.9331686220472442
 31
0
  0
LINE
  5
5AB
330
22
100
AcDbEntity
  8
F.Silkscreen
  6
CONTINUOUS
100
AcDbLine
 10
4.9836726771653543
 20
-2.9331686220472442
 30
0
 11
4.9840037795275594
 21
-2.9333341732283462
 31
0
  0
LINE
  5
5AC
330
22
100
AcDbEntity
  8
F.Silkscreen
  6
CONTINUOUS
100
AcDbLine
 10
4.9840037795275594
 20
-2.9333341732283462
 30
0
 11
4.9843550393700786
 21
-2.9334512598425198
 31
0
  0
LINE
  5
5AD
330
22
100
AcDbEntity
  8
F.Silkscreen
  6
CONTINUOUS
100
AcDbLine
 10
4.9843550393700786
 20
-2.9334512598425198
 30
0
 11
4.98451437007874
 21
-2.9335894488188976
 31
0
  0
LINE
  5
5AE
330
22
100
AcDbEntity
  8
F.Silkscreen
  6
CONTINUOUS
100
AcDbLine
 10
4.98451437007874
 20
-2.9335894488188976
 30
0
 11
4.9847031102362207
 21
-2.9336838188976375
 31
0
  0
LINE
  5
5AF
330
22
100
AcDbEntity
  8
F.Silkscreen
  6
CONTINUOUS
100
AcDbLine
 10
4.9847031102362207
 20
-2.9336838188976375
 30
0
 11
4.984945748031496
 21
-2.9339635433070868
 31
0
  0
LINE
  5
5B0
330
22
100
AcDbEntity
  8
F.Silkscreen
  6
CONTINUOUS
100
AcDbLine
 10
4.984945748031496
 20
-2.9339635433070868
 30
0
 11
4.9852254330708661
 21
-2.9342061417322833
 31
0
  0
LINE
  5
5B1
330
22
100
AcDbEntity
  8
F.Silkscreen
  6
CONTINUOUS
100
AcDbLine
 10
4.9852254330708661
 20
-2.9342061417322833
 30
0
 11
4.9853197244094485
 21
-2.9343947637795273
 31
0
  0
LINE
  5
5B2
330
22
100
AcDbEntity
  8
F.Silkscreen
  6
CONTINUOUS
100
AcDbLine
 10
4.9853197244094485
 20
-2.9343947637795273
 30
0
 11
4.9854579921259843
 21
-2.9345541732283462
 31
0
  0
LINE
  5
5B3
330
22
100
AcDbEntity
  8
F.Silkscreen
  6
CONTINUOUS
100
AcDbLine
 10
4.9854579921259843
 20
-2.9345541732283462
 30
0
 11
4.9856939763779531
 21
-2.9350827559055119
 31
0
  0
LINE
  5
5B4
330
22
100
AcDbEntity
  8
F.Silkscreen
  6
CONTINUOUS
100
AcDbLine
 10
4.9856939763779531
 20
-2.9350827559055119
 30
0
 11
4.998817322834646
 21
-2.9744528346456693
 31
0
  0
LINE
  5
5B5
330
22
100
AcDbEntity
  8
F.Silkscreen
  6
CONTINUOUS
100
AcDbLine
 10
4.998817322834646
 20
-2.9744528346456693
 30
0
 11
4.9989456692913388
 21
-2.975017244094488
 31
0
  0
LINE
  5
5B6
330
22
100
AcDbEntity
  8
F.Silkscreen
  6
CONTINUOUS
100
AcDbLine
 10
4.9989456692913388
 20
-2.975017244094488
 30
0
 11
4.9988639763779528
 21
-2.9761664566929134
 31
0
  0
LINE
  5
5B7
330
22
100
AcDbEntity
  8
F.Silkscreen
  6
CONTINUOUS
100
AcDbLine
 10
4.9988639763779528
 20
-2.9761664566929134
 30
0
 11
4.998348779527559
 21
-2.977196929133858
 31
0
  0
LINE
  5
5B8
330
22
100
AcDbEntity
  8
F.Silkscreen
  6
CONTINUOUS
100
AcDbLine
 10
4.998348779527559
 20
-2.977196929133858
 30
0
 11
4.9974783858267715
 21
-2.9779518110236221
 31
0
  0
LINE
  5
5B9
330
22
100
AcDbEntity
  8
F.Silkscreen
  6
CONTINUOUS
100
AcDbLine
 10
4.9974783858267715
 20
-2.9779518110236221
 30
0
 11
4.9963853937007876
 21
-2.9783161417322832
 31
0
  0
LINE
  5
5BA
330
22
100
AcDbEntity
  8
F.Silkscreen
  6
CONTINUOUS
100
AcDbLine
 10
4.9963853937007876
 20
-2.9783161417322832
 30
0
 11
4.9952361811023618
 21
-2.9782344488188977
 31
0
  0
LINE
  5
5BB
330
22
100
AcDbEntity
  8
F.Silkscreen
  6
CONTINUOUS
100
AcDbLine
 10
4.9952361811023618
 20
-2.9782344488188977
 30
0
 11
4.9942057480314963
 21
-2.9777192125984251
 31
0
  0
LINE
  5
5BC
330
22
100
AcDbEntity
  8
F.Silkscreen
  6
CONTINUOUS
100
AcDbLine
 10
4.9942057480314963
 20
-2.9777192125984251
 30
0
 11
4.9934508661417318
 21
-2.9768488582677164
 31
0
  0
LINE
  5
5BD
330
22
100
AcDbEntity
  8
F.Silkscreen
  6
CONTINUOUS
100
AcDbLine
 10
4.9934508661417318
 20
-2.9768488582677164
 30
0
 11
4.9932148818897639
 21
-2.9763203149606299
 31
0
  0
LINE
  5
5BE
330
22
100
AcDbEntity
  8
F.Silkscreen
  6
CONTINUOUS
100
AcDbLine
 10
4.9932148818897639
 20
-2.9763203149606299
 30
0
 11
4.9901383464566926
 21
-2.9670907086614173
 31
0
  0
LINE
  5
5BF
330
22
100
AcDbEntity
  8
F.Silkscreen
  6
CONTINUOUS
100
AcDbLine
 10
4.9901383464566926
 20
-2.9670907086614173
 30
0
 11
4.9756471653543306
 21
-2.9670907086614173
 31
0
  0
LINE
  5
5C0
330
22
100
AcDbEntity
  8
F.Silkscreen
  6
CONTINUOUS
100
AcDbLine
 10
4.9756471653543306
 20
-2.9670907086614173
 30
0
 11
4.9725706299212593
 21
-2.9763203149606299
 31
0
  0
LINE
  5
5C1
330
22
100
AcDbEntity
  8
F.Silkscreen
  6
CONTINUOUS
100
AcDbLine
 10
4.9725706299212593
 20
-2.9763203149606299
 30
0
 11
4.9723346456692914
 21
-2.9768488976377951
 31
0
  0
LINE
  5
5C2
330
22
100
AcDbEntity
  8
F.Silkscreen
  6
CONTINUOUS
100
AcDbLine
 10
4.9723346456692914
 20
-2.9768488976377951
 30
0
 11
4.9715797637795278
 21
-2.9777192519685038
 31
0
  0
LINE
  5
5C3
330
22
100
AcDbEntity
  8
F.Silkscreen
  6
CONTINUOUS
100
AcDbLine
 10
4.9715797637795278
 20
-2.9777192519685038
 30
0
 11
4.9705493307086615
 21
-2.9782344488188977
 31
0
  0
LINE
  5
5C4
330
22
100
AcDbEntity
  8
F.Silkscreen
  6
CONTINUOUS
100
AcDbLine
 10
4.9705493307086615
 20
-2.9782344488188977
 30
0
 11
4.9694001181102365
 21
-2.9783161417322832
 31
0
  0
LINE
  5
5C5
330
22
100
AcDbEntity
  8
F.Silkscreen
  6
CONTINUOUS
100
AcDbLine
 10
4.9694001181102365
 20
-2.9783161417322832
 30
0
 11
4.968307086614173
 21
-2.9779518110236221
 31
0
  0
LINE
  5
5C6
330
22
100
AcDbEntity
  8
F.Silkscreen
  6
CONTINUOUS
100
AcDbLine
 10
4.968307086614173
 20
-2.9779518110236221
 30
0
 11
4.9674367322834643
 21
-2.977196929133858
 31
0
  0
LINE
  5
5C7
330
22
100
AcDbEntity
  8
F.Silkscreen
  6
CONTINUOUS
100
AcDbLine
 10
4.9674367322834643
 20
-2.977196929133858
 30
0
 11
4.9669215354330705
 21
-2.9761664960629921
 31
0
  0
LINE
  5
5C8
330
22
100
AcDbEntity
  8
F.Silkscreen
  6
CONTINUOUS
100
AcDbLine
 10
4.9669215354330705
 20
-2.9761664960629921
 30
0
 11
4.9668398425196854
 21
-2.9750172834645667
 31
0
  0
LINE
  5
5C9
330
22
100
AcDbEntity
  8
F.Silkscreen
  6
CONTINUOUS
100
AcDbLine
 10
4.9668398425196854
 20
-2.9750172834645667
 30
0
 11
4.9669681889763782
 21
-2.9744528346456693
 31
0
  0
LINE
  5
5CA
330
22
100
AcDbEntity
  8
F.Silkscreen
  6
CONTINUOUS
100
AcDbLine
 10
4.9669681889763782
 20
-2.9744528346456693
 30
0
 11
4.980091535433071
 21
-2.9350827559055119
 31
0
  0
LINE
  5
5CB
330
22
100
AcDbEntity
  8
F.Silkscreen
  6
CONTINUOUS
100
AcDbLine
 10
4.980091535433071
 20
-2.9350827559055119
 30
0
 11
4.980327519685039
 21
-2.934554212598425
 31
0
  0
LINE
  5
5CC
330
22
100
AcDbEntity
  8
F.Silkscreen
  6
CONTINUOUS
100
AcDbLine
 10
4.980327519685039
 20
-2.934554212598425
 30
0
 11
4.9804657086614172
 21
-2.9343948425196849
 31
0
  0
LINE
  5
5CD
330
22
100
AcDbEntity
  8
F.Silkscreen
  6
CONTINUOUS
100
AcDbLine
 10
4.9804657086614172
 20
-2.9343948425196849
 30
0
 11
4.9805600787401572
 21
-2.9342061417322833
 31
0
  0
LINE
  5
5CE
330
22
100
AcDbEntity
  8
F.Silkscreen
  6
CONTINUOUS
100
AcDbLine
 10
4.9805600787401572
 20
-2.9342061417322833
 30
0
 11
4.9808399212598422
 21
-2.9339633858267717
 31
0
  0
LINE
  5
5CF
330
22
100
AcDbEntity
  8
F.Silkscreen
  6
CONTINUOUS
100
AcDbLine
 10
4.9808399212598422
 20
-2.9339633858267717
 30
0
 11
4.9810824015748034
 21
-2.9336838582677163
 31
0
  0
LINE
  5
5D0
330
22
100
AcDbEntity
  8
F.Silkscreen
  6
CONTINUOUS
100
AcDbLine
 10
4.9810824015748034
 20
-2.9336838582677163
 30
0
 11
4.9812709448818895
 21
-2.9335895669291339
 31
0
  0
LINE
  5
5D1
330
22
100
AcDbEntity
  8
F.Silkscreen
  6
CONTINUOUS
100
AcDbLine
 10
4.9812709448818895
 20
-2.9335895669291339
 30
0
 11
4.9814304330708659
 21
-2.9334512598425198
 31
0
  0
LINE
  5
5D2
330
22
100
AcDbEntity
  8
F.Silkscreen
  6
CONTINUOUS
100
AcDbLine
 10
4.9814304330708659
 20
-2.9334512598425198
 30
0
 11
4.9817818110236223
 21
-2.9333341338582675
 31
0
  0
LINE
  5
5D3
330
22
100
AcDbEntity
  8
F.Silkscreen
  6
CONTINUOUS
100
AcDbLine
 10
4.9817818110236223
 20
-2.9333341338582675
 30
0
 11
4.9821128346456689
 21
-2.9331686220472442
 31
0
  0
LINE
  5
5D4
330
22
100
AcDbEntity
  8
F.Silkscreen
  6
CONTINUOUS
100
AcDbLine
 10
4.9821128346456689
 20
-2.9331686220472442
 30
0
 11
4.9823232283464565
 21
-2.9331536614173226
 31
0
  0
LINE
  5
5D5
330
22
100
AcDbEntity
  8
F.Silkscreen
  6
CONTINUOUS
100
AcDbLine
 10
4.9823232283464565
 20
-2.9331536614173226
 30
0
 11
4.9825234645669294
 21
-2.9330869291338582
 31
0
  0
LINE
  5
5D6
330
22
100
AcDbEntity
  8
F.Silkscreen
  6
CONTINUOUS
100
AcDbLine
 10
4.9825234645669294
 20
-2.9330869291338582
 30
0
 11
4.9828927559055121
 21
-2.933113149606299
 31
0
  0
LINE
  5
5D7
330
22
100
AcDbEntity
  8
F.Silkscreen
  6
CONTINUOUS
100
AcDbLine
 10
4.9828927559055121
 20
-2.933113149606299
 30
0
 11
4.9832620472440947
 21
-2.9330869291338582
 31
0
  0
LINE
  5
5D8
330
22
100
AcDbEntity
  8
F.Silkscreen
  6
CONTINUOUS
100
AcDbLine
 10
4.9832620472440947
 20
-2.9330869291338582
 30
0
 11
4.983462244094488
 21
-2.9331536614173226
 31
0
  0
LINE
  5
5D9
330
22
100
AcDbEntity
  8
F.Silkscreen
  6
CONTINUOUS
100
AcDbLine
 10
4.977615669291338
 20
-2.9611851968503937
 30
0
 11
4.9881698425196852
 21
-2.9611851968503937
 31
0
  0
LINE
  5
5DA
330
22
100
AcDbEntity
  8
F.Silkscreen
  6
CONTINUOUS
100
AcDbLine
 10
4.9881698425196852
 20
-2.9611851968503937
 30
0
 11
4.9828927559055121
 21
-2.9453538976377951
 31
0
  0
LINE
  5
5DB
330
22
100
AcDbEntity
  8
F.Silkscreen
  6
CONTINUOUS
100
AcDbLine
 10
4.9828927559055121
 20
-2.9453538976377951
 30
0
 11
4.977615669291338
 21
-2.9611851968503937
 31
0
  0
LINE
  5
5DC
330
22
100
AcDbEntity
  8
F.Silkscreen
  6
CONTINUOUS
100
AcDbLine
 10
4.9582865354330705
 20
-2.9335613779527558
 30
0
 11
4.959101181102362
 21
-2.9343760236220473
 31
0
  0
LINE
  5
5DD
330
22
100
AcDbEntity
  8
F.Silkscreen
  6
CONTINUOUS
100
AcDbLine
 10
4.959101181102362
 20
-2.9343760236220473
 30
0
 11
4.9595420866141735
 21
-2.9354404330708661
 31
0
  0
LINE
  5
5DE
330
22
100
AcDbEntity
  8
F.Silkscreen
  6
CONTINUOUS
100
AcDbLine
 10
4.9595420866141735
 20
-2.9354404330708661
 30
0
 11
4.9595988188976374
 21
-2.936016496062992
 31
0
  0
LINE
  5
5DF
330
22
100
AcDbEntity
  8
F.Silkscreen
  6
CONTINUOUS
100
AcDbLine
 10
4.9595988188976374
 20
-2.936016496062992
 30
0
 11
4.9595988188976374
 21
-2.9753865748031494
 31
0
  0
LINE
  5
5E0
330
22
100
AcDbEntity
  8
F.Silkscreen
  6
CONTINUOUS
100
AcDbLine
 10
4.9595988188976374
 20
-2.9753865748031494
 30
0
 11
4.9595420866141735
 21
-2.9759626377952757
 31
0
  0
LINE
  5
5E1
330
22
100
AcDbEntity
  8
F.Silkscreen
  6
CONTINUOUS
100
AcDbLine
 10
4.9595420866141735
 20
-2.9759626377952757
 30
0
 11
4.959101181102362
 21
-2.9770270472440945
 31
0
  0
LINE
  5
5E2
330
22
100
AcDbEntity
  8
F.Silkscreen
  6
CONTINUOUS
100
AcDbLine
 10
4.959101181102362
 20
-2.9770270472440945
 30
0
 11
4.9582865354330705
 21
-2.977841692913386
 31
0
  0
LINE
  5
5E3
330
22
100
AcDbEntity
  8
F.Silkscreen
  6
CONTINUOUS
100
AcDbLine
 10
4.9582865354330705
 20
-2.977841692913386
 30
0
 11
4.9572221259842522
 21
-2.9782825984251966
 31
0
  0
LINE
  5
5E4
330
22
100
AcDbEntity
  8
F.Silkscreen
  6
CONTINUOUS
100
AcDbLine
 10
4.9572221259842522
 20
-2.9782825984251966
 30
0
 11
4.9560699999999995
 21
-2.9782825984251966
 31
0
  0
LINE
  5
5E5
330
22
100
AcDbEntity
  8
F.Silkscreen
  6
CONTINUOUS
100
AcDbLine
 10
4.9560699999999995
 20
-2.9782825984251966
 30
0
 11
4.9550055905511812
 21
-2.977841692913386
 31
0
  0
LINE
  5
5E6
330
22
100
AcDbEntity
  8
F.Silkscreen
  6
CONTINUOUS
100
AcDbLine
 10
4.9550055905511812
 20
-2.977841692913386
 30
0
 11
4.9541909448818897
 21
-2.9770270472440945
 31
0
  0
LINE
  5
5E7
330
22
100
AcDbEntity
  8
F.Silkscreen
  6
CONTINUOUS
100
AcDbLine
 10
4.9541909448818897
 20
-2.9770270472440945
 30
0
 11
4.9537500393700782
 21
-2.9759626377952757
 31
0
  0
LINE
  5
5E8
330
22
100
AcDbEntity
  8
F.Silkscreen
  6
CONTINUOUS
100
AcDbLine
 10
4.9537500393700782
 20
-2.9759626377952757
 30
0
 11
4.9536933070866143
 21
-2.9753865748031494
 31
0
  0
LINE
  5
5E9
330
22
100
AcDbEntity
  8
F.Silkscreen
  6
CONTINUOUS
100
AcDbLine
 10
4.9536933070866143
 20
-2.9753865748031494
 30
0
 11
4.9536933070866143
 21
-2.936016496062992
 31
0
  0
LINE
  5
5EA
330
22
100
AcDbEntity
  8
F.Silkscreen
  6
CONTINUOUS
100
AcDbLine
 10
4.9536933070866143
 20
-2.936016496062992
 30
0
 11
4.9537500393700782
 21
-2.9354404330708661
 31
0
  0
LINE
  5
5EB
330
22
100
AcDbEntity
  8
F.Silkscreen
  6
CONTINUOUS
100
AcDbLine
 10
4.9537500393700782
 20
-2.9354404330708661
 30
0
 11
4.9541909448818897
 21
-2.9343760236220473
 31
0
  0
LINE
  5
5EC
330
22
100
AcDbEntity
  8
F.Silkscreen
  6
CONTINUOUS
100
AcDbLine
 10
4.9541909448818897
 20
-2.9343760236220473
 30
0
 11
4.9550055905511812
 21
-2.9335613779527558
 31
0
  0
LINE
  5
5ED
330
22
100
AcDbEntity
  8
F.Silkscreen
  6
CONTINUOUS
100
AcDbLine
 10
4.9550055905511812
 20
-2.9335613779527558
 30
0
 11
4.9560699999999995
 21
-2.9331204724409448
 31
0
  0
LINE
  5
5EE
330
22
100
AcDbEntity
  8
F.Silkscreen
  6
CONTINUOUS
100
AcDbLine
 10
4.9560699999999995
 20
-2.9331204724409448
 30
0
 11
4.9572221259842522
 21
-2.9331204724409448
 31
0
  0
LINE
  5
5EF
330
22
100
AcDbEntity
  8
F.Silkscreen
  6
CONTINUOUS
100
AcDbLine
 10
4.9572221259842522
 20
-2.9331204724409448
 30
0
 11
4.9582865354330705
 21
-2.9335613779527558
 31
0
  0
LINE
  5
5F0
330
22
100
AcDbEntity
  8
F.Silkscreen
  6
CONTINUOUS
100
AcDbLine
 10
4.8444516141732281
 20
-2.8346672440944882
 30
0
 11
4.8445293700787397
 21
-2.8346617322834646
 31
0
  0
LINE
  5
5F1
330
22
100
AcDbEntity
  8
F.Silkscreen
  6
CONTINUOUS
100
AcDbLine
 10
4.8445293700787397
 20
-2.8346617322834646
 30
0
 11
4.8446316141732284
 21
-2.8346849606299211
 31
0
  0
LINE
  5
5F2
330
22
100
AcDbEntity
  8
F.Silkscreen
  6
CONTINUOUS
100
AcDbLine
 10
4.8446316141732284
 20
-2.8346849606299211
 30
0
 11
4.844736141732283
 21
-2.8346952755905512
 31
0
  0
LINE
  5
5F3
330
22
100
AcDbEntity
  8
F.Silkscreen
  6
CONTINUOUS
100
AcDbLine
 10
4.844736141732283
 20
-2.8346952755905512
 30
0
 11
4.8448082283464569
 21
-2.834725118110236
 31
0
  0
LINE
  5
5F4
330
22
100
AcDbEntity
  8
F.Silkscreen
  6
CONTINUOUS
100
AcDbLine
 10
4.8448082283464569
 20
-2.834725118110236
 30
0
 11
4.845093818897638
 21
-2.8347900787401574
 31
0
  0
LINE
  5
5F5
330
22
100
AcDbEntity
  8
F.Silkscreen
  6
CONTINUOUS
100
AcDbLine
 10
4.845093818897638
 20
-2.8347900787401574
 30
0
 11
4.8507181102362207
 21
-2.836664842519685
 31
0
  0
LINE
  5
5F6
330
22
100
AcDbEntity
  8
F.Silkscreen
  6
CONTINUOUS
100
AcDbLine
 10
4.8507181102362207
 20
-2.836664842519685
 30
0
 11
4.8512466535433072
 21
-2.8369008267716533
 31
0
  0
LINE
  5
5F7
330
22
100
AcDbEntity
  8
F.Silkscreen
  6
CONTINUOUS
100
AcDbLine
 10
4.8512466535433072
 20
-2.8369008267716533
 30
0
 11
4.8521170078740159
 21
-2.8376557086614174
 31
0
  0
LINE
  5
5F8
330
22
100
AcDbEntity
  8
F.Silkscreen
  6
CONTINUOUS
100
AcDbLine
 10
4.8521170078740159
 20
-2.8376557086614174
 30
0
 11
4.8526322440944885
 21
-2.8386861417322833
 31
0
  0
LINE
  5
5F9
330
22
100
AcDbEntity
  8
F.Silkscreen
  6
CONTINUOUS
100
AcDbLine
 10
4.8526322440944885
 20
-2.8386861417322833
 30
0
 11
4.8527139370078736
 21
-2.8398353543307087
 31
0
  0
LINE
  5
5FA
330
22
100
AcDbEntity
  8
F.Silkscreen
  6
CONTINUOUS
100
AcDbLine
 10
4.8527139370078736
 20
-2.8398353543307087
 30
0
 11
4.8523496062992129
 21
-2.840928346456693
 31
0
  0
LINE
  5
5FB
330
22
100
AcDbEntity
  8
F.Silkscreen
  6
CONTINUOUS
100
AcDbLine
 10
4.8523496062992129
 20
-2.840928346456693
 30
0
 11
4.8515947244094484
 21
-2.8417987401574805
 31
0
  0
LINE
  5
5FC
330
22
100
AcDbEntity
  8
F.Silkscreen
  6
CONTINUOUS
100
AcDbLine
 10
4.8515947244094484
 20
-2.8417987401574805
 30
0
 11
4.8505642519685042
 21
-2.8423139370078738
 31
0
  0
LINE
  5
5FD
330
22
100
AcDbEntity
  8
F.Silkscreen
  6
CONTINUOUS
100
AcDbLine
 10
4.8505642519685042
 20
-2.8423139370078738
 30
0
 11
4.8494150393700783
 21
-2.8423956299212598
 31
0
  0
LINE
  5
5FE
330
22
100
AcDbEntity
  8
F.Silkscreen
  6
CONTINUOUS
100
AcDbLine
 10
4.8494150393700783
 20
-2.8423956299212598
 30
0
 11
4.848850590551181
 21
-2.842267283464567
 31
0
  0
LINE
  5
5FF
330
22
100
AcDbEntity
  8
F.Silkscreen
  6
CONTINUOUS
100
AcDbLine
 10
4.848850590551181
 20
-2.842267283464567
 30
0
 11
4.84368094488189
 21
-2.84054405511811
 31
0
  0
LINE
  5
600
330
22
100
AcDbEntity
  8
F.Silkscreen
  6
CONTINUOUS
100
AcDbLine
 10
4.84368094488189
 20
-2.84054405511811
 30
0
 11
4.8354833070866139
 21
-2.84054405511811
 31
0
  0
LINE
  5
601
330
22
100
AcDbEntity
  8
F.Silkscreen
  6
CONTINUOUS
100
AcDbLine
 10
4.8354833070866139
 20
-2.84054405511811
 30
0
 11
4.8327858267716532
 21
-2.8418927952755904
 31
0
  0
LINE
  5
602
330
22
100
AcDbEntity
  8
F.Silkscreen
  6
CONTINUOUS
100
AcDbLine
 10
4.8327858267716532
 20
-2.8418927952755904
 30
0
 11
4.8315887007874014
 21
-2.8430899212598426
 31
0
  0
LINE
  5
603
330
22
100
AcDbEntity
  8
F.Silkscreen
  6
CONTINUOUS
100
AcDbLine
 10
4.8315887007874014
 20
-2.8430899212598426
 30
0
 11
4.8302399606299211
 21
-2.8457874015748033
 31
0
  0
LINE
  5
604
330
22
100
AcDbEntity
  8
F.Silkscreen
  6
CONTINUOUS
100
AcDbLine
 10
4.8302399606299211
 20
-2.8457874015748033
 30
0
 11
4.8302399606299211
 21
-2.8481428346456692
 31
0
  0
LINE
  5
605
330
22
100
AcDbEntity
  8
F.Silkscreen
  6
CONTINUOUS
100
AcDbLine
 10
4.8302399606299211
 20
-2.8481428346456692
 30
0
 11
4.8315887007874014
 21
-2.8508403149606298
 31
0
  0
LINE
  5
606
330
22
100
AcDbEntity
  8
F.Silkscreen
  6
CONTINUOUS
100
AcDbLine
 10
4.8315887007874014
 20
-2.8508403149606298
 30
0
 11
4.8327858267716532
 21
-2.8520374409448817
 31
0
  0
LINE
  5
607
330
22
100
AcDbEntity
  8
F.Silkscreen
  6
CONTINUOUS
100
AcDbLine
 10
4.8327858267716532
 20
-2.8520374409448817
 30
0
 11
4.8358168110236219
 21
-2.8535529133858266
 31
0
  0
LINE
  5
608
330
22
100
AcDbEntity
  8
F.Silkscreen
  6
CONTINUOUS
100
AcDbLine
 10
4.8358168110236219
 20
-2.8535529133858266
 30
0
 11
4.8430014566929129
 21
-2.8553490944881887
 31
0
  0
LINE
  5
609
330
22
100
AcDbEntity
  8
F.Silkscreen
  6
CONTINUOUS
100
AcDbLine
 10
4.8430014566929129
 20
-2.8553490944881887
 30
0
 11
4.8430439370078737
 21
-2.8553642519685041
 31
0
  0
LINE
  5
60A
330
22
100
AcDbEntity
  8
F.Silkscreen
  6
CONTINUOUS
100
AcDbLine
 10
4.8430439370078737
 20
-2.8553642519685041
 30
0
 11
4.8430651968503939
 21
-2.8553657874015745
 31
0
  0
LINE
  5
60B
330
22
100
AcDbEntity
  8
F.Silkscreen
  6
CONTINUOUS
100
AcDbLine
 10
4.8430651968503939
 20
-2.8553657874015745
 30
0
 11
4.8433046062992124
 21
-2.8554574015748031
 31
0
  0
LINE
  5
60C
330
22
100
AcDbEntity
  8
F.Silkscreen
  6
CONTINUOUS
100
AcDbLine
 10
4.8433046062992124
 20
-2.8554574015748031
 30
0
 11
4.8435465748031499
 21
-2.8555438582677164
 31
0
  0
LINE
  5
60D
330
22
100
AcDbEntity
  8
F.Silkscreen
  6
CONTINUOUS
100
AcDbLine
 10
4.8435465748031499
 20
-2.8555438582677164
 30
0
 11
4.8435637007874011
 21
-2.8555565354330708
 31
0
  0
LINE
  5
60E
330
22
100
AcDbEntity
  8
F.Silkscreen
  6
CONTINUOUS
100
AcDbLine
 10
4.8435637007874011
 20
-2.8555565354330708
 30
0
 11
4.8436058267716531
 21
-2.8555726771653545
 31
0
  0
LINE
  5
60F
330
22
100
AcDbEntity
  8
F.Silkscreen
  6
CONTINUOUS
100
AcDbLine
 10
4.8436058267716531
 20
-2.8555726771653545
 30
0
 11
4.8473553543307082
 21
-2.857447440944882
 31
0
  0
LINE
  5
610
330
22
100
AcDbEntity
  8
F.Silkscreen
  6
CONTINUOUS
100
AcDbLine
 10
4.8473553543307082
 20
-2.857447440944882
 30
0
 11
4.847603346456693
 21
-2.8576035039370078
 31
0
  0
LINE
  5
611
330
22
100
AcDbEntity
  8
F.Silkscreen
  6
CONTINUOUS
100
AcDbLine
 10
4.847603346456693
 20
-2.8576035039370078
 30
0
 11
4.8476753149606298
 21
-2.857633346456693
 31
0
  0
LINE
  5
612
330
22
100
AcDbEntity
  8
F.Silkscreen
  6
CONTINUOUS
100
AcDbLine
 10
4.8476753149606298
 20
-2.857633346456693
 30
0
 11
4.8477562598425195
 21
-2.8576998031496061
 31
0
  0
LINE
  5
613
330
22
100
AcDbEntity
  8
F.Silkscreen
  6
CONTINUOUS
100
AcDbLine
 10
4.8477562598425195
 20
-2.8576998031496061
 30
0
 11
4.847845236220472
 21
-2.8577557874015747
 31
0
  0
LINE
  5
614
330
22
100
AcDbEntity
  8
F.Silkscreen
  6
CONTINUOUS
100
AcDbLine
 10
4.847845236220472
 20
-2.8577557874015747
 30
0
 11
4.8478963779527557
 21
-2.8578147637795275
 31
0
  0
LINE
  5
615
330
22
100
AcDbEntity
  8
F.Silkscreen
  6
CONTINUOUS
100
AcDbLine
 10
4.8478963779527557
 20
-2.8578147637795275
 30
0
 11
4.8481227559055116
 21
-2.8580005511811022
 31
0
  0
LINE
  5
616
330
22
100
AcDbEntity
  8
F.Silkscreen
  6
CONTINUOUS
100
AcDbLine
 10
4.8481227559055116
 20
-2.8580005511811022
 30
0
 11
4.8499975196850391
 21
-2.8598753149606297
 31
0
  0
LINE
  5
617
330
22
100
AcDbEntity
  8
F.Silkscreen
  6
CONTINUOUS
100
AcDbLine
 10
4.8499975196850391
 20
-2.8598753149606297
 30
0
 11
4.8501832677165355
 21
-2.8601016535433068
 31
0
  0
LINE
  5
618
330
22
100
AcDbEntity
  8
F.Silkscreen
  6
CONTINUOUS
100
AcDbLine
 10
4.8501832677165355
 20
-2.8601016535433068
 30
0
 11
4.8502422834645671
 21
-2.8601528346456693
 31
0
  0
LINE
  5
619
330
22
100
AcDbEntity
  8
F.Silkscreen
  6
CONTINUOUS
100
AcDbLine
 10
4.8502422834645671
 20
-2.8601528346456693
 30
0
 11
4.8502982283464569
 21
-2.8602417716535431
 31
0
  0
LINE
  5
61A
330
22
100
AcDbEntity
  8
F.Silkscreen
  6
CONTINUOUS
100
AcDbLine
 10
4.8502982283464569
 20
-2.8602417716535431
 30
0
 11
4.8503647244094488
 21
-2.8603227559055115
 31
0
  0
LINE
  5
61B
330
22
100
AcDbEntity
  8
F.Silkscreen
  6
CONTINUOUS
100
AcDbLine
 10
4.8503647244094488
 20
-2.8603227559055115
 30
0
 11
4.8503945275590548
 21
-2.86039468503937
 31
0
  0
LINE
  5
61C
330
22
100
AcDbEntity
  8
F.Silkscreen
  6
CONTINUOUS
100
AcDbLine
 10
4.8503945275590548
 20
-2.86039468503937
 30
0
 11
4.8505506299212593
 21
-2.8606427165354331
 31
0
  0
LINE
  5
61D
330
22
100
AcDbEntity
  8
F.Silkscreen
  6
CONTINUOUS
100
AcDbLine
 10
4.8505506299212593
 20
-2.8606427165354331
 30
0
 11
4.8524253937007868
 21
-2.8643922440944882
 31
0
  0
LINE
  5
61E
330
22
100
AcDbEntity
  8
F.Silkscreen
  6
CONTINUOUS
100
AcDbLine
 10
4.8524253937007868
 20
-2.8643922440944882
 30
0
 11
4.8526322834645672
 21
-2.8649328346456691
 31
0
  0
LINE
  5
61F
330
22
100
AcDbEntity
  8
F.Silkscreen
  6
CONTINUOUS
100
AcDbLine
 10
4.8526322834645672
 20
-2.8649328346456691
 30
0
 11
4.8526398031496063
 21
-2.8650387007874016
 31
0
  0
LINE
  5
620
330
22
100
AcDbEntity
  8
F.Silkscreen
  6
CONTINUOUS
100
AcDbLine
 10
4.8526398031496063
 20
-2.8650387007874016
 30
0
 11
4.852680393700787
 21
-2.8651366929133859
 31
0
  0
LINE
  5
621
330
22
100
AcDbEntity
  8
F.Silkscreen
  6
CONTINUOUS
100
AcDbLine
 10
4.852680393700787
 20
-2.8651366929133859
 30
0
 11
4.8527371259842518
 21
-2.8657127559055118
 31
0
  0
LINE
  5
622
330
22
100
AcDbEntity
  8
F.Silkscreen
  6
CONTINUOUS
100
AcDbLine
 10
4.8527371259842518
 20
-2.8657127559055118
 30
0
 11
4.8527371259842518
 21
-2.8694622834645669
 31
0
  0
LINE
  5
623
330
22
100
AcDbEntity
  8
F.Silkscreen
  6
CONTINUOUS
100
AcDbLine
 10
4.8527371259842518
 20
-2.8694622834645669
 30
0
 11
4.852680393700787
 21
-2.8700383464566928
 31
0
  0
LINE
  5
624
330
22
100
AcDbEntity
  8
F.Silkscreen
  6
CONTINUOUS
100
AcDbLine
 10
4.852680393700787
 20
-2.8700383464566928
 30
0
 11
4.8526398031496063
 21
-2.8701362992125983
 31
0
  0
LINE
  5
625
330
22
100
AcDbEntity
  8
F.Silkscreen
  6
CONTINUOUS
100
AcDbLine
 10
4.8526398031496063
 20
-2.8701362992125983
 30
0
 11
4.8526322834645672
 21
-2.8702422047244092
 31
0
  0
LINE
  5
626
330
22
100
AcDbEntity
  8
F.Silkscreen
  6
CONTINUOUS
100
AcDbLine
 10
4.8526322834645672
 20
-2.8702422047244092
 30
0
 11
4.8524253937007868
 21
-2.8707827952755904
 31
0
  0
LINE
  5
627
330
22
100
AcDbEntity
  8
F.Silkscreen
  6
CONTINUOUS
100
AcDbLine
 10
4.8524253937007868
 20
-2.8707827952755904
 30
0
 11
4.8505506299212593
 21
-2.8745323228346455
 31
0
  0
LINE
  5
628
330
22
100
AcDbEntity
  8
F.Silkscreen
  6
CONTINUOUS
100
AcDbLine
 10
4.8505506299212593
 20
-2.8745323228346455
 30
0
 11
4.8503945669291335
 21
-2.8747801968503937
 31
0
  0
LINE
  5
629
330
22
100
AcDbEntity
  8
F.Silkscreen
  6
CONTINUOUS
100
AcDbLine
 10
4.8503945669291335
 20
-2.8747801968503937
 30
0
 11
4.8503647637795275
 21
-2.8748522440944879
 31
0
  0
LINE
  5
62A
330
22
100
AcDbEntity
  8
F.Silkscreen
  6
CONTINUOUS
100
AcDbLine
 10
4.8503647637795275
 20
-2.8748522440944879
 30
0
 11
4.8502982283464569
 21
-2.8749332677165356
 31
0
  0
LINE
  5
62B
330
22
100
AcDbEntity
  8
F.Silkscreen
  6
CONTINUOUS
100
AcDbLine
 10
4.8502982283464569
 20
-2.8749332677165356
 30
0
 11
4.8502422834645671
 21
-2.8750222047244094
 31
0
  0
LINE
  5
62C
330
22
100
AcDbEntity
  8
F.Silkscreen
  6
CONTINUOUS
100
AcDbLine
 10
4.8502422834645671
 20
-2.8750222047244094
 30
0
 11
4.8501832677165355
 21
-2.8750733464566927
 31
0
  0
LINE
  5
62D
330
22
100
AcDbEntity
  8
F.Silkscreen
  6
CONTINUOUS
100
AcDbLine
 10
4.8501832677165355
 20
-2.8750733464566927
 30
0
 11
4.8499975196850391
 21
-2.8752997244094489
 31
0
  0
LINE
  5
62E
330
22
100
AcDbEntity
  8
F.Silkscreen
  6
CONTINUOUS
100
AcDbLine
 10
4.8499975196850391
 20
-2.8752997244094489
 30
0
 11
4.8481227952755903
 21
-2.8771744881889765
 31
0
  0
LINE
  5
62F
330
22
100
AcDbEntity
  8
F.Silkscreen
  6
CONTINUOUS
100
AcDbLine
 10
4.8481227952755903
 20
-2.8771744881889765
 30
0
 11
4.8478964173228345
 21
-2.8773602362204724
 31
0
  0
LINE
  5
630
330
22
100
AcDbEntity
  8
F.Silkscreen
  6
CONTINUOUS
100
AcDbLine
 10
4.8478964173228345
 20
-2.8773602362204724
 30
0
 11
4.847845236220472
 21
-2.8774192913385828
 31
0
  0
LINE
  5
631
330
22
100
AcDbEntity
  8
F.Silkscreen
  6
CONTINUOUS
100
AcDbLine
 10
4.847845236220472
 20
-2.8774192913385828
 30
0
 11
4.8477562598425195
 21
-2.8774752755905513
 31
0
  0
LINE
  5
632
330
22
100
AcDbEntity
  8
F.Silkscreen
  6
CONTINUOUS
100
AcDbLine
 10
4.8477562598425195
 20
-2.8774752755905513
 30
0
 11
4.8476753149606298
 21
-2.8775417322834644
 31
0
  0
LINE
  5
633
330
22
100
AcDbEntity
  8
F.Silkscreen
  6
CONTINUOUS
100
AcDbLine
 10
4.8476753149606298
 20
-2.8775417322834644
 30
0
 11
4.847603346456693
 21
-2.8775715354330709
 31
0
  0
LINE
  5
634
330
22
100
AcDbEntity
  8
F.Silkscreen
  6
CONTINUOUS
100
AcDbLine
 10
4.847603346456693
 20
-2.8775715354330709
 30
0
 11
4.8473553543307082
 21
-2.8777276377952754
 31
0
  0
LINE
  5
635
330
22
100
AcDbEntity
  8
F.Silkscreen
  6
CONTINUOUS
100
AcDbLine
 10
4.8473553543307082
 20
-2.8777276377952754
 30
0
 11
4.8436058267716531
 21
-2.879602401574803
 31
0
  0
LINE
  5
636
330
22
100
AcDbEntity
  8
F.Silkscreen
  6
CONTINUOUS
100
AcDbLine
 10
4.8436058267716531
 20
-2.879602401574803
 30
0
 11
4.8430651968503939
 21
-2.8798092913385824
 31
0
  0
LINE
  5
637
330
22
100
AcDbEntity
  8
F.Silkscreen
  6
CONTINUOUS
100
AcDbLine
 10
4.8430651968503939
 20
-2.8798092913385824
 30
0
 11
4.8429593700787397
 21
-2.8798167716535432
 31
0
  0
LINE
  5
638
330
22
100
AcDbEntity
  8
F.Silkscreen
  6
CONTINUOUS
100
AcDbLine
 10
4.8429593700787397
 20
-2.8798167716535432
 30
0
 11
4.8428613779527554
 21
-2.8798574015748031
 31
0
  0
LINE
  5
639
330
22
100
AcDbEntity
  8
F.Silkscreen
  6
CONTINUOUS
100
AcDbLine
 10
4.8428613779527554
 20
-2.8798574015748031
 30
0
 11
4.8422853149606295
 21
-2.8799141338582674
 31
0
  0
LINE
  5
63A
330
22
100
AcDbEntity
  8
F.Silkscreen
  6
CONTINUOUS
100
AcDbLine
 10
4.8422853149606295
 20
-2.8799141338582674
 30
0
 11
4.8329114960629918
 21
-2.8799141338582674
 31
0
  0
LINE
  5
63B
330
22
100
AcDbEntity
  8
F.Silkscreen
  6
CONTINUOUS
100
AcDbLine
 10
4.8329114960629918
 20
-2.8799141338582674
 30
0
 11
4.8326198818897641
 21
-2.8798853937007873
 31
0
  0
LINE
  5
63C
330
22
100
AcDbEntity
  8
F.Silkscreen
  6
CONTINUOUS
100
AcDbLine
 10
4.8326198818897641
 20
-2.8798853937007873
 30
0
 11
4.8325421653543303
 21
-2.8798909448818897
 31
0
  0
LINE
  5
63D
330
22
100
AcDbEntity
  8
F.Silkscreen
  6
CONTINUOUS
100
AcDbLine
 10
4.8325421653543303
 20
-2.8798909448818897
 30
0
 11
4.8324398818897638
 21
-2.8798676771653544
 31
0
  0
LINE
  5
63E
330
22
100
AcDbEntity
  8
F.Silkscreen
  6
CONTINUOUS
100
AcDbLine
 10
4.8324398818897638
 20
-2.8798676771653544
 30
0
 11
4.8323354330708659
 21
-2.8798574015748031
 31
0
  0
LINE
  5
63F
330
22
100
AcDbEntity
  8
F.Silkscreen
  6
CONTINUOUS
100
AcDbLine
 10
4.8323354330708659
 20
-2.8798574015748031
 30
0
 11
4.8322633464566929
 21
-2.8798275196850391
 31
0
  0
LINE
  5
640
330
22
100
AcDbEntity
  8
F.Silkscreen
  6
CONTINUOUS
100
AcDbLine
 10
4.8322633464566929
 20
-2.8798275196850391
 30
0
 11
4.831977716535433
 21
-2.8797625984251969
 31
0
  0
LINE
  5
641
330
22
100
AcDbEntity
  8
F.Silkscreen
  6
CONTINUOUS
100
AcDbLine
 10
4.831977716535433
 20
-2.8797625984251969
 30
0
 11
4.826353464566929
 21
-2.8778878346456693
 31
0
  0
LINE
  5
642
330
22
100
AcDbEntity
  8
F.Silkscreen
  6
CONTINUOUS
100
AcDbLine
 10
4.826353464566929
 20
-2.8778878346456693
 30
0
 11
4.8258248818897638
 21
-2.8776518503937005
 31
0
  0
LINE
  5
643
330
22
100
AcDbEntity
  8
F.Silkscreen
  6
CONTINUOUS
100
AcDbLine
 10
4.8258248818897638
 20
-2.8776518503937005
 30
0
 11
4.8249545275590551
 21
-2.8768969685039369
 31
0
  0
LINE
  5
644
330
22
100
AcDbEntity
  8
F.Silkscreen
  6
CONTINUOUS
100
AcDbLine
 10
4.8249545275590551
 20
-2.8768969685039369
 30
0
 11
4.8244393307086613
 21
-2.8758665354330706
 31
0
  0
LINE
  5
645
330
22
100
AcDbEntity
  8
F.Silkscreen
  6
CONTINUOUS
100
AcDbLine
 10
4.8244393307086613
 20
-2.8758665354330706
 30
0
 11
4.8243576377952753
 21
-2.8747173228346456
 31
0
  0
LINE
  5
646
330
22
100
AcDbEntity
  8
F.Silkscreen
  6
CONTINUOUS
100
AcDbLine
 10
4.8243576377952753
 20
-2.8747173228346456
 30
0
 11
4.8247219685039369
 21
-2.8736242913385825
 31
0
  0
LINE
  5
647
330
22
100
AcDbEntity
  8
F.Silkscreen
  6
CONTINUOUS
100
AcDbLine
 10
4.8247219685039369
 20
-2.8736242913385825
 30
0
 11
4.8254768503937004
 21
-2.8727539370078738
 31
0
  0
LINE
  5
648
330
22
100
AcDbEntity
  8
F.Silkscreen
  6
CONTINUOUS
100
AcDbLine
 10
4.8254768503937004
 20
-2.8727539370078738
 30
0
 11
4.8265072834645668
 21
-2.87223874015748
 31
0
  0
LINE
  5
649
330
22
100
AcDbEntity
  8
F.Silkscreen
  6
CONTINUOUS
100
AcDbLine
 10
4.8265072834645668
 20
-2.87223874015748
 30
0
 11
4.8276564960629917
 21
-2.8721570472440945
 31
0
  0
LINE
  5
64A
330
22
100
AcDbEntity
  8
F.Silkscreen
  6
CONTINUOUS
100
AcDbLine
 10
4.8276564960629917
 20
-2.8721570472440945
 30
0
 11
4.82822094488189
 21
-2.8722853937007873
 31
0
  0
LINE
  5
64B
330
22
100
AcDbEntity
  8
F.Silkscreen
  6
CONTINUOUS
100
AcDbLine
 10
4.82822094488189
 20
-2.8722853937007873
 30
0
 11
4.8333906299212597
 21
-2.8740086220472438
 31
0
  0
LINE
  5
64C
330
22
100
AcDbEntity
  8
F.Silkscreen
  6
CONTINUOUS
100
AcDbLine
 10
4.8333906299212597
 20
-2.8740086220472438
 30
0
 11
4.8415882677165349
 21
-2.8740086220472438
 31
0
  0
LINE
  5
64D
330
22
100
AcDbEntity
  8
F.Silkscreen
  6
CONTINUOUS
100
AcDbLine
 10
4.8415882677165349
 20
-2.8740086220472438
 30
0
 11
4.8442857086614168
 21
-2.8726598818897635
 31
0
  0
LINE
  5
64E
330
22
100
AcDbEntity
  8
F.Silkscreen
  6
CONTINUOUS
100
AcDbLine
 10
4.8442857086614168
 20
-2.8726598818897635
 30
0
 11
4.8454828346456695
 21
-2.8714627165354329
 31
0
  0
LINE
  5
64F
330
22
100
AcDbEntity
  8
F.Silkscreen
  6
CONTINUOUS
100
AcDbLine
 10
4.8454828346456695
 20
-2.8714627165354329
 30
0
 11
4.8468316141732286
 21
-2.8687652362204723
 31
0
  0
LINE
  5
650
330
22
100
AcDbEntity
  8
F.Silkscreen
  6
CONTINUOUS
100
AcDbLine
 10
4.8468316141732286
 20
-2.8687652362204723
 30
0
 11
4.8468316141732286
 21
-2.8664098031496064
 31
0
  0
LINE
  5
651
330
22
100
AcDbEntity
  8
F.Silkscreen
  6
CONTINUOUS
100
AcDbLine
 10
4.8468316141732286
 20
-2.8664098031496064
 30
0
 11
4.8454828740157483
 21
-2.8637123228346457
 31
0
  0
LINE
  5
652
330
22
100
AcDbEntity
  8
F.Silkscreen
  6
CONTINUOUS
100
AcDbLine
 10
4.8454828740157483
 20
-2.8637123228346457
 30
0
 11
4.8442857480314956
 21
-2.8625151968503935
 31
0
  0
LINE
  5
653
330
22
100
AcDbEntity
  8
F.Silkscreen
  6
CONTINUOUS
100
AcDbLine
 10
4.8442857480314956
 20
-2.8625151968503935
 30
0
 11
4.8412547637795278
 21
-2.8609996850393702
 31
0
  0
LINE
  5
654
330
22
100
AcDbEntity
  8
F.Silkscreen
  6
CONTINUOUS
100
AcDbLine
 10
4.8412547637795278
 20
-2.8609996850393702
 30
0
 11
4.8340701181102359
 21
-2.8592035433070864
 31
0
  0
LINE
  5
655
330
22
100
AcDbEntity
  8
F.Silkscreen
  6
CONTINUOUS
100
AcDbLine
 10
4.8340701181102359
 20
-2.8592035433070864
 30
0
 11
4.8340275984251964
 21
-2.8591883464566927
 31
0
  0
LINE
  5
656
330
22
100
AcDbEntity
  8
F.Silkscreen
  6
CONTINUOUS
100
AcDbLine
 10
4.8340275984251964
 20
-2.8591883464566927
 30
0
 11
4.834006338582677
 21
-2.8591868503937006
 31
0
  0
LINE
  5
657
330
22
100
AcDbEntity
  8
F.Silkscreen
  6
CONTINUOUS
100
AcDbLine
 10
4.834006338582677
 20
-2.8591868503937006
 30
0
 11
4.8337665748031498
 21
-2.8590950787401574
 31
0
  0
LINE
  5
658
330
22
100
AcDbEntity
  8
F.Silkscreen
  6
CONTINUOUS
100
AcDbLine
 10
4.8337665748031498
 20
-2.8590950787401574
 30
0
 11
4.8335249999999998
 21
-2.8590087795275592
 31
0
  0
LINE
  5
659
330
22
100
AcDbEntity
  8
F.Silkscreen
  6
CONTINUOUS
100
AcDbLine
 10
4.8335249999999998
 20
-2.8590087795275592
 30
0
 11
4.833507834645669
 21
-2.8589960629921261
 31
0
  0
LINE
  5
65A
330
22
100
AcDbEntity
  8
F.Silkscreen
  6
CONTINUOUS
100
AcDbLine
 10
4.833507834645669
 20
-2.8589960629921261
 30
0
 11
4.8334657480314958
 21
-2.8589799606299211
 31
0
  0
LINE
  5
65B
330
22
100
AcDbEntity
  8
F.Silkscreen
  6
CONTINUOUS
100
AcDbLine
 10
4.8334657480314958
 20
-2.8589799606299211
 30
0
 11
4.8297162204724406
 21
-2.8571051968503935
 31
0
  0
LINE
  5
65C
330
22
100
AcDbEntity
  8
F.Silkscreen
  6
CONTINUOUS
100
AcDbLine
 10
4.8297162204724406
 20
-2.8571051968503935
 30
0
 11
4.829468188976378
 21
-2.856949094488189
 31
0
  0
LINE
  5
65D
330
22
100
AcDbEntity
  8
F.Silkscreen
  6
CONTINUOUS
100
AcDbLine
 10
4.829468188976378
 20
-2.856949094488189
 30
0
 11
4.82939625984252
 21
-2.8569192913385826
 31
0
  0
LINE
  5
65E
330
22
100
AcDbEntity
  8
F.Silkscreen
  6
CONTINUOUS
100
AcDbLine
 10
4.82939625984252
 20
-2.8569192913385826
 30
0
 11
4.8293152755905515
 21
-2.8568527952755907
 31
0
  0
LINE
  5
65F
330
22
100
AcDbEntity
  8
F.Silkscreen
  6
CONTINUOUS
100
AcDbLine
 10
4.8293152755905515
 20
-2.8568527952755907
 30
0
 11
4.8292263385826768
 21
-2.8567968503937009
 31
0
  0
LINE
  5
660
330
22
100
AcDbEntity
  8
F.Silkscreen
  6
CONTINUOUS
100
AcDbLine
 10
4.8292263385826768
 20
-2.8567968503937009
 30
0
 11
4.8291751574803152
 21
-2.8567378346456693
 31
0
  0
LINE
  5
661
330
22
100
AcDbEntity
  8
F.Silkscreen
  6
CONTINUOUS
100
AcDbLine
 10
4.8291751574803152
 20
-2.8567378346456693
 30
0
 11
4.8289488188976373
 21
-2.8565520866141734
 31
0
  0
LINE
  5
662
330
22
100
AcDbEntity
  8
F.Silkscreen
  6
CONTINUOUS
100
AcDbLine
 10
4.8289488188976373
 20
-2.8565520866141734
 30
0
 11
4.8270740551181097
 21
-2.8546773228346458
 31
0
  0
LINE
  5
663
330
22
100
AcDbEntity
  8
F.Silkscreen
  6
CONTINUOUS
100
AcDbLine
 10
4.8270740551181097
 20
-2.8546773228346458
 30
0
 11
4.8268882677165355
 21
-2.8544509448818896
 31
0
  0
LINE
  5
664
330
22
100
AcDbEntity
  8
F.Silkscreen
  6
CONTINUOUS
100
AcDbLine
 10
4.8268882677165355
 20
-2.8544509448818896
 30
0
 11
4.8268292913385826
 21
-2.8543998031496063
 31
0
  0
LINE
  5
665
330
22
100
AcDbEntity
  8
F.Silkscreen
  6
CONTINUOUS
100
AcDbLine
 10
4.8268292913385826
 20
-2.8543998031496063
 30
0
 11
4.8267733070866141
 21
-2.8543108267716533
 31
0
  0
LINE
  5
666
330
22
100
AcDbEntity
  8
F.Silkscreen
  6
CONTINUOUS
100
AcDbLine
 10
4.8267733070866141
 20
-2.8543108267716533
 30
0
 11
4.826706850393701
 21
-2.8542298818897636
 31
0
  0
LINE
  5
667
330
22
100
AcDbEntity
  8
F.Silkscreen
  6
CONTINUOUS
100
AcDbLine
 10
4.826706850393701
 20
-2.8542298818897636
 30
0
 11
4.8266770078740153
 21
-2.8541579133858268
 31
0
  0
LINE
  5
668
330
22
100
AcDbEntity
  8
F.Silkscreen
  6
CONTINUOUS
100
AcDbLine
 10
4.8266770078740153
 20
-2.8541579133858268
 30
0
 11
4.8265209448818895
 21
-2.8539099212598424
 31
0
  0
LINE
  5
669
330
22
100
AcDbEntity
  8
F.Silkscreen
  6
CONTINUOUS
100
AcDbLine
 10
4.8265209448818895
 20
-2.8539099212598424
 30
0
 11
4.824646181102362
 21
-2.8501603937007873
 31
0
  0
LINE
  5
66A
330
22
100
AcDbEntity
  8
F.Silkscreen
  6
CONTINUOUS
100
AcDbLine
 10
4.824646181102362
 20
-2.8501603937007873
 30
0
 11
4.8244392913385825
 21
-2.8496197637795273
 31
0
  0
LINE
  5
66B
330
22
100
AcDbEntity
  8
F.Silkscreen
  6
CONTINUOUS
100
AcDbLine
 10
4.8244392913385825
 20
-2.8496197637795273
 30
0
 11
4.8244317716535434
 21
-2.8495139370078739
 31
0
  0
LINE
  5
66C
330
22
100
AcDbEntity
  8
F.Silkscreen
  6
CONTINUOUS
100
AcDbLine
 10
4.8244317716535434
 20
-2.8495139370078739
 30
0
 11
4.8243911811023619
 21
-2.8494159448818897
 31
0
  0
LINE
  5
66D
330
22
100
AcDbEntity
  8
F.Silkscreen
  6
CONTINUOUS
100
AcDbLine
 10
4.8243911811023619
 20
-2.8494159448818897
 30
0
 11
4.8243344488188979
 21
-2.8488398818897638
 31
0
  0
LINE
  5
66E
330
22
100
AcDbEntity
  8
F.Silkscreen
  6
CONTINUOUS
100
AcDbLine
 10
4.8243344488188979
 20
-2.8488398818897638
 30
0
 11
4.8243344488188979
 21
-2.8450903543307087
 31
0
  0
LINE
  5
66F
330
22
100
AcDbEntity
  8
F.Silkscreen
  6
CONTINUOUS
100
AcDbLine
 10
4.8243344488188979
 20
-2.8450903543307087
 30
0
 11
4.8243911811023619
 21
-2.8445142913385828
 31
0
  0
LINE
  5
670
330
22
100
AcDbEntity
  8
F.Silkscreen
  6
CONTINUOUS
100
AcDbLine
 10
4.8243911811023619
 20
-2.8445142913385828
 30
0
 11
4.8244317716535434
 21
-2.8444162598425198
 31
0
  0
LINE
  5
671
330
22
100
AcDbEntity
  8
F.Silkscreen
  6
CONTINUOUS
100
AcDbLine
 10
4.8244317716535434
 20
-2.8444162598425198
 30
0
 11
4.8244392913385825
 21
-2.8443104724409447
 31
0
  0
LINE
  5
672
330
22
100
AcDbEntity
  8
F.Silkscreen
  6
CONTINUOUS
100
AcDbLine
 10
4.8244392913385825
 20
-2.8443104724409447
 30
0
 11
4.824646181102362
 21
-2.8437698425196851
 31
0
  0
LINE
  5
673
330
22
100
AcDbEntity
  8
F.Silkscreen
  6
CONTINUOUS
100
AcDbLine
 10
4.824646181102362
 20
-2.8437698425196851
 30
0
 11
4.8265209448818895
 21
-2.84002031496063
 31
0
  0
LINE
  5
674
330
22
100
AcDbEntity
  8
F.Silkscreen
  6
CONTINUOUS
100
AcDbLine
 10
4.8265209448818895
 20
-2.84002031496063
 30
0
 11
4.8266770078740153
 21
-2.8397722834645669
 31
0
  0
LINE
  5
675
330
22
100
AcDbEntity
  8
F.Silkscreen
  6
CONTINUOUS
100
AcDbLine
 10
4.8266770078740153
 20
-2.8397722834645669
 30
0
 11
4.826706850393701
 21
-2.8397003543307084
 31
0
  0
LINE
  5
676
330
22
100
AcDbEntity
  8
F.Silkscreen
  6
CONTINUOUS
100
AcDbLine
 10
4.826706850393701
 20
-2.8397003543307084
 30
0
 11
4.8267733070866141
 21
-2.83961937007874
 31
0
  0
LINE
  5
677
330
22
100
AcDbEntity
  8
F.Silkscreen
  6
CONTINUOUS
100
AcDbLine
 10
4.8267733070866141
 20
-2.83961937007874
 30
0
 11
4.8268292913385826
 21
-2.8395304330708662
 31
0
  0
LINE
  5
678
330
22
100
AcDbEntity
  8
F.Silkscreen
  6
CONTINUOUS
100
AcDbLine
 10
4.8268292913385826
 20
-2.8395304330708662
 30
0
 11
4.8268882677165355
 21
-2.8394792519685037
 31
0
  0
LINE
  5
679
330
22
100
AcDbEntity
  8
F.Silkscreen
  6
CONTINUOUS
100
AcDbLine
 10
4.8268882677165355
 20
-2.8394792519685037
 30
0
 11
4.8270740551181097
 21
-2.8392529133858266
 31
0
  0
LINE
  5
67A
330
22
100
AcDbEntity
  8
F.Silkscreen
  6
CONTINUOUS
100
AcDbLine
 10
4.8270740551181097
 20
-2.8392529133858266
 30
0
 11
4.8289488188976373
 21
-2.8373781496062991
 31
0
  0
LINE
  5
67B
330
22
100
AcDbEntity
  8
F.Silkscreen
  6
CONTINUOUS
100
AcDbLine
 10
4.8289488188976373
 20
-2.8373781496062991
 30
0
 11
4.8291751574803152
 21
-2.8371923622047244
 31
0
  0
LINE
  5
67C
330
22
100
AcDbEntity
  8
F.Silkscreen
  6
CONTINUOUS
100
AcDbLine
 10
4.8291751574803152
 20
-2.8371923622047244
 30
0
 11
4.8292263385826768
 21
-2.8371333858267715
 31
0
  0
LINE
  5
67D
330
22
100
AcDbEntity
  8
F.Silkscreen
  6
CONTINUOUS
100
AcDbLine
 10
4.8292263385826768
 20
-2.8371333858267715
 30
0
 11
4.8293152755905515
 21
-2.837077401574803
 31
0
  0
LINE
  5
67E
330
22
100
AcDbEntity
  8
F.Silkscreen
  6
CONTINUOUS
100
AcDbLine
 10
4.8293152755905515
 20
-2.837077401574803
 30
0
 11
4.82939625984252
 21
-2.8370109448818899
 31
0
  0
LINE
  5
67F
330
22
100
AcDbEntity
  8
F.Silkscreen
  6
CONTINUOUS
100
AcDbLine
 10
4.82939625984252
 20
-2.8370109448818899
 30
0
 11
4.829468188976378
 21
-2.8369811023622047
 31
0
  0
LINE
  5
680
330
22
100
AcDbEntity
  8
F.Silkscreen
  6
CONTINUOUS
100
AcDbLine
 10
4.829468188976378
 20
-2.8369811023622047
 30
0
 11
4.8297162204724406
 21
-2.8368250393700785
 31
0
  0
LINE
  5
681
330
22
100
AcDbEntity
  8
F.Silkscreen
  6
CONTINUOUS
100
AcDbLine
 10
4.8297162204724406
 20
-2.8368250393700785
 30
0
 11
4.8334657480314958
 21
-2.8349502755905509
 31
0
  0
LINE
  5
682
330
22
100
AcDbEntity
  8
F.Silkscreen
  6
CONTINUOUS
100
AcDbLine
 10
4.8334657480314958
 20
-2.8349502755905509
 30
0
 11
4.834006338582677
 21
-2.8347433858267714
 31
0
  0
LINE
  5
683
330
22
100
AcDbEntity
  8
F.Silkscreen
  6
CONTINUOUS
100
AcDbLine
 10
4.834006338582677
 20
-2.8347433858267714
 30
0
 11
4.8341122047244092
 21
-2.8347358267716536
 31
0
  0
LINE
  5
684
330
22
100
AcDbEntity
  8
F.Silkscreen
  6
CONTINUOUS
100
AcDbLine
 10
4.8341122047244092
 20
-2.8347358267716536
 30
0
 11
4.8342101968503934
 21
-2.8346952755905512
 31
0
  0
LINE
  5
685
330
22
100
AcDbEntity
  8
F.Silkscreen
  6
CONTINUOUS
100
AcDbLine
 10
4.8342101968503934
 20
-2.8346952755905512
 30
0
 11
4.8347862598425193
 21
-2.8346385433070864
 31
0
  0
LINE
  5
686
330
22
100
AcDbEntity
  8
F.Silkscreen
  6
CONTINUOUS
100
AcDbLine
 10
4.8347862598425193
 20
-2.8346385433070864
 30
0
 11
4.8441600787401571
 21
-2.8346385433070864
 31
0
  0
LINE
  5
687
330
22
100
AcDbEntity
  8
F.Silkscreen
  6
CONTINUOUS
100
AcDbLine
 10
4.8441600787401571
 20
-2.8346385433070864
 30
0
 11
4.8444516141732281
 21
-2.8346672440944882
 31
0
  0
LINE
  5
688
330
22
100
AcDbEntity
  8
F.Silkscreen
  6
CONTINUOUS
100
AcDbLine
 10
4.8784819291338586
 20
-2.8478186220472441
 30
0
 11
4.878579921259842
 21
-2.8478592125984252
 31
0
  0
LINE
  5
689
330
22
100
AcDbEntity
  8
F.Silkscreen
  6
CONTINUOUS
100
AcDbLine
 10
4.878579921259842
 20
-2.8478592125984252
 30
0
 11
4.8786857480314962
 21
-2.8478667322834643
 31
0
  0
LINE
  5
68A
330
22
100
AcDbEntity
  8
F.Silkscreen
  6
CONTINUOUS
100
AcDbLine
 10
4.8786857480314962
 20
-2.8478667322834643
 30
0
 11
4.8792263779527554
 21
-2.8480736220472442
 31
0
  0
LINE
  5
68B
330
22
100
AcDbEntity
  8
F.Silkscreen
  6
CONTINUOUS
100
AcDbLine
 10
4.8792263779527554
 20
-2.8480736220472442
 30
0
 11
4.8829759055118105
 21
-2.8499483858267718
 31
0
  0
LINE
  5
68C
330
22
100
AcDbEntity
  8
F.Silkscreen
  6
CONTINUOUS
100
AcDbLine
 10
4.8829759055118105
 20
-2.8499483858267718
 30
0
 11
4.883072244094488
 21
-2.8500090157480313
 31
0
  0
LINE
  5
68D
330
22
100
AcDbEntity
  8
F.Silkscreen
  6
CONTINUOUS
100
AcDbLine
 10
4.883072244094488
 20
-2.8500090157480313
 30
0
 11
4.8831176771653544
 21
-2.8500241732283462
 31
0
  0
LINE
  5
68E
330
22
100
AcDbEntity
  8
F.Silkscreen
  6
CONTINUOUS
100
AcDbLine
 10
4.8831176771653544
 20
-2.8500241732283462
 30
0
 11
4.8831742125984254
 21
-2.8500731889763777
 31
0
  0
LINE
  5
68F
330
22
100
AcDbEntity
  8
F.Silkscreen
  6
CONTINUOUS
100
AcDbLine
 10
4.8831742125984254
 20
-2.8500731889763777
 30
0
 11
4.8834657874015743
 21
-2.8502567322834644
 31
0
  0
LINE
  5
690
330
22
100
AcDbEntity
  8
F.Silkscreen
  6
CONTINUOUS
100
AcDbLine
 10
4.8834657874015743
 20
-2.8502567322834644
 30
0
 11
4.8837083464566931
 21
-2.8505364173228345
 31
0
  0
LINE
  5
691
330
22
100
AcDbEntity
  8
F.Silkscreen
  6
CONTINUOUS
100
AcDbLine
 10
4.8837083464566931
 20
-2.8505364173228345
 30
0
 11
4.8839880708661418
 21
-2.8507790157480315
 31
0
  0
LINE
  5
692
330
22
100
AcDbEntity
  8
F.Silkscreen
  6
CONTINUOUS
100
AcDbLine
 10
4.8839880708661418
 20
-2.8507790157480315
 30
0
 11
4.8841715748031493
 21
-2.8510705511811021
 31
0
  0
LINE
  5
693
330
22
100
AcDbEntity
  8
F.Silkscreen
  6
CONTINUOUS
100
AcDbLine
 10
4.8841715748031493
 20
-2.8510705511811021
 30
0
 11
4.88422062992126
 21
-2.8511271259842519
 31
0
  0
LINE
  5
694
330
22
100
AcDbEntity
  8
F.Silkscreen
  6
CONTINUOUS
100
AcDbLine
 10
4.88422062992126
 20
-2.8511271259842519
 30
0
 11
4.8842357480314957
 21
-2.8511725196850395
 31
0
  0
LINE
  5
695
330
22
100
AcDbEntity
  8
F.Silkscreen
  6
CONTINUOUS
100
AcDbLine
 10
4.8842357480314957
 20
-2.8511725196850395
 30
0
 11
4.8842964173228349
 21
-2.8512688976377953
 31
0
  0
LINE
  5
696
330
22
100
AcDbEntity
  8
F.Silkscreen
  6
CONTINUOUS
100
AcDbLine
 10
4.8842964173228349
 20
-2.8512688976377953
 30
0
 11
4.8861711811023625
 21
-2.8550184251968505
 31
0
  0
LINE
  5
697
330
22
100
AcDbEntity
  8
F.Silkscreen
  6
CONTINUOUS
100
AcDbLine
 10
4.8861711811023625
 20
-2.8550184251968505
 30
0
 11
4.886378070866142
 21
-2.8555590157480313
 31
0
  0
LINE
  5
698
330
22
100
AcDbEntity
  8
F.Silkscreen
  6
CONTINUOUS
100
AcDbLine
 10
4.886378070866142
 20
-2.8555590157480313
 30
0
 11
4.886385590551181
 21
-2.8556648818897639
 31
0
  0
LINE
  5
699
330
22
100
AcDbEntity
  8
F.Silkscreen
  6
CONTINUOUS
100
AcDbLine
 10
4.886385590551181
 20
-2.8556648818897639
 30
0
 11
4.8864261811023617
 21
-2.8557628740157481
 31
0
  0
LINE
  5
69A
330
22
100
AcDbEntity
  8
F.Silkscreen
  6
CONTINUOUS
100
AcDbLine
 10
4.8864261811023617
 20
-2.8557628740157481
 30
0
 11
4.8864829133858265
 21
-2.856338937007874
 31
0
  0
LINE
  5
69B
330
22
100
AcDbEntity
  8
F.Silkscreen
  6
CONTINUOUS
100
AcDbLine
 10
4.8864829133858265
 20
-2.856338937007874
 30
0
 11
4.8864829133858265
 21
-2.8600884645669291
 31
0
  0
LINE
  5
69C
330
22
100
AcDbEntity
  8
F.Silkscreen
  6
CONTINUOUS
100
AcDbLine
 10
4.8864829133858265
 20
-2.8600884645669291
 30
0
 11
4.8864261811023617
 21
-2.860664527559055
 31
0
  0
LINE
  5
69D
330
22
100
AcDbEntity
  8
F.Silkscreen
  6
CONTINUOUS
100
AcDbLine
 10
4.8864261811023617
 20
-2.860664527559055
 30
0
 11
4.8863153937007873
 21
-2.8609318897637794
 31
0
  0
LINE
  5
69E
330
22
100
AcDbEntity
  8
F.Silkscreen
  6
CONTINUOUS
100
AcDbLine
 10
4.8863153937007873
 20
-2.8609318897637794
 30
0
 11
4.8862592913385825
 21
-2.8612155905511809
 31
0
  0
LINE
  5
69F
330
22
100
AcDbEntity
  8
F.Silkscreen
  6
CONTINUOUS
100
AcDbLine
 10
4.8862592913385825
 20
-2.8612155905511809
 30
0
 11
4.8860972047244093
 21
-2.8614587007874017
 31
0
  0
LINE
  5
6A0
330
22
100
AcDbEntity
  8
F.Silkscreen
  6
CONTINUOUS
100
AcDbLine
 10
4.8860972047244093
 20
-2.8614587007874017
 30
0
 11
4.8859852755905511
 21
-2.8617289370078738
 31
0
  0
LINE
  5
6A1
330
22
100
AcDbEntity
  8
F.Silkscreen
  6
CONTINUOUS
100
AcDbLine
 10
4.8859852755905511
 20
-2.8617289370078738
 30
0
 11
4.8857806299212596
 21
-2.8619335826771652
 31
0
  0
LINE
  5
6A2
330
22
100
AcDbEntity
  8
F.Silkscreen
  6
CONTINUOUS
100
AcDbLine
 10
4.8857806299212596
 20
-2.8619335826771652
 30
0
 11
4.8856202362204719
 21
-2.8621741732283463
 31
0
  0
LINE
  5
6A3
330
22
100
AcDbEntity
  8
F.Silkscreen
  6
CONTINUOUS
100
AcDbLine
 10
4.8856202362204719
 20
-2.8621741732283463
 30
0
 11
4.8853774015748028
 21
-2.8623367716535433
 31
0
  0
LINE
  5
6A4
330
22
100
AcDbEntity
  8
F.Silkscreen
  6
CONTINUOUS
100
AcDbLine
 10
4.8853774015748028
 20
-2.8623367716535433
 30
0
 11
4.8851706299212596
 21
-2.8625435826771652
 31
0
  0
LINE
  5
6A5
330
22
100
AcDbEntity
  8
F.Silkscreen
  6
CONTINUOUS
100
AcDbLine
 10
4.8851706299212596
 20
-2.8625435826771652
 30
0
 11
4.8849033464566931
 21
-2.8626542913385826
 31
0
  0
LINE
  5
6A6
330
22
100
AcDbEntity
  8
F.Silkscreen
  6
CONTINUOUS
100
AcDbLine
 10
4.8849033464566931
 20
-2.8626542913385826
 30
0
 11
4.8846629921259845
 21
-2.8628152755905512
 31
0
  0
LINE
  5
6A7
330
22
100
AcDbEntity
  8
F.Silkscreen
  6
CONTINUOUS
100
AcDbLine
 10
4.8846629921259845
 20
-2.8628152755905512
 30
0
 11
4.8841092125984247
 21
-2.862983897637795
 31
0
  0
LINE
  5
6A8
330
22
100
AcDbEntity
  8
F.Silkscreen
  6
CONTINUOUS
100
AcDbLine
 10
4.8841092125984247
 20
-2.862983897637795
 30
0
 11
4.867735275590551
 21
-2.8662586614173229
 31
0
  0
LINE
  5
6A9
330
22
100
AcDbEntity
  8
F.Silkscreen
  6
CONTINUOUS
100
AcDbLine
 10
4.867735275590551
 20
-2.8662586614173229
 30
0
 11
4.867735275590551
 21
-2.8706399999999999
 31
0
  0
LINE
  5
6AA
330
22
100
AcDbEntity
  8
F.Silkscreen
  6
CONTINUOUS
100
AcDbLine
 10
4.867735275590551
 20
-2.8706399999999999
 30
0
 11
4.8688581102362205
 21
-2.872885748031496
 31
0
  0
LINE
  5
6AB
330
22
100
AcDbEntity
  8
F.Silkscreen
  6
CONTINUOUS
100
AcDbLine
 10
4.8688581102362205
 20
-2.872885748031496
 30
0
 11
4.8711038582677162
 21
-2.8740086220472438
 31
0
  0
LINE
  5
6AC
330
22
100
AcDbEntity
  8
F.Silkscreen
  6
CONTINUOUS
100
AcDbLine
 10
4.8711038582677162
 20
-2.8740086220472438
 30
0
 11
4.8772088188976372
 21
-2.8740086220472438
 31
0
  0
LINE
  5
6AD
330
22
100
AcDbEntity
  8
F.Silkscreen
  6
CONTINUOUS
100
AcDbLine
 10
4.8772088188976372
 20
-2.8740086220472438
 30
0
 11
4.8803348818897634
 21
-2.8724455905511812
 31
0
  0
LINE
  5
6AE
330
22
100
AcDbEntity
  8
F.Silkscreen
  6
CONTINUOUS
100
AcDbLine
 10
4.8803348818897634
 20
-2.8724455905511812
 30
0
 11
4.8808754724409447
 21
-2.8722387007874013
 31
0
  0
LINE
  5
6AF
330
22
100
AcDbEntity
  8
F.Silkscreen
  6
CONTINUOUS
100
AcDbLine
 10
4.8808754724409447
 20
-2.8722387007874013
 30
0
 11
4.8820246850393696
 21
-2.8721570472440945
 31
0
  0
LINE
  5
6B0
330
22
100
AcDbEntity
  8
F.Silkscreen
  6
CONTINUOUS
100
AcDbLine
 10
4.8820246850393696
 20
-2.8721570472440945
 30
0
 11
4.8831176771653544
 21
-2.8725213779527556
 31
0
  0
LINE
  5
6B1
330
22
100
AcDbEntity
  8
F.Silkscreen
  6
CONTINUOUS
100
AcDbLine
 10
4.8831176771653544
 20
-2.8725213779527556
 30
0
 11
4.8839880314960631
 21
-2.8732762204724409
 31
0
  0
LINE
  5
6B2
330
22
100
AcDbEntity
  8
F.Silkscreen
  6
CONTINUOUS
100
AcDbLine
 10
4.8839880314960631
 20
-2.8732762204724409
 30
0
 11
4.8845033070866144
 21
-2.8743067322834643
 31
0
  0
LINE
  5
6B3
330
22
100
AcDbEntity
  8
F.Silkscreen
  6
CONTINUOUS
100
AcDbLine
 10
4.8845033070866144
 20
-2.8743067322834643
 30
0
 11
4.8845849606299208
 21
-2.8754559448818897
 31
0
  0
LINE
  5
6B4
330
22
100
AcDbEntity
  8
F.Silkscreen
  6
CONTINUOUS
100
AcDbLine
 10
4.8845849606299208
 20
-2.8754559448818897
 30
0
 11
4.88422062992126
 21
-2.8765488976377953
 31
0
  0
LINE
  5
6B5
330
22
100
AcDbEntity
  8
F.Silkscreen
  6
CONTINUOUS
100
AcDbLine
 10
4.88422062992126
 20
-2.8765488976377953
 30
0
 11
4.8834657874015743
 21
-2.8774192913385828
 31
0
  0
LINE
  5
6B6
330
22
100
AcDbEntity
  8
F.Silkscreen
  6
CONTINUOUS
100
AcDbLine
 10
4.8834657874015743
 20
-2.8774192913385828
 30
0
 11
4.8829759055118105
 21
-2.8777276377952754
 31
0
  0
LINE
  5
6B7
330
22
100
AcDbEntity
  8
F.Silkscreen
  6
CONTINUOUS
100
AcDbLine
 10
4.8829759055118105
 20
-2.8777276377952754
 30
0
 11
4.8792263779527554
 21
-2.879602401574803
 31
0
  0
LINE
  5
6B8
330
22
100
AcDbEntity
  8
F.Silkscreen
  6
CONTINUOUS
100
AcDbLine
 10
4.8792263779527554
 20
-2.879602401574803
 30
0
 11
4.8786857480314962
 21
-2.8798092913385824
 31
0
  0
LINE
  5
6B9
330
22
100
AcDbEntity
  8
F.Silkscreen
  6
CONTINUOUS
100
AcDbLine
 10
4.8786857480314962
 20
-2.8798092913385824
 30
0
 11
4.878579921259842
 21
-2.8798167716535432
 31
0
  0
LINE
  5
6BA
330
22
100
AcDbEntity
  8
F.Silkscreen
  6
CONTINUOUS
100
AcDbLine
 10
4.878579921259842
 20
-2.8798167716535432
 30
0
 11
4.8784819291338586
 21
-2.8798574015748031
 31
0
  0
LINE
  5
6BB
330
22
100
AcDbEntity
  8
F.Silkscreen
  6
CONTINUOUS
100
AcDbLine
 10
4.8784819291338586
 20
-2.8798574015748031
 30
0
 11
4.8779058661417318
 21
-2.8799141338582674
 31
0
  0
LINE
  5
6BC
330
22
100
AcDbEntity
  8
F.Silkscreen
  6
CONTINUOUS
100
AcDbLine
 10
4.8779058661417318
 20
-2.8799141338582674
 30
0
 11
4.8704068110236216
 21
-2.8799141338582674
 31
0
  0
LINE
  5
6BD
330
22
100
AcDbEntity
  8
F.Silkscreen
  6
CONTINUOUS
100
AcDbLine
 10
4.8704068110236216
 20
-2.8799141338582674
 30
0
 11
4.8698307480314957
 21
-2.8798574015748031
 31
0
  0
LINE
  5
6BE
330
22
100
AcDbEntity
  8
F.Silkscreen
  6
CONTINUOUS
100
AcDbLine
 10
4.8698307480314957
 20
-2.8798574015748031
 30
0
 11
4.8697327559055115
 21
-2.879816811023622
 31
0
  0
LINE
  5
6BF
330
22
100
AcDbEntity
  8
F.Silkscreen
  6
CONTINUOUS
100
AcDbLine
 10
4.8697327559055115
 20
-2.879816811023622
 30
0
 11
4.8696268897637793
 21
-2.8798092913385824
 31
0
  0
LINE
  5
6C0
330
22
100
AcDbEntity
  8
F.Silkscreen
  6
CONTINUOUS
100
AcDbLine
 10
4.8696268897637793
 20
-2.8798092913385824
 30
0
 11
4.8690862992125981
 21
-2.879602401574803
 31
0
  0
LINE
  5
6C1
330
22
100
AcDbEntity
  8
F.Silkscreen
  6
CONTINUOUS
100
AcDbLine
 10
4.8690862992125981
 20
-2.879602401574803
 30
0
 11
4.8653367716535429
 21
-2.8777276377952754
 31
0
  0
LINE
  5
6C2
330
22
100
AcDbEntity
  8
F.Silkscreen
  6
CONTINUOUS
100
AcDbLine
 10
4.8653367716535429
 20
-2.8777276377952754
 30
0
 11
4.8652403937007875
 21
-2.8776669685039371
 31
0
  0
LINE
  5
6C3
330
22
100
AcDbEntity
  8
F.Silkscreen
  6
CONTINUOUS
100
AcDbLine
 10
4.8652403937007875
 20
-2.8776669685039371
 30
0
 11
4.8651949999999999
 21
-2.8776518503937005
 31
0
  0
LINE
  5
6C4
330
22
100
AcDbEntity
  8
F.Silkscreen
  6
CONTINUOUS
100
AcDbLine
 10
4.8651949999999999
 20
-2.8776518503937005
 30
0
 11
4.8651384251968501
 21
-2.8776027952755903
 31
0
  0
LINE
  5
6C5
330
22
100
AcDbEntity
  8
F.Silkscreen
  6
CONTINUOUS
100
AcDbLine
 10
4.8651384251968501
 20
-2.8776027952755903
 30
0
 11
4.8648468897637791
 21
-2.8774192913385828
 31
0
  0
LINE
  5
6C6
330
22
100
AcDbEntity
  8
F.Silkscreen
  6
CONTINUOUS
100
AcDbLine
 10
4.8648468897637791
 20
-2.8774192913385828
 30
0
 11
4.864604212598425
 21
-2.8771394488188977
 31
0
  0
LINE
  5
6C7
330
22
100
AcDbEntity
  8
F.Silkscreen
  6
CONTINUOUS
100
AcDbLine
 10
4.864604212598425
 20
-2.8771394488188977
 30
0
 11
4.8643246062992125
 21
-2.8768969685039369
 31
0
  0
LINE
  5
6C8
330
22
100
AcDbEntity
  8
F.Silkscreen
  6
CONTINUOUS
100
AcDbLine
 10
4.8643246062992125
 20
-2.8768969685039369
 30
0
 11
4.864141102362205
 21
-2.8766054724409447
 31
0
  0
LINE
  5
6C9
330
22
100
AcDbEntity
  8
F.Silkscreen
  6
CONTINUOUS
100
AcDbLine
 10
4.864141102362205
 20
-2.8766054724409447
 30
0
 11
4.8640920472440943
 21
-2.8765488976377953
 31
0
  0
LINE
  5
6CA
330
22
100
AcDbEntity
  8
F.Silkscreen
  6
CONTINUOUS
100
AcDbLine
 10
4.8640920472440943
 20
-2.8765488976377953
 30
0
 11
4.8640768897637798
 21
-2.8765034251968502
 31
0
  0
LINE
  5
6CB
330
22
100
AcDbEntity
  8
F.Silkscreen
  6
CONTINUOUS
100
AcDbLine
 10
4.8640768897637798
 20
-2.8765034251968502
 30
0
 11
4.8640162598425194
 21
-2.8764071259842519
 31
0
  0
LINE
  5
6CC
330
22
100
AcDbEntity
  8
F.Silkscreen
  6
CONTINUOUS
100
AcDbLine
 10
4.8640162598425194
 20
-2.8764071259842519
 30
0
 11
4.8621414960629918
 21
-2.872657559055118
 31
0
  0
LINE
  5
6CD
330
22
100
AcDbEntity
  8
F.Silkscreen
  6
CONTINUOUS
100
AcDbLine
 10
4.8621414960629918
 20
-2.872657559055118
 30
0
 11
4.8619346062992124
 21
-2.8721169291338584
 31
0
  0
LINE
  5
6CE
330
22
100
AcDbEntity
  8
F.Silkscreen
  6
CONTINUOUS
100
AcDbLine
 10
4.8619346062992124
 20
-2.8721169291338584
 30
0
 11
4.8619270866141733
 21
-2.8720111023622046
 31
0
  0
LINE
  5
6CF
330
22
100
AcDbEntity
  8
F.Silkscreen
  6
CONTINUOUS
100
AcDbLine
 10
4.8619270866141733
 20
-2.8720111023622046
 30
0
 11
4.8618864960629917
 21
-2.8719131102362203
 31
0
  0
LINE
  5
6D0
330
22
100
AcDbEntity
  8
F.Silkscreen
  6
CONTINUOUS
100
AcDbLine
 10
4.8618864960629917
 20
-2.8719131102362203
 30
0
 11
4.8618297637795278
 21
-2.8713370472440944
 31
0
  0
LINE
  5
6D1
330
22
100
AcDbEntity
  8
F.Silkscreen
  6
CONTINUOUS
100
AcDbLine
 10
4.8618297637795278
 20
-2.8713370472440944
 30
0
 11
4.8618297637795278
 21
-2.856338937007874
 31
0
  0
LINE
  5
6D2
330
22
100
AcDbEntity
  8
F.Silkscreen
  6
CONTINUOUS
100
AcDbLine
 10
4.8618297637795278
 20
-2.856338937007874
 30
0
 11
4.8618864960629917
 21
-2.8557628740157481
 31
0
  0
LINE
  5
6D3
330
22
100
AcDbEntity
  8
F.Silkscreen
  6
CONTINUOUS
100
AcDbLine
 10
4.8618864960629917
 20
-2.8557628740157481
 30
0
 11
4.8619270866141733
 21
-2.8556648425196851
 31
0
  0
LINE
  5
6D4
330
22
100
AcDbEntity
  8
F.Silkscreen
  6
CONTINUOUS
100
AcDbLine
 10
4.8619270866141733
 20
-2.8556648425196851
 30
0
 11
4.8619346062992124
 21
-2.85555905511811
 31
0
  0
LINE
  5
6D5
330
22
100
AcDbEntity
  8
F.Silkscreen
  6
CONTINUOUS
100
AcDbLine
 10
4.8619346062992124
 20
-2.85555905511811
 30
0
 11
4.8621414960629918
 21
-2.8550184251968505
 31
0
  0
LINE
  5
6D6
330
22
100
AcDbEntity
  8
F.Silkscreen
  6
CONTINUOUS
100
AcDbLine
 10
4.8621414960629918
 20
-2.8550184251968505
 30
0
 11
4.8640162598425194
 21
-2.8512688976377953
 31
0
  0
LINE
  5
6D7
330
22
100
AcDbEntity
  8
F.Silkscreen
  6
CONTINUOUS
100
AcDbLine
 10
4.8640162598425194
 20
-2.8512688976377953
 30
0
 11
4.8640768897637798
 21
-2.8511725196850395
 31
0
  0
LINE
  5
6D8
330
22
100
AcDbEntity
  8
F.Silkscreen
  6
CONTINUOUS
100
AcDbLine
 10
4.8640768897637798
 20
-2.8511725196850395
 30
0
 11
4.8640920472440943
 21
-2.8511271259842519
 31
0
  0
LINE
  5
6D9
330
22
100
AcDbEntity
  8
F.Silkscreen
  6
CONTINUOUS
100
AcDbLine
 10
4.8640920472440943
 20
-2.8511271259842519
 30
0
 11
4.8641410629921262
 21
-2.8510705511811021
 31
0
  0
LINE
  5
6DA
330
22
100
AcDbEntity
  8
F.Silkscreen
  6
CONTINUOUS
100
AcDbLine
 10
4.8641410629921262
 20
-2.8510705511811021
 30
0
 11
4.8643246062992125
 21
-2.8507790157480315
 31
0
  0
LINE
  5
6DB
330
22
100
AcDbEntity
  8
F.Silkscreen
  6
CONTINUOUS
100
AcDbLine
 10
4.8643246062992125
 20
-2.8507790157480315
 30
0
 11
4.8646042913385825
 21
-2.8505364173228345
 31
0
  0
LINE
  5
6DC
330
22
100
AcDbEntity
  8
F.Silkscreen
  6
CONTINUOUS
100
AcDbLine
 10
4.8646042913385825
 20
-2.8505364173228345
 30
0
 11
4.8648468897637791
 21
-2.8502567322834644
 31
0
  0
LINE
  5
6DD
330
22
100
AcDbEntity
  8
F.Silkscreen
  6
CONTINUOUS
100
AcDbLine
 10
4.8648468897637791
 20
-2.8502567322834644
 30
0
 11
4.8651384251968501
 21
-2.8500731889763777
 31
0
  0
LINE
  5
6DE
330
22
100
AcDbEntity
  8
F.Silkscreen
  6
CONTINUOUS
100
AcDbLine
 10
4.8651384251968501
 20
-2.8500731889763777
 30
0
 11
4.8651949999999999
 21
-2.8500241732283462
 31
0
  0
LINE
  5
6DF
330
22
100
AcDbEntity
  8
F.Silkscreen
  6
CONTINUOUS
100
AcDbLine
 10
4.8651949999999999
 20
-2.8500241732283462
 30
0
 11
4.8652403937007875
 21
-2.8500090157480313
 31
0
  0
LINE
  5
6E0
330
22
100
AcDbEntity
  8
F.Silkscreen
  6
CONTINUOUS
100
AcDbLine
 10
4.8652403937007875
 20
-2.8500090157480313
 30
0
 11
4.8653367716535429
 21
-2.8499483858267718
 31
0
  0
LINE
  5
6E1
330
22
100
AcDbEntity
  8
F.Silkscreen
  6
CONTINUOUS
100
AcDbLine
 10
4.8653367716535429
 20
-2.8499483858267718
 30
0
 11
4.8690862992125981
 21
-2.8480736220472442
 31
0
  0
LINE
  5
6E2
330
22
100
AcDbEntity
  8
F.Silkscreen
  6
CONTINUOUS
100
AcDbLine
 10
4.8690862992125981
 20
-2.8480736220472442
 30
0
 11
4.8696268897637793
 21
-2.8478667322834643
 31
0
  0
LINE
  5
6E3
330
22
100
AcDbEntity
  8
F.Silkscreen
  6
CONTINUOUS
100
AcDbLine
 10
4.8696268897637793
 20
-2.8478667322834643
 30
0
 11
4.8697327559055115
 21
-2.8478591732283465
 31
0
  0
LINE
  5
6E4
330
22
100
AcDbEntity
  8
F.Silkscreen
  6
CONTINUOUS
100
AcDbLine
 10
4.8697327559055115
 20
-2.8478591732283465
 30
0
 11
4.8698307480314957
 21
-2.8478186220472441
 31
0
  0
LINE
  5
6E5
330
22
100
AcDbEntity
  8
F.Silkscreen
  6
CONTINUOUS
100
AcDbLine
 10
4.8698307480314957
 20
-2.8478186220472441
 30
0
 11
4.8704068110236216
 21
-2.8477618897637793
 31
0
  0
LINE
  5
6E6
330
22
100
AcDbEntity
  8
F.Silkscreen
  6
CONTINUOUS
100
AcDbLine
 10
4.8704068110236216
 20
-2.8477618897637793
 30
0
 11
4.8779058661417318
 21
-2.8477618897637793
 31
0
  0
LINE
  5
6E7
330
22
100
AcDbEntity
  8
F.Silkscreen
  6
CONTINUOUS
100
AcDbLine
 10
4.8779058661417318
 20
-2.8477618897637793
 30
0
 11
4.8784819291338586
 21
-2.8478186220472441
 31
0
  0
LINE
  5
6E8
330
22
100
AcDbEntity
  8
F.Silkscreen
  6
CONTINUOUS
100
AcDbLine
 10
4.8688581102362205
 20
-2.8547902362204725
 30
0
 11
4.867735275590551
 21
-2.8570359842519686
 31
0
  0
LINE
  5
6E9
330
22
100
AcDbEntity
  8
F.Silkscreen
  6
CONTINUOUS
100
AcDbLine
 10
4.867735275590551
 20
-2.8570359842519686
 30
0
 11
4.867735275590551
 21
-2.860236181102362
 31
0
  0
LINE
  5
6EA
330
22
100
AcDbEntity
  8
F.Silkscreen
  6
CONTINUOUS
100
AcDbLine
 10
4.867735275590551
 20
-2.860236181102362
 30
0
 11
4.8805774015748034
 21
-2.8576677952755904
 31
0
  0
LINE
  5
6EB
330
22
100
AcDbEntity
  8
F.Silkscreen
  6
CONTINUOUS
100
AcDbLine
 10
4.8805774015748034
 20
-2.8576677952755904
 30
0
 11
4.8805774015748034
 21
-2.8570359842519686
 31
0
  0
LINE
  5
6EC
330
22
100
AcDbEntity
  8
F.Silkscreen
  6
CONTINUOUS
100
AcDbLine
 10
4.8805774015748034
 20
-2.8570359842519686
 30
0
 11
4.8794545275590551
 21
-2.8547902362204725
 31
0
  0
LINE
  5
6ED
330
22
100
AcDbEntity
  8
F.Silkscreen
  6
CONTINUOUS
100
AcDbLine
 10
4.8794545275590551
 20
-2.8547902362204725
 30
0
 11
4.8772088188976372
 21
-2.8536674015748029
 31
0
  0
LINE
  5
6EE
330
22
100
AcDbEntity
  8
F.Silkscreen
  6
CONTINUOUS
100
AcDbLine
 10
4.8772088188976372
 20
-2.8536674015748029
 30
0
 11
4.8711038582677162
 21
-2.8536674015748029
 31
0
  0
LINE
  5
6EF
330
22
100
AcDbEntity
  8
F.Silkscreen
  6
CONTINUOUS
100
AcDbLine
 10
4.8711038582677162
 20
-2.8536674015748029
 30
0
 11
4.8688581102362205
 21
-2.8547902362204725
 31
0
  0
LINE
  5
6F0
330
22
100
AcDbEntity
  8
F.Silkscreen
  6
CONTINUOUS
100
AcDbLine
 10
4.9122277165354333
 20
-2.8478186220472441
 30
0
 11
4.9123257086614176
 21
-2.8478592125984252
 31
0
  0
LINE
  5
6F1
330
22
100
AcDbEntity
  8
F.Silkscreen
  6
CONTINUOUS
100
AcDbLine
 10
4.9123257086614176
 20
-2.8478592125984252
 30
0
 11
4.912431535433071
 21
-2.8478667322834643
 31
0
  0
LINE
  5
6F2
330
22
100
AcDbEntity
  8
F.Silkscreen
  6
CONTINUOUS
100
AcDbLine
 10
4.912431535433071
 20
-2.8478667322834643
 30
0
 11
4.912972165354331
 21
-2.8480736220472442
 31
0
  0
LINE
  5
6F3
330
22
100
AcDbEntity
  8
F.Silkscreen
  6
CONTINUOUS
100
AcDbLine
 10
4.912972165354331
 20
-2.8480736220472442
 30
0
 11
4.9167216929133861
 21
-2.8499483858267718
 31
0
  0
LINE
  5
6F4
330
22
100
AcDbEntity
  8
F.Silkscreen
  6
CONTINUOUS
100
AcDbLine
 10
4.9167216929133861
 20
-2.8499483858267718
 30
0
 11
4.9168180314960628
 21
-2.8500090157480313
 31
0
  0
LINE
  5
6F5
330
22
100
AcDbEntity
  8
F.Silkscreen
  6
CONTINUOUS
100
AcDbLine
 10
4.9168180314960628
 20
-2.8500090157480313
 30
0
 11
4.9168634645669291
 21
-2.8500241732283462
 31
0
  0
LINE
  5
6F6
330
22
100
AcDbEntity
  8
F.Silkscreen
  6
CONTINUOUS
100
AcDbLine
 10
4.9168634645669291
 20
-2.8500241732283462
 30
0
 11
4.9169200000000002
 21
-2.8500731889763777
 31
0
  0
LINE
  5
6F7
330
22
100
AcDbEntity
  8
F.Silkscreen
  6
CONTINUOUS
100
AcDbLine
 10
4.9169200000000002
 20
-2.8500731889763777
 30
0
 11
4.9172115748031491
 21
-2.8502567322834644
 31
0
  0
LINE
  5
6F8
330
22
100
AcDbEntity
  8
F.Silkscreen
  6
CONTINUOUS
100
AcDbLine
 10
4.9172115748031491
 20
-2.8502567322834644
 30
0
 11
4.9174541338582678
 21
-2.8505364173228345
 31
0
  0
LINE
  5
6F9
330
22
100
AcDbEntity
  8
F.Silkscreen
  6
CONTINUOUS
100
AcDbLine
 10
4.9174541338582678
 20
-2.8505364173228345
 30
0
 11
4.9177338582677166
 21
-2.8507790157480315
 31
0
  0
LINE
  5
6FA
330
22
100
AcDbEntity
  8
F.Silkscreen
  6
CONTINUOUS
100
AcDbLine
 10
4.9177338582677166
 20
-2.8507790157480315
 30
0
 11
4.9179173622047241
 21
-2.8510705511811021
 31
0
  0
LINE
  5
6FB
330
22
100
AcDbEntity
  8
F.Silkscreen
  6
CONTINUOUS
100
AcDbLine
 10
4.9179173622047241
 20
-2.8510705511811021
 30
0
 11
4.9179664173228348
 21
-2.8511271259842519
 31
0
  0
LINE
  5
6FC
330
22
100
AcDbEntity
  8
F.Silkscreen
  6
CONTINUOUS
100
AcDbLine
 10
4.9179664173228348
 20
-2.8511271259842519
 30
0
 11
4.9179815354330705
 21
-2.8511725196850395
 31
0
  0
LINE
  5
6FD
330
22
100
AcDbEntity
  8
F.Silkscreen
  6
CONTINUOUS
100
AcDbLine
 10
4.9179815354330705
 20
-2.8511725196850395
 30
0
 11
4.9180422047244097
 21
-2.8512688976377953
 31
0
  0
LINE
  5
6FE
330
22
100
AcDbEntity
  8
F.Silkscreen
  6
CONTINUOUS
100
AcDbLine
 10
4.9180422047244097
 20
-2.8512688976377953
 30
0
 11
4.9199169685039372
 21
-2.8550184251968505
 31
0
  0
LINE
  5
6FF
330
22
100
AcDbEntity
  8
F.Silkscreen
  6
CONTINUOUS
100
AcDbLine
 10
4.9199169685039372
 20
-2.8550184251968505
 30
0
 11
4.9201238582677167
 21
-2.8555590157480313
 31
0
  0
LINE
  5
700
330
22
100
AcDbEntity
  8
F.Silkscreen
  6
CONTINUOUS
100
AcDbLine
 10
4.9201238582677167
 20
-2.8555590157480313
 30
0
 11
4.9201313779527558
 21
-2.8556648818897639
 31
0
  0
LINE
  5
701
330
22
100
AcDbEntity
  8
F.Silkscreen
  6
CONTINUOUS
100
AcDbLine
 10
4.9201313779527558
 20
-2.8556648818897639
 30
0
 11
4.9201719685039365
 21
-2.8557628740157481
 31
0
  0
LINE
  5
702
330
22
100
AcDbEntity
  8
F.Silkscreen
  6
CONTINUOUS
100
AcDbLine
 10
4.9201719685039365
 20
-2.8557628740157481
 30
0
 11
4.9202287007874013
 21
-2.856338937007874
 31
0
  0
LINE
  5
703
330
22
100
AcDbEntity
  8
F.Silkscreen
  6
CONTINUOUS
100
AcDbLine
 10
4.9202287007874013
 20
-2.856338937007874
 30
0
 11
4.9202287007874013
 21
-2.8600884645669291
 31
0
  0
LINE
  5
704
330
22
100
AcDbEntity
  8
F.Silkscreen
  6
CONTINUOUS
100
AcDbLine
 10
4.9202287007874013
 20
-2.8600884645669291
 30
0
 11
4.9201719685039365
 21
-2.860664527559055
 31
0
  0
LINE
  5
705
330
22
100
AcDbEntity
  8
F.Silkscreen
  6
CONTINUOUS
100
AcDbLine
 10
4.9201719685039365
 20
-2.860664527559055
 30
0
 11
4.920061181102362
 21
-2.8609318897637794
 31
0
  0
LINE
  5
706
330
22
100
AcDbEntity
  8
F.Silkscreen
  6
CONTINUOUS
100
AcDbLine
 10
4.920061181102362
 20
-2.8609318897637794
 30
0
 11
4.9200050787401572
 21
-2.8612155905511809
 31
0
  0
LINE
  5
707
330
22
100
AcDbEntity
  8
F.Silkscreen
  6
CONTINUOUS
100
AcDbLine
 10
4.9200050787401572
 20
-2.8612155905511809
 30
0
 11
4.9198429921259841
 21
-2.8614587007874017
 31
0
  0
LINE
  5
708
330
22
100
AcDbEntity
  8
F.Silkscreen
  6
CONTINUOUS
100
AcDbLine
 10
4.9198429921259841
 20
-2.8614587007874017
 30
0
 11
4.9197310629921258
 21
-2.8617289370078738
 31
0
  0
LINE
  5
709
330
22
100
AcDbEntity
  8
F.Silkscreen
  6
CONTINUOUS
100
AcDbLine
 10
4.9197310629921258
 20
-2.8617289370078738
 30
0
 11
4.9195264173228344
 21
-2.8619335826771652
 31
0
  0
LINE
  5
70A
330
22
100
AcDbEntity
  8
F.Silkscreen
  6
CONTINUOUS
100
AcDbLine
 10
4.9195264173228344
 20
-2.8619335826771652
 30
0
 11
4.9193660236220476
 21
-2.8621741732283463
 31
0
  0
LINE
  5
70B
330
22
100
AcDbEntity
  8
F.Silkscreen
  6
CONTINUOUS
100
AcDbLine
 10
4.9193660236220476
 20
-2.8621741732283463
 30
0
 11
4.9191231889763776
 21
-2.8623367716535433
 31
0
  0
LINE
  5
70C
330
22
100
AcDbEntity
  8
F.Silkscreen
  6
CONTINUOUS
100
AcDbLine
 10
4.9191231889763776
 20
-2.8623367716535433
 30
0
 11
4.9189164173228344
 21
-2.8625435826771652
 31
0
  0
LINE
  5
70D
330
22
100
AcDbEntity
  8
F.Silkscreen
  6
CONTINUOUS
100
AcDbLine
 10
4.9189164173228344
 20
-2.8625435826771652
 30
0
 11
4.9186491338582679
 21
-2.8626542913385826
 31
0
  0
LINE
  5
70E
330
22
100
AcDbEntity
  8
F.Silkscreen
  6
CONTINUOUS
100
AcDbLine
 10
4.9186491338582679
 20
-2.8626542913385826
 30
0
 11
4.9184087795275593
 21
-2.8628152755905512
 31
0
  0
LINE
  5
70F
330
22
100
AcDbEntity
  8
F.Silkscreen
  6
CONTINUOUS
100
AcDbLine
 10
4.9184087795275593
 20
-2.8628152755905512
 30
0
 11
4.9178550000000003
 21
-2.862983897637795
 31
0
  0
LINE
  5
710
330
22
100
AcDbEntity
  8
F.Silkscreen
  6
CONTINUOUS
100
AcDbLine
 10
4.9178550000000003
 20
-2.862983897637795
 30
0
 11
4.9014810629921257
 21
-2.8662586614173229
 31
0
  0
LINE
  5
711
330
22
100
AcDbEntity
  8
F.Silkscreen
  6
CONTINUOUS
100
AcDbLine
 10
4.9014810629921257
 20
-2.8662586614173229
 30
0
 11
4.9014810629921257
 21
-2.8706399999999999
 31
0
  0
LINE
  5
712
330
22
100
AcDbEntity
  8
F.Silkscreen
  6
CONTINUOUS
100
AcDbLine
 10
4.9014810629921257
 20
-2.8706399999999999
 30
0
 11
4.9026038976377952
 21
-2.872885748031496
 31
0
  0
LINE
  5
713
330
22
100
AcDbEntity
  8
F.Silkscreen
  6
CONTINUOUS
100
AcDbLine
 10
4.9026038976377952
 20
-2.872885748031496
 30
0
 11
4.9048496456692909
 21
-2.8740086220472438
 31
0
  0
LINE
  5
714
330
22
100
AcDbEntity
  8
F.Silkscreen
  6
CONTINUOUS
100
AcDbLine
 10
4.9048496456692909
 20
-2.8740086220472438
 30
0
 11
4.9109546062992129
 21
-2.8740086220472438
 31
0
  0
LINE
  5
715
330
22
100
AcDbEntity
  8
F.Silkscreen
  6
CONTINUOUS
100
AcDbLine
 10
4.9109546062992129
 20
-2.8740086220472438
 30
0
 11
4.9140806692913381
 21
-2.8724455905511812
 31
0
  0
LINE
  5
716
330
22
100
AcDbEntity
  8
F.Silkscreen
  6
CONTINUOUS
100
AcDbLine
 10
4.9140806692913381
 20
-2.8724455905511812
 30
0
 11
4.9146212598425194
 21
-2.8722387007874013
 31
0
  0
LINE
  5
717
330
22
100
AcDbEntity
  8
F.Silkscreen
  6
CONTINUOUS
100
AcDbLine
 10
4.9146212598425194
 20
-2.8722387007874013
 30
0
 11
4.9157704724409443
 21
-2.8721570472440945
 31
0
  0
LINE
  5
718
330
22
100
AcDbEntity
  8
F.Silkscreen
  6
CONTINUOUS
100
AcDbLine
 10
4.9157704724409443
 20
-2.8721570472440945
 30
0
 11
4.9168634645669291
 21
-2.8725213779527556
 31
0
  0
LINE
  5
719
330
22
100
AcDbEntity
  8
F.Silkscreen
  6
CONTINUOUS
100
AcDbLine
 10
4.9168634645669291
 20
-2.8725213779527556
 30
0
 11
4.9177338188976378
 21
-2.8732762204724409
 31
0
  0
LINE
  5
71A
330
22
100
AcDbEntity
  8
F.Silkscreen
  6
CONTINUOUS
100
AcDbLine
 10
4.9177338188976378
 20
-2.8732762204724409
 30
0
 11
4.9182490944881891
 21
-2.8743067322834643
 31
0
  0
LINE
  5
71B
330
22
100
AcDbEntity
  8
F.Silkscreen
  6
CONTINUOUS
100
AcDbLine
 10
4.9182490944881891
 20
-2.8743067322834643
 30
0
 11
4.9183307480314964
 21
-2.8754559448818897
 31
0
  0
LINE
  5
71C
330
22
100
AcDbEntity
  8
F.Silkscreen
  6
CONTINUOUS
100
AcDbLine
 10
4.9183307480314964
 20
-2.8754559448818897
 30
0
 11
4.9179664173228348
 21
-2.8765488976377953
 31
0
  0
LINE
  5
71D
330
22
100
AcDbEntity
  8
F.Silkscreen
  6
CONTINUOUS
100
AcDbLine
 10
4.9179664173228348
 20
-2.8765488976377953
 30
0
 11
4.9172115748031491
 21
-2.8774192913385828
 31
0
  0
LINE
  5
71E
330
22
100
AcDbEntity
  8
F.Silkscreen
  6
CONTINUOUS
100
AcDbLine
 10
4.9172115748031491
 20
-2.8774192913385828
 30
0
 11
4.9167216929133861
 21
-2.8777276377952754
 31
0
  0
LINE
  5
71F
330
22
100
AcDbEntity
  8
F.Silkscreen
  6
CONTINUOUS
100
AcDbLine
 10
4.9167216929133861
 20
-2.8777276377952754
 30
0
 11
4.912972165354331
 21
-2.879602401574803
 31
0
  0
LINE
  5
720
330
22
100
AcDbEntity
  8
F.Silkscreen
  6
CONTINUOUS
100
AcDbLine
 10
4.912972165354331
 20
-2.879602401574803
 30
0
 11
4.912431535433071
 21
-2.8798092913385824
 31
0
  0
LINE
  5
721
330
22
100
AcDbEntity
  8
F.Silkscreen
  6
CONTINUOUS
100
AcDbLine
 10
4.912431535433071
 20
-2.8798092913385824
 30
0
 11
4.9123257086614176
 21
-2.8798167716535432
 31
0
  0
LINE
  5
722
330
22
100
AcDbEntity
  8
F.Silkscreen
  6
CONTINUOUS
100
AcDbLine
 10
4.9123257086614176
 20
-2.8798167716535432
 30
0
 11
4.9122277165354333
 21
-2.8798574015748031
 31
0
  0
LINE
  5
723
330
22
100
AcDbEntity
  8
F.Silkscreen
  6
CONTINUOUS
100
AcDbLine
 10
4.9122277165354333
 20
-2.8798574015748031
 30
0
 11
4.9116516535433066
 21
-2.8799141338582674
 31
0
  0
LINE
  5
724
330
22
100
AcDbEntity
  8
F.Silkscreen
  6
CONTINUOUS
100
AcDbLine
 10
4.9116516535433066
 20
-2.8799141338582674
 30
0
 11
4.9041525984251964
 21
-2.8799141338582674
 31
0
  0
LINE
  5
725
330
22
100
AcDbEntity
  8
F.Silkscreen
  6
CONTINUOUS
100
AcDbLine
 10
4.9041525984251964
 20
-2.8799141338582674
 30
0
 11
4.9035765354330705
 21
-2.8798574015748031
 31
0
  0
LINE
  5
726
330
22
100
AcDbEntity
  8
F.Silkscreen
  6
CONTINUOUS
100
AcDbLine
 10
4.9035765354330705
 20
-2.8798574015748031
 30
0
 11
4.9034785433070862
 21
-2.879816811023622
 31
0
  0
LINE
  5
727
330
22
100
AcDbEntity
  8
F.Silkscreen
  6
CONTINUOUS
100
AcDbLine
 10
4.9034785433070862
 20
-2.879816811023622
 30
0
 11
4.9033726771653541
 21
-2.8798092913385824
 31
0
  0
LINE
  5
728
330
22
100
AcDbEntity
  8
F.Silkscreen
  6
CONTINUOUS
100
AcDbLine
 10
4.9033726771653541
 20
-2.8798092913385824
 30
0
 11
4.9028320866141728
 21
-2.879602401574803
 31
0
  0
LINE
  5
729
330
22
100
AcDbEntity
  8
F.Silkscreen
  6
CONTINUOUS
100
AcDbLine
 10
4.9028320866141728
 20
-2.879602401574803
 30
0
 11
4.8990825590551177
 21
-2.8777276377952754
 31
0
  0
LINE
  5
72A
330
22
100
AcDbEntity
  8
F.Silkscreen
  6
CONTINUOUS
100
AcDbLine
 10
4.8990825590551177
 20
-2.8777276377952754
 30
0
 11
4.8989861811023623
 21
-2.8776669685039371
 31
0
  0
LINE
  5
72B
330
22
100
AcDbEntity
  8
F.Silkscreen
  6
CONTINUOUS
100
AcDbLine
 10
4.8989861811023623
 20
-2.8776669685039371
 30
0
 11
4.8989407874015747
 21
-2.8776518503937005
 31
0
  0
LINE
  5
72C
330
22
100
AcDbEntity
  8
F.Silkscreen
  6
CONTINUOUS
100
AcDbLine
 10
4.8989407874015747
 20
-2.8776518503937005
 30
0
 11
4.8988842125984249
 21
-2.8776027952755903
 31
0
  0
LINE
  5
72D
330
22
100
AcDbEntity
  8
F.Silkscreen
  6
CONTINUOUS
100
AcDbLine
 10
4.8988842125984249
 20
-2.8776027952755903
 30
0
 11
4.8985926771653538
 21
-2.8774192913385828
 31
0
  0
LINE
  5
72E
330
22
100
AcDbEntity
  8
F.Silkscreen
  6
CONTINUOUS
100
AcDbLine
 10
4.8985926771653538
 20
-2.8774192913385828
 30
0
 11
4.8983499999999998
 21
-2.8771394488188977
 31
0
  0
LINE
  5
72F
330
22
100
AcDbEntity
  8
F.Silkscreen
  6
CONTINUOUS
100
AcDbLine
 10
4.8983499999999998
 20
-2.8771394488188977
 30
0
 11
4.8980703937007872
 21
-2.8768969685039369
 31
0
  0
LINE
  5
730
330
22
100
AcDbEntity
  8
F.Silkscreen
  6
CONTINUOUS
100
AcDbLine
 10
4.8980703937007872
 20
-2.8768969685039369
 30
0
 11
4.8978868897637797
 21
-2.8766054724409447
 31
0
  0
LINE
  5
731
330
22
100
AcDbEntity
  8
F.Silkscreen
  6
CONTINUOUS
100
AcDbLine
 10
4.8978868897637797
 20
-2.8766054724409447
 30
0
 11
4.897837834645669
 21
-2.8765488976377953
 31
0
  0
LINE
  5
732
330
22
100
AcDbEntity
  8
F.Silkscreen
  6
CONTINUOUS
100
AcDbLine
 10
4.897837834645669
 20
-2.8765488976377953
 30
0
 11
4.8978226771653546
 21
-2.8765034251968502
 31
0
  0
LINE
  5
733
330
22
100
AcDbEntity
  8
F.Silkscreen
  6
CONTINUOUS
100
AcDbLine
 10
4.8978226771653546
 20
-2.8765034251968502
 30
0
 11
4.8977620472440941
 21
-2.8764071259842519
 31
0
  0
LINE
  5
734
330
22
100
AcDbEntity
  8
F.Silkscreen
  6
CONTINUOUS
100
AcDbLine
 10
4.8977620472440941
 20
-2.8764071259842519
 30
0
 11
4.8958872834645666
 21
-2.872657559055118
 31
0
  0
LINE
  5
735
330
22
100
AcDbEntity
  8
F.Silkscreen
  6
CONTINUOUS
100
AcDbLine
 10
4.8958872834645666
 20
-2.872657559055118
 30
0
 11
4.8956803937007871
 21
-2.8721169291338584
 31
0
  0
LINE
  5
736
330
22
100
AcDbEntity
  8
F.Silkscreen
  6
CONTINUOUS
100
AcDbLine
 10
4.8956803937007871
 20
-2.8721169291338584
 30
0
 11
4.895672874015748
 21
-2.8720111023622046
 31
0
  0
LINE
  5
737
330
22
100
AcDbEntity
  8
F.Silkscreen
  6
CONTINUOUS
100
AcDbLine
 10
4.895672874015748
 20
-2.8720111023622046
 30
0
 11
4.8956322834645665
 21
-2.8719131102362203
 31
0
  0
LINE
  5
738
330
22
100
AcDbEntity
  8
F.Silkscreen
  6
CONTINUOUS
100
AcDbLine
 10
4.8956322834645665
 20
-2.8719131102362203
 30
0
 11
4.8955755511811025
 21
-2.8713370472440944
 31
0
  0
LINE
  5
739
330
22
100
AcDbEntity
  8
F.Silkscreen
  6
CONTINUOUS
100
AcDbLine
 10
4.8955755511811025
 20
-2.8713370472440944
 30
0
 11
4.8955755511811025
 21
-2.856338937007874
 31
0
  0
LINE
  5
73A
330
22
100
AcDbEntity
  8
F.Silkscreen
  6
CONTINUOUS
100
AcDbLine
 10
4.8955755511811025
 20
-2.856338937007874
 30
0
 11
4.8956322834645665
 21
-2.8557628740157481
 31
0
  0
LINE
  5
73B
330
22
100
AcDbEntity
  8
F.Silkscreen
  6
CONTINUOUS
100
AcDbLine
 10
4.8956322834645665
 20
-2.8557628740157481
 30
0
 11
4.895672874015748
 21
-2.8556648425196851
 31
0
  0
LINE
  5
73C
330
22
100
AcDbEntity
  8
F.Silkscreen
  6
CONTINUOUS
100
AcDbLine
 10
4.895672874015748
 20
-2.8556648425196851
 30
0
 11
4.8956803937007871
 21
-2.85555905511811
 31
0
  0
LINE
  5
73D
330
22
100
AcDbEntity
  8
F.Silkscreen
  6
CONTINUOUS
100
AcDbLine
 10
4.8956803937007871
 20
-2.85555905511811
 30
0
 11
4.8958872834645666
 21
-2.8550184251968505
 31
0
  0
LINE
  5
73E
330
22
100
AcDbEntity
  8
F.Silkscreen
  6
CONTINUOUS
100
AcDbLine
 10
4.8958872834645666
 20
-2.8550184251968505
 30
0
 11
4.8977620472440941
 21
-2.8512688976377953
 31
0
  0
LINE
  5
73F
330
22
100
AcDbEntity
  8
F.Silkscreen
  6
CONTINUOUS
100
AcDbLine
 10
4.8977620472440941
 20
-2.8512688976377953
 30
0
 11
4.8978226771653546
 21
-2.8511725196850395
 31
0
  0
LINE
  5
740
330
22
100
AcDbEntity
  8
F.Silkscreen
  6
CONTINUOUS
100
AcDbLine
 10
4.8978226771653546
 20
-2.8511725196850395
 30
0
 11
4.897837834645669
 21
-2.8511271259842519
 31
0
  0
LINE
  5
741
330
22
100
AcDbEntity
  8
F.Silkscreen
  6
CONTINUOUS
100
AcDbLine
 10
4.897837834645669
 20
-2.8511271259842519
 30
0
 11
4.897886850393701
 21
-2.8510705511811021
 31
0
  0
LINE
  5
742
330
22
100
AcDbEntity
  8
F.Silkscreen
  6
CONTINUOUS
100
AcDbLine
 10
4.897886850393701
 20
-2.8510705511811021
 30
0
 11
4.8980703937007872
 21
-2.8507790157480315
 31
0
  0
LINE
  5
743
330
22
100
AcDbEntity
  8
F.Silkscreen
  6
CONTINUOUS
100
AcDbLine
 10
4.8980703937007872
 20
-2.8507790157480315
 30
0
 11
4.8983500787401573
 21
-2.8505364173228345
 31
0
  0
LINE
  5
744
330
22
100
AcDbEntity
  8
F.Silkscreen
  6
CONTINUOUS
100
AcDbLine
 10
4.8983500787401573
 20
-2.8505364173228345
 30
0
 11
4.8985926771653538
 21
-2.8502567322834644
 31
0
  0
LINE
  5
745
330
22
100
AcDbEntity
  8
F.Silkscreen
  6
CONTINUOUS
100
AcDbLine
 10
4.8985926771653538
 20
-2.8502567322834644
 30
0
 11
4.8988842125984249
 21
-2.8500731889763777
 31
0
  0
LINE
  5
746
330
22
100
AcDbEntity
  8
F.Silkscreen
  6
CONTINUOUS
100
AcDbLine
 10
4.8988842125984249
 20
-2.8500731889763777
 30
0
 11
4.8989407874015747
 21
-2.8500241732283462
 31
0
  0
LINE
  5
747
330
22
100
AcDbEntity
  8
F.Silkscreen
  6
CONTINUOUS
100
AcDbLine
 10
4.8989407874015747
 20
-2.8500241732283462
 30
0
 11
4.8989861811023623
 21
-2.8500090157480313
 31
0
  0
LINE
  5
748
330
22
100
AcDbEntity
  8
F.Silkscreen
  6
CONTINUOUS
100
AcDbLine
 10
4.8989861811023623
 20
-2.8500090157480313
 30
0
 11
4.8990825590551177
 21
-2.8499483858267718
 31
0
  0
LINE
  5
749
330
22
100
AcDbEntity
  8
F.Silkscreen
  6
CONTINUOUS
100
AcDbLine
 10
4.8990825590551177
 20
-2.8499483858267718
 30
0
 11
4.9028320866141728
 21
-2.8480736220472442
 31
0
  0
LINE
  5
74A
330
22
100
AcDbEntity
  8
F.Silkscreen
  6
CONTINUOUS
100
AcDbLine
 10
4.9028320866141728
 20
-2.8480736220472442
 30
0
 11
4.9033726771653541
 21
-2.8478667322834643
 31
0
  0
LINE
  5
74B
330
22
100
AcDbEntity
  8
F.Silkscreen
  6
CONTINUOUS
100
AcDbLine
 10
4.9033726771653541
 20
-2.8478667322834643
 30
0
 11
4.9034785433070862
 21
-2.8478591732283465
 31
0
  0
LINE
  5
74C
330
22
100
AcDbEntity
  8
F.Silkscreen
  6
CONTINUOUS
100
AcDbLine
 10
4.9034785433070862
 20
-2.8478591732283465
 30
0
 11
4.9035765354330705
 21
-2.8478186220472441
 31
0
  0
LINE
  5
74D
330
22
100
AcDbEntity
  8
F.Silkscreen
  6
CONTINUOUS
100
AcDbLine
 10
4.9035765354330705
 20
-2.8478186220472441
 30
0
 11
4.9041525984251964
 21
-2.8477618897637793
 31
0
  0
LINE
  5
74E
330
22
100
AcDbEntity
  8
F.Silkscreen
  6
CONTINUOUS
100
AcDbLine
 10
4.9041525984251964
 20
-2.8477618897637793
 30
0
 11
4.9116516535433066
 21
-2.8477618897637793
 31
0
  0
LINE
  5
74F
330
22
100
AcDbEntity
  8
F.Silkscreen
  6
CONTINUOUS
100
AcDbLine
 10
4.9116516535433066
 20
-2.8477618897637793
 30
0
 11
4.9122277165354333
 21
-2.8478186220472441
 31
0
  0
LINE
  5
750
330
22
100
AcDbEntity
  8
F.Silkscreen
  6
CONTINUOUS
100
AcDbLine
 10
4.9026038976377952
 20
-2.8547902362204725
 30
0
 11
4.9014810629921257
 21
-2.8570359842519686
 31
0
  0
LINE
  5
751
330
22
100
AcDbEntity
  8
F.Silkscreen
  6
CONTINUOUS
100
AcDbLine
 10
4.9014810629921257
 20
-2.8570359842519686
 30
0
 11
4.9014810629921257
 21
-2.860236181102362
 31
0
  0
LINE
  5
752
330
22
100
AcDbEntity
  8
F.Silkscreen
  6
CONTINUOUS
100
AcDbLine
 10
4.9014810629921257
 20
-2.860236181102362
 30
0
 11
4.9143231889763781
 21
-2.8576677952755904
 31
0
  0
LINE
  5
753
330
22
100
AcDbEntity
  8
F.Silkscreen
  6
CONTINUOUS
100
AcDbLine
 10
4.9143231889763781
 20
-2.8576677952755904
 30
0
 11
4.9143231889763781
 21
-2.8570359842519686
 31
0
  0
LINE
  5
754
330
22
100
AcDbEntity
  8
F.Silkscreen
  6
CONTINUOUS
100
AcDbLine
 10
4.9143231889763781
 20
-2.8570359842519686
 30
0
 11
4.9132003149606298
 21
-2.8547902362204725
 31
0
  0
LINE
  5
755
330
22
100
AcDbEntity
  8
F.Silkscreen
  6
CONTINUOUS
100
AcDbLine
 10
4.9132003149606298
 20
-2.8547902362204725
 30
0
 11
4.9109546062992129
 21
-2.8536674015748029
 31
0
  0
LINE
  5
756
330
22
100
AcDbEntity
  8
F.Silkscreen
  6
CONTINUOUS
100
AcDbLine
 10
4.9109546062992129
 20
-2.8536674015748029
 30
0
 11
4.9048496456692909
 21
-2.8536674015748029
 31
0
  0
LINE
  5
757
330
22
100
AcDbEntity
  8
F.Silkscreen
  6
CONTINUOUS
100
AcDbLine
 10
4.9048496456692909
 20
-2.8536674015748029
 30
0
 11
4.9026038976377952
 21
-2.8547902362204725
 31
0
  0
LINE
  5
758
330
22
100
AcDbEntity
  8
F.Silkscreen
  6
CONTINUOUS
100
AcDbLine
 10
4.9459735039370081
 20
-2.8478186220472441
 30
0
 11
4.9460714960629923
 21
-2.8478592125984252
 31
0
  0
LINE
  5
759
330
22
100
AcDbEntity
  8
F.Silkscreen
  6
CONTINUOUS
100
AcDbLine
 10
4.9460714960629923
 20
-2.8478592125984252
 30
0
 11
4.9461773228346457
 21
-2.8478667322834643
 31
0
  0
LINE
  5
75A
330
22
100
AcDbEntity
  8
F.Silkscreen
  6
CONTINUOUS
100
AcDbLine
 10
4.9461773228346457
 20
-2.8478667322834643
 30
0
 11
4.9467179527559058
 21
-2.8480736220472442
 31
0
  0
LINE
  5
75B
330
22
100
AcDbEntity
  8
F.Silkscreen
  6
CONTINUOUS
100
AcDbLine
 10
4.9467179527559058
 20
-2.8480736220472442
 30
0
 11
4.9504674803149609
 21
-2.8499483858267718
 31
0
  0
LINE
  5
75C
330
22
100
AcDbEntity
  8
F.Silkscreen
  6
CONTINUOUS
100
AcDbLine
 10
4.9504674803149609
 20
-2.8499483858267718
 30
0
 11
4.9505638188976375
 21
-2.8500090157480313
 31
0
  0
LINE
  5
75D
330
22
100
AcDbEntity
  8
F.Silkscreen
  6
CONTINUOUS
100
AcDbLine
 10
4.9505638188976375
 20
-2.8500090157480313
 30
0
 11
4.9506092519685039
 21
-2.8500241732283462
 31
0
  0
LINE
  5
75E
330
22
100
AcDbEntity
  8
F.Silkscreen
  6
CONTINUOUS
100
AcDbLine
 10
4.9506092519685039
 20
-2.8500241732283462
 30
0
 11
4.9506657874015749
 21
-2.8500731889763777
 31
0
  0
LINE
  5
75F
330
22
100
AcDbEntity
  8
F.Silkscreen
  6
CONTINUOUS
100
AcDbLine
 10
4.9506657874015749
 20
-2.8500731889763777
 30
0
 11
4.9509573622047247
 21
-2.8502567322834644
 31
0
  0
LINE
  5
760
330
22
100
AcDbEntity
  8
F.Silkscreen
  6
CONTINUOUS
100
AcDbLine
 10
4.9509573622047247
 20
-2.8502567322834644
 30
0
 11
4.9511999212598425
 21
-2.8505364173228345
 31
0
  0
LINE
  5
761
330
22
100
AcDbEntity
  8
F.Silkscreen
  6
CONTINUOUS
100
AcDbLine
 10
4.9511999212598425
 20
-2.8505364173228345
 30
0
 11
4.9514796456692913
 21
-2.8507790157480315
 31
0
  0
LINE
  5
762
330
22
100
AcDbEntity
  8
F.Silkscreen
  6
CONTINUOUS
100
AcDbLine
 10
4.9514796456692913
 20
-2.8507790157480315
 30
0
 11
4.9516631496062988
 21
-2.8510705511811021
 31
0
  0
LINE
  5
763
330
22
100
AcDbEntity
  8
F.Silkscreen
  6
CONTINUOUS
100
AcDbLine
 10
4.9516631496062988
 20
-2.8510705511811021
 30
0
 11
4.9517122047244095
 21
-2.8511271259842519
 31
0
  0
LINE
  5
764
330
22
100
AcDbEntity
  8
F.Silkscreen
  6
CONTINUOUS
100
AcDbLine
 10
4.9517122047244095
 20
-2.8511271259842519
 30
0
 11
4.9517273228346452
 21
-2.8511725196850395
 31
0
  0
LINE
  5
765
330
22
100
AcDbEntity
  8
F.Silkscreen
  6
CONTINUOUS
100
AcDbLine
 10
4.9517273228346452
 20
-2.8511725196850395
 30
0
 11
4.9517879921259844
 21
-2.8512688976377953
 31
0
  0
LINE
  5
766
330
22
100
AcDbEntity
  8
F.Silkscreen
  6
CONTINUOUS
100
AcDbLine
 10
4.9517879921259844
 20
-2.8512688976377953
 30
0
 11
4.953662755905512
 21
-2.8550184251968505
 31
0
  0
LINE
  5
767
330
22
100
AcDbEntity
  8
F.Silkscreen
  6
CONTINUOUS
100
AcDbLine
 10
4.953662755905512
 20
-2.8550184251968505
 30
0
 11
4.9538696456692914
 21
-2.8555590157480313
 31
0
  0
LINE
  5
768
330
22
100
AcDbEntity
  8
F.Silkscreen
  6
CONTINUOUS
100
AcDbLine
 10
4.9538696456692914
 20
-2.8555590157480313
 30
0
 11
4.9538771653543305
 21
-2.8556648818897639
 31
0
  0
LINE
  5
769
330
22
100
AcDbEntity
  8
F.Silkscreen
  6
CONTINUOUS
100
AcDbLine
 10
4.9538771653543305
 20
-2.8556648818897639
 30
0
 11
4.9539177559055121
 21
-2.8557628740157481
 31
0
  0
LINE
  5
76A
330
22
100
AcDbEntity
  8
F.Silkscreen
  6
CONTINUOUS
100
AcDbLine
 10
4.9539177559055121
 20
-2.8557628740157481
 30
0
 11
4.953974488188976
 21
-2.856338937007874
 31
0
  0
LINE
  5
76B
330
22
100
AcDbEntity
  8
F.Silkscreen
  6
CONTINUOUS
100
AcDbLine
 10
4.953974488188976
 20
-2.856338937007874
 30
0
 11
4.953974488188976
 21
-2.8600884645669291
 31
0
  0
LINE
  5
76C
330
22
100
AcDbEntity
  8
F.Silkscreen
  6
CONTINUOUS
100
AcDbLine
 10
4.953974488188976
 20
-2.8600884645669291
 30
0
 11
4.9539177559055121
 21
-2.860664527559055
 31
0
  0
LINE
  5
76D
330
22
100
AcDbEntity
  8
F.Silkscreen
  6
CONTINUOUS
100
AcDbLine
 10
4.9539177559055121
 20
-2.860664527559055
 30
0
 11
4.9538069685039368
 21
-2.8609318897637794
 31
0
  0
LINE
  5
76E
330
22
100
AcDbEntity
  8
F.Silkscreen
  6
CONTINUOUS
100
AcDbLine
 10
4.9538069685039368
 20
-2.8609318897637794
 30
0
 11
4.953750866141732
 21
-2.8612155905511809
 31
0
  0
LINE
  5
76F
330
22
100
AcDbEntity
  8
F.Silkscreen
  6
CONTINUOUS
100
AcDbLine
 10
4.953750866141732
 20
-2.8612155905511809
 30
0
 11
4.9535887795275588
 21
-2.8614587007874017
 31
0
  0
LINE
  5
770
330
22
100
AcDbEntity
  8
F.Silkscreen
  6
CONTINUOUS
100
AcDbLine
 10
4.9535887795275588
 20
-2.8614587007874017
 30
0
 11
4.9534768503937006
 21
-2.8617289370078738
 31
0
  0
LINE
  5
771
330
22
100
AcDbEntity
  8
F.Silkscreen
  6
CONTINUOUS
100
AcDbLine
 10
4.9534768503937006
 20
-2.8617289370078738
 30
0
 11
4.9532722047244091
 21
-2.8619335826771652
 31
0
  0
LINE
  5
772
330
22
100
AcDbEntity
  8
F.Silkscreen
  6
CONTINUOUS
100
AcDbLine
 10
4.9532722047244091
 20
-2.8619335826771652
 30
0
 11
4.9531118110236223
 21
-2.8621741732283463
 31
0
  0
LINE
  5
773
330
22
100
AcDbEntity
  8
F.Silkscreen
  6
CONTINUOUS
100
AcDbLine
 10
4.9531118110236223
 20
-2.8621741732283463
 30
0
 11
4.9528689763779523
 21
-2.8623367716535433
 31
0
  0
LINE
  5
774
330
22
100
AcDbEntity
  8
F.Silkscreen
  6
CONTINUOUS
100
AcDbLine
 10
4.9528689763779523
 20
-2.8623367716535433
 30
0
 11
4.9526622047244091
 21
-2.8625435826771652
 31
0
  0
LINE
  5
775
330
22
100
AcDbEntity
  8
F.Silkscreen
  6
CONTINUOUS
100
AcDbLine
 10
4.9526622047244091
 20
-2.8625435826771652
 30
0
 11
4.9523949212598426
 21
-2.8626542913385826
 31
0
  0
LINE
  5
776
330
22
100
AcDbEntity
  8
F.Silkscreen
  6
CONTINUOUS
100
AcDbLine
 10
4.9523949212598426
 20
-2.8626542913385826
 30
0
 11
4.952154566929134
 21
-2.8628152755905512
 31
0
  0
LINE
  5
777
330
22
100
AcDbEntity
  8
F.Silkscreen
  6
CONTINUOUS
100
AcDbLine
 10
4.952154566929134
 20
-2.8628152755905512
 30
0
 11
4.9516007874015751
 21
-2.862983897637795
 31
0
  0
LINE
  5
778
330
22
100
AcDbEntity
  8
F.Silkscreen
  6
CONTINUOUS
100
AcDbLine
 10
4.9516007874015751
 20
-2.862983897637795
 30
0
 11
4.9352268503937005
 21
-2.8662586614173229
 31
0
  0
LINE
  5
779
330
22
100
AcDbEntity
  8
F.Silkscreen
  6
CONTINUOUS
100
AcDbLine
 10
4.9352268503937005
 20
-2.8662586614173229
 30
0
 11
4.9352268503937005
 21
-2.8706399999999999
 31
0
  0
LINE
  5
77A
330
22
100
AcDbEntity
  8
F.Silkscreen
  6
CONTINUOUS
100
AcDbLine
 10
4.9352268503937005
 20
-2.8706399999999999
 30
0
 11
4.93634968503937
 21
-2.872885748031496
 31
0
  0
LINE
  5
77B
330
22
100
AcDbEntity
  8
F.Silkscreen
  6
CONTINUOUS
100
AcDbLine
 10
4.93634968503937
 20
-2.872885748031496
 30
0
 11
4.9385954330708657
 21
-2.8740086220472438
 31
0
  0
LINE
  5
77C
330
22
100
AcDbEntity
  8
F.Silkscreen
  6
CONTINUOUS
100
AcDbLine
 10
4.9385954330708657
 20
-2.8740086220472438
 30
0
 11
4.9447003937007876
 21
-2.8740086220472438
 31
0
  0
LINE
  5
77D
330
22
100
AcDbEntity
  8
F.Silkscreen
  6
CONTINUOUS
100
AcDbLine
 10
4.9447003937007876
 20
-2.8740086220472438
 30
0
 11
4.9478264566929129
 21
-2.8724455905511812
 31
0
  0
LINE
  5
77E
330
22
100
AcDbEntity
  8
F.Silkscreen
  6
CONTINUOUS
100
AcDbLine
 10
4.9478264566929129
 20
-2.8724455905511812
 30
0
 11
4.9483670472440942
 21
-2.8722387007874013
 31
0
  0
LINE
  5
77F
330
22
100
AcDbEntity
  8
F.Silkscreen
  6
CONTINUOUS
100
AcDbLine
 10
4.9483670472440942
 20
-2.8722387007874013
 30
0
 11
4.94951625984252
 21
-2.8721570472440945
 31
0
  0
LINE
  5
780
330
22
100
AcDbEntity
  8
F.Silkscreen
  6
CONTINUOUS
100
AcDbLine
 10
4.94951625984252
 20
-2.8721570472440945
 30
0
 11
4.9506092519685039
 21
-2.8725213779527556
 31
0
  0
LINE
  5
781
330
22
100
AcDbEntity
  8
F.Silkscreen
  6
CONTINUOUS
100
AcDbLine
 10
4.9506092519685039
 20
-2.8725213779527556
 30
0
 11
4.9514796062992126
 21
-2.8732762204724409
 31
0
  0
LINE
  5
782
330
22
100
AcDbEntity
  8
F.Silkscreen
  6
CONTINUOUS
100
AcDbLine
 10
4.9514796062992126
 20
-2.8732762204724409
 30
0
 11
4.9519948818897639
 21
-2.8743067322834643
 31
0
  0
LINE
  5
783
330
22
100
AcDbEntity
  8
F.Silkscreen
  6
CONTINUOUS
100
AcDbLine
 10
4.9519948818897639
 20
-2.8743067322834643
 30
0
 11
4.9520765354330711
 21
-2.8754559448818897
 31
0
  0
LINE
  5
784
330
22
100
AcDbEntity
  8
F.Silkscreen
  6
CONTINUOUS
100
AcDbLine
 10
4.9520765354330711
 20
-2.8754559448818897
 30
0
 11
4.9517122047244095
 21
-2.8765488976377953
 31
0
  0
LINE
  5
785
330
22
100
AcDbEntity
  8
F.Silkscreen
  6
CONTINUOUS
100
AcDbLine
 10
4.9517122047244095
 20
-2.8765488976377953
 30
0
 11
4.9509573622047247
 21
-2.8774192913385828
 31
0
  0
LINE
  5
786
330
22
100
AcDbEntity
  8
F.Silkscreen
  6
CONTINUOUS
100
AcDbLine
 10
4.9509573622047247
 20
-2.8774192913385828
 30
0
 11
4.9504674803149609
 21
-2.8777276377952754
 31
0
  0
LINE
  5
787
330
22
100
AcDbEntity
  8
F.Silkscreen
  6
CONTINUOUS
100
AcDbLine
 10
4.9504674803149609
 20
-2.8777276377952754
 30
0
 11
4.9467179527559058
 21
-2.879602401574803
 31
0
  0
LINE
  5
788
330
22
100
AcDbEntity
  8
F.Silkscreen
  6
CONTINUOUS
100
AcDbLine
 10
4.9467179527559058
 20
-2.879602401574803
 30
0
 11
4.9461773228346457
 21
-2.8798092913385824
 31
0
  0
LINE
  5
789
330
22
100
AcDbEntity
  8
F.Silkscreen
  6
CONTINUOUS
100
AcDbLine
 10
4.9461773228346457
 20
-2.8798092913385824
 30
0
 11
4.9460714960629923
 21
-2.8798167716535432
 31
0
  0
LINE
  5
78A
330
22
100
AcDbEntity
  8
F.Silkscreen
  6
CONTINUOUS
100
AcDbLine
 10
4.9460714960629923
 20
-2.8798167716535432
 30
0
 11
4.9459735039370081
 21
-2.8798574015748031
 31
0
  0
LINE
  5
78B
330
22
100
AcDbEntity
  8
F.Silkscreen
  6
CONTINUOUS
100
AcDbLine
 10
4.9459735039370081
 20
-2.8798574015748031
 30
0
 11
4.9453974409448822
 21
-2.8799141338582674
 31
0
  0
LINE
  5
78C
330
22
100
AcDbEntity
  8
F.Silkscreen
  6
CONTINUOUS
100
AcDbLine
 10
4.9453974409448822
 20
-2.8799141338582674
 30
0
 11
4.9378983858267711
 21
-2.8799141338582674
 31
0
  0
LINE
  5
78D
330
22
100
AcDbEntity
  8
F.Silkscreen
  6
CONTINUOUS
100
AcDbLine
 10
4.9378983858267711
 20
-2.8799141338582674
 30
0
 11
4.9373223228346452
 21
-2.8798574015748031
 31
0
  0
LINE
  5
78E
330
22
100
AcDbEntity
  8
F.Silkscreen
  6
CONTINUOUS
100
AcDbLine
 10
4.9373223228346452
 20
-2.8798574015748031
 30
0
 11
4.937224330708661
 21
-2.879816811023622
 31
0
  0
LINE
  5
78F
330
22
100
AcDbEntity
  8
F.Silkscreen
  6
CONTINUOUS
100
AcDbLine
 10
4.937224330708661
 20
-2.879816811023622
 30
0
 11
4.9371184645669288
 21
-2.8798092913385824
 31
0
  0
LINE
  5
790
330
22
100
AcDbEntity
  8
F.Silkscreen
  6
CONTINUOUS
100
AcDbLine
 10
4.9371184645669288
 20
-2.8798092913385824
 30
0
 11
4.9365778740157475
 21
-2.879602401574803
 31
0
  0
LINE
  5
791
330
22
100
AcDbEntity
  8
F.Silkscreen
  6
CONTINUOUS
100
AcDbLine
 10
4.9365778740157475
 20
-2.879602401574803
 30
0
 11
4.9328283464566924
 21
-2.8777276377952754
 31
0
  0
LINE
  5
792
330
22
100
AcDbEntity
  8
F.Silkscreen
  6
CONTINUOUS
100
AcDbLine
 10
4.9328283464566924
 20
-2.8777276377952754
 30
0
 11
4.932731968503937
 21
-2.8776669685039371
 31
0
  0
LINE
  5
793
330
22
100
AcDbEntity
  8
F.Silkscreen
  6
CONTINUOUS
100
AcDbLine
 10
4.932731968503937
 20
-2.8776669685039371
 30
0
 11
4.9326865748031494
 21
-2.8776518503937005
 31
0
  0
LINE
  5
794
330
22
100
AcDbEntity
  8
F.Silkscreen
  6
CONTINUOUS
100
AcDbLine
 10
4.9326865748031494
 20
-2.8776518503937005
 30
0
 11
4.9326299999999996
 21
-2.8776027952755903
 31
0
  0
LINE
  5
795
330
22
100
AcDbEntity
  8
F.Silkscreen
  6
CONTINUOUS
100
AcDbLine
 10
4.9326299999999996
 20
-2.8776027952755903
 30
0
 11
4.9323384645669286
 21
-2.8774192913385828
 31
0
  0
LINE
  5
796
330
22
100
AcDbEntity
  8
F.Silkscreen
  6
CONTINUOUS
100
AcDbLine
 10
4.9323384645669286
 20
-2.8774192913385828
 30
0
 11
4.9320957874015745
 21
-2.8771394488188977
 31
0
  0
LINE
  5
797
330
22
100
AcDbEntity
  8
F.Silkscreen
  6
CONTINUOUS
100
AcDbLine
 10
4.9320957874015745
 20
-2.8771394488188977
 30
0
 11
4.931816181102362
 21
-2.8768969685039369
 31
0
  0
LINE
  5
798
330
22
100
AcDbEntity
  8
F.Silkscreen
  6
CONTINUOUS
100
AcDbLine
 10
4.931816181102362
 20
-2.8768969685039369
 30
0
 11
4.9316326771653545
 21
-2.8766054724409447
 31
0
  0
LINE
  5
799
330
22
100
AcDbEntity
  8
F.Silkscreen
  6
CONTINUOUS
100
AcDbLine
 10
4.9316326771653545
 20
-2.8766054724409447
 30
0
 11
4.9315836220472438
 21
-2.8765488976377953
 31
0
  0
LINE
  5
79A
330
22
100
AcDbEntity
  8
F.Silkscreen
  6
CONTINUOUS
100
AcDbLine
 10
4.9315836220472438
 20
-2.8765488976377953
 30
0
 11
4.9315684645669293
 21
-2.8765034251968502
 31
0
  0
LINE
  5
79B
330
22
100
AcDbEntity
  8
F.Silkscreen
  6
CONTINUOUS
100
AcDbLine
 10
4.9315684645669293
 20
-2.8765034251968502
 30
0
 11
4.9315078346456689
 21
-2.8764071259842519
 31
0
  0
LINE
  5
79C
330
22
100
AcDbEntity
  8
F.Silkscreen
  6
CONTINUOUS
100
AcDbLine
 10
4.9315078346456689
 20
-2.8764071259842519
 30
0
 11
4.9296330708661413
 21
-2.872657559055118
 31
0
  0
LINE
  5
79D
330
22
100
AcDbEntity
  8
F.Silkscreen
  6
CONTINUOUS
100
AcDbLine
 10
4.9296330708661413
 20
-2.872657559055118
 30
0
 11
4.9294261811023619
 21
-2.8721169291338584
 31
0
  0
LINE
  5
79E
330
22
100
AcDbEntity
  8
F.Silkscreen
  6
CONTINUOUS
100
AcDbLine
 10
4.9294261811023619
 20
-2.8721169291338584
 30
0
 11
4.9294186614173228
 21
-2.8720111023622046
 31
0
  0
LINE
  5
79F
330
22
100
AcDbEntity
  8
F.Silkscreen
  6
CONTINUOUS
100
AcDbLine
 10
4.9294186614173228
 20
-2.8720111023622046
 30
0
 11
4.9293780708661412
 21
-2.8719131102362203
 31
0
  0
LINE
  5
7A0
330
22
100
AcDbEntity
  8
F.Silkscreen
  6
CONTINUOUS
100
AcDbLine
 10
4.9293780708661412
 20
-2.8719131102362203
 30
0
 11
4.9293213385826773
 21
-2.8713370472440944
 31
0
  0
LINE
  5
7A1
330
22
100
AcDbEntity
  8
F.Silkscreen
  6
CONTINUOUS
100
AcDbLine
 10
4.9293213385826773
 20
-2.8713370472440944
 30
0
 11
4.9293213385826773
 21
-2.856338937007874
 31
0
  0
LINE
  5
7A2
330
22
100
AcDbEntity
  8
F.Silkscreen
  6
CONTINUOUS
100
AcDbLine
 10
4.9293213385826773
 20
-2.856338937007874
 30
0
 11
4.9293780708661412
 21
-2.8557628740157481
 31
0
  0
LINE
  5
7A3
330
22
100
AcDbEntity
  8
F.Silkscreen
  6
CONTINUOUS
100
AcDbLine
 10
4.9293780708661412
 20
-2.8557628740157481
 30
0
 11
4.9294186614173228
 21
-2.8556648425196851
 31
0
  0
LINE
  5
7A4
330
22
100
AcDbEntity
  8
F.Silkscreen
  6
CONTINUOUS
100
AcDbLine
 10
4.9294186614173228
 20
-2.8556648425196851
 30
0
 11
4.9294261811023619
 21
-2.85555905511811
 31
0
  0
LINE
  5
7A5
330
22
100
AcDbEntity
  8
F.Silkscreen
  6
CONTINUOUS
100
AcDbLine
 10
4.9294261811023619
 20
-2.85555905511811
 30
0
 11
4.9296330708661413
 21
-2.8550184251968505
 31
0
  0
LINE
  5
7A6
330
22
100
AcDbEntity
  8
F.Silkscreen
  6
CONTINUOUS
100
AcDbLine
 10
4.9296330708661413
 20
-2.8550184251968505
 30
0
 11
4.9315078346456689
 21
-2.8512688976377953
 31
0
  0
LINE
  5
7A7
330
22
100
AcDbEntity
  8
F.Silkscreen
  6
CONTINUOUS
100
AcDbLine
 10
4.9315078346456689
 20
-2.8512688976377953
 30
0
 11
4.9315684645669293
 21
-2.8511725196850395
 31
0
  0
LINE
  5
7A8
330
22
100
AcDbEntity
  8
F.Silkscreen
  6
CONTINUOUS
100
AcDbLine
 10
4.9315684645669293
 20
-2.8511725196850395
 30
0
 11
4.9315836220472438
 21
-2.8511271259842519
 31
0
  0
LINE
  5
7A9
330
22
100
AcDbEntity
  8
F.Silkscreen
  6
CONTINUOUS
100
AcDbLine
 10
4.9315836220472438
 20
-2.8511271259842519
 30
0
 11
4.9316326377952757
 21
-2.8510705511811021
 31
0
  0
LINE
  5
7AA
330
22
100
AcDbEntity
  8
F.Silkscreen
  6
CONTINUOUS
100
AcDbLine
 10
4.9316326377952757
 20
-2.8510705511811021
 30
0
 11
4.931816181102362
 21
-2.8507790157480315
 31
0
  0
LINE
  5
7AB
330
22
100
AcDbEntity
  8
F.Silkscreen
  6
CONTINUOUS
100
AcDbLine
 10
4.931816181102362
 20
-2.8507790157480315
 30
0
 11
4.932095866141732
 21
-2.8505364173228345
 31
0
  0
LINE
  5
7AC
330
22
100
AcDbEntity
  8
F.Silkscreen
  6
CONTINUOUS
100
AcDbLine
 10
4.932095866141732
 20
-2.8505364173228345
 30
0
 11
4.9323384645669286
 21
-2.8502567322834644
 31
0
  0
LINE
  5
7AD
330
22
100
AcDbEntity
  8
F.Silkscreen
  6
CONTINUOUS
100
AcDbLine
 10
4.9323384645669286
 20
-2.8502567322834644
 30
0
 11
4.9326299999999996
 21
-2.8500731889763777
 31
0
  0
LINE
  5
7AE
330
22
100
AcDbEntity
  8
F.Silkscreen
  6
CONTINUOUS
100
AcDbLine
 10
4.9326299999999996
 20
-2.8500731889763777
 30
0
 11
4.9326865748031494
 21
-2.8500241732283462
 31
0
  0
LINE
  5
7AF
330
22
100
AcDbEntity
  8
F.Silkscreen
  6
CONTINUOUS
100
AcDbLine
 10
4.9326865748031494
 20
-2.8500241732283462
 30
0
 11
4.932731968503937
 21
-2.8500090157480313
 31
0
  0
LINE
  5
7B0
330
22
100
AcDbEntity
  8
F.Silkscreen
  6
CONTINUOUS
100
AcDbLine
 10
4.932731968503937
 20
-2.8500090157480313
 30
0
 11
4.9328283464566924
 21
-2.8499483858267718
 31
0
  0
LINE
  5
7B1
330
22
100
AcDbEntity
  8
F.Silkscreen
  6
CONTINUOUS
100
AcDbLine
 10
4.9328283464566924
 20
-2.8499483858267718
 30
0
 11
4.9365778740157475
 21
-2.8480736220472442
 31
0
  0
LINE
  5
7B2
330
22
100
AcDbEntity
  8
F.Silkscreen
  6
CONTINUOUS
100
AcDbLine
 10
4.9365778740157475
 20
-2.8480736220472442
 30
0
 11
4.9371184645669288
 21
-2.8478667322834643
 31
0
  0
LINE
  5
7B3
330
22
100
AcDbEntity
  8
F.Silkscreen
  6
CONTINUOUS
100
AcDbLine
 10
4.9371184645669288
 20
-2.8478667322834643
 30
0
 11
4.937224330708661
 21
-2.8478591732283465
 31
0
  0
LINE
  5
7B4
330
22
100
AcDbEntity
  8
F.Silkscreen
  6
CONTINUOUS
100
AcDbLine
 10
4.937224330708661
 20
-2.8478591732283465
 30
0
 11
4.9373223228346452
 21
-2.8478186220472441
 31
0
  0
LINE
  5
7B5
330
22
100
AcDbEntity
  8
F.Silkscreen
  6
CONTINUOUS
100
AcDbLine
 10
4.9373223228346452
 20
-2.8478186220472441
 30
0
 11
4.9378983858267711
 21
-2.8477618897637793
 31
0
  0
LINE
  5
7B6
330
22
100
AcDbEntity
  8
F.Silkscreen
  6
CONTINUOUS
100
AcDbLine
 10
4.9378983858267711
 20
-2.8477618897637793
 30
0
 11
4.9453974409448822
 21
-2.8477618897637793
 31
0
  0
LINE
  5
7B7
330
22
100
AcDbEntity
  8
F.Silkscreen
  6
CONTINUOUS
100
AcDbLine
 10
4.9453974409448822
 20
-2.8477618897637793
 30
0
 11
4.9459735039370081
 21
-2.8478186220472441
 31
0
  0
LINE
  5
7B8
330
22
100
AcDbEntity
  8
F.Silkscreen
  6
CONTINUOUS
100
AcDbLine
 10
4.93634968503937
 20
-2.8547902362204725
 30
0
 11
4.9352268503937005
 21
-2.8570359842519686
 31
0
  0
LINE
  5
7B9
330
22
100
AcDbEntity
  8
F.Silkscreen
  6
CONTINUOUS
100
AcDbLine
 10
4.9352268503937005
 20
-2.8570359842519686
 30
0
 11
4.9352268503937005
 21
-2.860236181102362
 31
0
  0
LINE
  5
7BA
330
22
100
AcDbEntity
  8
F.Silkscreen
  6
CONTINUOUS
100
AcDbLine
 10
4.9352268503937005
 20
-2.860236181102362
 30
0
 11
4.9480689763779528
 21
-2.8576677952755904
 31
0
  0
LINE
  5
7BB
330
22
100
AcDbEntity
  8
F.Silkscreen
  6
CONTINUOUS
100
AcDbLine
 10
4.9480689763779528
 20
-2.8576677952755904
 30
0
 11
4.9480689763779528
 21
-2.8570359842519686
 31
0
  0
LINE
  5
7BC
330
22
100
AcDbEntity
  8
F.Silkscreen
  6
CONTINUOUS
100
AcDbLine
 10
4.9480689763779528
 20
-2.8570359842519686
 30
0
 11
4.9469461023622046
 21
-2.8547902362204725
 31
0
  0
LINE
  5
7BD
330
22
100
AcDbEntity
  8
F.Silkscreen
  6
CONTINUOUS
100
AcDbLine
 10
4.9469461023622046
 20
-2.8547902362204725
 30
0
 11
4.9447003937007876
 21
-2.8536674015748029
 31
0
  0
LINE
  5
7BE
330
22
100
AcDbEntity
  8
F.Silkscreen
  6
CONTINUOUS
100
AcDbLine
 10
4.9447003937007876
 20
-2.8536674015748029
 30
0
 11
4.9385954330708657
 21
-2.8536674015748029
 31
0
  0
LINE
  5
7BF
330
22
100
AcDbEntity
  8
F.Silkscreen
  6
CONTINUOUS
100
AcDbLine
 10
4.9385954330708657
 20
-2.8536674015748029
 30
0
 11
4.93634968503937
 21
-2.8547902362204725
 31
0
  0
LINE
  5
7C0
330
22
100
AcDbEntity
  8
F.Silkscreen
  6
CONTINUOUS
100
AcDbLine
 10
4.9864079921259838
 20
-2.8351361811023623
 30
0
 11
4.9872226377952753
 21
-2.8359508267716533
 31
0
  0
LINE
  5
7C1
330
22
100
AcDbEntity
  8
F.Silkscreen
  6
CONTINUOUS
100
AcDbLine
 10
4.9872226377952753
 20
-2.8359508267716533
 30
0
 11
4.9876635433070868
 21
-2.8370152362204726
 31
0
  0
LINE
  5
7C2
330
22
100
AcDbEntity
  8
F.Silkscreen
  6
CONTINUOUS
100
AcDbLine
 10
4.9876635433070868
 20
-2.8370152362204726
 30
0
 11
4.9877202755905508
 21
-2.8375912992125985
 31
0
  0
LINE
  5
7C3
330
22
100
AcDbEntity
  8
F.Silkscreen
  6
CONTINUOUS
100
AcDbLine
 10
4.9877202755905508
 20
-2.8375912992125985
 30
0
 11
4.9877202755905508
 21
-2.8769613779527559
 31
0
  0
LINE
  5
7C4
330
22
100
AcDbEntity
  8
F.Silkscreen
  6
CONTINUOUS
100
AcDbLine
 10
4.9877202755905508
 20
-2.8769613779527559
 30
0
 11
4.9876635433070868
 21
-2.8775374409448817
 31
0
  0
LINE
  5
7C5
330
22
100
AcDbEntity
  8
F.Silkscreen
  6
CONTINUOUS
100
AcDbLine
 10
4.9876635433070868
 20
-2.8775374409448817
 30
0
 11
4.9872226377952753
 21
-2.8786018503937005
 31
0
  0
LINE
  5
7C6
330
22
100
AcDbEntity
  8
F.Silkscreen
  6
CONTINUOUS
100
AcDbLine
 10
4.9872226377952753
 20
-2.8786018503937005
 30
0
 11
4.9864079921259838
 21
-2.879416496062992
 31
0
  0
LINE
  5
7C7
330
22
100
AcDbEntity
  8
F.Silkscreen
  6
CONTINUOUS
100
AcDbLine
 10
4.9864079921259838
 20
-2.879416496062992
 30
0
 11
4.9853435826771655
 21
-2.8798574015748031
 31
0
  0
LINE
  5
7C8
330
22
100
AcDbEntity
  8
F.Silkscreen
  6
CONTINUOUS
100
AcDbLine
 10
4.9853435826771655
 20
-2.8798574015748031
 30
0
 11
4.9841914566929129
 21
-2.8798574015748031
 31
0
  0
LINE
  5
7C9
330
22
100
AcDbEntity
  8
F.Silkscreen
  6
CONTINUOUS
100
AcDbLine
 10
4.9841914566929129
 20
-2.8798574015748031
 30
0
 11
4.9831270472440945
 21
-2.879416496062992
 31
0
  0
LINE
  5
7CA
330
22
100
AcDbEntity
  8
F.Silkscreen
  6
CONTINUOUS
100
AcDbLine
 10
4.9831270472440945
 20
-2.879416496062992
 30
0
 11
4.9829881102362208
 21
-2.8792775590551178
 31
0
  0
LINE
  5
7CB
330
22
100
AcDbEntity
  8
F.Silkscreen
  6
CONTINUOUS
100
AcDbLine
 10
4.9829881102362208
 20
-2.8792775590551178
 30
0
 11
4.9823385039370081
 21
-2.879602401574803
 31
0
  0
LINE
  5
7CC
330
22
100
AcDbEntity
  8
F.Silkscreen
  6
CONTINUOUS
100
AcDbLine
 10
4.9823385039370081
 20
-2.879602401574803
 30
0
 11
4.981797874015748
 21
-2.8798092913385824
 31
0
  0
LINE
  5
7CD
330
22
100
AcDbEntity
  8
F.Silkscreen
  6
CONTINUOUS
100
AcDbLine
 10
4.981797874015748
 20
-2.8798092913385824
 30
0
 11
4.9816920472440946
 21
-2.8798167716535432
 31
0
  0
LINE
  5
7CE
330
22
100
AcDbEntity
  8
F.Silkscreen
  6
CONTINUOUS
100
AcDbLine
 10
4.9816920472440946
 20
-2.8798167716535432
 30
0
 11
4.9815940551181104
 21
-2.8798574015748031
 31
0
  0
LINE
  5
7CF
330
22
100
AcDbEntity
  8
F.Silkscreen
  6
CONTINUOUS
100
AcDbLine
 10
4.9815940551181104
 20
-2.8798574015748031
 30
0
 11
4.9810179921259845
 21
-2.8799141338582674
 31
0
  0
LINE
  5
7D0
330
22
100
AcDbEntity
  8
F.Silkscreen
  6
CONTINUOUS
100
AcDbLine
 10
4.9810179921259845
 20
-2.8799141338582674
 30
0
 11
4.9735189370078743
 21
-2.8799141338582674
 31
0
  0
LINE
  5
7D1
330
22
100
AcDbEntity
  8
F.Silkscreen
  6
CONTINUOUS
100
AcDbLine
 10
4.9735189370078743
 20
-2.8799141338582674
 30
0
 11
4.9729428740157475
 21
-2.8798574015748031
 31
0
  0
LINE
  5
7D2
330
22
100
AcDbEntity
  8
F.Silkscreen
  6
CONTINUOUS
100
AcDbLine
 10
4.9729428740157475
 20
-2.8798574015748031
 30
0
 11
4.9728448818897633
 21
-2.879816811023622
 31
0
  0
LINE
  5
7D3
330
22
100
AcDbEntity
  8
F.Silkscreen
  6
CONTINUOUS
100
AcDbLine
 10
4.9728448818897633
 20
-2.879816811023622
 30
0
 11
4.9727390157480311
 21
-2.8798092913385824
 31
0
  0
LINE
  5
7D4
330
22
100
AcDbEntity
  8
F.Silkscreen
  6
CONTINUOUS
100
AcDbLine
 10
4.9727390157480311
 20
-2.8798092913385824
 30
0
 11
4.9721984251968498
 21
-2.879602401574803
 31
0
  0
LINE
  5
7D5
330
22
100
AcDbEntity
  8
F.Silkscreen
  6
CONTINUOUS
100
AcDbLine
 10
4.9721984251968498
 20
-2.879602401574803
 30
0
 11
4.9684488976377947
 21
-2.8777276377952754
 31
0
  0
LINE
  5
7D6
330
22
100
AcDbEntity
  8
F.Silkscreen
  6
CONTINUOUS
100
AcDbLine
 10
4.9684488976377947
 20
-2.8777276377952754
 30
0
 11
4.9682008661417321
 21
-2.8775715354330709
 31
0
  0
LINE
  5
7D7
330
22
100
AcDbEntity
  8
F.Silkscreen
  6
CONTINUOUS
100
AcDbLine
 10
4.9682008661417321
 20
-2.8775715354330709
 30
0
 11
4.9681289370078741
 21
-2.8775417322834644
 31
0
  0
LINE
  5
7D8
330
22
100
AcDbEntity
  8
F.Silkscreen
  6
CONTINUOUS
100
AcDbLine
 10
4.9681289370078741
 20
-2.8775417322834644
 30
0
 11
4.9680479527559056
 21
-2.8774752755905513
 31
0
  0
LINE
  5
7D9
330
22
100
AcDbEntity
  8
F.Silkscreen
  6
CONTINUOUS
100
AcDbLine
 10
4.9680479527559056
 20
-2.8774752755905513
 30
0
 11
4.9679590157480318
 21
-2.8774192913385828
 31
0
  0
LINE
  5
7DA
330
22
100
AcDbEntity
  8
F.Silkscreen
  6
CONTINUOUS
100
AcDbLine
 10
4.9679590157480318
 20
-2.8774192913385828
 30
0
 11
4.9679077952755906
 21
-2.8773602362204724
 31
0
  0
LINE
  5
7DB
330
22
100
AcDbEntity
  8
F.Silkscreen
  6
CONTINUOUS
100
AcDbLine
 10
4.9679077952755906
 20
-2.8773602362204724
 30
0
 11
4.9676814566929135
 21
-2.8771744881889765
 31
0
  0
LINE
  5
7DC
330
22
100
AcDbEntity
  8
F.Silkscreen
  6
CONTINUOUS
100
AcDbLine
 10
4.9676814566929135
 20
-2.8771744881889765
 30
0
 11
4.9658066929133859
 21
-2.8752996850393702
 31
0
  0
LINE
  5
7DD
330
22
100
AcDbEntity
  8
F.Silkscreen
  6
CONTINUOUS
100
AcDbLine
 10
4.9658066929133859
 20
-2.8752996850393702
 30
0
 11
4.9656209448818895
 21
-2.8750733464566927
 31
0
  0
LINE
  5
7DE
330
22
100
AcDbEntity
  8
F.Silkscreen
  6
CONTINUOUS
100
AcDbLine
 10
4.9656209448818895
 20
-2.8750733464566927
 30
0
 11
4.9655619685039367
 21
-2.8750222047244094
 31
0
  0
LINE
  5
7DF
330
22
100
AcDbEntity
  8
F.Silkscreen
  6
CONTINUOUS
100
AcDbLine
 10
4.9655619685039367
 20
-2.8750222047244094
 30
0
 11
4.9655059842519682
 21
-2.8749332677165356
 31
0
  0
LINE
  5
7E0
330
22
100
AcDbEntity
  8
F.Silkscreen
  6
CONTINUOUS
100
AcDbLine
 10
4.9655059842519682
 20
-2.8749332677165356
 30
0
 11
4.9654394881889763
 21
-2.8748522440944879
 31
0
  0
LINE
  5
7E1
330
22
100
AcDbEntity
  8
F.Silkscreen
  6
CONTINUOUS
100
AcDbLine
 10
4.9654394881889763
 20
-2.8748522440944879
 30
0
 11
4.9654096456692915
 21
-2.8747801968503937
 31
0
  0
LINE
  5
7E2
330
22
100
AcDbEntity
  8
F.Silkscreen
  6
CONTINUOUS
100
AcDbLine
 10
4.9654096456692915
 20
-2.8747801968503937
 30
0
 11
4.9652536220472436
 21
-2.8745323228346455
 31
0
  0
LINE
  5
7E3
330
22
100
AcDbEntity
  8
F.Silkscreen
  6
CONTINUOUS
100
AcDbLine
 10
4.9652536220472436
 20
-2.8745323228346455
 30
0
 11
4.9633788582677161
 21
-2.8707827952755904
 31
0
  0
LINE
  5
7E4
330
22
100
AcDbEntity
  8
F.Silkscreen
  6
CONTINUOUS
100
AcDbLine
 10
4.9633788582677161
 20
-2.8707827952755904
 30
0
 11
4.9631719685039366
 21
-2.8702421653543309
 31
0
  0
LINE
  5
7E5
330
22
100
AcDbEntity
  8
F.Silkscreen
  6
CONTINUOUS
100
AcDbLine
 10
4.9631719685039366
 20
-2.8702421653543309
 30
0
 11
4.9631644488188975
 21
-2.870136338582677
 31
0
  0
LINE
  5
7E6
330
22
100
AcDbEntity
  8
F.Silkscreen
  6
CONTINUOUS
100
AcDbLine
 10
4.9631644488188975
 20
-2.870136338582677
 30
0
 11
4.9631238582677168
 21
-2.8700383464566928
 31
0
  0
LINE
  5
7E7
330
22
100
AcDbEntity
  8
F.Silkscreen
  6
CONTINUOUS
100
AcDbLine
 10
4.9631238582677168
 20
-2.8700383464566928
 30
0
 11
4.963067125984252
 21
-2.8694622834645669
 31
0
  0
LINE
  5
7E8
330
22
100
AcDbEntity
  8
F.Silkscreen
  6
CONTINUOUS
100
AcDbLine
 10
4.963067125984252
 20
-2.8694622834645669
 30
0
 11
4.963067125984252
 21
-2.8582137007874016
 31
0
  0
LINE
  5
7E9
330
22
100
AcDbEntity
  8
F.Silkscreen
  6
CONTINUOUS
100
AcDbLine
 10
4.963067125984252
 20
-2.8582137007874016
 30
0
 11
4.9631238582677168
 21
-2.8576376377952757
 31
0
  0
LINE
  5
7EA
330
22
100
AcDbEntity
  8
F.Silkscreen
  6
CONTINUOUS
100
AcDbLine
 10
4.9631238582677168
 20
-2.8576376377952757
 30
0
 11
4.9631644488188975
 21
-2.8575396062992127
 31
0
  0
LINE
  5
7EB
330
22
100
AcDbEntity
  8
F.Silkscreen
  6
CONTINUOUS
100
AcDbLine
 10
4.9631644488188975
 20
-2.8575396062992127
 30
0
 11
4.9631719685039366
 21
-2.8574338188976376
 31
0
  0
LINE
  5
7EC
330
22
100
AcDbEntity
  8
F.Silkscreen
  6
CONTINUOUS
100
AcDbLine
 10
4.9631719685039366
 20
-2.8574338188976376
 30
0
 11
4.9633788582677161
 21
-2.856893188976378
 31
0
  0
LINE
  5
7ED
330
22
100
AcDbEntity
  8
F.Silkscreen
  6
CONTINUOUS
100
AcDbLine
 10
4.9633788582677161
 20
-2.856893188976378
 30
0
 11
4.9652536220472436
 21
-2.8531436614173229
 31
0
  0
LINE
  5
7EE
330
22
100
AcDbEntity
  8
F.Silkscreen
  6
CONTINUOUS
100
AcDbLine
 10
4.9652536220472436
 20
-2.8531436614173229
 30
0
 11
4.9654096850393703
 21
-2.8528956299212598
 31
0
  0
LINE
  5
7EF
330
22
100
AcDbEntity
  8
F.Silkscreen
  6
CONTINUOUS
100
AcDbLine
 10
4.9654096850393703
 20
-2.8528956299212598
 30
0
 11
4.965439527559055
 21
-2.8528237007874013
 31
0
  0
LINE
  5
7F0
330
22
100
AcDbEntity
  8
F.Silkscreen
  6
CONTINUOUS
100
AcDbLine
 10
4.965439527559055
 20
-2.8528237007874013
 30
0
 11
4.9655059842519682
 21
-2.8527427165354329
 31
0
  0
LINE
  5
7F1
330
22
100
AcDbEntity
  8
F.Silkscreen
  6
CONTINUOUS
100
AcDbLine
 10
4.9655059842519682
 20
-2.8527427165354329
 30
0
 11
4.9655619685039367
 21
-2.8526537795275591
 31
0
  0
LINE
  5
7F2
330
22
100
AcDbEntity
  8
F.Silkscreen
  6
CONTINUOUS
100
AcDbLine
 10
4.9655619685039367
 20
-2.8526537795275591
 30
0
 11
4.9656209448818895
 21
-2.8526025984251966
 31
0
  0
LINE
  5
7F3
330
22
100
AcDbEntity
  8
F.Silkscreen
  6
CONTINUOUS
100
AcDbLine
 10
4.9656209448818895
 20
-2.8526025984251966
 30
0
 11
4.9658067322834647
 21
-2.8523762598425195
 31
0
  0
LINE
  5
7F4
330
22
100
AcDbEntity
  8
F.Silkscreen
  6
CONTINUOUS
100
AcDbLine
 10
4.9658067322834647
 20
-2.8523762598425195
 30
0
 11
4.9676814960629923
 21
-2.850501496062992
 31
0
  0
LINE
  5
7F5
330
22
100
AcDbEntity
  8
F.Silkscreen
  6
CONTINUOUS
100
AcDbLine
 10
4.9676814960629923
 20
-2.850501496062992
 30
0
 11
4.9679078346456693
 21
-2.8503157086614173
 31
0
  0
LINE
  5
7F6
330
22
100
AcDbEntity
  8
F.Silkscreen
  6
CONTINUOUS
100
AcDbLine
 10
4.9679078346456693
 20
-2.8503157086614173
 30
0
 11
4.9679590157480318
 21
-2.8502567322834644
 31
0
  0
LINE
  5
7F7
330
22
100
AcDbEntity
  8
F.Silkscreen
  6
CONTINUOUS
100
AcDbLine
 10
4.9679590157480318
 20
-2.8502567322834644
 30
0
 11
4.9680479527559056
 21
-2.8502007480314959
 31
0
  0
LINE
  5
7F8
330
22
100
AcDbEntity
  8
F.Silkscreen
  6
CONTINUOUS
100
AcDbLine
 10
4.9680479527559056
 20
-2.8502007480314959
 30
0
 11
4.9681289370078741
 21
-2.8501342913385828
 31
0
  0
LINE
  5
7F9
330
22
100
AcDbEntity
  8
F.Silkscreen
  6
CONTINUOUS
100
AcDbLine
 10
4.9681289370078741
 20
-2.8501342913385828
 30
0
 11
4.9682008661417321
 21
-2.8501044488188976
 31
0
  0
LINE
  5
7FA
330
22
100
AcDbEntity
  8
F.Silkscreen
  6
CONTINUOUS
100
AcDbLine
 10
4.9682008661417321
 20
-2.8501044488188976
 30
0
 11
4.9684488976377947
 21
-2.8499483858267718
 31
0
  0
LINE
  5
7FB
330
22
100
AcDbEntity
  8
F.Silkscreen
  6
CONTINUOUS
100
AcDbLine
 10
4.9684488976377947
 20
-2.8499483858267718
 30
0
 11
4.9721984251968498
 21
-2.8480736220472442
 31
0
  0
LINE
  5
7FC
330
22
100
AcDbEntity
  8
F.Silkscreen
  6
CONTINUOUS
100
AcDbLine
 10
4.9721984251968498
 20
-2.8480736220472442
 30
0
 11
4.9727390157480311
 21
-2.8478667322834643
 31
0
  0
LINE
  5
7FD
330
22
100
AcDbEntity
  8
F.Silkscreen
  6
CONTINUOUS
100
AcDbLine
 10
4.9727390157480311
 20
-2.8478667322834643
 30
0
 11
4.9728448818897633
 21
-2.8478591732283465
 31
0
  0
LINE
  5
7FE
330
22
100
AcDbEntity
  8
F.Silkscreen
  6
CONTINUOUS
100
AcDbLine
 10
4.9728448818897633
 20
-2.8478591732283465
 30
0
 11
4.9729428740157475
 21
-2.8478186220472441
 31
0
  0
LINE
  5
7FF
330
22
100
AcDbEntity
  8
F.Silkscreen
  6
CONTINUOUS
100
AcDbLine
 10
4.9729428740157475
 20
-2.8478186220472441
 30
0
 11
4.9735189370078743
 21
-2.8477618897637793
 31
0
  0
LINE
  5
800
330
22
100
AcDbEntity
  8
F.Silkscreen
  6
CONTINUOUS
100
AcDbLine
 10
4.9735189370078743
 20
-2.8477618897637793
 30
0
 11
4.9810179921259845
 21
-2.8477618897637793
 31
0
  0
LINE
  5
801
330
22
100
AcDbEntity
  8
F.Silkscreen
  6
CONTINUOUS
100
AcDbLine
 10
4.9810179921259845
 20
-2.8477618897637793
 30
0
 11
4.9815940551181104
 21
-2.8478186220472441
 31
0
  0
LINE
  5
802
330
22
100
AcDbEntity
  8
F.Silkscreen
  6
CONTINUOUS
100
AcDbLine
 10
4.9815940551181104
 20
-2.8478186220472441
 30
0
 11
4.9816920472440946
 21
-2.8478592125984252
 31
0
  0
LINE
  5
803
330
22
100
AcDbEntity
  8
F.Silkscreen
  6
CONTINUOUS
100
AcDbLine
 10
4.9816920472440946
 20
-2.8478592125984252
 30
0
 11
4.981797874015748
 21
-2.8478667322834643
 31
0
  0
LINE
  5
804
330
22
100
AcDbEntity
  8
F.Silkscreen
  6
CONTINUOUS
100
AcDbLine
 10
4.981797874015748
 20
-2.8478667322834643
 30
0
 11
4.9818147637795276
 21
-2.847873188976378
 31
0
  0
LINE
  5
805
330
22
100
AcDbEntity
  8
F.Silkscreen
  6
CONTINUOUS
100
AcDbLine
 10
4.9818147637795276
 20
-2.847873188976378
 30
0
 11
4.9818147637795276
 21
-2.8375912992125985
 31
0
  0
LINE
  5
806
330
22
100
AcDbEntity
  8
F.Silkscreen
  6
CONTINUOUS
100
AcDbLine
 10
4.9818147637795276
 20
-2.8375912992125985
 30
0
 11
4.9818714960629924
 21
-2.8370152362204726
 31
0
  0
LINE
  5
807
330
22
100
AcDbEntity
  8
F.Silkscreen
  6
CONTINUOUS
100
AcDbLine
 10
4.9818714960629924
 20
-2.8370152362204726
 30
0
 11
4.982312401574803
 21
-2.8359508267716533
 31
0
  0
LINE
  5
808
330
22
100
AcDbEntity
  8
F.Silkscreen
  6
CONTINUOUS
100
AcDbLine
 10
4.982312401574803
 20
-2.8359508267716533
 30
0
 11
4.9831270472440945
 21
-2.8351361811023623
 31
0
  0
LINE
  5
809
330
22
100
AcDbEntity
  8
F.Silkscreen
  6
CONTINUOUS
100
AcDbLine
 10
4.9831270472440945
 20
-2.8351361811023623
 30
0
 11
4.9841914566929129
 21
-2.8346952755905512
 31
0
  0
LINE
  5
80A
330
22
100
AcDbEntity
  8
F.Silkscreen
  6
CONTINUOUS
100
AcDbLine
 10
4.9841914566929129
 20
-2.8346952755905512
 30
0
 11
4.9853435826771655
 21
-2.8346952755905512
 31
0
  0
LINE
  5
80B
330
22
100
AcDbEntity
  8
F.Silkscreen
  6
CONTINUOUS
100
AcDbLine
 10
4.9853435826771655
 20
-2.8346952755905512
 30
0
 11
4.9864079921259838
 21
-2.8351361811023623
 31
0
  0
LINE
  5
80C
330
22
100
AcDbEntity
  8
F.Silkscreen
  6
CONTINUOUS
100
AcDbLine
 10
4.9715185039370073
 20
-2.8550161417322832
 30
0
 11
4.9703213779527555
 21
-2.8562132677165355
 31
0
  0
LINE
  5
80D
330
22
100
AcDbEntity
  8
F.Silkscreen
  6
CONTINUOUS
100
AcDbLine
 10
4.9703213779527555
 20
-2.8562132677165355
 30
0
 11
4.9689726377952752
 21
-2.8589107480314961
 31
0
  0
LINE
  5
80E
330
22
100
AcDbEntity
  8
F.Silkscreen
  6
CONTINUOUS
100
AcDbLine
 10
4.9689726377952752
 20
-2.8589107480314961
 30
0
 11
4.9689726377952752
 21
-2.8687652362204723
 31
0
  0
LINE
  5
80F
330
22
100
AcDbEntity
  8
F.Silkscreen
  6
CONTINUOUS
100
AcDbLine
 10
4.9689726377952752
 20
-2.8687652362204723
 30
0
 11
4.9703213779527555
 21
-2.8714627165354329
 31
0
  0
LINE
  5
810
330
22
100
AcDbEntity
  8
F.Silkscreen
  6
CONTINUOUS
100
AcDbLine
 10
4.9703213779527555
 20
-2.8714627165354329
 30
0
 11
4.9715185039370073
 21
-2.8726598818897635
 31
0
  0
LINE
  5
811
330
22
100
AcDbEntity
  8
F.Silkscreen
  6
CONTINUOUS
100
AcDbLine
 10
4.9715185039370073
 20
-2.8726598818897635
 30
0
 11
4.974215984251968
 21
-2.8740086220472438
 31
0
  0
LINE
  5
812
330
22
100
AcDbEntity
  8
F.Silkscreen
  6
CONTINUOUS
100
AcDbLine
 10
4.974215984251968
 20
-2.8740086220472438
 30
0
 11
4.9803209448818899
 21
-2.8740086220472438
 31
0
  0
LINE
  5
813
330
22
100
AcDbEntity
  8
F.Silkscreen
  6
CONTINUOUS
100
AcDbLine
 10
4.9803209448818899
 20
-2.8740086220472438
 30
0
 11
4.9818147637795276
 21
-2.8732616929133856
 31
0
  0
LINE
  5
814
330
22
100
AcDbEntity
  8
F.Silkscreen
  6
CONTINUOUS
100
AcDbLine
 10
4.9818147637795276
 20
-2.8732616929133856
 30
0
 11
4.9818147637795276
 21
-2.8544142913385828
 31
0
  0
LINE
  5
815
330
22
100
AcDbEntity
  8
F.Silkscreen
  6
CONTINUOUS
100
AcDbLine
 10
4.9818147637795276
 20
-2.8544142913385828
 30
0
 11
4.9803209448818899
 21
-2.8536674015748029
 31
0
  0
LINE
  5
816
330
22
100
AcDbEntity
  8
F.Silkscreen
  6
CONTINUOUS
100
AcDbLine
 10
4.9803209448818899
 20
-2.8536674015748029
 30
0
 11
4.974215984251968
 21
-2.8536674015748029
 31
0
  0
LINE
  5
817
330
22
100
AcDbEntity
  8
F.Silkscreen
  6
CONTINUOUS
100
AcDbLine
 10
4.974215984251968
 20
-2.8536674015748029
 30
0
 11
4.9715185039370073
 21
-2.8550161417322832
 31
0
  0
LINE
  5
818
330
22
100
AcDbEntity
  8
F.Silkscreen
  6
CONTINUOUS
100
AcDbLine
 10
5.048801102362205
 20
-2.8346672440944882
 30
0
 11
5.0488788582677167
 21
-2.8346617322834646
 31
0
  0
LINE
  5
819
330
22
100
AcDbEntity
  8
F.Silkscreen
  6
CONTINUOUS
100
AcDbLine
 10
5.0488788582677167
 20
-2.8346617322834646
 30
0
 11
5.0489811023622044
 21
-2.8346849606299211
 31
0
  0
LINE
  5
81A
330
22
100
AcDbEntity
  8
F.Silkscreen
  6
CONTINUOUS
100
AcDbLine
 10
5.0489811023622044
 20
-2.8346849606299211
 30
0
 11
5.0490856299212599
 21
-2.8346952755905512
 31
0
  0
LINE
  5
81B
330
22
100
AcDbEntity
  8
F.Silkscreen
  6
CONTINUOUS
100
AcDbLine
 10
5.0490856299212599
 20
-2.8346952755905512
 30
0
 11
5.0491577165354329
 21
-2.834725118110236
 31
0
  0
LINE
  5
81C
330
22
100
AcDbEntity
  8
F.Silkscreen
  6
CONTINUOUS
100
AcDbLine
 10
5.0491577165354329
 20
-2.834725118110236
 30
0
 11
5.049443307086614
 21
-2.8347900787401574
 31
0
  0
LINE
  5
81D
330
22
100
AcDbEntity
  8
F.Silkscreen
  6
CONTINUOUS
100
AcDbLine
 10
5.049443307086614
 20
-2.8347900787401574
 30
0
 11
5.0550675984251967
 21
-2.836664842519685
 31
0
  0
LINE
  5
81E
330
22
100
AcDbEntity
  8
F.Silkscreen
  6
CONTINUOUS
100
AcDbLine
 10
5.0550675984251967
 20
-2.836664842519685
 30
0
 11
5.0555961417322832
 21
-2.8369008267716533
 31
0
  0
LINE
  5
81F
330
22
100
AcDbEntity
  8
F.Silkscreen
  6
CONTINUOUS
100
AcDbLine
 10
5.0555961417322832
 20
-2.8369008267716533
 30
0
 11
5.0564664960629919
 21
-2.8376557086614174
 31
0
  0
LINE
  5
820
330
22
100
AcDbEntity
  8
F.Silkscreen
  6
CONTINUOUS
100
AcDbLine
 10
5.0564664960629919
 20
-2.8376557086614174
 30
0
 11
5.0569817322834645
 21
-2.8386861417322833
 31
0
  0
LINE
  5
821
330
22
100
AcDbEntity
  8
F.Silkscreen
  6
CONTINUOUS
100
AcDbLine
 10
5.0569817322834645
 20
-2.8386861417322833
 30
0
 11
5.0570634251968505
 21
-2.8398353543307087
 31
0
  0
LINE
  5
822
330
22
100
AcDbEntity
  8
F.Silkscreen
  6
CONTINUOUS
100
AcDbLine
 10
5.0570634251968505
 20
-2.8398353543307087
 30
0
 11
5.0566990944881889
 21
-2.840928346456693
 31
0
  0
LINE
  5
823
330
22
100
AcDbEntity
  8
F.Silkscreen
  6
CONTINUOUS
100
AcDbLine
 10
5.0566990944881889
 20
-2.840928346456693
 30
0
 11
5.0559442125984253
 21
-2.8417987401574805
 31
0
  0
LINE
  5
824
330
22
100
AcDbEntity
  8
F.Silkscreen
  6
CONTINUOUS
100
AcDbLine
 10
5.0559442125984253
 20
-2.8417987401574805
 30
0
 11
5.0549137401574802
 21
-2.8423139370078738
 31
0
  0
LINE
  5
825
330
22
100
AcDbEntity
  8
F.Silkscreen
  6
CONTINUOUS
100
AcDbLine
 10
5.0549137401574802
 20
-2.8423139370078738
 30
0
 11
5.0537645275590553
 21
-2.8423956299212598
 31
0
  0
LINE
  5
826
330
22
100
AcDbEntity
  8
F.Silkscreen
  6
CONTINUOUS
100
AcDbLine
 10
5.0537645275590553
 20
-2.8423956299212598
 30
0
 11
5.053200078740157
 21
-2.842267283464567
 31
0
  0
LINE
  5
827
330
22
100
AcDbEntity
  8
F.Silkscreen
  6
CONTINUOUS
100
AcDbLine
 10
5.053200078740157
 20
-2.842267283464567
 30
0
 11
5.0480304330708661
 21
-2.84054405511811
 31
0
  0
LINE
  5
828
330
22
100
AcDbEntity
  8
F.Silkscreen
  6
CONTINUOUS
100
AcDbLine
 10
5.0480304330708661
 20
-2.84054405511811
 30
0
 11
5.0398327952755908
 21
-2.84054405511811
 31
0
  0
LINE
  5
829
330
22
100
AcDbEntity
  8
F.Silkscreen
  6
CONTINUOUS
100
AcDbLine
 10
5.0398327952755908
 20
-2.84054405511811
 30
0
 11
5.0371353149606302
 21
-2.8418927952755904
 31
0
  0
LINE
  5
82A
330
22
100
AcDbEntity
  8
F.Silkscreen
  6
CONTINUOUS
100
AcDbLine
 10
5.0371353149606302
 20
-2.8418927952755904
 30
0
 11
5.0359381889763775
 21
-2.8430899212598426
 31
0
  0
LINE
  5
82B
330
22
100
AcDbEntity
  8
F.Silkscreen
  6
CONTINUOUS
100
AcDbLine
 10
5.0359381889763775
 20
-2.8430899212598426
 30
0
 11
5.0345894488188971
 21
-2.8457874015748033
 31
0
  0
LINE
  5
82C
330
22
100
AcDbEntity
  8
F.Silkscreen
  6
CONTINUOUS
100
AcDbLine
 10
5.0345894488188971
 20
-2.8457874015748033
 30
0
 11
5.0345894488188971
 21
-2.8481428346456692
 31
0
  0
LINE
  5
82D
330
22
100
AcDbEntity
  8
F.Silkscreen
  6
CONTINUOUS
100
AcDbLine
 10
5.0345894488188971
 20
-2.8481428346456692
 30
0
 11
5.0359381889763775
 21
-2.8508403149606298
 31
0
  0
LINE
  5
82E
330
22
100
AcDbEntity
  8
F.Silkscreen
  6
CONTINUOUS
100
AcDbLine
 10
5.0359381889763775
 20
-2.8508403149606298
 30
0
 11
5.0371353149606302
 21
-2.8520374409448817
 31
0
  0
LINE
  5
82F
330
22
100
AcDbEntity
  8
F.Silkscreen
  6
CONTINUOUS
100
AcDbLine
 10
5.0371353149606302
 20
-2.8520374409448817
 30
0
 11
5.040166299212598
 21
-2.8535529133858266
 31
0
  0
LINE
  5
830
330
22
100
AcDbEntity
  8
F.Silkscreen
  6
CONTINUOUS
100
AcDbLine
 10
5.040166299212598
 20
-2.8535529133858266
 30
0
 11
5.0473509448818898
 21
-2.8553490944881887
 31
0
  0
LINE
  5
831
330
22
100
AcDbEntity
  8
F.Silkscreen
  6
CONTINUOUS
100
AcDbLine
 10
5.0473509448818898
 20
-2.8553490944881887
 30
0
 11
5.0473934251968506
 21
-2.8553642519685041
 31
0
  0
LINE
  5
832
330
22
100
AcDbEntity
  8
F.Silkscreen
  6
CONTINUOUS
100
AcDbLine
 10
5.0473934251968506
 20
-2.8553642519685041
 30
0
 11
5.04741468503937
 21
-2.8553657874015745
 31
0
  0
LINE
  5
833
330
22
100
AcDbEntity
  8
F.Silkscreen
  6
CONTINUOUS
100
AcDbLine
 10
5.04741468503937
 20
-2.8553657874015745
 30
0
 11
5.0476540944881885
 21
-2.8554574015748031
 31
0
  0
LINE
  5
834
330
22
100
AcDbEntity
  8
F.Silkscreen
  6
CONTINUOUS
100
AcDbLine
 10
5.0476540944881885
 20
-2.8554574015748031
 30
0
 11
5.0478960629921259
 21
-2.8555438582677164
 31
0
  0
LINE
  5
835
330
22
100
AcDbEntity
  8
F.Silkscreen
  6
CONTINUOUS
100
AcDbLine
 10
5.0478960629921259
 20
-2.8555438582677164
 30
0
 11
5.047913188976378
 21
-2.8555565354330708
 31
0
  0
LINE
  5
836
330
22
100
AcDbEntity
  8
F.Silkscreen
  6
CONTINUOUS
100
AcDbLine
 10
5.047913188976378
 20
-2.8555565354330708
 30
0
 11
5.04795531496063
 21
-2.8555726771653545
 31
0
  0
LINE
  5
837
330
22
100
AcDbEntity
  8
F.Silkscreen
  6
CONTINUOUS
100
AcDbLine
 10
5.04795531496063
 20
-2.8555726771653545
 30
0
 11
5.0517048425196851
 21
-2.857447440944882
 31
0
  0
LINE
  5
838
330
22
100
AcDbEntity
  8
F.Silkscreen
  6
CONTINUOUS
100
AcDbLine
 10
5.0517048425196851
 20
-2.857447440944882
 30
0
 11
5.051952834645669
 21
-2.8576035039370078
 31
0
  0
LINE
  5
839
330
22
100
AcDbEntity
  8
F.Silkscreen
  6
CONTINUOUS
100
AcDbLine
 10
5.051952834645669
 20
-2.8576035039370078
 30
0
 11
5.0520248031496058
 21
-2.857633346456693
 31
0
  0
LINE
  5
83A
330
22
100
AcDbEntity
  8
F.Silkscreen
  6
CONTINUOUS
100
AcDbLine
 10
5.0520248031496058
 20
-2.857633346456693
 30
0
 11
5.0521057480314964
 21
-2.8576998031496061
 31
0
  0
LINE
  5
83B
330
22
100
AcDbEntity
  8
F.Silkscreen
  6
CONTINUOUS
100
AcDbLine
 10
5.0521057480314964
 20
-2.8576998031496061
 30
0
 11
5.0521947244094489
 21
-2.8577557874015747
 31
0
  0
LINE
  5
83C
330
22
100
AcDbEntity
  8
F.Silkscreen
  6
CONTINUOUS
100
AcDbLine
 10
5.0521947244094489
 20
-2.8577557874015747
 30
0
 11
5.0522458661417318
 21
-2.8578147637795275
 31
0
  0
LINE
  5
83D
330
22
100
AcDbEntity
  8
F.Silkscreen
  6
CONTINUOUS
100
AcDbLine
 10
5.0522458661417318
 20
-2.8578147637795275
 30
0
 11
5.0524722440944885
 21
-2.8580005511811022
 31
0
  0
LINE
  5
83E
330
22
100
AcDbEntity
  8
F.Silkscreen
  6
CONTINUOUS
100
AcDbLine
 10
5.0524722440944885
 20
-2.8580005511811022
 30
0
 11
5.054347007874016
 21
-2.8598753149606297
 31
0
  0
LINE
  5
83F
330
22
100
AcDbEntity
  8
F.Silkscreen
  6
CONTINUOUS
100
AcDbLine
 10
5.054347007874016
 20
-2.8598753149606297
 30
0
 11
5.0545327559055115
 21
-2.8601016535433068
 31
0
  0
LINE
  5
840
330
22
100
AcDbEntity
  8
F.Silkscreen
  6
CONTINUOUS
100
AcDbLine
 10
5.0545327559055115
 20
-2.8601016535433068
 30
0
 11
5.0545917716535431
 21
-2.8601528346456693
 31
0
  0
LINE
  5
841
330
22
100
AcDbEntity
  8
F.Silkscreen
  6
CONTINUOUS
100
AcDbLine
 10
5.0545917716535431
 20
-2.8601528346456693
 30
0
 11
5.0546477165354329
 21
-2.8602417716535431
 31
0
  0
LINE
  5
842
330
22
100
AcDbEntity
  8
F.Silkscreen
  6
CONTINUOUS
100
AcDbLine
 10
5.0546477165354329
 20
-2.8602417716535431
 30
0
 11
5.0547142125984248
 21
-2.8603227559055115
 31
0
  0
LINE
  5
843
330
22
100
AcDbEntity
  8
F.Silkscreen
  6
CONTINUOUS
100
AcDbLine
 10
5.0547142125984248
 20
-2.8603227559055115
 30
0
 11
5.0547440157480317
 21
-2.86039468503937
 31
0
  0
LINE
  5
844
330
22
100
AcDbEntity
  8
F.Silkscreen
  6
CONTINUOUS
100
AcDbLine
 10
5.0547440157480317
 20
-2.86039468503937
 30
0
 11
5.0549001181102362
 21
-2.8606427165354331
 31
0
  0
LINE
  5
845
330
22
100
AcDbEntity
  8
F.Silkscreen
  6
CONTINUOUS
100
AcDbLine
 10
5.0549001181102362
 20
-2.8606427165354331
 30
0
 11
5.0567748818897638
 21
-2.8643922440944882
 31
0
  0
LINE
  5
846
330
22
100
AcDbEntity
  8
F.Silkscreen
  6
CONTINUOUS
100
AcDbLine
 10
5.0567748818897638
 20
-2.8643922440944882
 30
0
 11
5.0569817716535432
 21
-2.8649328346456691
 31
0
  0
LINE
  5
847
330
22
100
AcDbEntity
  8
F.Silkscreen
  6
CONTINUOUS
100
AcDbLine
 10
5.0569817716535432
 20
-2.8649328346456691
 30
0
 11
5.0569892913385823
 21
-2.8650387007874016
 31
0
  0
LINE
  5
848
330
22
100
AcDbEntity
  8
F.Silkscreen
  6
CONTINUOUS
100
AcDbLine
 10
5.0569892913385823
 20
-2.8650387007874016
 30
0
 11
5.0570298818897639
 21
-2.8651366929133859
 31
0
  0
LINE
  5
849
330
22
100
AcDbEntity
  8
F.Silkscreen
  6
CONTINUOUS
100
AcDbLine
 10
5.0570298818897639
 20
-2.8651366929133859
 30
0
 11
5.0570866141732278
 21
-2.8657127559055118
 31
0
  0
LINE
  5
84A
330
22
100
AcDbEntity
  8
F.Silkscreen
  6
CONTINUOUS
100
AcDbLine
 10
5.0570866141732278
 20
-2.8657127559055118
 30
0
 11
5.0570866141732278
 21
-2.8694622834645669
 31
0
  0
LINE
  5
84B
330
22
100
AcDbEntity
  8
F.Silkscreen
  6
CONTINUOUS
100
AcDbLine
 10
5.0570866141732278
 20
-2.8694622834645669
 30
0
 11
5.0570298818897639
 21
-2.8700383464566928
 31
0
  0
LINE
  5
84C
330
22
100
AcDbEntity
  8
F.Silkscreen
  6
CONTINUOUS
100
AcDbLine
 10
5.0570298818897639
 20
-2.8700383464566928
 30
0
 11
5.0569892913385823
 21
-2.8701362992125983
 31
0
  0
LINE
  5
84D
330
22
100
AcDbEntity
  8
F.Silkscreen
  6
CONTINUOUS
100
AcDbLine
 10
5.0569892913385823
 20
-2.8701362992125983
 30
0
 11
5.0569817716535432
 21
-2.8702422047244092
 31
0
  0
LINE
  5
84E
330
22
100
AcDbEntity
  8
F.Silkscreen
  6
CONTINUOUS
100
AcDbLine
 10
5.0569817716535432
 20
-2.8702422047244092
 30
0
 11
5.0567748818897638
 21
-2.8707827952755904
 31
0
  0
LINE
  5
84F
330
22
100
AcDbEntity
  8
F.Silkscreen
  6
CONTINUOUS
100
AcDbLine
 10
5.0567748818897638
 20
-2.8707827952755904
 30
0
 11
5.0549001181102362
 21
-2.8745323228346455
 31
0
  0
LINE
  5
850
330
22
100
AcDbEntity
  8
F.Silkscreen
  6
CONTINUOUS
100
AcDbLine
 10
5.0549001181102362
 20
-2.8745323228346455
 30
0
 11
5.0547440551181104
 21
-2.8747801968503937
 31
0
  0
LINE
  5
851
330
22
100
AcDbEntity
  8
F.Silkscreen
  6
CONTINUOUS
100
AcDbLine
 10
5.0547440551181104
 20
-2.8747801968503937
 30
0
 11
5.0547142519685035
 21
-2.8748522440944879
 31
0
  0
LINE
  5
852
330
22
100
AcDbEntity
  8
F.Silkscreen
  6
CONTINUOUS
100
AcDbLine
 10
5.0547142519685035
 20
-2.8748522440944879
 30
0
 11
5.0546477165354329
 21
-2.8749332677165356
 31
0
  0
LINE
  5
853
330
22
100
AcDbEntity
  8
F.Silkscreen
  6
CONTINUOUS
100
AcDbLine
 10
5.0546477165354329
 20
-2.8749332677165356
 30
0
 11
5.0545917716535431
 21
-2.8750222047244094
 31
0
  0
LINE
  5
854
330
22
100
AcDbEntity
  8
F.Silkscreen
  6
CONTINUOUS
100
AcDbLine
 10
5.0545917716535431
 20
-2.8750222047244094
 30
0
 11
5.0545327559055115
 21
-2.8750733464566927
 31
0
  0
LINE
  5
855
330
22
100
AcDbEntity
  8
F.Silkscreen
  6
CONTINUOUS
100
AcDbLine
 10
5.0545327559055115
 20
-2.8750733464566927
 30
0
 11
5.054347007874016
 21
-2.8752997244094489
 31
0
  0
LINE
  5
856
330
22
100
AcDbEntity
  8
F.Silkscreen
  6
CONTINUOUS
100
AcDbLine
 10
5.054347007874016
 20
-2.8752997244094489
 30
0
 11
5.0524722834645672
 21
-2.8771744881889765
 31
0
  0
LINE
  5
857
330
22
100
AcDbEntity
  8
F.Silkscreen
  6
CONTINUOUS
100
AcDbLine
 10
5.0524722834645672
 20
-2.8771744881889765
 30
0
 11
5.0522459055118105
 21
-2.8773602362204724
 31
0
  0
LINE
  5
858
330
22
100
AcDbEntity
  8
F.Silkscreen
  6
CONTINUOUS
100
AcDbLine
 10
5.0522459055118105
 20
-2.8773602362204724
 30
0
 11
5.0521947244094489
 21
-2.8774192913385828
 31
0
  0
LINE
  5
859
330
22
100
AcDbEntity
  8
F.Silkscreen
  6
CONTINUOUS
100
AcDbLine
 10
5.0521947244094489
 20
-2.8774192913385828
 30
0
 11
5.0521057480314964
 21
-2.8774752755905513
 31
0
  0
LINE
  5
85A
330
22
100
AcDbEntity
  8
F.Silkscreen
  6
CONTINUOUS
100
AcDbLine
 10
5.0521057480314964
 20
-2.8774752755905513
 30
0
 11
5.0520248031496058
 21
-2.8775417322834644
 31
0
  0
LINE
  5
85B
330
22
100
AcDbEntity
  8
F.Silkscreen
  6
CONTINUOUS
100
AcDbLine
 10
5.0520248031496058
 20
-2.8775417322834644
 30
0
 11
5.051952834645669
 21
-2.8775715354330709
 31
0
  0
LINE
  5
85C
330
22
100
AcDbEntity
  8
F.Silkscreen
  6
CONTINUOUS
100
AcDbLine
 10
5.051952834645669
 20
-2.8775715354330709
 30
0
 11
5.0517048425196851
 21
-2.8777276377952754
 31
0
  0
LINE
  5
85D
330
22
100
AcDbEntity
  8
F.Silkscreen
  6
CONTINUOUS
100
AcDbLine
 10
5.0517048425196851
 20
-2.8777276377952754
 30
0
 11
5.04795531496063
 21
-2.879602401574803
 31
0
  0
LINE
  5
85E
330
22
100
AcDbEntity
  8
F.Silkscreen
  6
CONTINUOUS
100
AcDbLine
 10
5.04795531496063
 20
-2.879602401574803
 30
0
 11
5.04741468503937
 21
-2.8798092913385824
 31
0
  0
LINE
  5
85F
330
22
100
AcDbEntity
  8
F.Silkscreen
  6
CONTINUOUS
100
AcDbLine
 10
5.04741468503937
 20
-2.8798092913385824
 30
0
 11
5.0473088582677166
 21
-2.8798167716535432
 31
0
  0
LINE
  5
860
330
22
100
AcDbEntity
  8
F.Silkscreen
  6
CONTINUOUS
100
AcDbLine
 10
5.0473088582677166
 20
-2.8798167716535432
 30
0
 11
5.0472108661417323
 21
-2.8798574015748031
 31
0
  0
LINE
  5
861
330
22
100
AcDbEntity
  8
F.Silkscreen
  6
CONTINUOUS
100
AcDbLine
 10
5.0472108661417323
 20
-2.8798574015748031
 30
0
 11
5.0466348031496064
 21
-2.8799141338582674
 31
0
  0
LINE
  5
862
330
22
100
AcDbEntity
  8
F.Silkscreen
  6
CONTINUOUS
100
AcDbLine
 10
5.0466348031496064
 20
-2.8799141338582674
 30
0
 11
5.0372609842519687
 21
-2.8799141338582674
 31
0
  0
LINE
  5
863
330
22
100
AcDbEntity
  8
F.Silkscreen
  6
CONTINUOUS
100
AcDbLine
 10
5.0372609842519687
 20
-2.8799141338582674
 30
0
 11
5.0369693700787401
 21
-2.8798853937007873
 31
0
  0
LINE
  5
864
330
22
100
AcDbEntity
  8
F.Silkscreen
  6
CONTINUOUS
100
AcDbLine
 10
5.0369693700787401
 20
-2.8798853937007873
 30
0
 11
5.0368916535433073
 21
-2.8798909448818897
 31
0
  0
LINE
  5
865
330
22
100
AcDbEntity
  8
F.Silkscreen
  6
CONTINUOUS
100
AcDbLine
 10
5.0368916535433073
 20
-2.8798909448818897
 30
0
 11
5.0367893700787398
 21
-2.8798676771653544
 31
0
  0
LINE
  5
866
330
22
100
AcDbEntity
  8
F.Silkscreen
  6
CONTINUOUS
100
AcDbLine
 10
5.0367893700787398
 20
-2.8798676771653544
 30
0
 11
5.0366849212598428
 21
-2.8798574015748031
 31
0
  0
LINE
  5
867
330
22
100
AcDbEntity
  8
F.Silkscreen
  6
CONTINUOUS
100
AcDbLine
 10
5.0366849212598428
 20
-2.8798574015748031
 30
0
 11
5.0366128346456689
 21
-2.8798275196850391
 31
0
  0
LINE
  5
868
330
22
100
AcDbEntity
  8
F.Silkscreen
  6
CONTINUOUS
100
AcDbLine
 10
5.0366128346456689
 20
-2.8798275196850391
 30
0
 11
5.036327204724409
 21
-2.8797625984251969
 31
0
  0
LINE
  5
869
330
22
100
AcDbEntity
  8
F.Silkscreen
  6
CONTINUOUS
100
AcDbLine
 10
5.036327204724409
 20
-2.8797625984251969
 30
0
 11
5.0307029527559051
 21
-2.8778878346456693
 31
0
  0
LINE
  5
86A
330
22
100
AcDbEntity
  8
F.Silkscreen
  6
CONTINUOUS
100
AcDbLine
 10
5.0307029527559051
 20
-2.8778878346456693
 30
0
 11
5.0301743700787398
 21
-2.8776518503937005
 31
0
  0
LINE
  5
86B
330
22
100
AcDbEntity
  8
F.Silkscreen
  6
CONTINUOUS
100
AcDbLine
 10
5.0301743700787398
 20
-2.8776518503937005
 30
0
 11
5.0293040157480311
 21
-2.8768969685039369
 31
0
  0
LINE
  5
86C
330
22
100
AcDbEntity
  8
F.Silkscreen
  6
CONTINUOUS
100
AcDbLine
 10
5.0293040157480311
 20
-2.8768969685039369
 30
0
 11
5.0287888188976373
 21
-2.8758665354330706
 31
0
  0
LINE
  5
86D
330
22
100
AcDbEntity
  8
F.Silkscreen
  6
CONTINUOUS
100
AcDbLine
 10
5.0287888188976373
 20
-2.8758665354330706
 30
0
 11
5.0287071259842522
 21
-2.8747173228346456
 31
0
  0
LINE
  5
86E
330
22
100
AcDbEntity
  8
F.Silkscreen
  6
CONTINUOUS
100
AcDbLine
 10
5.0287071259842522
 20
-2.8747173228346456
 30
0
 11
5.0290714566929129
 21
-2.8736242913385825
 31
0
  0
LINE
  5
86F
330
22
100
AcDbEntity
  8
F.Silkscreen
  6
CONTINUOUS
100
AcDbLine
 10
5.0290714566929129
 20
-2.8736242913385825
 30
0
 11
5.0298263385826774
 21
-2.8727539370078738
 31
0
  0
LINE
  5
870
330
22
100
AcDbEntity
  8
F.Silkscreen
  6
CONTINUOUS
100
AcDbLine
 10
5.0298263385826774
 20
-2.8727539370078738
 30
0
 11
5.0308567716535428
 21
-2.87223874015748
 31
0
  0
LINE
  5
871
330
22
100
AcDbEntity
  8
F.Silkscreen
  6
CONTINUOUS
100
AcDbLine
 10
5.0308567716535428
 20
-2.87223874015748
 30
0
 11
5.0320059842519687
 21
-2.8721570472440945
 31
0
  0
LINE
  5
872
330
22
100
AcDbEntity
  8
F.Silkscreen
  6
CONTINUOUS
100
AcDbLine
 10
5.0320059842519687
 20
-2.8721570472440945
 30
0
 11
5.032570433070866
 21
-2.8722853937007873
 31
0
  0
LINE
  5
873
330
22
100
AcDbEntity
  8
F.Silkscreen
  6
CONTINUOUS
100
AcDbLine
 10
5.032570433070866
 20
-2.8722853937007873
 30
0
 11
5.0377401181102357
 21
-2.8740086220472438
 31
0
  0
LINE
  5
874
330
22
100
AcDbEntity
  8
F.Silkscreen
  6
CONTINUOUS
100
AcDbLine
 10
5.0377401181102357
 20
-2.8740086220472438
 30
0
 11
5.0459377559055119
 21
-2.8740086220472438
 31
0
  0
LINE
  5
875
330
22
100
AcDbEntity
  8
F.Silkscreen
  6
CONTINUOUS
100
AcDbLine
 10
5.0459377559055119
 20
-2.8740086220472438
 30
0
 11
5.0486351968503937
 21
-2.8726598818897635
 31
0
  0
LINE
  5
876
330
22
100
AcDbEntity
  8
F.Silkscreen
  6
CONTINUOUS
100
AcDbLine
 10
5.0486351968503937
 20
-2.8726598818897635
 30
0
 11
5.0498323228346456
 21
-2.8714627165354329
 31
0
  0
LINE
  5
877
330
22
100
AcDbEntity
  8
F.Silkscreen
  6
CONTINUOUS
100
AcDbLine
 10
5.0498323228346456
 20
-2.8714627165354329
 30
0
 11
5.0511811023622046
 21
-2.8687652362204723
 31
0
  0
LINE
  5
878
330
22
100
AcDbEntity
  8
F.Silkscreen
  6
CONTINUOUS
100
AcDbLine
 10
5.0511811023622046
 20
-2.8687652362204723
 30
0
 11
5.0511811023622046
 21
-2.8664098031496064
 31
0
  0
LINE
  5
879
330
22
100
AcDbEntity
  8
F.Silkscreen
  6
CONTINUOUS
100
AcDbLine
 10
5.0511811023622046
 20
-2.8664098031496064
 30
0
 11
5.0498323622047243
 21
-2.8637123228346457
 31
0
  0
LINE
  5
87A
330
22
100
AcDbEntity
  8
F.Silkscreen
  6
CONTINUOUS
100
AcDbLine
 10
5.0498323622047243
 20
-2.8637123228346457
 30
0
 11
5.0486352362204725
 21
-2.8625151968503935
 31
0
  0
LINE
  5
87B
330
22
100
AcDbEntity
  8
F.Silkscreen
  6
CONTINUOUS
100
AcDbLine
 10
5.0486352362204725
 20
-2.8625151968503935
 30
0
 11
5.0456042519685038
 21
-2.8609996850393702
 31
0
  0
LINE
  5
87C
330
22
100
AcDbEntity
  8
F.Silkscreen
  6
CONTINUOUS
100
AcDbLine
 10
5.0456042519685038
 20
-2.8609996850393702
 30
0
 11
5.0384196062992128
 21
-2.8592035433070864
 31
0
  0
LINE
  5
87D
330
22
100
AcDbEntity
  8
F.Silkscreen
  6
CONTINUOUS
100
AcDbLine
 10
5.0384196062992128
 20
-2.8592035433070864
 30
0
 11
5.0383770866141733
 21
-2.8591883464566927
 31
0
  0
LINE
  5
87E
330
22
100
AcDbEntity
  8
F.Silkscreen
  6
CONTINUOUS
100
AcDbLine
 10
5.0383770866141733
 20
-2.8591883464566927
 30
0
 11
5.0383558267716531
 21
-2.8591868503937006
 31
0
  0
LINE
  5
87F
330
22
100
AcDbEntity
  8
F.Silkscreen
  6
CONTINUOUS
100
AcDbLine
 10
5.0383558267716531
 20
-2.8591868503937006
 30
0
 11
5.0381160629921258
 21
-2.8590950787401574
 31
0
  0
LINE
  5
880
330
22
100
AcDbEntity
  8
F.Silkscreen
  6
CONTINUOUS
100
AcDbLine
 10
5.0381160629921258
 20
-2.8590950787401574
 30
0
 11
5.0378744881889759
 21
-2.8590087795275592
 31
0
  0
LINE
  5
881
330
22
100
AcDbEntity
  8
F.Silkscreen
  6
CONTINUOUS
100
AcDbLine
 10
5.0378744881889759
 20
-2.8590087795275592
 30
0
 11
5.0378573228346459
 21
-2.8589960629921261
 31
0
  0
LINE
  5
882
330
22
100
AcDbEntity
  8
F.Silkscreen
  6
CONTINUOUS
100
AcDbLine
 10
5.0378573228346459
 20
-2.8589960629921261
 30
0
 11
5.0378152362204727
 21
-2.8589799606299211
 31
0
  0
LINE
  5
883
330
22
100
AcDbEntity
  8
F.Silkscreen
  6
CONTINUOUS
100
AcDbLine
 10
5.0378152362204727
 20
-2.8589799606299211
 30
0
 11
5.0340657086614176
 21
-2.8571051968503935
 31
0
  0
LINE
  5
884
330
22
100
AcDbEntity
  8
F.Silkscreen
  6
CONTINUOUS
100
AcDbLine
 10
5.0340657086614176
 20
-2.8571051968503935
 30
0
 11
5.033817677165354
 21
-2.856949094488189
 31
0
  0
LINE
  5
885
330
22
100
AcDbEntity
  8
F.Silkscreen
  6
CONTINUOUS
100
AcDbLine
 10
5.033817677165354
 20
-2.856949094488189
 30
0
 11
5.033745748031496
 21
-2.8569192913385826
 31
0
  0
LINE
  5
886
330
22
100
AcDbEntity
  8
F.Silkscreen
  6
CONTINUOUS
100
AcDbLine
 10
5.033745748031496
 20
-2.8569192913385826
 30
0
 11
5.0336647637795275
 21
-2.8568527952755907
 31
0
  0
LINE
  5
887
330
22
100
AcDbEntity
  8
F.Silkscreen
  6
CONTINUOUS
100
AcDbLine
 10
5.0336647637795275
 20
-2.8568527952755907
 30
0
 11
5.0335758267716537
 21
-2.8567968503937009
 31
0
  0
LINE
  5
888
330
22
100
AcDbEntity
  8
F.Silkscreen
  6
CONTINUOUS
100
AcDbLine
 10
5.0335758267716537
 20
-2.8567968503937009
 30
0
 11
5.0335246456692913
 21
-2.8567378346456693
 31
0
  0
LINE
  5
889
330
22
100
AcDbEntity
  8
F.Silkscreen
  6
CONTINUOUS
100
AcDbLine
 10
5.0335246456692913
 20
-2.8567378346456693
 30
0
 11
5.0332983070866142
 21
-2.8565520866141734
 31
0
  0
LINE
  5
88A
330
22
100
AcDbEntity
  8
F.Silkscreen
  6
CONTINUOUS
100
AcDbLine
 10
5.0332983070866142
 20
-2.8565520866141734
 30
0
 11
5.0314235433070866
 21
-2.8546773228346458
 31
0
  0
LINE
  5
88B
330
22
100
AcDbEntity
  8
F.Silkscreen
  6
CONTINUOUS
100
AcDbLine
 10
5.0314235433070866
 20
-2.8546773228346458
 30
0
 11
5.0312377559055115
 21
-2.8544509448818896
 31
0
  0
LINE
  5
88C
330
22
100
AcDbEntity
  8
F.Silkscreen
  6
CONTINUOUS
100
AcDbLine
 10
5.0312377559055115
 20
-2.8544509448818896
 30
0
 11
5.0311787795275587
 21
-2.8543998031496063
 31
0
  0
LINE
  5
88D
330
22
100
AcDbEntity
  8
F.Silkscreen
  6
CONTINUOUS
100
AcDbLine
 10
5.0311787795275587
 20
-2.8543998031496063
 30
0
 11
5.0311227952755901
 21
-2.8543108267716533
 31
0
  0
LINE
  5
88E
330
22
100
AcDbEntity
  8
F.Silkscreen
  6
CONTINUOUS
100
AcDbLine
 10
5.0311227952755901
 20
-2.8543108267716533
 30
0
 11
5.031056338582677
 21
-2.8542298818897636
 31
0
  0
LINE
  5
88F
330
22
100
AcDbEntity
  8
F.Silkscreen
  6
CONTINUOUS
100
AcDbLine
 10
5.031056338582677
 20
-2.8542298818897636
 30
0
 11
5.0310264960629922
 21
-2.8541579133858268
 31
0
  0
LINE
  5
890
330
22
100
AcDbEntity
  8
F.Silkscreen
  6
CONTINUOUS
100
AcDbLine
 10
5.0310264960629922
 20
-2.8541579133858268
 30
0
 11
5.0308704330708665
 21
-2.8539099212598424
 31
0
  0
LINE
  5
891
330
22
100
AcDbEntity
  8
F.Silkscreen
  6
CONTINUOUS
100
AcDbLine
 10
5.0308704330708665
 20
-2.8539099212598424
 30
0
 11
5.0289956692913389
 21
-2.8501603937007873
 31
0
  0
LINE
  5
892
330
22
100
AcDbEntity
  8
F.Silkscreen
  6
CONTINUOUS
100
AcDbLine
 10
5.0289956692913389
 20
-2.8501603937007873
 30
0
 11
5.0287887795275585
 21
-2.8496197637795273
 31
0
  0
LINE
  5
893
330
22
100
AcDbEntity
  8
F.Silkscreen
  6
CONTINUOUS
100
AcDbLine
 10
5.0287887795275585
 20
-2.8496197637795273
 30
0
 11
5.0287812598425194
 21
-2.8495139370078739
 31
0
  0
LINE
  5
894
330
22
100
AcDbEntity
  8
F.Silkscreen
  6
CONTINUOUS
100
AcDbLine
 10
5.0287812598425194
 20
-2.8495139370078739
 30
0
 11
5.0287406692913388
 21
-2.8494159448818897
 31
0
  0
LINE
  5
895
330
22
100
AcDbEntity
  8
F.Silkscreen
  6
CONTINUOUS
100
AcDbLine
 10
5.0287406692913388
 20
-2.8494159448818897
 30
0
 11
5.028683937007874
 21
-2.8488398818897638
 31
0
  0
LINE
  5
896
330
22
100
AcDbEntity
  8
F.Silkscreen
  6
CONTINUOUS
100
AcDbLine
 10
5.028683937007874
 20
-2.8488398818897638
 30
0
 11
5.028683937007874
 21
-2.8450903543307087
 31
0
  0
LINE
  5
897
330
22
100
AcDbEntity
  8
F.Silkscreen
  6
CONTINUOUS
100
AcDbLine
 10
5.028683937007874
 20
-2.8450903543307087
 30
0
 11
5.0287406692913388
 21
-2.8445142913385828
 31
0
  0
LINE
  5
898
330
22
100
AcDbEntity
  8
F.Silkscreen
  6
CONTINUOUS
100
AcDbLine
 10
5.0287406692913388
 20
-2.8445142913385828
 30
0
 11
5.0287812598425194
 21
-2.8444162598425198
 31
0
  0
LINE
  5
899
330
22
100
AcDbEntity
  8
F.Silkscreen
  6
CONTINUOUS
100
AcDbLine
 10
5.0287812598425194
 20
-2.8444162598425198
 30
0
 11
5.0287887795275585
 21
-2.8443104724409447
 31
0
  0
LINE
  5
89A
330
22
100
AcDbEntity
  8
F.Silkscreen
  6
CONTINUOUS
100
AcDbLine
 10
5.0287887795275585
 20
-2.8443104724409447
 30
0
 11
5.0289956692913389
 21
-2.8437698425196851
 31
0
  0
LINE
  5
89B
330
22
100
AcDbEntity
  8
F.Silkscreen
  6
CONTINUOUS
100
AcDbLine
 10
5.0289956692913389
 20
-2.8437698425196851
 30
0
 11
5.0308704330708665
 21
-2.84002031496063
 31
0
  0
LINE
  5
89C
330
22
100
AcDbEntity
  8
F.Silkscreen
  6
CONTINUOUS
100
AcDbLine
 10
5.0308704330708665
 20
-2.84002031496063
 30
0
 11
5.0310264960629922
 21
-2.8397722834645669
 31
0
  0
LINE
  5
89D
330
22
100
AcDbEntity
  8
F.Silkscreen
  6
CONTINUOUS
100
AcDbLine
 10
5.0310264960629922
 20
-2.8397722834645669
 30
0
 11
5.031056338582677
 21
-2.8397003543307084
 31
0
  0
LINE
  5
89E
330
22
100
AcDbEntity
  8
F.Silkscreen
  6
CONTINUOUS
100
AcDbLine
 10
5.031056338582677
 20
-2.8397003543307084
 30
0
 11
5.0311227952755901
 21
-2.83961937007874
 31
0
  0
LINE
  5
89F
330
22
100
AcDbEntity
  8
F.Silkscreen
  6
CONTINUOUS
100
AcDbLine
 10
5.0311227952755901
 20
-2.83961937007874
 30
0
 11
5.0311787795275587
 21
-2.8395304330708662
 31
0
  0
LINE
  5
8A0
330
22
100
AcDbEntity
  8
F.Silkscreen
  6
CONTINUOUS
100
AcDbLine
 10
5.0311787795275587
 20
-2.8395304330708662
 30
0
 11
5.0312377559055115
 21
-2.8394792519685037
 31
0
  0
LINE
  5
8A1
330
22
100
AcDbEntity
  8
F.Silkscreen
  6
CONTINUOUS
100
AcDbLine
 10
5.0312377559055115
 20
-2.8394792519685037
 30
0
 11
5.0314235433070866
 21
-2.8392529133858266
 31
0
  0
LINE
  5
8A2
330
22
100
AcDbEntity
  8
F.Silkscreen
  6
CONTINUOUS
100
AcDbLine
 10
5.0314235433070866
 20
-2.8392529133858266
 30
0
 11
5.0332983070866142
 21
-2.8373781496062991
 31
0
  0
LINE
  5
8A3
330
22
100
AcDbEntity
  8
F.Silkscreen
  6
CONTINUOUS
100
AcDbLine
 10
5.0332983070866142
 20
-2.8373781496062991
 30
0
 11
5.0335246456692913
 21
-2.8371923622047244
 31
0
  0
LINE
  5
8A4
330
22
100
AcDbEntity
  8
F.Silkscreen
  6
CONTINUOUS
100
AcDbLine
 10
5.0335246456692913
 20
-2.8371923622047244
 30
0
 11
5.0335758267716537
 21
-2.8371333858267715
 31
0
  0
LINE
  5
8A5
330
22
100
AcDbEntity
  8
F.Silkscreen
  6
CONTINUOUS
100
AcDbLine
 10
5.0335758267716537
 20
-2.8371333858267715
 30
0
 11
5.0336647637795275
 21
-2.837077401574803
 31
0
  0
LINE
  5
8A6
330
22
100
AcDbEntity
  8
F.Silkscreen
  6
CONTINUOUS
100
AcDbLine
 10
5.0336647637795275
 20
-2.837077401574803
 30
0
 11
5.033745748031496
 21
-2.8370109448818899
 31
0
  0
LINE
  5
8A7
330
22
100
AcDbEntity
  8
F.Silkscreen
  6
CONTINUOUS
100
AcDbLine
 10
5.033745748031496
 20
-2.8370109448818899
 30
0
 11
5.033817677165354
 21
-2.8369811023622047
 31
0
  0
LINE
  5
8A8
330
22
100
AcDbEntity
  8
F.Silkscreen
  6
CONTINUOUS
100
AcDbLine
 10
5.033817677165354
 20
-2.8369811023622047
 30
0
 11
5.0340657086614176
 21
-2.8368250393700785
 31
0
  0
LINE
  5
8A9
330
22
100
AcDbEntity
  8
F.Silkscreen
  6
CONTINUOUS
100
AcDbLine
 10
5.0340657086614176
 20
-2.8368250393700785
 30
0
 11
5.0378152362204727
 21
-2.8349502755905509
 31
0
  0
LINE
  5
8AA
330
22
100
AcDbEntity
  8
F.Silkscreen
  6
CONTINUOUS
100
AcDbLine
 10
5.0378152362204727
 20
-2.8349502755905509
 30
0
 11
5.0383558267716531
 21
-2.8347433858267714
 31
0
  0
LINE
  5
8AB
330
22
100
AcDbEntity
  8
F.Silkscreen
  6
CONTINUOUS
100
AcDbLine
 10
5.0383558267716531
 20
-2.8347433858267714
 30
0
 11
5.0384616929133861
 21
-2.8347358267716536
 31
0
  0
LINE
  5
8AC
330
22
100
AcDbEntity
  8
F.Silkscreen
  6
CONTINUOUS
100
AcDbLine
 10
5.0384616929133861
 20
-2.8347358267716536
 30
0
 11
5.0385596850393704
 21
-2.8346952755905512
 31
0
  0
LINE
  5
8AD
330
22
100
AcDbEntity
  8
F.Silkscreen
  6
CONTINUOUS
100
AcDbLine
 10
5.0385596850393704
 20
-2.8346952755905512
 30
0
 11
5.0391357480314962
 21
-2.8346385433070864
 31
0
  0
LINE
  5
8AE
330
22
100
AcDbEntity
  8
F.Silkscreen
  6
CONTINUOUS
100
AcDbLine
 10
5.0391357480314962
 20
-2.8346385433070864
 30
0
 11
5.048509566929134
 21
-2.8346385433070864
 31
0
  0
LINE
  5
8AF
330
22
100
AcDbEntity
  8
F.Silkscreen
  6
CONTINUOUS
100
AcDbLine
 10
5.048509566929134
 20
-2.8346385433070864
 30
0
 11
5.048801102362205
 21
-2.8346672440944882
 31
0
  0
LINE
  5
8B0
330
22
100
AcDbEntity
  8
F.Silkscreen
  6
CONTINUOUS
100
AcDbLine
 10
5.0726472440944876
 20
-2.8351361811023623
 30
0
 11
5.0734618897637791
 21
-2.8359508267716533
 31
0
  0
LINE
  5
8B1
330
22
100
AcDbEntity
  8
F.Silkscreen
  6
CONTINUOUS
100
AcDbLine
 10
5.0734618897637791
 20
-2.8359508267716533
 30
0
 11
5.0739027952755906
 21
-2.8370152362204726
 31
0
  0
LINE
  5
8B2
330
22
100
AcDbEntity
  8
F.Silkscreen
  6
CONTINUOUS
100
AcDbLine
 10
5.0739027952755906
 20
-2.8370152362204726
 30
0
 11
5.0739595275590554
 21
-2.8375912992125985
 31
0
  0
LINE
  5
8B3
330
22
100
AcDbEntity
  8
F.Silkscreen
  6
CONTINUOUS
100
AcDbLine
 10
5.0739595275590554
 20
-2.8375912992125985
 30
0
 11
5.0739595275590554
 21
-2.8477618897637793
 31
0
  0
LINE
  5
8B4
330
22
100
AcDbEntity
  8
F.Silkscreen
  6
CONTINUOUS
100
AcDbLine
 10
5.0739595275590554
 20
-2.8477618897637793
 30
0
 11
5.0803805905511812
 21
-2.8477618897637793
 31
0
  0
LINE
  5
8B5
330
22
100
AcDbEntity
  8
F.Silkscreen
  6
CONTINUOUS
100
AcDbLine
 10
5.0803805905511812
 20
-2.8477618897637793
 30
0
 11
5.0809566535433071
 21
-2.8478186220472441
 31
0
  0
LINE
  5
8B6
330
22
100
AcDbEntity
  8
F.Silkscreen
  6
CONTINUOUS
100
AcDbLine
 10
5.0809566535433071
 20
-2.8478186220472441
 30
0
 11
5.0820210629921263
 21
-2.8482595275590552
 31
0
  0
LINE
  5
8B7
330
22
100
AcDbEntity
  8
F.Silkscreen
  6
CONTINUOUS
100
AcDbLine
 10
5.0820210629921263
 20
-2.8482595275590552
 30
0
 11
5.0828357086614169
 21
-2.8490741732283462
 31
0
  0
LINE
  5
8B8
330
22
100
AcDbEntity
  8
F.Silkscreen
  6
CONTINUOUS
100
AcDbLine
 10
5.0828357086614169
 20
-2.8490741732283462
 30
0
 11
5.0832766141732284
 21
-2.8501385826771655
 31
0
  0
LINE
  5
8B9
330
22
100
AcDbEntity
  8
F.Silkscreen
  6
CONTINUOUS
100
AcDbLine
 10
5.0832766141732284
 20
-2.8501385826771655
 30
0
 11
5.0832766141732284
 21
-2.8512907086614172
 31
0
  0
LINE
  5
8BA
330
22
100
AcDbEntity
  8
F.Silkscreen
  6
CONTINUOUS
100
AcDbLine
 10
5.0832766141732284
 20
-2.8512907086614172
 30
0
 11
5.0828357086614169
 21
-2.852355118110236
 31
0
  0
LINE
  5
8BB
330
22
100
AcDbEntity
  8
F.Silkscreen
  6
CONTINUOUS
100
AcDbLine
 10
5.0828357086614169
 20
-2.852355118110236
 30
0
 11
5.0820210629921263
 21
-2.8531697637795275
 31
0
  0
LINE
  5
8BC
330
22
100
AcDbEntity
  8
F.Silkscreen
  6
CONTINUOUS
100
AcDbLine
 10
5.0820210629921263
 20
-2.8531697637795275
 30
0
 11
5.0809566535433071
 21
-2.8536106692913386
 31
0
  0
LINE
  5
8BD
330
22
100
AcDbEntity
  8
F.Silkscreen
  6
CONTINUOUS
100
AcDbLine
 10
5.0809566535433071
 20
-2.8536106692913386
 30
0
 11
5.0803805905511812
 21
-2.8536674015748029
 31
0
  0
LINE
  5
8BE
330
22
100
AcDbEntity
  8
F.Silkscreen
  6
CONTINUOUS
100
AcDbLine
 10
5.0803805905511812
 20
-2.8536674015748029
 30
0
 11
5.0739595275590554
 21
-2.8536674015748029
 31
0
  0
LINE
  5
8BF
330
22
100
AcDbEntity
  8
F.Silkscreen
  6
CONTINUOUS
100
AcDbLine
 10
5.0739595275590554
 20
-2.8536674015748029
 30
0
 11
5.0739595275590554
 21
-2.8706399999999999
 31
0
  0
LINE
  5
8C0
330
22
100
AcDbEntity
  8
F.Silkscreen
  6
CONTINUOUS
100
AcDbLine
 10
5.0739595275590554
 20
-2.8706399999999999
 30
0
 11
5.0750823622047241
 21
-2.872885748031496
 31
0
  0
LINE
  5
8C1
330
22
100
AcDbEntity
  8
F.Silkscreen
  6
CONTINUOUS
100
AcDbLine
 10
5.0750823622047241
 20
-2.872885748031496
 30
0
 11
5.0773281102362207
 21
-2.8740086220472438
 31
0
  0
LINE
  5
8C2
330
22
100
AcDbEntity
  8
F.Silkscreen
  6
CONTINUOUS
100
AcDbLine
 10
5.0773281102362207
 20
-2.8740086220472438
 30
0
 11
5.0803805905511812
 21
-2.8740086220472438
 31
0
  0
LINE
  5
8C3
330
22
100
AcDbEntity
  8
F.Silkscreen
  6
CONTINUOUS
100
AcDbLine
 10
5.0803805905511812
 20
-2.8740086220472438
 30
0
 11
5.0809566535433071
 21
-2.8740653543307086
 31
0
  0
LINE
  5
8C4
330
22
100
AcDbEntity
  8
F.Silkscreen
  6
CONTINUOUS
100
AcDbLine
 10
5.0809566535433071
 20
-2.8740653543307086
 30
0
 11
5.0820210629921263
 21
-2.8745062598425197
 31
0
  0
LINE
  5
8C5
330
22
100
AcDbEntity
  8
F.Silkscreen
  6
CONTINUOUS
100
AcDbLine
 10
5.0820210629921263
 20
-2.8745062598425197
 30
0
 11
5.0828357086614169
 21
-2.8753209055118107
 31
0
  0
LINE
  5
8C6
330
22
100
AcDbEntity
  8
F.Silkscreen
  6
CONTINUOUS
100
AcDbLine
 10
5.0828357086614169
 20
-2.8753209055118107
 30
0
 11
5.0832766141732284
 21
-2.87638531496063
 31
0
  0
LINE
  5
8C7
330
22
100
AcDbEntity
  8
F.Silkscreen
  6
CONTINUOUS
100
AcDbLine
 10
5.0832766141732284
 20
-2.87638531496063
 30
0
 11
5.0832766141732284
 21
-2.8775374409448817
 31
0
  0
LINE
  5
8C8
330
22
100
AcDbEntity
  8
F.Silkscreen
  6
CONTINUOUS
100
AcDbLine
 10
5.0832766141732284
 20
-2.8775374409448817
 30
0
 11
5.0828357086614169
 21
-2.8786018503937005
 31
0
  0
LINE
  5
8C9
330
22
100
AcDbEntity
  8
F.Silkscreen
  6
CONTINUOUS
100
AcDbLine
 10
5.0828357086614169
 20
-2.8786018503937005
 30
0
 11
5.0820210629921263
 21
-2.879416496062992
 31
0
  0
LINE
  5
8CA
330
22
100
AcDbEntity
  8
F.Silkscreen
  6
CONTINUOUS
100
AcDbLine
 10
5.0820210629921263
 20
-2.879416496062992
 30
0
 11
5.0809566535433071
 21
-2.8798574015748031
 31
0
  0
LINE
  5
8CB
330
22
100
AcDbEntity
  8
F.Silkscreen
  6
CONTINUOUS
100
AcDbLine
 10
5.0809566535433071
 20
-2.8798574015748031
 30
0
 11
5.0803805905511812
 21
-2.8799141338582674
 31
0
  0
LINE
  5
8CC
330
22
100
AcDbEntity
  8
F.Silkscreen
  6
CONTINUOUS
100
AcDbLine
 10
5.0803805905511812
 20
-2.8799141338582674
 30
0
 11
5.0766310629921261
 21
-2.8799141338582674
 31
0
  0
LINE
  5
8CD
330
22
100
AcDbEntity
  8
F.Silkscreen
  6
CONTINUOUS
100
AcDbLine
 10
5.0766310629921261
 20
-2.8799141338582674
 30
0
 11
5.0760550000000002
 21
-2.8798574015748031
 31
0
  0
LINE
  5
8CE
330
22
100
AcDbEntity
  8
F.Silkscreen
  6
CONTINUOUS
100
AcDbLine
 10
5.0760550000000002
 20
-2.8798574015748031
 30
0
 11
5.0759570078740159
 21
-2.879816811023622
 31
0
  0
LINE
  5
8CF
330
22
100
AcDbEntity
  8
F.Silkscreen
  6
CONTINUOUS
100
AcDbLine
 10
5.0759570078740159
 20
-2.879816811023622
 30
0
 11
5.0758511417322829
 21
-2.8798092913385824
 31
0
  0
LINE
  5
8D0
330
22
100
AcDbEntity
  8
F.Silkscreen
  6
CONTINUOUS
100
AcDbLine
 10
5.0758511417322829
 20
-2.8798092913385824
 30
0
 11
5.0753105511811025
 21
-2.879602401574803
 31
0
  0
LINE
  5
8D1
330
22
100
AcDbEntity
  8
F.Silkscreen
  6
CONTINUOUS
100
AcDbLine
 10
5.0753105511811025
 20
-2.879602401574803
 30
0
 11
5.0715610236220474
 21
-2.8777276377952754
 31
0
  0
LINE
  5
8D2
330
22
100
AcDbEntity
  8
F.Silkscreen
  6
CONTINUOUS
100
AcDbLine
 10
5.0715610236220474
 20
-2.8777276377952754
 30
0
 11
5.0714646456692911
 21
-2.8776669685039371
 31
0
  0
LINE
  5
8D3
330
22
100
AcDbEntity
  8
F.Silkscreen
  6
CONTINUOUS
100
AcDbLine
 10
5.0714646456692911
 20
-2.8776669685039371
 30
0
 11
5.0714192519685035
 21
-2.8776518503937005
 31
0
  0
LINE
  5
8D4
330
22
100
AcDbEntity
  8
F.Silkscreen
  6
CONTINUOUS
100
AcDbLine
 10
5.0714192519685035
 20
-2.8776518503937005
 30
0
 11
5.0713626771653546
 21
-2.8776027952755903
 31
0
  0
LINE
  5
8D5
330
22
100
AcDbEntity
  8
F.Silkscreen
  6
CONTINUOUS
100
AcDbLine
 10
5.0713626771653546
 20
-2.8776027952755903
 30
0
 11
5.0710711417322836
 21
-2.8774192913385828
 31
0
  0
LINE
  5
8D6
330
22
100
AcDbEntity
  8
F.Silkscreen
  6
CONTINUOUS
100
AcDbLine
 10
5.0710711417322836
 20
-2.8774192913385828
 30
0
 11
5.0708284645669286
 21
-2.8771394488188977
 31
0
  0
LINE
  5
8D7
330
22
100
AcDbEntity
  8
F.Silkscreen
  6
CONTINUOUS
100
AcDbLine
 10
5.0708284645669286
 20
-2.8771394488188977
 30
0
 11
5.0705488582677161
 21
-2.8768969685039369
 31
0
  0
LINE
  5
8D8
330
22
100
AcDbEntity
  8
F.Silkscreen
  6
CONTINUOUS
100
AcDbLine
 10
5.0705488582677161
 20
-2.8768969685039369
 30
0
 11
5.0703653543307086
 21
-2.8766054724409447
 31
0
  0
LINE
  5
8D9
330
22
100
AcDbEntity
  8
F.Silkscreen
  6
CONTINUOUS
100
AcDbLine
 10
5.0703653543307086
 20
-2.8766054724409447
 30
0
 11
5.0703162992125987
 21
-2.8765488976377953
 31
0
  0
LINE
  5
8DA
330
22
100
AcDbEntity
  8
F.Silkscreen
  6
CONTINUOUS
100
AcDbLine
 10
5.0703162992125987
 20
-2.8765488976377953
 30
0
 11
5.0703011417322834
 21
-2.8765034251968502
 31
0
  0
LINE
  5
8DB
330
22
100
AcDbEntity
  8
F.Silkscreen
  6
CONTINUOUS
100
AcDbLine
 10
5.0703011417322834
 20
-2.8765034251968502
 30
0
 11
5.0702405118110239
 21
-2.8764071259842519
 31
0
  0
LINE
  5
8DC
330
22
100
AcDbEntity
  8
F.Silkscreen
  6
CONTINUOUS
100
AcDbLine
 10
5.0702405118110239
 20
-2.8764071259842519
 30
0
 11
5.0683657480314963
 21
-2.872657559055118
 31
0
  0
LINE
  5
8DD
330
22
100
AcDbEntity
  8
F.Silkscreen
  6
CONTINUOUS
100
AcDbLine
 10
5.0683657480314963
 20
-2.872657559055118
 30
0
 11
5.0681588582677168
 21
-2.8721169291338584
 31
0
  0
LINE
  5
8DE
330
22
100
AcDbEntity
  8
F.Silkscreen
  6
CONTINUOUS
100
AcDbLine
 10
5.0681588582677168
 20
-2.8721169291338584
 30
0
 11
5.0681513385826769
 21
-2.8720111023622046
 31
0
  0
LINE
  5
8DF
330
22
100
AcDbEntity
  8
F.Silkscreen
  6
CONTINUOUS
100
AcDbLine
 10
5.0681513385826769
 20
-2.8720111023622046
 30
0
 11
5.0681107480314962
 21
-2.8719131102362203
 31
0
  0
LINE
  5
8E0
330
22
100
AcDbEntity
  8
F.Silkscreen
  6
CONTINUOUS
100
AcDbLine
 10
5.0681107480314962
 20
-2.8719131102362203
 30
0
 11
5.0680540157480314
 21
-2.8713370472440944
 31
0
  0
LINE
  5
8E1
330
22
100
AcDbEntity
  8
F.Silkscreen
  6
CONTINUOUS
100
AcDbLine
 10
5.0680540157480314
 20
-2.8713370472440944
 30
0
 11
5.0680540157480314
 21
-2.8536674015748029
 31
0
  0
LINE
  5
8E2
330
22
100
AcDbEntity
  8
F.Silkscreen
  6
CONTINUOUS
100
AcDbLine
 10
5.0680540157480314
 20
-2.8536674015748029
 30
0
 11
5.0653824803149607
 21
-2.8536674015748029
 31
0
  0
LINE
  5
8E3
330
22
100
AcDbEntity
  8
F.Silkscreen
  6
CONTINUOUS
100
AcDbLine
 10
5.0653824803149607
 20
-2.8536674015748029
 30
0
 11
5.0648064173228349
 21
-2.8536106692913386
 31
0
  0
LINE
  5
8E4
330
22
100
AcDbEntity
  8
F.Silkscreen
  6
CONTINUOUS
100
AcDbLine
 10
5.0648064173228349
 20
-2.8536106692913386
 30
0
 11
5.0637420078740156
 21
-2.8531697637795275
 31
0
  0
LINE
  5
8E5
330
22
100
AcDbEntity
  8
F.Silkscreen
  6
CONTINUOUS
100
AcDbLine
 10
5.0637420078740156
 20
-2.8531697637795275
 30
0
 11
5.0629273622047242
 21
-2.852355118110236
 31
0
  0
LINE
  5
8E6
330
22
100
AcDbEntity
  8
F.Silkscreen
  6
CONTINUOUS
100
AcDbLine
 10
5.0629273622047242
 20
-2.852355118110236
 30
0
 11
5.0624864566929135
 21
-2.8512907086614172
 31
0
  0
LINE
  5
8E7
330
22
100
AcDbEntity
  8
F.Silkscreen
  6
CONTINUOUS
100
AcDbLine
 10
5.0624864566929135
 20
-2.8512907086614172
 30
0
 11
5.0624864566929135
 21
-2.8501385826771655
 31
0
  0
LINE
  5
8E8
330
22
100
AcDbEntity
  8
F.Silkscreen
  6
CONTINUOUS
100
AcDbLine
 10
5.0624864566929135
 20
-2.8501385826771655
 30
0
 11
5.0629273622047242
 21
-2.8490741732283462
 31
0
  0
LINE
  5
8E9
330
22
100
AcDbEntity
  8
F.Silkscreen
  6
CONTINUOUS
100
AcDbLine
 10
5.0629273622047242
 20
-2.8490741732283462
 30
0
 11
5.0637420078740156
 21
-2.8482595275590552
 31
0
  0
LINE
  5
8EA
330
22
100
AcDbEntity
  8
F.Silkscreen
  6
CONTINUOUS
100
AcDbLine
 10
5.0637420078740156
 20
-2.8482595275590552
 30
0
 11
5.0648064173228349
 21
-2.8478186220472441
 31
0
  0
LINE
  5
8EB
330
22
100
AcDbEntity
  8
F.Silkscreen
  6
CONTINUOUS
100
AcDbLine
 10
5.0648064173228349
 20
-2.8478186220472441
 30
0
 11
5.0653824803149607
 21
-2.8477618897637793
 31
0
  0
LINE
  5
8EC
330
22
100
AcDbEntity
  8
F.Silkscreen
  6
CONTINUOUS
100
AcDbLine
 10
5.0653824803149607
 20
-2.8477618897637793
 30
0
 11
5.0680540157480314
 21
-2.8477618897637793
 31
0
  0
LINE
  5
8ED
330
22
100
AcDbEntity
  8
F.Silkscreen
  6
CONTINUOUS
100
AcDbLine
 10
5.0680540157480314
 20
-2.8477618897637793
 30
0
 11
5.0680540157480314
 21
-2.8375912992125985
 31
0
  0
LINE
  5
8EE
330
22
100
AcDbEntity
  8
F.Silkscreen
  6
CONTINUOUS
100
AcDbLine
 10
5.0680540157480314
 20
-2.8375912992125985
 30
0
 11
5.0681107480314962
 21
-2.8370152362204726
 31
0
  0
LINE
  5
8EF
330
22
100
AcDbEntity
  8
F.Silkscreen
  6
CONTINUOUS
100
AcDbLine
 10
5.0681107480314962
 20
-2.8370152362204726
 30
0
 11
5.0685516535433068
 21
-2.8359508267716533
 31
0
  0
LINE
  5
8F0
330
22
100
AcDbEntity
  8
F.Silkscreen
  6
CONTINUOUS
100
AcDbLine
 10
5.0685516535433068
 20
-2.8359508267716533
 30
0
 11
5.0693662992125983
 21
-2.8351361811023623
 31
0
  0
LINE
  5
8F1
330
22
100
AcDbEntity
  8
F.Silkscreen
  6
CONTINUOUS
100
AcDbLine
 10
5.0693662992125983
 20
-2.8351361811023623
 30
0
 11
5.0704307086614175
 21
-2.8346952755905512
 31
0
  0
LINE
  5
8F2
330
22
100
AcDbEntity
  8
F.Silkscreen
  6
CONTINUOUS
100
AcDbLine
 10
5.0704307086614175
 20
-2.8346952755905512
 30
0
 11
5.0715828346456693
 21
-2.8346952755905512
 31
0
  0
LINE
  5
8F3
330
22
100
AcDbEntity
  8
F.Silkscreen
  6
CONTINUOUS
100
AcDbLine
 10
5.0715828346456693
 20
-2.8346952755905512
 30
0
 11
5.0726472440944876
 21
-2.8351361811023623
 31
0
  0
LINE
  5
8F4
330
22
100
AcDbEntity
  8
F.Silkscreen
  6
CONTINUOUS
100
AcDbLine
 10
5.0951444488188979
 20
-2.8482595275590552
 30
0
 11
5.0959590944881885
 21
-2.8490741732283462
 31
0
  0
LINE
  5
8F5
330
22
100
AcDbEntity
  8
F.Silkscreen
  6
CONTINUOUS
100
AcDbLine
 10
5.0959590944881885
 20
-2.8490741732283462
 30
0
 11
5.0964
 21
-2.8501385826771655
 31
0
  0
LINE
  5
8F6
330
22
100
AcDbEntity
  8
F.Silkscreen
  6
CONTINUOUS
100
AcDbLine
 10
5.0964
 20
-2.8501385826771655
 30
0
 11
5.0964567322834649
 21
-2.8507146456692913
 31
0
  0
LINE
  5
8F7
330
22
100
AcDbEntity
  8
F.Silkscreen
  6
CONTINUOUS
100
AcDbLine
 10
5.0964567322834649
 20
-2.8507146456692913
 30
0
 11
5.0964567322834649
 21
-2.8706399999999999
 31
0
  0
LINE
  5
8F8
330
22
100
AcDbEntity
  8
F.Silkscreen
  6
CONTINUOUS
100
AcDbLine
 10
5.0964567322834649
 20
-2.8706399999999999
 30
0
 11
5.0975795669291335
 21
-2.872885748031496
 31
0
  0
LINE
  5
8F9
330
22
100
AcDbEntity
  8
F.Silkscreen
  6
CONTINUOUS
100
AcDbLine
 10
5.0975795669291335
 20
-2.872885748031496
 30
0
 11
5.0998253149606301
 21
-2.8740086220472438
 31
0
  0
LINE
  5
8FA
330
22
100
AcDbEntity
  8
F.Silkscreen
  6
CONTINUOUS
100
AcDbLine
 10
5.0998253149606301
 20
-2.8740086220472438
 30
0
 11
5.1040555118110236
 21
-2.8740086220472438
 31
0
  0
LINE
  5
8FB
330
22
100
AcDbEntity
  8
F.Silkscreen
  6
CONTINUOUS
100
AcDbLine
 10
5.1040555118110236
 20
-2.8740086220472438
 30
0
 11
5.1067529527559055
 21
-2.8726598818897635
 31
0
  0
LINE
  5
8FC
330
22
100
AcDbEntity
  8
F.Silkscreen
  6
CONTINUOUS
100
AcDbLine
 10
5.1067529527559055
 20
-2.8726598818897635
 30
0
 11
5.1074240944881888
 21
-2.8719887401574802
 31
0
  0
LINE
  5
8FD
330
22
100
AcDbEntity
  8
F.Silkscreen
  6
CONTINUOUS
100
AcDbLine
 10
5.1074240944881888
 20
-2.8719887401574802
 30
0
 11
5.1074240944881888
 21
-2.8507146456692913
 31
0
  0
LINE
  5
8FE
330
22
100
AcDbEntity
  8
F.Silkscreen
  6
CONTINUOUS
100
AcDbLine
 10
5.1074240944881888
 20
-2.8507146456692913
 30
0
 11
5.1074808267716536
 21
-2.8501385826771655
 31
0
  0
LINE
  5
8FF
330
22
100
AcDbEntity
  8
F.Silkscreen
  6
CONTINUOUS
100
AcDbLine
 10
5.1074808267716536
 20
-2.8501385826771655
 30
0
 11
5.1079217322834642
 21
-2.8490741732283462
 31
0
  0
LINE
  5
900
330
22
100
AcDbEntity
  8
F.Silkscreen
  6
CONTINUOUS
100
AcDbLine
 10
5.1079217322834642
 20
-2.8490741732283462
 30
0
 11
5.1087363779527557
 21
-2.8482595275590552
 31
0
  0
LINE
  5
901
330
22
100
AcDbEntity
  8
F.Silkscreen
  6
CONTINUOUS
100
AcDbLine
 10
5.1087363779527557
 20
-2.8482595275590552
 30
0
 11
5.109800787401575
 21
-2.8478186220472441
 31
0
  0
LINE
  5
902
330
22
100
AcDbEntity
  8
F.Silkscreen
  6
CONTINUOUS
100
AcDbLine
 10
5.109800787401575
 20
-2.8478186220472441
 30
0
 11
5.1109529133858267
 21
-2.8478186220472441
 31
0
  0
LINE
  5
903
330
22
100
AcDbEntity
  8
F.Silkscreen
  6
CONTINUOUS
100
AcDbLine
 10
5.1109529133858267
 20
-2.8478186220472441
 30
0
 11
5.1120173228346459
 21
-2.8482595275590552
 31
0
  0
LINE
  5
904
330
22
100
AcDbEntity
  8
F.Silkscreen
  6
CONTINUOUS
100
AcDbLine
 10
5.1120173228346459
 20
-2.8482595275590552
 30
0
 11
5.1128319685039365
 21
-2.8490741732283462
 31
0
  0
LINE
  5
905
330
22
100
AcDbEntity
  8
F.Silkscreen
  6
CONTINUOUS
100
AcDbLine
 10
5.1128319685039365
 20
-2.8490741732283462
 30
0
 11
5.113272874015748
 21
-2.8501385826771655
 31
0
  0
LINE
  5
906
330
22
100
AcDbEntity
  8
F.Silkscreen
  6
CONTINUOUS
100
AcDbLine
 10
5.113272874015748
 20
-2.8501385826771655
 30
0
 11
5.1133296062992128
 21
-2.8507146456692913
 31
0
  0
LINE
  5
907
330
22
100
AcDbEntity
  8
F.Silkscreen
  6
CONTINUOUS
100
AcDbLine
 10
5.1133296062992128
 20
-2.8507146456692913
 30
0
 11
5.1133296062992128
 21
-2.8769613779527559
 31
0
  0
LINE
  5
908
330
22
100
AcDbEntity
  8
F.Silkscreen
  6
CONTINUOUS
100
AcDbLine
 10
5.1133296062992128
 20
-2.8769613779527559
 30
0
 11
5.113272874015748
 21
-2.8775374409448817
 31
0
  0
LINE
  5
909
330
22
100
AcDbEntity
  8
F.Silkscreen
  6
CONTINUOUS
100
AcDbLine
 10
5.113272874015748
 20
-2.8775374409448817
 30
0
 11
5.1128319685039365
 21
-2.8786018503937005
 31
0
  0
LINE
  5
90A
330
22
100
AcDbEntity
  8
F.Silkscreen
  6
CONTINUOUS
100
AcDbLine
 10
5.1128319685039365
 20
-2.8786018503937005
 30
0
 11
5.1120173228346459
 21
-2.879416496062992
 31
0
  0
LINE
  5
90B
330
22
100
AcDbEntity
  8
F.Silkscreen
  6
CONTINUOUS
100
AcDbLine
 10
5.1120173228346459
 20
-2.879416496062992
 30
0
 11
5.1109529133858267
 21
-2.8798574015748031
 31
0
  0
LINE
  5
90C
330
22
100
AcDbEntity
  8
F.Silkscreen
  6
CONTINUOUS
100
AcDbLine
 10
5.1109529133858267
 20
-2.8798574015748031
 30
0
 11
5.109800787401575
 21
-2.8798574015748031
 31
0
  0
LINE
  5
90D
330
22
100
AcDbEntity
  8
F.Silkscreen
  6
CONTINUOUS
100
AcDbLine
 10
5.109800787401575
 20
-2.8798574015748031
 30
0
 11
5.1087363779527557
 21
-2.879416496062992
 31
0
  0
LINE
  5
90E
330
22
100
AcDbEntity
  8
F.Silkscreen
  6
CONTINUOUS
100
AcDbLine
 10
5.1087363779527557
 20
-2.879416496062992
 30
0
 11
5.1079725196850392
 21
-2.8786526377952755
 31
0
  0
LINE
  5
90F
330
22
100
AcDbEntity
  8
F.Silkscreen
  6
CONTINUOUS
100
AcDbLine
 10
5.1079725196850392
 20
-2.8786526377952755
 30
0
 11
5.1060730708661417
 21
-2.879602401574803
 31
0
  0
LINE
  5
910
330
22
100
AcDbEntity
  8
F.Silkscreen
  6
CONTINUOUS
100
AcDbLine
 10
5.1060730708661417
 20
-2.879602401574803
 30
0
 11
5.1055324409448817
 21
-2.8798092913385824
 31
0
  0
LINE
  5
911
330
22
100
AcDbEntity
  8
F.Silkscreen
  6
CONTINUOUS
100
AcDbLine
 10
5.1055324409448817
 20
-2.8798092913385824
 30
0
 11
5.1054266141732283
 21
-2.8798167716535432
 31
0
  0
LINE
  5
912
330
22
100
AcDbEntity
  8
F.Silkscreen
  6
CONTINUOUS
100
AcDbLine
 10
5.1054266141732283
 20
-2.8798167716535432
 30
0
 11
5.105328622047244
 21
-2.8798574015748031
 31
0
  0
LINE
  5
913
330
22
100
AcDbEntity
  8
F.Silkscreen
  6
CONTINUOUS
100
AcDbLine
 10
5.105328622047244
 20
-2.8798574015748031
 30
0
 11
5.1047525590551182
 21
-2.8799141338582674
 31
0
  0
LINE
  5
914
330
22
100
AcDbEntity
  8
F.Silkscreen
  6
CONTINUOUS
100
AcDbLine
 10
5.1047525590551182
 20
-2.8799141338582674
 30
0
 11
5.0991282677165355
 21
-2.8799141338582674
 31
0
  0
LINE
  5
915
330
22
100
AcDbEntity
  8
F.Silkscreen
  6
CONTINUOUS
100
AcDbLine
 10
5.0991282677165355
 20
-2.8799141338582674
 30
0
 11
5.0985522047244096
 21
-2.8798574015748031
 31
0
  0
LINE
  5
916
330
22
100
AcDbEntity
  8
F.Silkscreen
  6
CONTINUOUS
100
AcDbLine
 10
5.0985522047244096
 20
-2.8798574015748031
 30
0
 11
5.0984542125984254
 21
-2.879816811023622
 31
0
  0
LINE
  5
917
330
22
100
AcDbEntity
  8
F.Silkscreen
  6
CONTINUOUS
100
AcDbLine
 10
5.0984542125984254
 20
-2.879816811023622
 30
0
 11
5.0983483464566932
 21
-2.8798092913385824
 31
0
  0
LINE
  5
918
330
22
100
AcDbEntity
  8
F.Silkscreen
  6
CONTINUOUS
100
AcDbLine
 10
5.0983483464566932
 20
-2.8798092913385824
 30
0
 11
5.0978077559055119
 21
-2.879602401574803
 31
0
  0
LINE
  5
919
330
22
100
AcDbEntity
  8
F.Silkscreen
  6
CONTINUOUS
100
AcDbLine
 10
5.0978077559055119
 20
-2.879602401574803
 30
0
 11
5.0940582283464568
 21
-2.8777276377952754
 31
0
  0
LINE
  5
91A
330
22
100
AcDbEntity
  8
F.Silkscreen
  6
CONTINUOUS
100
AcDbLine
 10
5.0940582283464568
 20
-2.8777276377952754
 30
0
 11
5.0939618503937005
 21
-2.8776669685039371
 31
0
  0
LINE
  5
91B
330
22
100
AcDbEntity
  8
F.Silkscreen
  6
CONTINUOUS
100
AcDbLine
 10
5.0939618503937005
 20
-2.8776669685039371
 30
0
 11
5.0939164566929129
 21
-2.8776518503937005
 31
0
  0
LINE
  5
91C
330
22
100
AcDbEntity
  8
F.Silkscreen
  6
CONTINUOUS
100
AcDbLine
 10
5.0939164566929129
 20
-2.8776518503937005
 30
0
 11
5.093859881889764
 21
-2.8776027952755903
 31
0
  0
LINE
  5
91D
330
22
100
AcDbEntity
  8
F.Silkscreen
  6
CONTINUOUS
100
AcDbLine
 10
5.093859881889764
 20
-2.8776027952755903
 30
0
 11
5.093568346456693
 21
-2.8774192913385828
 31
0
  0
LINE
  5
91E
330
22
100
AcDbEntity
  8
F.Silkscreen
  6
CONTINUOUS
100
AcDbLine
 10
5.093568346456693
 20
-2.8774192913385828
 30
0
 11
5.0933256692913389
 21
-2.8771394488188977
 31
0
  0
LINE
  5
91F
330
22
100
AcDbEntity
  8
F.Silkscreen
  6
CONTINUOUS
100
AcDbLine
 10
5.0933256692913389
 20
-2.8771394488188977
 30
0
 11
5.0930460629921255
 21
-2.8768969685039369
 31
0
  0
LINE
  5
920
330
22
100
AcDbEntity
  8
F.Silkscreen
  6
CONTINUOUS
100
AcDbLine
 10
5.0930460629921255
 20
-2.8768969685039369
 30
0
 11
5.092862559055118
 21
-2.8766054724409447
 31
0
  0
LINE
  5
921
330
22
100
AcDbEntity
  8
F.Silkscreen
  6
CONTINUOUS
100
AcDbLine
 10
5.092862559055118
 20
-2.8766054724409447
 30
0
 11
5.0928135039370082
 21
-2.8765488976377953
 31
0
  0
LINE
  5
922
330
22
100
AcDbEntity
  8
F.Silkscreen
  6
CONTINUOUS
100
AcDbLine
 10
5.0928135039370082
 20
-2.8765488976377953
 30
0
 11
5.0927983464566928
 21
-2.8765034251968502
 31
0
  0
LINE
  5
923
330
22
100
AcDbEntity
  8
F.Silkscreen
  6
CONTINUOUS
100
AcDbLine
 10
5.0927983464566928
 20
-2.8765034251968502
 30
0
 11
5.0927377165354333
 21
-2.8764071259842519
 31
0
  0
LINE
  5
924
330
22
100
AcDbEntity
  8
F.Silkscreen
  6
CONTINUOUS
100
AcDbLine
 10
5.0927377165354333
 20
-2.8764071259842519
 30
0
 11
5.0908629527559057
 21
-2.872657559055118
 31
0
  0
LINE
  5
925
330
22
100
AcDbEntity
  8
F.Silkscreen
  6
CONTINUOUS
100
AcDbLine
 10
5.0908629527559057
 20
-2.872657559055118
 30
0
 11
5.0906560629921263
 21
-2.8721169291338584
 31
0
  0
LINE
  5
926
330
22
100
AcDbEntity
  8
F.Silkscreen
  6
CONTINUOUS
100
AcDbLine
 10
5.0906560629921263
 20
-2.8721169291338584
 30
0
 11
5.0906485433070863
 21
-2.8720111023622046
 31
0
  0
LINE
  5
927
330
22
100
AcDbEntity
  8
F.Silkscreen
  6
CONTINUOUS
100
AcDbLine
 10
5.0906485433070863
 20
-2.8720111023622046
 30
0
 11
5.0906079527559056
 21
-2.8719131102362203
 31
0
  0
LINE
  5
928
330
22
100
AcDbEntity
  8
F.Silkscreen
  6
CONTINUOUS
100
AcDbLine
 10
5.0906079527559056
 20
-2.8719131102362203
 30
0
 11
5.0905512204724408
 21
-2.8713370472440944
 31
0
  0
LINE
  5
929
330
22
100
AcDbEntity
  8
F.Silkscreen
  6
CONTINUOUS
100
AcDbLine
 10
5.0905512204724408
 20
-2.8713370472440944
 30
0
 11
5.0905512204724408
 21
-2.8507146456692913
 31
0
  0
LINE
  5
92A
330
22
100
AcDbEntity
  8
F.Silkscreen
  6
CONTINUOUS
100
AcDbLine
 10
5.0905512204724408
 20
-2.8507146456692913
 30
0
 11
5.0906079527559056
 21
-2.8501385826771655
 31
0
  0
LINE
  5
92B
330
22
100
AcDbEntity
  8
F.Silkscreen
  6
CONTINUOUS
100
AcDbLine
 10
5.0906079527559056
 20
-2.8501385826771655
 30
0
 11
5.0910488582677162
 21
-2.8490741732283462
 31
0
  0
LINE
  5
92C
330
22
100
AcDbEntity
  8
F.Silkscreen
  6
CONTINUOUS
100
AcDbLine
 10
5.0910488582677162
 20
-2.8490741732283462
 30
0
 11
5.0918635039370077
 21
-2.8482595275590552
 31
0
  0
LINE
  5
92D
330
22
100
AcDbEntity
  8
F.Silkscreen
  6
CONTINUOUS
100
AcDbLine
 10
5.0918635039370077
 20
-2.8482595275590552
 30
0
 11
5.092927913385827
 21
-2.8478186220472441
 31
0
  0
LINE
  5
92E
330
22
100
AcDbEntity
  8
F.Silkscreen
  6
CONTINUOUS
100
AcDbLine
 10
5.092927913385827
 20
-2.8478186220472441
 30
0
 11
5.0940800393700787
 21
-2.8478186220472441
 31
0
  0
LINE
  5
92F
330
22
100
AcDbEntity
  8
F.Silkscreen
  6
CONTINUOUS
100
AcDbLine
 10
5.0940800393700787
 20
-2.8478186220472441
 30
0
 11
5.0951444488188979
 21
-2.8482595275590552
 31
0
  0
LINE
  5
930
330
22
100
AcDbEntity
  8
F.Silkscreen
  6
CONTINUOUS
100
AcDbLine
 10
5.1476378740157482
 20
-2.8351361811023623
 30
0
 11
5.1484525196850397
 21
-2.8359508267716533
 31
0
  0
LINE
  5
931
330
22
100
AcDbEntity
  8
F.Silkscreen
  6
CONTINUOUS
100
AcDbLine
 10
5.1484525196850397
 20
-2.8359508267716533
 30
0
 11
5.1488934251968503
 21
-2.8370152362204726
 31
0
  0
LINE
  5
932
330
22
100
AcDbEntity
  8
F.Silkscreen
  6
CONTINUOUS
100
AcDbLine
 10
5.1488934251968503
 20
-2.8370152362204726
 30
0
 11
5.1489501574803151
 21
-2.8375912992125985
 31
0
  0
LINE
  5
933
330
22
100
AcDbEntity
  8
F.Silkscreen
  6
CONTINUOUS
100
AcDbLine
 10
5.1489501574803151
 20
-2.8375912992125985
 30
0
 11
5.1489501574803151
 21
-2.8769613779527559
 31
0
  0
LINE
  5
934
330
22
100
AcDbEntity
  8
F.Silkscreen
  6
CONTINUOUS
100
AcDbLine
 10
5.1489501574803151
 20
-2.8769613779527559
 30
0
 11
5.1488934251968503
 21
-2.8775374409448817
 31
0
  0
LINE
  5
935
330
22
100
AcDbEntity
  8
F.Silkscreen
  6
CONTINUOUS
100
AcDbLine
 10
5.1488934251968503
 20
-2.8775374409448817
 30
0
 11
5.1484525196850397
 21
-2.8786018503937005
 31
0
  0
LINE
  5
936
330
22
100
AcDbEntity
  8
F.Silkscreen
  6
CONTINUOUS
100
AcDbLine
 10
5.1484525196850397
 20
-2.8786018503937005
 30
0
 11
5.1476378740157482
 21
-2.879416496062992
 31
0
  0
LINE
  5
937
330
22
100
AcDbEntity
  8
F.Silkscreen
  6
CONTINUOUS
100
AcDbLine
 10
5.1476378740157482
 20
-2.879416496062992
 30
0
 11
5.146573464566929
 21
-2.8798574015748031
 31
0
  0
LINE
  5
938
330
22
100
AcDbEntity
  8
F.Silkscreen
  6
CONTINUOUS
100
AcDbLine
 10
5.146573464566929
 20
-2.8798574015748031
 30
0
 11
5.1454213385826773
 21
-2.8798574015748031
 31
0
  0
LINE
  5
939
330
22
100
AcDbEntity
  8
F.Silkscreen
  6
CONTINUOUS
100
AcDbLine
 10
5.1454213385826773
 20
-2.8798574015748031
 30
0
 11
5.144356929133858
 21
-2.879416496062992
 31
0
  0
LINE
  5
93A
330
22
100
AcDbEntity
  8
F.Silkscreen
  6
CONTINUOUS
100
AcDbLine
 10
5.144356929133858
 20
-2.879416496062992
 30
0
 11
5.1442179921259843
 21
-2.8792775590551178
 31
0
  0
LINE
  5
93B
330
22
100
AcDbEntity
  8
F.Silkscreen
  6
CONTINUOUS
100
AcDbLine
 10
5.1442179921259843
 20
-2.8792775590551178
 30
0
 11
5.1435683858267716
 21
-2.879602401574803
 31
0
  0
LINE
  5
93C
330
22
100
AcDbEntity
  8
F.Silkscreen
  6
CONTINUOUS
100
AcDbLine
 10
5.1435683858267716
 20
-2.879602401574803
 30
0
 11
5.1430277559055115
 21
-2.8798092913385824
 31
0
  0
LINE
  5
93D
330
22
100
AcDbEntity
  8
F.Silkscreen
  6
CONTINUOUS
100
AcDbLine
 10
5.1430277559055115
 20
-2.8798092913385824
 30
0
 11
5.1429219291338581
 21
-2.8798167716535432
 31
0
  0
LINE
  5
93E
330
22
100
AcDbEntity
  8
F.Silkscreen
  6
CONTINUOUS
100
AcDbLine
 10
5.1429219291338581
 20
-2.8798167716535432
 30
0
 11
5.1428239370078739
 21
-2.8798574015748031
 31
0
  0
LINE
  5
93F
330
22
100
AcDbEntity
  8
F.Silkscreen
  6
CONTINUOUS
100
AcDbLine
 10
5.1428239370078739
 20
-2.8798574015748031
 30
0
 11
5.142247874015748
 21
-2.8799141338582674
 31
0
  0
LINE
  5
940
330
22
100
AcDbEntity
  8
F.Silkscreen
  6
CONTINUOUS
100
AcDbLine
 10
5.142247874015748
 20
-2.8799141338582674
 30
0
 11
5.1347488188976378
 21
-2.8799141338582674
 31
0
  0
LINE
  5
941
330
22
100
AcDbEntity
  8
F.Silkscreen
  6
CONTINUOUS
100
AcDbLine
 10
5.1347488188976378
 20
-2.8799141338582674
 30
0
 11
5.1341727559055119
 21
-2.8798574015748031
 31
0
  0
LINE
  5
942
330
22
100
AcDbEntity
  8
F.Silkscreen
  6
CONTINUOUS
100
AcDbLine
 10
5.1341727559055119
 20
-2.8798574015748031
 30
0
 11
5.1340747637795277
 21
-2.879816811023622
 31
0
  0
LINE
  5
943
330
22
100
AcDbEntity
  8
F.Silkscreen
  6
CONTINUOUS
100
AcDbLine
 10
5.1340747637795277
 20
-2.879816811023622
 30
0
 11
5.1339688976377955
 21
-2.8798092913385824
 31
0
  0
LINE
  5
944
330
22
100
AcDbEntity
  8
F.Silkscreen
  6
CONTINUOUS
100
AcDbLine
 10
5.1339688976377955
 20
-2.8798092913385824
 30
0
 11
5.1334283070866142
 21
-2.879602401574803
 31
0
  0
LINE
  5
945
330
22
100
AcDbEntity
  8
F.Silkscreen
  6
CONTINUOUS
100
AcDbLine
 10
5.1334283070866142
 20
-2.879602401574803
 30
0
 11
5.1296787795275591
 21
-2.8777276377952754
 31
0
  0
LINE
  5
946
330
22
100
AcDbEntity
  8
F.Silkscreen
  6
CONTINUOUS
100
AcDbLine
 10
5.1296787795275591
 20
-2.8777276377952754
 30
0
 11
5.1294307480314956
 21
-2.8775715354330709
 31
0
  0
LINE
  5
947
330
22
100
AcDbEntity
  8
F.Silkscreen
  6
CONTINUOUS
100
AcDbLine
 10
5.1294307480314956
 20
-2.8775715354330709
 30
0
 11
5.1293588188976376
 21
-2.8775417322834644
 31
0
  0
LINE
  5
948
330
22
100
AcDbEntity
  8
F.Silkscreen
  6
CONTINUOUS
100
AcDbLine
 10
5.1293588188976376
 20
-2.8775417322834644
 30
0
 11
5.1292778346456691
 21
-2.8774752755905513
 31
0
  0
LINE
  5
949
330
22
100
AcDbEntity
  8
F.Silkscreen
  6
CONTINUOUS
100
AcDbLine
 10
5.1292778346456691
 20
-2.8774752755905513
 30
0
 11
5.1291888976377953
 21
-2.8774192913385828
 31
0
  0
LINE
  5
94A
330
22
100
AcDbEntity
  8
F.Silkscreen
  6
CONTINUOUS
100
AcDbLine
 10
5.1291888976377953
 20
-2.8774192913385828
 30
0
 11
5.1291376771653541
 21
-2.8773602362204724
 31
0
  0
LINE
  5
94B
330
22
100
AcDbEntity
  8
F.Silkscreen
  6
CONTINUOUS
100
AcDbLine
 10
5.1291376771653541
 20
-2.8773602362204724
 30
0
 11
5.128911338582677
 21
-2.8771744881889765
 31
0
  0
LINE
  5
94C
330
22
100
AcDbEntity
  8
F.Silkscreen
  6
CONTINUOUS
100
AcDbLine
 10
5.128911338582677
 20
-2.8771744881889765
 30
0
 11
5.1270365748031494
 21
-2.8752996850393702
 31
0
  0
LINE
  5
94D
330
22
100
AcDbEntity
  8
F.Silkscreen
  6
CONTINUOUS
100
AcDbLine
 10
5.1270365748031494
 20
-2.8752996850393702
 30
0
 11
5.126850826771653
 21
-2.8750733464566927
 31
0
  0
LINE
  5
94E
330
22
100
AcDbEntity
  8
F.Silkscreen
  6
CONTINUOUS
100
AcDbLine
 10
5.126850826771653
 20
-2.8750733464566927
 30
0
 11
5.1267918503937011
 21
-2.8750222047244094
 31
0
  0
LINE
  5
94F
330
22
100
AcDbEntity
  8
F.Silkscreen
  6
CONTINUOUS
100
AcDbLine
 10
5.1267918503937011
 20
-2.8750222047244094
 30
0
 11
5.1267358661417326
 21
-2.8749332677165356
 31
0
  0
LINE
  5
950
330
22
100
AcDbEntity
  8
F.Silkscreen
  6
CONTINUOUS
100
AcDbLine
 10
5.1267358661417326
 20
-2.8749332677165356
 30
0
 11
5.1266693700787398
 21
-2.8748522440944879
 31
0
  0
LINE
  5
951
330
22
100
AcDbEntity
  8
F.Silkscreen
  6
CONTINUOUS
100
AcDbLine
 10
5.1266693700787398
 20
-2.8748522440944879
 30
0
 11
5.1266395275590551
 21
-2.8747801968503937
 31
0
  0
LINE
  5
952
330
22
100
AcDbEntity
  8
F.Silkscreen
  6
CONTINUOUS
100
AcDbLine
 10
5.1266395275590551
 20
-2.8747801968503937
 30
0
 11
5.126483503937008
 21
-2.8745323228346455
 31
0
  0
LINE
  5
953
330
22
100
AcDbEntity
  8
F.Silkscreen
  6
CONTINUOUS
100
AcDbLine
 10
5.126483503937008
 20
-2.8745323228346455
 30
0
 11
5.1246087401574805
 21
-2.8707827952755904
 31
0
  0
LINE
  5
954
330
22
100
AcDbEntity
  8
F.Silkscreen
  6
CONTINUOUS
100
AcDbLine
 10
5.1246087401574805
 20
-2.8707827952755904
 30
0
 11
5.124401850393701
 21
-2.8702421653543309
 31
0
  0
LINE
  5
955
330
22
100
AcDbEntity
  8
F.Silkscreen
  6
CONTINUOUS
100
AcDbLine
 10
5.124401850393701
 20
-2.8702421653543309
 30
0
 11
5.124394330708661
 21
-2.870136338582677
 31
0
  0
LINE
  5
956
330
22
100
AcDbEntity
  8
F.Silkscreen
  6
CONTINUOUS
100
AcDbLine
 10
5.124394330708661
 20
-2.870136338582677
 30
0
 11
5.1243537401574804
 21
-2.8700383464566928
 31
0
  0
LINE
  5
957
330
22
100
AcDbEntity
  8
F.Silkscreen
  6
CONTINUOUS
100
AcDbLine
 10
5.1243537401574804
 20
-2.8700383464566928
 30
0
 11
5.1242970078740155
 21
-2.8694622834645669
 31
0
  0
LINE
  5
958
330
22
100
AcDbEntity
  8
F.Silkscreen
  6
CONTINUOUS
100
AcDbLine
 10
5.1242970078740155
 20
-2.8694622834645669
 30
0
 11
5.1242970078740155
 21
-2.8582137007874016
 31
0
  0
LINE
  5
959
330
22
100
AcDbEntity
  8
F.Silkscreen
  6
CONTINUOUS
100
AcDbLine
 10
5.1242970078740155
 20
-2.8582137007874016
 30
0
 11
5.1243537401574804
 21
-2.8576376377952757
 31
0
  0
LINE
  5
95A
330
22
100
AcDbEntity
  8
F.Silkscreen
  6
CONTINUOUS
100
AcDbLine
 10
5.1243537401574804
 20
-2.8576376377952757
 30
0
 11
5.124394330708661
 21
-2.8575396062992127
 31
0
  0
LINE
  5
95B
330
22
100
AcDbEntity
  8
F.Silkscreen
  6
CONTINUOUS
100
AcDbLine
 10
5.124394330708661
 20
-2.8575396062992127
 30
0
 11
5.124401850393701
 21
-2.8574338188976376
 31
0
  0
LINE
  5
95C
330
22
100
AcDbEntity
  8
F.Silkscreen
  6
CONTINUOUS
100
AcDbLine
 10
5.124401850393701
 20
-2.8574338188976376
 30
0
 11
5.1246087401574805
 21
-2.856893188976378
 31
0
  0
LINE
  5
95D
330
22
100
AcDbEntity
  8
F.Silkscreen
  6
CONTINUOUS
100
AcDbLine
 10
5.1246087401574805
 20
-2.856893188976378
 30
0
 11
5.126483503937008
 21
-2.8531436614173229
 31
0
  0
LINE
  5
95E
330
22
100
AcDbEntity
  8
F.Silkscreen
  6
CONTINUOUS
100
AcDbLine
 10
5.126483503937008
 20
-2.8531436614173229
 30
0
 11
5.1266395669291338
 21
-2.8528956299212598
 31
0
  0
LINE
  5
95F
330
22
100
AcDbEntity
  8
F.Silkscreen
  6
CONTINUOUS
100
AcDbLine
 10
5.1266395669291338
 20
-2.8528956299212598
 30
0
 11
5.1266694094488185
 21
-2.8528237007874013
 31
0
  0
LINE
  5
960
330
22
100
AcDbEntity
  8
F.Silkscreen
  6
CONTINUOUS
100
AcDbLine
 10
5.1266694094488185
 20
-2.8528237007874013
 30
0
 11
5.1267358661417326
 21
-2.8527427165354329
 31
0
  0
LINE
  5
961
330
22
100
AcDbEntity
  8
F.Silkscreen
  6
CONTINUOUS
100
AcDbLine
 10
5.1267358661417326
 20
-2.8527427165354329
 30
0
 11
5.1267918503937011
 21
-2.8526537795275591
 31
0
  0
LINE
  5
962
330
22
100
AcDbEntity
  8
F.Silkscreen
  6
CONTINUOUS
100
AcDbLine
 10
5.1267918503937011
 20
-2.8526537795275591
 30
0
 11
5.126850826771653
 21
-2.8526025984251966
 31
0
  0
LINE
  5
963
330
22
100
AcDbEntity
  8
F.Silkscreen
  6
CONTINUOUS
100
AcDbLine
 10
5.126850826771653
 20
-2.8526025984251966
 30
0
 11
5.1270366141732282
 21
-2.8523762598425195
 31
0
  0
LINE
  5
964
330
22
100
AcDbEntity
  8
F.Silkscreen
  6
CONTINUOUS
100
AcDbLine
 10
5.1270366141732282
 20
-2.8523762598425195
 30
0
 11
5.1289113779527558
 21
-2.850501496062992
 31
0
  0
LINE
  5
965
330
22
100
AcDbEntity
  8
F.Silkscreen
  6
CONTINUOUS
100
AcDbLine
 10
5.1289113779527558
 20
-2.850501496062992
 30
0
 11
5.1291377165354328
 21
-2.8503157086614173
 31
0
  0
LINE
  5
966
330
22
100
AcDbEntity
  8
F.Silkscreen
  6
CONTINUOUS
100
AcDbLine
 10
5.1291377165354328
 20
-2.8503157086614173
 30
0
 11
5.1291888976377953
 21
-2.8502567322834644
 31
0
  0
LINE
  5
967
330
22
100
AcDbEntity
  8
F.Silkscreen
  6
CONTINUOUS
100
AcDbLine
 10
5.1291888976377953
 20
-2.8502567322834644
 30
0
 11
5.1292778346456691
 21
-2.8502007480314959
 31
0
  0
LINE
  5
968
330
22
100
AcDbEntity
  8
F.Silkscreen
  6
CONTINUOUS
100
AcDbLine
 10
5.1292778346456691
 20
-2.8502007480314959
 30
0
 11
5.1293588188976376
 21
-2.8501342913385828
 31
0
  0
LINE
  5
969
330
22
100
AcDbEntity
  8
F.Silkscreen
  6
CONTINUOUS
100
AcDbLine
 10
5.1293588188976376
 20
-2.8501342913385828
 30
0
 11
5.1294307480314956
 21
-2.8501044488188976
 31
0
  0
LINE
  5
96A
330
22
100
AcDbEntity
  8
F.Silkscreen
  6
CONTINUOUS
100
AcDbLine
 10
5.1294307480314956
 20
-2.8501044488188976
 30
0
 11
5.1296787795275591
 21
-2.8499483858267718
 31
0
  0
LINE
  5
96B
330
22
100
AcDbEntity
  8
F.Silkscreen
  6
CONTINUOUS
100
AcDbLine
 10
5.1296787795275591
 20
-2.8499483858267718
 30
0
 11
5.1334283070866142
 21
-2.8480736220472442
 31
0
  0
LINE
  5
96C
330
22
100
AcDbEntity
  8
F.Silkscreen
  6
CONTINUOUS
100
AcDbLine
 10
5.1334283070866142
 20
-2.8480736220472442
 30
0
 11
5.1339688976377955
 21
-2.8478667322834643
 31
0
  0
LINE
  5
96D
330
22
100
AcDbEntity
  8
F.Silkscreen
  6
CONTINUOUS
100
AcDbLine
 10
5.1339688976377955
 20
-2.8478667322834643
 30
0
 11
5.1340747637795277
 21
-2.8478591732283465
 31
0
  0
LINE
  5
96E
330
22
100
AcDbEntity
  8
F.Silkscreen
  6
CONTINUOUS
100
AcDbLine
 10
5.1340747637795277
 20
-2.8478591732283465
 30
0
 11
5.1341727559055119
 21
-2.8478186220472441
 31
0
  0
LINE
  5
96F
330
22
100
AcDbEntity
  8
F.Silkscreen
  6
CONTINUOUS
100
AcDbLine
 10
5.1341727559055119
 20
-2.8478186220472441
 30
0
 11
5.1347488188976378
 21
-2.8477618897637793
 31
0
  0
LINE
  5
970
330
22
100
AcDbEntity
  8
F.Silkscreen
  6
CONTINUOUS
100
AcDbLine
 10
5.1347488188976378
 20
-2.8477618897637793
 30
0
 11
5.142247874015748
 21
-2.8477618897637793
 31
0
  0
LINE
  5
971
330
22
100
AcDbEntity
  8
F.Silkscreen
  6
CONTINUOUS
100
AcDbLine
 10
5.142247874015748
 20
-2.8477618897637793
 30
0
 11
5.1428239370078739
 21
-2.8478186220472441
 31
0
  0
LINE
  5
972
330
22
100
AcDbEntity
  8
F.Silkscreen
  6
CONTINUOUS
100
AcDbLine
 10
5.1428239370078739
 20
-2.8478186220472441
 30
0
 11
5.1429219291338581
 21
-2.8478592125984252
 31
0
  0
LINE
  5
973
330
22
100
AcDbEntity
  8
F.Silkscreen
  6
CONTINUOUS
100
AcDbLine
 10
5.1429219291338581
 20
-2.8478592125984252
 30
0
 11
5.1430277559055115
 21
-2.8478667322834643
 31
0
  0
LINE
  5
974
330
22
100
AcDbEntity
  8
F.Silkscreen
  6
CONTINUOUS
100
AcDbLine
 10
5.1430277559055115
 20
-2.8478667322834643
 30
0
 11
5.1430446456692911
 21
-2.847873188976378
 31
0
  0
LINE
  5
975
330
22
100
AcDbEntity
  8
F.Silkscreen
  6
CONTINUOUS
100
AcDbLine
 10
5.1430446456692911
 20
-2.847873188976378
 30
0
 11
5.1430446456692911
 21
-2.8375912992125985
 31
0
  0
LINE
  5
976
330
22
100
AcDbEntity
  8
F.Silkscreen
  6
CONTINUOUS
100
AcDbLine
 10
5.1430446456692911
 20
-2.8375912992125985
 30
0
 11
5.1431013779527559
 21
-2.8370152362204726
 31
0
  0
LINE
  5
977
330
22
100
AcDbEntity
  8
F.Silkscreen
  6
CONTINUOUS
100
AcDbLine
 10
5.1431013779527559
 20
-2.8370152362204726
 30
0
 11
5.1435422834645665
 21
-2.8359508267716533
 31
0
  0
LINE
  5
978
330
22
100
AcDbEntity
  8
F.Silkscreen
  6
CONTINUOUS
100
AcDbLine
 10
5.1435422834645665
 20
-2.8359508267716533
 30
0
 11
5.144356929133858
 21
-2.8351361811023623
 31
0
  0
LINE
  5
979
330
22
100
AcDbEntity
  8
F.Silkscreen
  6
CONTINUOUS
100
AcDbLine
 10
5.144356929133858
 20
-2.8351361811023623
 30
0
 11
5.1454213385826773
 21
-2.8346952755905512
 31
0
  0
LINE
  5
97A
330
22
100
AcDbEntity
  8
F.Silkscreen
  6
CONTINUOUS
100
AcDbLine
 10
5.1454213385826773
 20
-2.8346952755905512
 30
0
 11
5.146573464566929
 21
-2.8346952755905512
 31
0
  0
LINE
  5
97B
330
22
100
AcDbEntity
  8
F.Silkscreen
  6
CONTINUOUS
100
AcDbLine
 10
5.146573464566929
 20
-2.8346952755905512
 30
0
 11
5.1476378740157482
 21
-2.8351361811023623
 31
0
  0
LINE
  5
97C
330
22
100
AcDbEntity
  8
F.Silkscreen
  6
CONTINUOUS
100
AcDbLine
 10
5.1327483858267717
 20
-2.8550161417322832
 30
0
 11
5.1315512598425199
 21
-2.8562132677165355
 31
0
  0
LINE
  5
97D
330
22
100
AcDbEntity
  8
F.Silkscreen
  6
CONTINUOUS
100
AcDbLine
 10
5.1315512598425199
 20
-2.8562132677165355
 30
0
 11
5.1302025196850396
 21
-2.8589107480314961
 31
0
  0
LINE
  5
97E
330
22
100
AcDbEntity
  8
F.Silkscreen
  6
CONTINUOUS
100
AcDbLine
 10
5.1302025196850396
 20
-2.8589107480314961
 30
0
 11
5.1302025196850396
 21
-2.8687652362204723
 31
0
  0
LINE
  5
97F
330
22
100
AcDbEntity
  8
F.Silkscreen
  6
CONTINUOUS
100
AcDbLine
 10
5.1302025196850396
 20
-2.8687652362204723
 30
0
 11
5.1315512598425199
 21
-2.8714627165354329
 31
0
  0
LINE
  5
980
330
22
100
AcDbEntity
  8
F.Silkscreen
  6
CONTINUOUS
100
AcDbLine
 10
5.1315512598425199
 20
-2.8714627165354329
 30
0
 11
5.1327483858267717
 21
-2.8726598818897635
 31
0
  0
LINE
  5
981
330
22
100
AcDbEntity
  8
F.Silkscreen
  6
CONTINUOUS
100
AcDbLine
 10
5.1327483858267717
 20
-2.8726598818897635
 30
0
 11
5.1354458661417324
 21
-2.8740086220472438
 31
0
  0
LINE
  5
982
330
22
100
AcDbEntity
  8
F.Silkscreen
  6
CONTINUOUS
100
AcDbLine
 10
5.1354458661417324
 20
-2.8740086220472438
 30
0
 11
5.1415508267716534
 21
-2.8740086220472438
 31
0
  0
LINE
  5
983
330
22
100
AcDbEntity
  8
F.Silkscreen
  6
CONTINUOUS
100
AcDbLine
 10
5.1415508267716534
 20
-2.8740086220472438
 30
0
 11
5.1430446456692911
 21
-2.8732616929133856
 31
0
  0
LINE
  5
984
330
22
100
AcDbEntity
  8
F.Silkscreen
  6
CONTINUOUS
100
AcDbLine
 10
5.1430446456692911
 20
-2.8732616929133856
 30
0
 11
5.1430446456692911
 21
-2.8544142913385828
 31
0
  0
LINE
  5
985
330
22
100
AcDbEntity
  8
F.Silkscreen
  6
CONTINUOUS
100
AcDbLine
 10
5.1430446456692911
 20
-2.8544142913385828
 30
0
 11
5.1415508267716534
 21
-2.8536674015748029
 31
0
  0
LINE
  5
986
330
22
100
AcDbEntity
  8
F.Silkscreen
  6
CONTINUOUS
100
AcDbLine
 10
5.1415508267716534
 20
-2.8536674015748029
 30
0
 11
5.1354458661417324
 21
-2.8536674015748029
 31
0
  0
LINE
  5
987
330
22
100
AcDbEntity
  8
F.Silkscreen
  6
CONTINUOUS
100
AcDbLine
 10
5.1354458661417324
 20
-2.8536674015748029
 30
0
 11
5.1327483858267717
 21
-2.8550161417322832
 31
0
  0
LINE
  5
988
330
22
100
AcDbEntity
  8
F.Silkscreen
  6
CONTINUOUS
100
AcDbLine
 10
5.1953173622047242
 20
-2.8478186220472441
 30
0
 11
5.1954153543307084
 21
-2.8478592125984252
 31
0
  0
LINE
  5
989
330
22
100
AcDbEntity
  8
F.Silkscreen
  6
CONTINUOUS
100
AcDbLine
 10
5.1954153543307084
 20
-2.8478592125984252
 30
0
 11
5.1955211811023618
 21
-2.8478667322834643
 31
0
  0
LINE
  5
98A
330
22
100
AcDbEntity
  8
F.Silkscreen
  6
CONTINUOUS
100
AcDbLine
 10
5.1955211811023618
 20
-2.8478667322834643
 30
0
 11
5.1960618110236219
 21
-2.8480736220472442
 31
0
  0
LINE
  5
98B
330
22
100
AcDbEntity
  8
F.Silkscreen
  6
CONTINUOUS
100
AcDbLine
 10
5.1960618110236219
 20
-2.8480736220472442
 30
0
 11
5.199811338582677
 21
-2.8499483858267718
 31
0
  0
LINE
  5
98C
330
22
100
AcDbEntity
  8
F.Silkscreen
  6
CONTINUOUS
100
AcDbLine
 10
5.199811338582677
 20
-2.8499483858267718
 30
0
 11
5.2000593307086609
 21
-2.8501044488188976
 31
0
  0
LINE
  5
98D
330
22
100
AcDbEntity
  8
F.Silkscreen
  6
CONTINUOUS
100
AcDbLine
 10
5.2000593307086609
 20
-2.8501044488188976
 30
0
 11
5.2001312992125985
 21
-2.8501342913385828
 31
0
  0
LINE
  5
98E
330
22
100
AcDbEntity
  8
F.Silkscreen
  6
CONTINUOUS
100
AcDbLine
 10
5.2001312992125985
 20
-2.8501342913385828
 30
0
 11
5.2002122440944882
 21
-2.8502007480314959
 31
0
  0
LINE
  5
98F
330
22
100
AcDbEntity
  8
F.Silkscreen
  6
CONTINUOUS
100
AcDbLine
 10
5.2002122440944882
 20
-2.8502007480314959
 30
0
 11
5.2003012204724408
 21
-2.8502567322834644
 31
0
  0
LINE
  5
990
330
22
100
AcDbEntity
  8
F.Silkscreen
  6
CONTINUOUS
100
AcDbLine
 10
5.2003012204724408
 20
-2.8502567322834644
 30
0
 11
5.2003523622047245
 21
-2.8503157086614173
 31
0
  0
LINE
  5
991
330
22
100
AcDbEntity
  8
F.Silkscreen
  6
CONTINUOUS
100
AcDbLine
 10
5.2003523622047245
 20
-2.8503157086614173
 30
0
 11
5.2005787401574803
 21
-2.850501496062992
 31
0
  0
LINE
  5
992
330
22
100
AcDbEntity
  8
F.Silkscreen
  6
CONTINUOUS
100
AcDbLine
 10
5.2005787401574803
 20
-2.850501496062992
 30
0
 11
5.2024535039370079
 21
-2.8523762598425195
 31
0
  0
LINE
  5
993
330
22
100
AcDbEntity
  8
F.Silkscreen
  6
CONTINUOUS
100
AcDbLine
 10
5.2024535039370079
 20
-2.8523762598425195
 30
0
 11
5.2026392519685034
 21
-2.8526025984251966
 31
0
  0
LINE
  5
994
330
22
100
AcDbEntity
  8
F.Silkscreen
  6
CONTINUOUS
100
AcDbLine
 10
5.2026392519685034
 20
-2.8526025984251966
 30
0
 11
5.202698267716535
 21
-2.8526537795275591
 31
0
  0
LINE
  5
995
330
22
100
AcDbEntity
  8
F.Silkscreen
  6
CONTINUOUS
100
AcDbLine
 10
5.202698267716535
 20
-2.8526537795275591
 30
0
 11
5.2027542125984247
 21
-2.8527427165354329
 31
0
  0
LINE
  5
996
330
22
100
AcDbEntity
  8
F.Silkscreen
  6
CONTINUOUS
100
AcDbLine
 10
5.2027542125984247
 20
-2.8527427165354329
 30
0
 11
5.2028207086614175
 21
-2.8528237007874013
 31
0
  0
LINE
  5
997
330
22
100
AcDbEntity
  8
F.Silkscreen
  6
CONTINUOUS
100
AcDbLine
 10
5.2028207086614175
 20
-2.8528237007874013
 30
0
 11
5.2028505118110235
 21
-2.8528956299212598
 31
0
  0
LINE
  5
998
330
22
100
AcDbEntity
  8
F.Silkscreen
  6
CONTINUOUS
100
AcDbLine
 10
5.2028505118110235
 20
-2.8528956299212598
 30
0
 11
5.2030066141732281
 21
-2.8531436614173229
 31
0
  0
LINE
  5
999
330
22
100
AcDbEntity
  8
F.Silkscreen
  6
CONTINUOUS
100
AcDbLine
 10
5.2030066141732281
 20
-2.8531436614173229
 30
0
 11
5.2048813779527556
 21
-2.856893188976378
 31
0
  0
LINE
  5
99A
330
22
100
AcDbEntity
  8
F.Silkscreen
  6
CONTINUOUS
100
AcDbLine
 10
5.2048813779527556
 20
-2.856893188976378
 30
0
 11
5.2050882677165351
 21
-2.8574337795275588
 31
0
  0
LINE
  5
99B
330
22
100
AcDbEntity
  8
F.Silkscreen
  6
CONTINUOUS
100
AcDbLine
 10
5.2050882677165351
 20
-2.8574337795275588
 30
0
 11
5.2050957874015751
 21
-2.8575396456692914
 31
0
  0
LINE
  5
99C
330
22
100
AcDbEntity
  8
F.Silkscreen
  6
CONTINUOUS
100
AcDbLine
 10
5.2050957874015751
 20
-2.8575396456692914
 30
0
 11
5.2051363779527557
 21
-2.8576376377952757
 31
0
  0
LINE
  5
99D
330
22
100
AcDbEntity
  8
F.Silkscreen
  6
CONTINUOUS
100
AcDbLine
 10
5.2051363779527557
 20
-2.8576376377952757
 30
0
 11
5.2051931102362206
 21
-2.8582137007874016
 31
0
  0
LINE
  5
99E
330
22
100
AcDbEntity
  8
F.Silkscreen
  6
CONTINUOUS
100
AcDbLine
 10
5.2051931102362206
 20
-2.8582137007874016
 30
0
 11
5.2051931102362206
 21
-2.8694622834645669
 31
0
  0
LINE
  5
99F
330
22
100
AcDbEntity
  8
F.Silkscreen
  6
CONTINUOUS
100
AcDbLine
 10
5.2051931102362206
 20
-2.8694622834645669
 30
0
 11
5.2051363779527557
 21
-2.8700383464566928
 31
0
  0
LINE
  5
9A0
330
22
100
AcDbEntity
  8
F.Silkscreen
  6
CONTINUOUS
100
AcDbLine
 10
5.2051363779527557
 20
-2.8700383464566928
 30
0
 11
5.2050957874015751
 21
-2.8701362992125983
 31
0
  0
LINE
  5
9A1
330
22
100
AcDbEntity
  8
F.Silkscreen
  6
CONTINUOUS
100
AcDbLine
 10
5.2050957874015751
 20
-2.8701362992125983
 30
0
 11
5.2050882677165351
 21
-2.8702422047244092
 31
0
  0
LINE
  5
9A2
330
22
100
AcDbEntity
  8
F.Silkscreen
  6
CONTINUOUS
100
AcDbLine
 10
5.2050882677165351
 20
-2.8702422047244092
 30
0
 11
5.2048813779527556
 21
-2.8707827952755904
 31
0
  0
LINE
  5
9A3
330
22
100
AcDbEntity
  8
F.Silkscreen
  6
CONTINUOUS
100
AcDbLine
 10
5.2048813779527556
 20
-2.8707827952755904
 30
0
 11
5.2030066141732281
 21
-2.8745323228346455
 31
0
  0
LINE
  5
9A4
330
22
100
AcDbEntity
  8
F.Silkscreen
  6
CONTINUOUS
100
AcDbLine
 10
5.2030066141732281
 20
-2.8745323228346455
 30
0
 11
5.2028505511811023
 21
-2.8747801968503937
 31
0
  0
LINE
  5
9A5
330
22
100
AcDbEntity
  8
F.Silkscreen
  6
CONTINUOUS
100
AcDbLine
 10
5.2028505511811023
 20
-2.8747801968503937
 30
0
 11
5.2028207480314963
 21
-2.8748522440944879
 31
0
  0
LINE
  5
9A6
330
22
100
AcDbEntity
  8
F.Silkscreen
  6
CONTINUOUS
100
AcDbLine
 10
5.2028207480314963
 20
-2.8748522440944879
 30
0
 11
5.2027542125984247
 21
-2.8749332677165356
 31
0
  0
LINE
  5
9A7
330
22
100
AcDbEntity
  8
F.Silkscreen
  6
CONTINUOUS
100
AcDbLine
 10
5.2027542125984247
 20
-2.8749332677165356
 30
0
 11
5.202698267716535
 21
-2.8750222047244094
 31
0
  0
LINE
  5
9A8
330
22
100
AcDbEntity
  8
F.Silkscreen
  6
CONTINUOUS
100
AcDbLine
 10
5.202698267716535
 20
-2.8750222047244094
 30
0
 11
5.2026392519685034
 21
-2.8750733464566927
 31
0
  0
LINE
  5
9A9
330
22
100
AcDbEntity
  8
F.Silkscreen
  6
CONTINUOUS
100
AcDbLine
 10
5.2026392519685034
 20
-2.8750733464566927
 30
0
 11
5.2024535039370079
 21
-2.8752997244094489
 31
0
  0
LINE
  5
9AA
330
22
100
AcDbEntity
  8
F.Silkscreen
  6
CONTINUOUS
100
AcDbLine
 10
5.2024535039370079
 20
-2.8752997244094489
 30
0
 11
5.2005787795275591
 21
-2.8771744881889765
 31
0
  0
LINE
  5
9AB
330
22
100
AcDbEntity
  8
F.Silkscreen
  6
CONTINUOUS
100
AcDbLine
 10
5.2005787795275591
 20
-2.8771744881889765
 30
0
 11
5.2003524015748033
 21
-2.8773602362204724
 31
0
  0
LINE
  5
9AC
330
22
100
AcDbEntity
  8
F.Silkscreen
  6
CONTINUOUS
100
AcDbLine
 10
5.2003524015748033
 20
-2.8773602362204724
 30
0
 11
5.2003012204724408
 21
-2.8774192913385828
 31
0
  0
LINE
  5
9AD
330
22
100
AcDbEntity
  8
F.Silkscreen
  6
CONTINUOUS
100
AcDbLine
 10
5.2003012204724408
 20
-2.8774192913385828
 30
0
 11
5.2002122440944882
 21
-2.8774752755905513
 31
0
  0
LINE
  5
9AE
330
22
100
AcDbEntity
  8
F.Silkscreen
  6
CONTINUOUS
100
AcDbLine
 10
5.2002122440944882
 20
-2.8774752755905513
 30
0
 11
5.2001312992125985
 21
-2.8775417322834644
 31
0
  0
LINE
  5
9AF
330
22
100
AcDbEntity
  8
F.Silkscreen
  6
CONTINUOUS
100
AcDbLine
 10
5.2001312992125985
 20
-2.8775417322834644
 30
0
 11
5.2000593307086609
 21
-2.8775715354330709
 31
0
  0
LINE
  5
9B0
330
22
100
AcDbEntity
  8
F.Silkscreen
  6
CONTINUOUS
100
AcDbLine
 10
5.2000593307086609
 20
-2.8775715354330709
 30
0
 11
5.199811338582677
 21
-2.8777276377952754
 31
0
  0
LINE
  5
9B1
330
22
100
AcDbEntity
  8
F.Silkscreen
  6
CONTINUOUS
100
AcDbLine
 10
5.199811338582677
 20
-2.8777276377952754
 30
0
 11
5.1960618110236219
 21
-2.879602401574803
 31
0
  0
LINE
  5
9B2
330
22
100
AcDbEntity
  8
F.Silkscreen
  6
CONTINUOUS
100
AcDbLine
 10
5.1960618110236219
 20
-2.879602401574803
 30
0
 11
5.1955211811023618
 21
-2.8798092913385824
 31
0
  0
LINE
  5
9B3
330
22
100
AcDbEntity
  8
F.Silkscreen
  6
CONTINUOUS
100
AcDbLine
 10
5.1955211811023618
 20
-2.8798092913385824
 30
0
 11
5.1954153543307084
 21
-2.8798167716535432
 31
0
  0
LINE
  5
9B4
330
22
100
AcDbEntity
  8
F.Silkscreen
  6
CONTINUOUS
100
AcDbLine
 10
5.1954153543307084
 20
-2.8798167716535432
 30
0
 11
5.1953173622047242
 21
-2.8798574015748031
 31
0
  0
LINE
  5
9B5
330
22
100
AcDbEntity
  8
F.Silkscreen
  6
CONTINUOUS
100
AcDbLine
 10
5.1953173622047242
 20
-2.8798574015748031
 30
0
 11
5.1947412992125983
 21
-2.8799141338582674
 31
0
  0
LINE
  5
9B6
330
22
100
AcDbEntity
  8
F.Silkscreen
  6
CONTINUOUS
100
AcDbLine
 10
5.1947412992125983
 20
-2.8799141338582674
 30
0
 11
5.1891170078740156
 21
-2.8799141338582674
 31
0
  0
LINE
  5
9B7
330
22
100
AcDbEntity
  8
F.Silkscreen
  6
CONTINUOUS
100
AcDbLine
 10
5.1891170078740156
 20
-2.8799141338582674
 30
0
 11
5.1885409448818898
 21
-2.8798574015748031
 31
0
  0
LINE
  5
9B8
330
22
100
AcDbEntity
  8
F.Silkscreen
  6
CONTINUOUS
100
AcDbLine
 10
5.1885409448818898
 20
-2.8798574015748031
 30
0
 11
5.1884429527559055
 21
-2.879816811023622
 31
0
  0
LINE
  5
9B9
330
22
100
AcDbEntity
  8
F.Silkscreen
  6
CONTINUOUS
100
AcDbLine
 10
5.1884429527559055
 20
-2.879816811023622
 30
0
 11
5.1883370866141734
 21
-2.8798092913385824
 31
0
  0
LINE
  5
9BA
330
22
100
AcDbEntity
  8
F.Silkscreen
  6
CONTINUOUS
100
AcDbLine
 10
5.1883370866141734
 20
-2.8798092913385824
 30
0
 11
5.1877964960629921
 21
-2.879602401574803
 31
0
  0
LINE
  5
9BB
330
22
100
AcDbEntity
  8
F.Silkscreen
  6
CONTINUOUS
100
AcDbLine
 10
5.1877964960629921
 20
-2.879602401574803
 30
0
 11
5.184046968503937
 21
-2.8777276377952754
 31
0
  0
LINE
  5
9BC
330
22
100
AcDbEntity
  8
F.Silkscreen
  6
CONTINUOUS
100
AcDbLine
 10
5.184046968503937
 20
-2.8777276377952754
 30
0
 11
5.1837989370078743
 21
-2.8775715354330709
 31
0
  0
LINE
  5
9BD
330
22
100
AcDbEntity
  8
F.Silkscreen
  6
CONTINUOUS
100
AcDbLine
 10
5.1837989370078743
 20
-2.8775715354330709
 30
0
 11
5.1837270078740154
 21
-2.8775417322834644
 31
0
  0
LINE
  5
9BE
330
22
100
AcDbEntity
  8
F.Silkscreen
  6
CONTINUOUS
100
AcDbLine
 10
5.1837270078740154
 20
-2.8775417322834644
 30
0
 11
5.183646023622047
 21
-2.8774752755905513
 31
0
  0
LINE
  5
9BF
330
22
100
AcDbEntity
  8
F.Silkscreen
  6
CONTINUOUS
100
AcDbLine
 10
5.183646023622047
 20
-2.8774752755905513
 30
0
 11
5.1835570866141731
 21
-2.8774192913385828
 31
0
  0
LINE
  5
9C0
330
22
100
AcDbEntity
  8
F.Silkscreen
  6
CONTINUOUS
100
AcDbLine
 10
5.1835570866141731
 20
-2.8774192913385828
 30
0
 11
5.1835058661417319
 21
-2.8773602362204724
 31
0
  0
LINE
  5
9C1
330
22
100
AcDbEntity
  8
F.Silkscreen
  6
CONTINUOUS
100
AcDbLine
 10
5.1835058661417319
 20
-2.8773602362204724
 30
0
 11
5.1832795275590549
 21
-2.8771744881889765
 31
0
  0
LINE
  5
9C2
330
22
100
AcDbEntity
  8
F.Silkscreen
  6
CONTINUOUS
100
AcDbLine
 10
5.1832795275590549
 20
-2.8771744881889765
 30
0
 11
5.1814047637795273
 21
-2.8752996850393702
 31
0
  0
LINE
  5
9C3
330
22
100
AcDbEntity
  8
F.Silkscreen
  6
CONTINUOUS
100
AcDbLine
 10
5.1814047637795273
 20
-2.8752996850393702
 30
0
 11
5.1812190157480318
 21
-2.8750733464566927
 31
0
  0
LINE
  5
9C4
330
22
100
AcDbEntity
  8
F.Silkscreen
  6
CONTINUOUS
100
AcDbLine
 10
5.1812190157480318
 20
-2.8750733464566927
 30
0
 11
5.181160039370079
 21
-2.8750222047244094
 31
0
  0
LINE
  5
9C5
330
22
100
AcDbEntity
  8
F.Silkscreen
  6
CONTINUOUS
100
AcDbLine
 10
5.181160039370079
 20
-2.8750222047244094
 30
0
 11
5.1811040551181105
 21
-2.8749332677165356
 31
0
  0
LINE
  5
9C6
330
22
100
AcDbEntity
  8
F.Silkscreen
  6
CONTINUOUS
100
AcDbLine
 10
5.1811040551181105
 20
-2.8749332677165356
 30
0
 11
5.1810375590551176
 21
-2.8748522440944879
 31
0
  0
LINE
  5
9C7
330
22
100
AcDbEntity
  8
F.Silkscreen
  6
CONTINUOUS
100
AcDbLine
 10
5.1810375590551176
 20
-2.8748522440944879
 30
0
 11
5.1810077165354329
 21
-2.8747801968503937
 31
0
  0
LINE
  5
9C8
330
22
100
AcDbEntity
  8
F.Silkscreen
  6
CONTINUOUS
100
AcDbLine
 10
5.1810077165354329
 20
-2.8747801968503937
 30
0
 11
5.1808516929133859
 21
-2.8745323228346455
 31
0
  0
LINE
  5
9C9
330
22
100
AcDbEntity
  8
F.Silkscreen
  6
CONTINUOUS
100
AcDbLine
 10
5.1808516929133859
 20
-2.8745323228346455
 30
0
 11
5.1789769291338583
 21
-2.8707827952755904
 31
0
  0
LINE
  5
9CA
330
22
100
AcDbEntity
  8
F.Silkscreen
  6
CONTINUOUS
100
AcDbLine
 10
5.1789769291338583
 20
-2.8707827952755904
 30
0
 11
5.1787700393700788
 21
-2.8702421653543309
 31
0
  0
LINE
  5
9CB
330
22
100
AcDbEntity
  8
F.Silkscreen
  6
CONTINUOUS
100
AcDbLine
 10
5.1787700393700788
 20
-2.8702421653543309
 30
0
 11
5.1787625196850389
 21
-2.870136338582677
 31
0
  0
LINE
  5
9CC
330
22
100
AcDbEntity
  8
F.Silkscreen
  6
CONTINUOUS
100
AcDbLine
 10
5.1787625196850389
 20
-2.870136338582677
 30
0
 11
5.1787219291338582
 21
-2.8700383464566928
 31
0
  0
LINE
  5
9CD
330
22
100
AcDbEntity
  8
F.Silkscreen
  6
CONTINUOUS
100
AcDbLine
 10
5.1787219291338582
 20
-2.8700383464566928
 30
0
 11
5.1786651968503934
 21
-2.8694622834645669
 31
0
  0
LINE
  5
9CE
330
22
100
AcDbEntity
  8
F.Silkscreen
  6
CONTINUOUS
100
AcDbLine
 10
5.1786651968503934
 20
-2.8694622834645669
 30
0
 11
5.1786651968503934
 21
-2.8582137007874016
 31
0
  0
LINE
  5
9CF
330
22
100
AcDbEntity
  8
F.Silkscreen
  6
CONTINUOUS
100
AcDbLine
 10
5.1786651968503934
 20
-2.8582137007874016
 30
0
 11
5.1787219291338582
 21
-2.8576376377952757
 31
0
  0
LINE
  5
9D0
330
22
100
AcDbEntity
  8
F.Silkscreen
  6
CONTINUOUS
100
AcDbLine
 10
5.1787219291338582
 20
-2.8576376377952757
 30
0
 11
5.1787625196850389
 21
-2.8575396062992127
 31
0
  0
LINE
  5
9D1
330
22
100
AcDbEntity
  8
F.Silkscreen
  6
CONTINUOUS
100
AcDbLine
 10
5.1787625196850389
 20
-2.8575396062992127
 30
0
 11
5.1787700393700788
 21
-2.8574338188976376
 31
0
  0
LINE
  5
9D2
330
22
100
AcDbEntity
  8
F.Silkscreen
  6
CONTINUOUS
100
AcDbLine
 10
5.1787700393700788
 20
-2.8574338188976376
 30
0
 11
5.1789769291338583
 21
-2.856893188976378
 31
0
  0
LINE
  5
9D3
330
22
100
AcDbEntity
  8
F.Silkscreen
  6
CONTINUOUS
100
AcDbLine
 10
5.1789769291338583
 20
-2.856893188976378
 30
0
 11
5.1808516929133859
 21
-2.8531436614173229
 31
0
  0
LINE
  5
9D4
330
22
100
AcDbEntity
  8
F.Silkscreen
  6
CONTINUOUS
100
AcDbLine
 10
5.1808516929133859
 20
-2.8531436614173229
 30
0
 11
5.1810077559055117
 21
-2.8528956299212598
 31
0
  0
LINE
  5
9D5
330
22
100
AcDbEntity
  8
F.Silkscreen
  6
CONTINUOUS
100
AcDbLine
 10
5.1810077559055117
 20
-2.8528956299212598
 30
0
 11
5.1810375984251964
 21
-2.8528237007874013
 31
0
  0
LINE
  5
9D6
330
22
100
AcDbEntity
  8
F.Silkscreen
  6
CONTINUOUS
100
AcDbLine
 10
5.1810375984251964
 20
-2.8528237007874013
 30
0
 11
5.1811040551181105
 21
-2.8527427165354329
 31
0
  0
LINE
  5
9D7
330
22
100
AcDbEntity
  8
F.Silkscreen
  6
CONTINUOUS
100
AcDbLine
 10
5.1811040551181105
 20
-2.8527427165354329
 30
0
 11
5.181160039370079
 21
-2.8526537795275591
 31
0
  0
LINE
  5
9D8
330
22
100
AcDbEntity
  8
F.Silkscreen
  6
CONTINUOUS
100
AcDbLine
 10
5.181160039370079
 20
-2.8526537795275591
 30
0
 11
5.1812190157480318
 21
-2.8526025984251966
 31
0
  0
LINE
  5
9D9
330
22
100
AcDbEntity
  8
F.Silkscreen
  6
CONTINUOUS
100
AcDbLine
 10
5.1812190157480318
 20
-2.8526025984251966
 30
0
 11
5.1814048031496061
 21
-2.8523762598425195
 31
0
  0
LINE
  5
9DA
330
22
100
AcDbEntity
  8
F.Silkscreen
  6
CONTINUOUS
100
AcDbLine
 10
5.1814048031496061
 20
-2.8523762598425195
 30
0
 11
5.1832795669291336
 21
-2.850501496062992
 31
0
  0
LINE
  5
9DB
330
22
100
AcDbEntity
  8
F.Silkscreen
  6
CONTINUOUS
100
AcDbLine
 10
5.1832795669291336
 20
-2.850501496062992
 30
0
 11
5.1835059055118107
 21
-2.8503157086614173
 31
0
  0
LINE
  5
9DC
330
22
100
AcDbEntity
  8
F.Silkscreen
  6
CONTINUOUS
100
AcDbLine
 10
5.1835059055118107
 20
-2.8503157086614173
 30
0
 11
5.1835570866141731
 21
-2.8502567322834644
 31
0
  0
LINE
  5
9DD
330
22
100
AcDbEntity
  8
F.Silkscreen
  6
CONTINUOUS
100
AcDbLine
 10
5.1835570866141731
 20
-2.8502567322834644
 30
0
 11
5.183646023622047
 21
-2.8502007480314959
 31
0
  0
LINE
  5
9DE
330
22
100
AcDbEntity
  8
F.Silkscreen
  6
CONTINUOUS
100
AcDbLine
 10
5.183646023622047
 20
-2.8502007480314959
 30
0
 11
5.1837270078740154
 21
-2.8501342913385828
 31
0
  0
LINE
  5
9DF
330
22
100
AcDbEntity
  8
F.Silkscreen
  6
CONTINUOUS
100
AcDbLine
 10
5.1837270078740154
 20
-2.8501342913385828
 30
0
 11
5.1837989370078743
 21
-2.8501044488188976
 31
0
  0
LINE
  5
9E0
330
22
100
AcDbEntity
  8
F.Silkscreen
  6
CONTINUOUS
100
AcDbLine
 10
5.1837989370078743
 20
-2.8501044488188976
 30
0
 11
5.184046968503937
 21
-2.8499483858267718
 31
0
  0
LINE
  5
9E1
330
22
100
AcDbEntity
  8
F.Silkscreen
  6
CONTINUOUS
100
AcDbLine
 10
5.184046968503937
 20
-2.8499483858267718
 30
0
 11
5.1877964960629921
 21
-2.8480736220472442
 31
0
  0
LINE
  5
9E2
330
22
100
AcDbEntity
  8
F.Silkscreen
  6
CONTINUOUS
100
AcDbLine
 10
5.1877964960629921
 20
-2.8480736220472442
 30
0
 11
5.1883370866141734
 21
-2.8478667322834643
 31
0
  0
LINE
  5
9E3
330
22
100
AcDbEntity
  8
F.Silkscreen
  6
CONTINUOUS
100
AcDbLine
 10
5.1883370866141734
 20
-2.8478667322834643
 30
0
 11
5.1884429527559055
 21
-2.8478591732283465
 31
0
  0
LINE
  5
9E4
330
22
100
AcDbEntity
  8
F.Silkscreen
  6
CONTINUOUS
100
AcDbLine
 10
5.1884429527559055
 20
-2.8478591732283465
 30
0
 11
5.1885409448818898
 21
-2.8478186220472441
 31
0
  0
LINE
  5
9E5
330
22
100
AcDbEntity
  8
F.Silkscreen
  6
CONTINUOUS
100
AcDbLine
 10
5.1885409448818898
 20
-2.8478186220472441
 30
0
 11
5.1891170078740156
 21
-2.8477618897637793
 31
0
  0
LINE
  5
9E6
330
22
100
AcDbEntity
  8
F.Silkscreen
  6
CONTINUOUS
100
AcDbLine
 10
5.1891170078740156
 20
-2.8477618897637793
 30
0
 11
5.1947412992125983
 21
-2.8477618897637793
 31
0
  0
LINE
  5
9E7
330
22
100
AcDbEntity
  8
F.Silkscreen
  6
CONTINUOUS
100
AcDbLine
 10
5.1947412992125983
 20
-2.8477618897637793
 30
0
 11
5.1953173622047242
 21
-2.8478186220472441
 31
0
  0
LINE
  5
9E8
330
22
100
AcDbEntity
  8
F.Silkscreen
  6
CONTINUOUS
100
AcDbLine
 10
5.1871165748031496
 20
-2.8550161417322832
 30
0
 11
5.1859194488188978
 21
-2.8562132677165355
 31
0
  0
LINE
  5
9E9
330
22
100
AcDbEntity
  8
F.Silkscreen
  6
CONTINUOUS
100
AcDbLine
 10
5.1859194488188978
 20
-2.8562132677165355
 30
0
 11
5.1845707086614174
 21
-2.8589107480314961
 31
0
  0
LINE
  5
9EA
330
22
100
AcDbEntity
  8
F.Silkscreen
  6
CONTINUOUS
100
AcDbLine
 10
5.1845707086614174
 20
-2.8589107480314961
 30
0
 11
5.1845707086614174
 21
-2.8687652362204723
 31
0
  0
LINE
  5
9EB
330
22
100
AcDbEntity
  8
F.Silkscreen
  6
CONTINUOUS
100
AcDbLine
 10
5.1845707086614174
 20
-2.8687652362204723
 30
0
 11
5.1859194488188978
 21
-2.8714627165354329
 31
0
  0
LINE
  5
9EC
330
22
100
AcDbEntity
  8
F.Silkscreen
  6
CONTINUOUS
100
AcDbLine
 10
5.1859194488188978
 20
-2.8714627165354329
 30
0
 11
5.1871165748031496
 21
-2.8726598818897635
 31
0
  0
LINE
  5
9ED
330
22
100
AcDbEntity
  8
F.Silkscreen
  6
CONTINUOUS
100
AcDbLine
 10
5.1871165748031496
 20
-2.8726598818897635
 30
0
 11
5.1898140551181102
 21
-2.8740086220472438
 31
0
  0
LINE
  5
9EE
330
22
100
AcDbEntity
  8
F.Silkscreen
  6
CONTINUOUS
100
AcDbLine
 10
5.1898140551181102
 20
-2.8740086220472438
 30
0
 11
5.1940442519685037
 21
-2.8740086220472438
 31
0
  0
LINE
  5
9EF
330
22
100
AcDbEntity
  8
F.Silkscreen
  6
CONTINUOUS
100
AcDbLine
 10
5.1940442519685037
 20
-2.8740086220472438
 30
0
 11
5.1967416929133856
 21
-2.8726598818897635
 31
0
  0
LINE
  5
9F0
330
22
100
AcDbEntity
  8
F.Silkscreen
  6
CONTINUOUS
100
AcDbLine
 10
5.1967416929133856
 20
-2.8726598818897635
 30
0
 11
5.1979388188976374
 21
-2.8714627165354329
 31
0
  0
LINE
  5
9F1
330
22
100
AcDbEntity
  8
F.Silkscreen
  6
CONTINUOUS
100
AcDbLine
 10
5.1979388188976374
 20
-2.8714627165354329
 30
0
 11
5.1992875984251965
 21
-2.8687652362204723
 31
0
  0
LINE
  5
9F2
330
22
100
AcDbEntity
  8
F.Silkscreen
  6
CONTINUOUS
100
AcDbLine
 10
5.1992875984251965
 20
-2.8687652362204723
 30
0
 11
5.1992875984251965
 21
-2.8589107480314961
 31
0
  0
LINE
  5
9F3
330
22
100
AcDbEntity
  8
F.Silkscreen
  6
CONTINUOUS
100
AcDbLine
 10
5.1992875984251965
 20
-2.8589107480314961
 30
0
 11
5.1979388582677162
 21
-2.8562132677165355
 31
0
  0
LINE
  5
9F4
330
22
100
AcDbEntity
  8
F.Silkscreen
  6
CONTINUOUS
100
AcDbLine
 10
5.1979388582677162
 20
-2.8562132677165355
 30
0
 11
5.1967417322834644
 21
-2.8550161417322832
 31
0
  0
LINE
  5
9F5
330
22
100
AcDbEntity
  8
F.Silkscreen
  6
CONTINUOUS
100
AcDbLine
 10
5.1967417322834644
 20
-2.8550161417322832
 30
0
 11
5.1940442519685037
 21
-2.8536674015748029
 31
0
  0
LINE
  5
9F6
330
22
100
AcDbEntity
  8
F.Silkscreen
  6
CONTINUOUS
100
AcDbLine
 10
5.1940442519685037
 20
-2.8536674015748029
 30
0
 11
5.1898140551181102
 21
-2.8536674015748029
 31
0
  0
LINE
  5
9F7
330
22
100
AcDbEntity
  8
F.Silkscreen
  6
CONTINUOUS
100
AcDbLine
 10
5.1898140551181102
 20
-2.8536674015748029
 30
0
 11
5.1871165748031496
 21
-2.8550161417322832
 31
0
  0
LINE
  5
9F8
330
22
100
AcDbEntity
  8
F.Silkscreen
  6
CONTINUOUS
100
AcDbLine
 10
5.1663855511811025
 20
-2.8482595275590552
 30
0
 11
5.167200196850394
 21
-2.8490741732283462
 31
0
  0
LINE
  5
9F9
330
22
100
AcDbEntity
  8
F.Silkscreen
  6
CONTINUOUS
100
AcDbLine
 10
5.167200196850394
 20
-2.8490741732283462
 30
0
 11
5.1676411023622046
 21
-2.8501385826771655
 31
0
  0
LINE
  5
9FA
330
22
100
AcDbEntity
  8
F.Silkscreen
  6
CONTINUOUS
100
AcDbLine
 10
5.1676411023622046
 20
-2.8501385826771655
 30
0
 11
5.1676978346456695
 21
-2.8507146456692913
 31
0
  0
LINE
  5
9FB
330
22
100
AcDbEntity
  8
F.Silkscreen
  6
CONTINUOUS
100
AcDbLine
 10
5.1676978346456695
 20
-2.8507146456692913
 30
0
 11
5.1676978346456695
 21
-2.8769613779527559
 31
0
  0
LINE
  5
9FC
330
22
100
AcDbEntity
  8
F.Silkscreen
  6
CONTINUOUS
100
AcDbLine
 10
5.1676978346456695
 20
-2.8769613779527559
 30
0
 11
5.1676411023622046
 21
-2.8775374409448817
 31
0
  0
LINE
  5
9FD
330
22
100
AcDbEntity
  8
F.Silkscreen
  6
CONTINUOUS
100
AcDbLine
 10
5.1676411023622046
 20
-2.8775374409448817
 30
0
 11
5.167200196850394
 21
-2.8786018503937005
 31
0
  0
LINE
  5
9FE
330
22
100
AcDbEntity
  8
F.Silkscreen
  6
CONTINUOUS
100
AcDbLine
 10
5.167200196850394
 20
-2.8786018503937005
 30
0
 11
5.1663855511811025
 21
-2.879416496062992
 31
0
  0
LINE
  5
9FF
330
22
100
AcDbEntity
  8
F.Silkscreen
  6
CONTINUOUS
100
AcDbLine
 10
5.1663855511811025
 20
-2.879416496062992
 30
0
 11
5.1653211417322833
 21
-2.8798574015748031
 31
0
  0
LINE
  5
A00
330
22
100
AcDbEntity
  8
F.Silkscreen
  6
CONTINUOUS
100
AcDbLine
 10
5.1653211417322833
 20
-2.8798574015748031
 30
0
 11
5.1641690157480316
 21
-2.8798574015748031
 31
0
  0
LINE
  5
A01
330
22
100
AcDbEntity
  8
F.Silkscreen
  6
CONTINUOUS
100
AcDbLine
 10
5.1641690157480316
 20
-2.8798574015748031
 30
0
 11
5.1631046062992123
 21
-2.879416496062992
 31
0
  0
LINE
  5
A02
330
22
100
AcDbEntity
  8
F.Silkscreen
  6
CONTINUOUS
100
AcDbLine
 10
5.1631046062992123
 20
-2.879416496062992
 30
0
 11
5.1622899606299208
 21
-2.8786018503937005
 31
0
  0
LINE
  5
A03
330
22
100
AcDbEntity
  8
F.Silkscreen
  6
CONTINUOUS
100
AcDbLine
 10
5.1622899606299208
 20
-2.8786018503937005
 30
0
 11
5.1618490551181102
 21
-2.8775374409448817
 31
0
  0
LINE
  5
A04
330
22
100
AcDbEntity
  8
F.Silkscreen
  6
CONTINUOUS
100
AcDbLine
 10
5.1618490551181102
 20
-2.8775374409448817
 30
0
 11
5.1617923228346454
 21
-2.8769613779527559
 31
0
  0
LINE
  5
A05
330
22
100
AcDbEntity
  8
F.Silkscreen
  6
CONTINUOUS
100
AcDbLine
 10
5.1617923228346454
 20
-2.8769613779527559
 30
0
 11
5.1617923228346454
 21
-2.8507146456692913
 31
0
  0
LINE
  5
A06
330
22
100
AcDbEntity
  8
F.Silkscreen
  6
CONTINUOUS
100
AcDbLine
 10
5.1617923228346454
 20
-2.8507146456692913
 30
0
 11
5.1618490551181102
 21
-2.8501385826771655
 31
0
  0
LINE
  5
A07
330
22
100
AcDbEntity
  8
F.Silkscreen
  6
CONTINUOUS
100
AcDbLine
 10
5.1618490551181102
 20
-2.8501385826771655
 30
0
 11
5.1622899606299208
 21
-2.8490741732283462
 31
0
  0
LINE
  5
A08
330
22
100
AcDbEntity
  8
F.Silkscreen
  6
CONTINUOUS
100
AcDbLine
 10
5.1622899606299208
 20
-2.8490741732283462
 30
0
 11
5.1631046062992123
 21
-2.8482595275590552
 31
0
  0
LINE
  5
A09
330
22
100
AcDbEntity
  8
F.Silkscreen
  6
CONTINUOUS
100
AcDbLine
 10
5.1631046062992123
 20
-2.8482595275590552
 30
0
 11
5.1641690157480316
 21
-2.8478186220472441
 31
0
  0
LINE
  5
A0A
330
22
100
AcDbEntity
  8
F.Silkscreen
  6
CONTINUOUS
100
AcDbLine
 10
5.1641690157480316
 20
-2.8478186220472441
 30
0
 11
5.1653211417322833
 21
-2.8478186220472441
 31
0
  0
LINE
  5
A0B
330
22
100
AcDbEntity
  8
F.Silkscreen
  6
CONTINUOUS
100
AcDbLine
 10
5.1653211417322833
 20
-2.8478186220472441
 30
0
 11
5.1663855511811025
 21
-2.8482595275590552
 31
0
  0
LINE
  5
A0C
330
22
100
AcDbEntity
  8
F.Silkscreen
  6
CONTINUOUS
100
AcDbLine
 10
5.1663855511811025
 20
-2.8351361811023623
 30
0
 11
5.1668329921259843
 21
-2.8355033858267715
 31
0
  0
LINE
  5
A0D
330
22
100
AcDbEntity
  8
F.Silkscreen
  6
CONTINUOUS
100
AcDbLine
 10
5.1668329921259843
 20
-2.8355033858267715
 30
0
 11
5.1687077559055119
 21
-2.8373781496062991
 31
0
  0
LINE
  5
A0E
330
22
100
AcDbEntity
  8
F.Silkscreen
  6
CONTINUOUS
100
AcDbLine
 10
5.1687077559055119
 20
-2.8373781496062991
 30
0
 11
5.1690749606299216
 21
-2.8378255905511809
 31
0
  0
LINE
  5
A0F
330
22
100
AcDbEntity
  8
F.Silkscreen
  6
CONTINUOUS
100
AcDbLine
 10
5.1690749606299216
 20
-2.8378255905511809
 30
0
 11
5.1693009842519686
 21
-2.8383712204724407
 31
0
  0
LINE
  5
A10
330
22
100
AcDbEntity
  8
F.Silkscreen
  6
CONTINUOUS
100
AcDbLine
 10
5.1693009842519686
 20
-2.8383712204724407
 30
0
 11
5.1695158661417322
 21
-2.8388900393700789
 31
0
  0
LINE
  5
A11
330
22
100
AcDbEntity
  8
F.Silkscreen
  6
CONTINUOUS
100
AcDbLine
 10
5.1695158661417322
 20
-2.8388900393700789
 30
0
 11
5.1695158661417322
 21
-2.8400421259842519
 31
0
  0
LINE
  5
A12
330
22
100
AcDbEntity
  8
F.Silkscreen
  6
CONTINUOUS
100
AcDbLine
 10
5.1695158661417322
 20
-2.8400421259842519
 30
0
 11
5.1690749606299216
 21
-2.8411065354330707
 31
0
  0
LINE
  5
A13
330
22
100
AcDbEntity
  8
F.Silkscreen
  6
CONTINUOUS
100
AcDbLine
 10
5.1690749606299216
 20
-2.8411065354330707
 30
0
 11
5.1687077559055119
 21
-2.8415539763779525
 31
0
  0
LINE
  5
A14
330
22
100
AcDbEntity
  8
F.Silkscreen
  6
CONTINUOUS
100
AcDbLine
 10
5.1687077559055119
 20
-2.8415539763779525
 30
0
 11
5.1668329921259843
 21
-2.84342874015748
 31
0
  0
LINE
  5
A15
330
22
100
AcDbEntity
  8
F.Silkscreen
  6
CONTINUOUS
100
AcDbLine
 10
5.1668329921259843
 20
-2.84342874015748
 30
0
 11
5.1663855511811025
 21
-2.8437959448818897
 31
0
  0
LINE
  5
A16
330
22
100
AcDbEntity
  8
F.Silkscreen
  6
CONTINUOUS
100
AcDbLine
 10
5.1663855511811025
 20
-2.8437959448818897
 30
0
 11
5.1653211417322833
 21
-2.8442368503937008
 31
0
  0
LINE
  5
A17
330
22
100
AcDbEntity
  8
F.Silkscreen
  6
CONTINUOUS
100
AcDbLine
 10
5.1653211417322833
 20
-2.8442368503937008
 30
0
 11
5.1653211023622045
 21
-2.8442368503937008
 31
0
  0
LINE
  5
A18
330
22
100
AcDbEntity
  8
F.Silkscreen
  6
CONTINUOUS
100
AcDbLine
 10
5.1653211023622045
 20
-2.8442368503937008
 30
0
 11
5.1641690551181103
 21
-2.8442368503937008
 31
0
  0
LINE
  5
A19
330
22
100
AcDbEntity
  8
F.Silkscreen
  6
CONTINUOUS
100
AcDbLine
 10
5.1641690551181103
 20
-2.8442368503937008
 30
0
 11
5.1641690157480316
 21
-2.8442368503937008
 31
0
  0
LINE
  5
A1A
330
22
100
AcDbEntity
  8
F.Silkscreen
  6
CONTINUOUS
100
AcDbLine
 10
5.1641690157480316
 20
-2.8442368503937008
 30
0
 11
5.1631046062992123
 21
-2.8437959448818897
 31
0
  0
LINE
  5
A1B
330
22
100
AcDbEntity
  8
F.Silkscreen
  6
CONTINUOUS
100
AcDbLine
 10
5.1631046062992123
 20
-2.8437959448818897
 30
0
 11
5.1626571653543305
 21
-2.84342874015748
 31
0
  0
LINE
  5
A1C
330
22
100
AcDbEntity
  8
F.Silkscreen
  6
CONTINUOUS
100
AcDbLine
 10
5.1626571653543305
 20
-2.84342874015748
 30
0
 11
5.1607824015748029
 21
-2.8415539763779525
 31
0
  0
LINE
  5
A1D
330
22
100
AcDbEntity
  8
F.Silkscreen
  6
CONTINUOUS
100
AcDbLine
 10
5.1607824015748029
 20
-2.8415539763779525
 30
0
 11
5.1604151968503933
 21
-2.8411065354330707
 31
0
  0
LINE
  5
A1E
330
22
100
AcDbEntity
  8
F.Silkscreen
  6
CONTINUOUS
100
AcDbLine
 10
5.1604151968503933
 20
-2.8411065354330707
 30
0
 11
5.1599742913385827
 21
-2.8400420866141731
 31
0
  0
LINE
  5
A1F
330
22
100
AcDbEntity
  8
F.Silkscreen
  6
CONTINUOUS
100
AcDbLine
 10
5.1599742913385827
 20
-2.8400420866141731
 30
0
 11
5.1599742913385827
 21
-2.8388900393700789
 31
0
  0
LINE
  5
A20
330
22
100
AcDbEntity
  8
F.Silkscreen
  6
CONTINUOUS
100
AcDbLine
 10
5.1599742913385827
 20
-2.8388900393700789
 30
0
 11
5.1604151968503933
 21
-2.8378255905511809
 31
0
  0
LINE
  5
A21
330
22
100
AcDbEntity
  8
F.Silkscreen
  6
CONTINUOUS
100
AcDbLine
 10
5.1604151968503933
 20
-2.8378255905511809
 30
0
 11
5.1607824015748029
 21
-2.8373781496062991
 31
0
  0
LINE
  5
A22
330
22
100
AcDbEntity
  8
F.Silkscreen
  6
CONTINUOUS
100
AcDbLine
 10
5.1607824015748029
 20
-2.8373781496062991
 30
0
 11
5.1626571653543305
 21
-2.8355033858267715
 31
0
  0
LINE
  5
A23
330
22
100
AcDbEntity
  8
F.Silkscreen
  6
CONTINUOUS
100
AcDbLine
 10
5.1626571653543305
 20
-2.8355033858267715
 30
0
 11
5.1631046062992123
 21
-2.8351361811023623
 31
0
  0
LINE
  5
A24
330
22
100
AcDbEntity
  8
F.Silkscreen
  6
CONTINUOUS
100
AcDbLine
 10
5.1631046062992123
 20
-2.8351361811023623
 30
0
 11
5.1641690157480316
 21
-2.8346952755905512
 31
0
  0
LINE
  5
A25
330
22
100
AcDbEntity
  8
F.Silkscreen
  6
CONTINUOUS
100
AcDbLine
 10
5.1641690157480316
 20
-2.8346952755905512
 30
0
 11
5.1653211023622045
 21
-2.8346952755905512
 31
0
  0
LINE
  5
A26
330
22
100
AcDbEntity
  8
F.Silkscreen
  6
CONTINUOUS
100
AcDbLine
 10
5.1653211023622045
 20
-2.8346952755905512
 30
0
 11
5.1653211417322833
 21
-2.8346952755905512
 31
0
  0
LINE
  5
A27
330
22
100
AcDbEntity
  8
F.Silkscreen
  6
CONTINUOUS
100
AcDbLine
 10
5.1653211417322833
 20
-2.8346952755905512
 30
0
 11
5.1663855511811025
 21
-2.8351361811023623
 31
0
  0
LINE
  5
A28
330
22
100
AcDbEntity
  8
F.Silkscreen
  6
CONTINUOUS
100
AcDbLine
 10
5.1535157480314959
 20
-2.466035590551181
 30
0
 11
5.1548687401574798
 21
-2.4673885826771653
 31
0
  0
LINE
  5
A29
330
22
100
AcDbEntity
  8
F.Silkscreen
  6
CONTINUOUS
100
AcDbLine
 10
5.1548687401574798
 20
-2.4673885826771653
 30
0
 11
5.1550590551181097
 21
-2.4683452755905511
 31
0
  0
LINE
  5
A2A
330
22
100
AcDbEntity
  8
F.Silkscreen
  6
CONTINUOUS
100
AcDbLine
 10
5.1550590551181097
 20
-2.4683452755905511
 30
0
 11
5.1550590551181097
 21
-2.5219452755905509
 31
0
  0
LINE
  5
A2B
330
22
100
AcDbEntity
  8
F.Silkscreen
  6
CONTINUOUS
100
AcDbLine
 10
5.1550590551181097
 20
-2.5219452755905509
 30
0
 11
5.247047244094488
 21
-2.5219452755905509
 31
0
  0
LINE
  5
A2C
330
22
100
AcDbEntity
  8
F.Silkscreen
  6
CONTINUOUS
100
AcDbLine
 10
5.247047244094488
 20
-2.5219452755905509
 30
0
 11
5.2479133464566932
 21
-2.5221175590551179
 31
0
  0
LINE
  5
A2D
330
22
100
AcDbEntity
  8
F.Silkscreen
  6
CONTINUOUS
100
AcDbLine
 10
5.2479133464566932
 20
-2.5221175590551179
 30
0
 11
5.2576005511811026
 21
-2.5229473622047243
 31
0
  0
LINE
  5
A2E
330
22
100
AcDbEntity
  8
F.Silkscreen
  6
CONTINUOUS
100
AcDbLine
 10
5.2576005511811026
 20
-2.5229473622047243
 30
0
 11
5.2679032283464569
 21
-2.5251725196850394
 31
0
  0
LINE
  5
A2F
330
22
100
AcDbEntity
  8
F.Silkscreen
  6
CONTINUOUS
100
AcDbLine
 10
5.2679032283464569
 20
-2.5251725196850394
 30
0
 11
5.2778401574803144
 21
-2.5286872834645671
 31
0
  0
LINE
  5
A30
330
22
100
AcDbEntity
  8
F.Silkscreen
  6
CONTINUOUS
100
AcDbLine
 10
5.2778401574803144
 20
-2.5286872834645671
 30
0
 11
5.2872506692913381
 21
-2.5334348425196849
 31
0
  0
LINE
  5
A31
330
22
100
AcDbEntity
  8
F.Silkscreen
  6
CONTINUOUS
100
AcDbLine
 10
5.2872506692913381
 20
-2.5334348425196849
 30
0
 11
5.2959824803149607
 21
-2.5393384251968505
 31
0
  0
LINE
  5
A32
330
22
100
AcDbEntity
  8
F.Silkscreen
  6
CONTINUOUS
100
AcDbLine
 10
5.2959824803149607
 20
-2.5393384251968505
 30
0
 11
5.3038943700787398
 21
-2.5463024803149605
 31
0
  0
LINE
  5
A33
330
22
100
AcDbEntity
  8
F.Silkscreen
  6
CONTINUOUS
100
AcDbLine
 10
5.3038943700787398
 20
-2.5463024803149605
 30
0
 11
5.3108584251968507
 21
-2.5542143700787401
 31
0
  0
LINE
  5
A34
330
22
100
AcDbEntity
  8
F.Silkscreen
  6
CONTINUOUS
100
AcDbLine
 10
5.3108584251968507
 20
-2.5542143700787401
 30
0
 11
5.3167620078740159
 21
-2.5629461811023622
 31
0
  0
LINE
  5
A35
330
22
100
AcDbEntity
  8
F.Silkscreen
  6
CONTINUOUS
100
AcDbLine
 10
5.3167620078740159
 20
-2.5629461811023622
 30
0
 11
5.3215095669291337
 21
-2.5723566929133859
 31
0
  0
LINE
  5
A36
330
22
100
AcDbEntity
  8
F.Silkscreen
  6
CONTINUOUS
100
AcDbLine
 10
5.3215095669291337
 20
-2.5723566929133859
 30
0
 11
5.3250243307086613
 21
-2.5822936220472439
 31
0
  0
LINE
  5
A37
330
22
100
AcDbEntity
  8
F.Silkscreen
  6
CONTINUOUS
100
AcDbLine
 10
5.3250243307086613
 20
-2.5822936220472439
 30
0
 11
5.3272494881889765
 21
-2.5925962992125982
 31
0
  0
LINE
  5
A38
330
22
100
AcDbEntity
  8
F.Silkscreen
  6
CONTINUOUS
100
AcDbLine
 10
5.3272494881889765
 20
-2.5925962992125982
 30
0
 11
5.328069094488189
 21
-2.6021649212598423
 31
0
  0
LINE
  5
A39
330
22
100
AcDbEntity
  8
F.Silkscreen
  6
CONTINUOUS
100
AcDbLine
 10
5.328069094488189
 20
-2.6021649212598423
 30
0
 11
5.3280970866141733
 21
-2.6021929133858266
 31
0
  0
LINE
  5
A3A
330
22
100
AcDbEntity
  8
F.Silkscreen
  6
CONTINUOUS
100
AcDbLine
 10
5.3280970866141733
 20
-2.6021929133858266
 30
0
 11
5.3282874015748032
 21
-2.6031496062992123
 31
0
  0
LINE
  5
A3B
330
22
100
AcDbEntity
  8
F.Silkscreen
  6
CONTINUOUS
100
AcDbLine
 10
5.3282874015748032
 20
-2.6031496062992123
 30
0
 11
5.3282874015748032
 21
-3.2724409448818896
 31
0
  0
LINE
  5
A3C
330
22
100
AcDbEntity
  8
F.Silkscreen
  6
CONTINUOUS
100
AcDbLine
 10
5.3282874015748032
 20
-3.2724409448818896
 30
0
 11
5.3280970866141733
 21
-3.2733976377952754
 31
0
  0
LINE
  5
A3D
330
22
100
AcDbEntity
  8
F.Silkscreen
  6
CONTINUOUS
100
AcDbLine
 10
5.3280970866141733
 20
-3.2733976377952754
 30
0
 11
5.3280861811023623
 21
-3.273408503937008
 31
0
  0
LINE
  5
A3E
330
22
100
AcDbEntity
  8
F.Silkscreen
  6
CONTINUOUS
100
AcDbLine
 10
5.3280861811023623
 20
-3.273408503937008
 30
0
 11
5.3274557874015747
 21
-3.2830269291338583
 31
0
  0
LINE
  5
A3F
330
22
100
AcDbEntity
  8
F.Silkscreen
  6
CONTINUOUS
100
AcDbLine
 10
5.3274557874015747
 20
-3.2830269291338583
 30
0
 11
5.3253861417322836
 21
-3.2934317716535433
 31
0
  0
LINE
  5
A40
330
22
100
AcDbEntity
  8
F.Silkscreen
  6
CONTINUOUS
100
AcDbLine
 10
5.3253861417322836
 20
-3.2934317716535433
 30
0
 11
5.3219760629921256
 21
-3.3034774803149607
 31
0
  0
LINE
  5
A41
330
22
100
AcDbEntity
  8
F.Silkscreen
  6
CONTINUOUS
100
AcDbLine
 10
5.3219760629921256
 20
-3.3034774803149607
 30
0
 11
5.3172839763779525
 21
-3.3129921259842519
 31
0
  0
LINE
  5
A42
330
22
100
AcDbEntity
  8
F.Silkscreen
  6
CONTINUOUS
100
AcDbLine
 10
5.3172839763779525
 20
-3.3129921259842519
 30
0
 11
5.3113900787401578
 21
-3.3218129527559053
 31
0
  0
LINE
  5
A43
330
22
100
AcDbEntity
  8
F.Silkscreen
  6
CONTINUOUS
100
AcDbLine
 10
5.3113900787401578
 20
-3.3218129527559053
 30
0
 11
5.3043952755905508
 21
-3.3297889763779525
 31
0
  0
LINE
  5
A44
330
22
100
AcDbEntity
  8
F.Silkscreen
  6
CONTINUOUS
100
AcDbLine
 10
5.3043952755905508
 20
-3.3297889763779525
 30
0
 11
5.296419251968504
 21
-3.336783779527559
 31
0
  0
LINE
  5
A45
330
22
100
AcDbEntity
  8
F.Silkscreen
  6
CONTINUOUS
100
AcDbLine
 10
5.296419251968504
 20
-3.336783779527559
 30
0
 11
5.2875984251968502
 21
-3.3426776771653541
 31
0
  0
LINE
  5
A46
330
22
100
AcDbEntity
  8
F.Silkscreen
  6
CONTINUOUS
100
AcDbLine
 10
5.2875984251968502
 20
-3.3426776771653541
 30
0
 11
5.2780837795275586
 21
-3.3473697637795277
 31
0
  0
LINE
  5
A47
330
22
100
AcDbEntity
  8
F.Silkscreen
  6
CONTINUOUS
100
AcDbLine
 10
5.2780837795275586
 20
-3.3473697637795277
 30
0
 11
5.2680380708661412
 21
-3.3507798425196849
 31
0
  0
LINE
  5
A48
330
22
100
AcDbEntity
  8
F.Silkscreen
  6
CONTINUOUS
100
AcDbLine
 10
5.2680380708661412
 20
-3.3507798425196849
 30
0
 11
5.2576332283464566
 21
-3.3528494881889763
 31
0
  0
LINE
  5
A49
330
22
100
AcDbEntity
  8
F.Silkscreen
  6
CONTINUOUS
100
AcDbLine
 10
5.2576332283464566
 20
-3.3528494881889763
 30
0
 11
5.2480148031496059
 21
-3.3534798818897635
 31
0
  0
LINE
  5
A4A
330
22
100
AcDbEntity
  8
F.Silkscreen
  6
CONTINUOUS
100
AcDbLine
 10
5.2480148031496059
 20
-3.3534798818897635
 30
0
 11
5.2480039370078737
 21
-3.3534907874015749
 31
0
  0
LINE
  5
A4B
330
22
100
AcDbEntity
  8
F.Silkscreen
  6
CONTINUOUS
100
AcDbLine
 10
5.2480039370078737
 20
-3.3534907874015749
 30
0
 11
5.247047244094488
 21
-3.3536811023622048
 31
0
  0
LINE
  5
A4C
330
22
100
AcDbEntity
  8
F.Silkscreen
  6
CONTINUOUS
100
AcDbLine
 10
5.247047244094488
 20
-3.3536811023622048
 30
0
 11
4.7037401574803148
 21
-3.3536811023622048
 31
0
  0
LINE
  5
A4D
330
22
100
AcDbEntity
  8
F.Silkscreen
  6
CONTINUOUS
100
AcDbLine
 10
4.7037401574803148
 20
-3.3536811023622048
 30
0
 11
4.7027834645669291
 21
-3.3534907874015749
 31
0
  0
LINE
  5
A4E
330
22
100
AcDbEntity
  8
F.Silkscreen
  6
CONTINUOUS
100
AcDbLine
 10
4.7027834645669291
 20
-3.3534907874015749
 30
0
 11
4.7027553937007873
 21
-3.3534627165354332
 31
0
  0
LINE
  5
A4F
330
22
100
AcDbEntity
  8
F.Silkscreen
  6
CONTINUOUS
100
AcDbLine
 10
4.7027553937007873
 20
-3.3534627165354332
 30
0
 11
4.693187047244094
 21
-3.3526420866141731
 31
0
  0
LINE
  5
A50
330
22
100
AcDbEntity
  8
F.Silkscreen
  6
CONTINUOUS
100
AcDbLine
 10
4.693187047244094
 20
-3.3526420866141731
 30
0
 11
4.6828849212598422
 21
-3.3504161023622046
 31
0
  0
LINE
  5
A51
330
22
100
AcDbEntity
  8
F.Silkscreen
  6
CONTINUOUS
100
AcDbLine
 10
4.6828849212598422
 20
-3.3504161023622046
 30
0
 11
4.6729485433070863
 21
-3.3469007480314961
 31
0
  0
LINE
  5
A52
330
22
100
AcDbEntity
  8
F.Silkscreen
  6
CONTINUOUS
100
AcDbLine
 10
4.6729485433070863
 20
-3.3469007480314961
 30
0
 11
4.6635386220472439
 21
-3.3421529133858265
 31
0
  0
LINE
  5
A53
330
22
100
AcDbEntity
  8
F.Silkscreen
  6
CONTINUOUS
100
AcDbLine
 10
4.6635386220472439
 20
-3.3421529133858265
 30
0
 11
4.6548072834645664
 21
-3.3362492913385826
 31
0
  0
LINE
  5
A54
330
22
100
AcDbEntity
  8
F.Silkscreen
  6
CONTINUOUS
100
AcDbLine
 10
4.6548072834645664
 20
-3.3362492913385826
 30
0
 11
4.6468957086614173
 21
-3.3292853937007871
 31
0
  0
LINE
  5
A55
330
22
100
AcDbEntity
  8
F.Silkscreen
  6
CONTINUOUS
100
AcDbLine
 10
4.6468957086614173
 20
-3.3292853937007871
 30
0
 11
4.6399318110236223
 21
-3.3213738188976376
 31
0
  0
LINE
  5
A56
330
22
100
AcDbEntity
  8
F.Silkscreen
  6
CONTINUOUS
100
AcDbLine
 10
4.6399318110236223
 20
-3.3213738188976376
 30
0
 11
4.6340281889763775
 21
-3.3126424803149606
 31
0
  0
LINE
  5
A57
330
22
100
AcDbEntity
  8
F.Silkscreen
  6
CONTINUOUS
100
AcDbLine
 10
4.6340281889763775
 20
-3.3126424803149606
 30
0
 11
4.6292803543307084
 21
-3.3032325590551181
 31
0
  0
LINE
  5
A58
330
22
100
AcDbEntity
  8
F.Silkscreen
  6
CONTINUOUS
100
AcDbLine
 10
4.6292803543307084
 20
-3.3032325590551181
 30
0
 11
4.6257649999999995
 21
-3.2932961811023622
 31
0
  0
LINE
  5
A59
330
22
100
AcDbEntity
  8
F.Silkscreen
  6
CONTINUOUS
100
AcDbLine
 10
4.6257649999999995
 20
-3.2932961811023622
 30
0
 11
4.6235390157480314
 21
-3.28299405511811
 31
0
  0
LINE
  5
A5A
330
22
100
AcDbEntity
  8
F.Silkscreen
  6
CONTINUOUS
100
AcDbLine
 10
4.6235390157480314
 20
-3.28299405511811
 30
0
 11
4.6227183464566926
 21
-3.2734256692913384
 31
0
  0
LINE
  5
A5B
330
22
100
AcDbEntity
  8
F.Silkscreen
  6
CONTINUOUS
100
AcDbLine
 10
4.6227183464566926
 20
-3.2734256692913384
 30
0
 11
4.6226903149606295
 21
-3.2733976377952754
 31
0
  0
LINE
  5
A5C
330
22
100
AcDbEntity
  8
F.Silkscreen
  6
CONTINUOUS
100
AcDbLine
 10
4.6226903149606295
 20
-3.2733976377952754
 30
0
 11
4.6224999999999996
 21
-3.2724409448818896
 31
0
  0
LINE
  5
A5D
330
22
100
AcDbEntity
  8
F.Silkscreen
  6
CONTINUOUS
100
AcDbLine
 10
4.6224999999999996
 20
-3.2724409448818896
 30
0
 11
4.6224999999999996
 21
-2.6031496062992123
 31
0
  0
LINE
  5
A5E
330
22
100
AcDbEntity
  8
F.Silkscreen
  6
CONTINUOUS
100
AcDbLine
 10
4.6224999999999996
 20
-2.6031496062992123
 30
0
 11
4.6226903149606295
 21
-2.6021929133858266
 31
0
  0
LINE
  5
A5F
330
22
100
AcDbEntity
  8
F.Silkscreen
  6
CONTINUOUS
100
AcDbLine
 10
4.6226903149606295
 20
-2.6021929133858266
 30
0
 11
4.622718267716535
 21
-2.6021649212598423
 31
0
  0
LINE
  5
A60
330
22
100
AcDbEntity
  8
F.Silkscreen
  6
CONTINUOUS
100
AcDbLine
 10
4.622718267716535
 20
-2.6021649212598423
 30
0
 11
4.6235379133858263
 21
-2.5925962992125982
 31
0
  0
LINE
  5
A61
330
22
100
AcDbEntity
  8
F.Silkscreen
  6
CONTINUOUS
100
AcDbLine
 10
4.6235379133858263
 20
-2.5925962992125982
 30
0
 11
4.6257630708661415
 21
-2.5822936220472439
 31
0
  0
LINE
  5
A62
330
22
100
AcDbEntity
  8
F.Silkscreen
  6
CONTINUOUS
100
AcDbLine
 10
4.6257630708661415
 20
-2.5822936220472439
 30
0
 11
4.6292778346456691
 21
-2.5723566929133859
 31
0
  0
LINE
  5
A63
330
22
100
AcDbEntity
  8
F.Silkscreen
  6
CONTINUOUS
100
AcDbLine
 10
4.6292778346456691
 20
-2.5723566929133859
 30
0
 11
4.6340253937007869
 21
-2.5629461811023622
 31
0
  0
LINE
  5
A64
330
22
100
AcDbEntity
  8
F.Silkscreen
  6
CONTINUOUS
100
AcDbLine
 10
4.6340253937007869
 20
-2.5629461811023622
 30
0
 11
4.639928976377953
 21
-2.5542143700787401
 31
0
  0
LINE
  5
A65
330
22
100
AcDbEntity
  8
F.Silkscreen
  6
CONTINUOUS
100
AcDbLine
 10
4.639928976377953
 20
-2.5542143700787401
 30
0
 11
4.646893031496063
 21
-2.5463024803149605
 31
0
  0
LINE
  5
A66
330
22
100
AcDbEntity
  8
F.Silkscreen
  6
CONTINUOUS
100
AcDbLine
 10
4.646893031496063
 20
-2.5463024803149605
 30
0
 11
4.6548049212598421
 21
-2.5393384251968505
 31
0
  0
LINE
  5
A67
330
22
100
AcDbEntity
  8
F.Silkscreen
  6
CONTINUOUS
100
AcDbLine
 10
4.6548049212598421
 20
-2.5393384251968505
 30
0
 11
4.6635367322834647
 21
-2.5334348425196849
 31
0
  0
LINE
  5
A68
330
22
100
AcDbEntity
  8
F.Silkscreen
  6
CONTINUOUS
100
AcDbLine
 10
4.6635367322834647
 20
-2.5334348425196849
 30
0
 11
4.6729472440944884
 21
-2.5286872834645671
 31
0
  0
LINE
  5
A69
330
22
100
AcDbEntity
  8
F.Silkscreen
  6
CONTINUOUS
100
AcDbLine
 10
4.6729472440944884
 20
-2.5286872834645671
 30
0
 11
4.6828841732283459
 21
-2.5251725196850394
 31
0
  0
LINE
  5
A6A
330
22
100
AcDbEntity
  8
F.Silkscreen
  6
CONTINUOUS
100
AcDbLine
 10
4.6828841732283459
 20
-2.5251725196850394
 30
0
 11
4.6931868503937011
 21
-2.5229473622047243
 31
0
  0
LINE
  5
A6B
330
22
100
AcDbEntity
  8
F.Silkscreen
  6
CONTINUOUS
100
AcDbLine
 10
4.6931868503937011
 20
-2.5229473622047243
 30
0
 11
4.7028740157480318
 21
-2.5221175590551179
 31
0
  0
LINE
  5
A6C
330
22
100
AcDbEntity
  8
F.Silkscreen
  6
CONTINUOUS
100
AcDbLine
 10
4.7028740157480318
 20
-2.5221175590551179
 30
0
 11
4.7037401574803148
 21
-2.5219452755905509
 31
0
  0
LINE
  5
A6D
330
22
100
AcDbEntity
  8
F.Silkscreen
  6
CONTINUOUS
100
AcDbLine
 10
4.7037401574803148
 20
-2.5219452755905509
 30
0
 11
4.7957283464566931
 21
-2.5219452755905509
 31
0
  0
LINE
  5
A6E
330
22
100
AcDbEntity
  8
F.Silkscreen
  6
CONTINUOUS
100
AcDbLine
 10
4.7957283464566931
 20
-2.5219452755905509
 30
0
 11
4.7957283464566931
 21
-2.4683452755905511
 31
0
  0
LINE
  5
A6F
330
22
100
AcDbEntity
  8
F.Silkscreen
  6
CONTINUOUS
100
AcDbLine
 10
4.7957283464566931
 20
-2.4683452755905511
 30
0
 11
4.795918661417323
 21
-2.4673885826771653
 31
0
  0
LINE
  5
A70
330
22
100
AcDbEntity
  8
F.Silkscreen
  6
CONTINUOUS
100
AcDbLine
 10
4.795918661417323
 20
-2.4673885826771653
 30
0
 11
4.7972716535433069
 21
-2.466035590551181
 31
0
  0
LINE
  5
A71
330
22
100
AcDbEntity
  8
F.Silkscreen
  6
CONTINUOUS
100
AcDbLine
 10
4.7972716535433069
 20
-2.466035590551181
 30
0
 11
4.7982283464566926
 21
-2.4658452755905511
 31
0
  0
LINE
  5
A72
330
22
100
AcDbEntity
  8
F.Silkscreen
  6
CONTINUOUS
100
AcDbLine
 10
4.7982283464566926
 20
-2.4658452755905511
 30
0
 11
5.1525590551181102
 21
-2.4658452755905511
 31
0
  0
LINE
  5
A73
330
22
100
AcDbEntity
  8
F.Silkscreen
  6
CONTINUOUS
100
AcDbLine
 10
5.1525590551181102
 20
-2.4658452755905511
 30
0
 11
5.1535157480314959
 21
-2.466035590551181
 31
0
  0
LINE
  5
A74
330
22
100
AcDbEntity
  8
F.Silkscreen
  6
CONTINUOUS
100
AcDbLine
 10
5.247047244094488
 20
-2.5269452755905513
 30
0
 11
5.1550590551181097
 21
-2.5269452755905513
 31
0
  0
LINE
  5
A75
330
22
100
AcDbEntity
  8
F.Silkscreen
  6
CONTINUOUS
100
AcDbLine
 10
5.1550590551181097
 20
-2.5269452755905513
 30
0
 11
5.1550590551181097
 21
-2.7578452755905509
 31
0
  0
LINE
  5
A76
330
22
100
AcDbEntity
  8
F.Silkscreen
  6
CONTINUOUS
100
AcDbLine
 10
5.1550590551181097
 20
-2.7578452755905509
 30
0
 11
5.1548687401574798
 21
-2.7588019685039371
 31
0
  0
LINE
  5
A77
330
22
100
AcDbEntity
  8
F.Silkscreen
  6
CONTINUOUS
100
AcDbLine
 10
5.1548687401574798
 20
-2.7588019685039371
 30
0
 11
5.1535157480314959
 21
-2.7601549606299214
 31
0
  0
LINE
  5
A78
330
22
100
AcDbEntity
  8
F.Silkscreen
  6
CONTINUOUS
100
AcDbLine
 10
5.1535157480314959
 20
-2.7601549606299214
 30
0
 11
5.1525590551181102
 21
-2.7603452755905513
 31
0
  0
LINE
  5
A79
330
22
100
AcDbEntity
  8
F.Silkscreen
  6
CONTINUOUS
100
AcDbLine
 10
5.1525590551181102
 20
-2.7603452755905513
 30
0
 11
4.7982283464566926
 21
-2.7603452755905513
 31
0
  0
LINE
  5
A7A
330
22
100
AcDbEntity
  8
F.Silkscreen
  6
CONTINUOUS
100
AcDbLine
 10
4.7982283464566926
 20
-2.7603452755905513
 30
0
 11
4.7972716535433069
 21
-2.7601549606299214
 31
0
  0
LINE
  5
A7B
330
22
100
AcDbEntity
  8
F.Silkscreen
  6
CONTINUOUS
100
AcDbLine
 10
4.7972716535433069
 20
-2.7601549606299214
 30
0
 11
4.795918661417323
 21
-2.7588019685039371
 31
0
  0
LINE
  5
A7C
330
22
100
AcDbEntity
  8
F.Silkscreen
  6
CONTINUOUS
100
AcDbLine
 10
4.795918661417323
 20
-2.7588019685039371
 30
0
 11
4.7957283464566931
 21
-2.7578452755905509
 31
0
  0
LINE
  5
A7D
330
22
100
AcDbEntity
  8
F.Silkscreen
  6
CONTINUOUS
100
AcDbLine
 10
4.7957283464566931
 20
-2.7578452755905509
 30
0
 11
4.7957283464566931
 21
-2.5269452755905513
 31
0
  0
LINE
  5
A7E
330
22
100
AcDbEntity
  8
F.Silkscreen
  6
CONTINUOUS
100
AcDbLine
 10
4.7957283464566931
 20
-2.5269452755905513
 30
0
 11
4.7037401574803148
 21
-2.5269452755905513
 31
0
  0
LINE
  5
A7F
330
22
100
AcDbEntity
  8
F.Silkscreen
  6
CONTINUOUS
100
AcDbLine
 10
4.7037401574803148
 20
-2.5269452755905513
 30
0
 11
4.7029543700787402
 21
-2.5267889370078738
 31
0
  0
LINE
  5
A80
330
22
100
AcDbEntity
  8
F.Silkscreen
  6
CONTINUOUS
100
AcDbLine
 10
4.7029543700787402
 20
-2.5267889370078738
 30
0
 11
4.698812874015748
 21
-2.5268773228346455
 31
0
  0
LINE
  5
A81
330
22
100
AcDbEntity
  8
F.Silkscreen
  6
CONTINUOUS
100
AcDbLine
 10
4.698812874015748
 20
-2.5268773228346455
 30
0
 11
4.6889635039370079
 21
-2.5283566141732283
 31
0
  0
LINE
  5
A82
330
22
100
AcDbEntity
  8
F.Silkscreen
  6
CONTINUOUS
100
AcDbLine
 10
4.6889635039370079
 20
-2.5283566141732283
 30
0
 11
4.6793815354330706
 21
-2.5310740944881891
 31
0
  0
LINE
  5
A83
330
22
100
AcDbEntity
  8
F.Silkscreen
  6
CONTINUOUS
100
AcDbLine
 10
4.6793815354330706
 20
-2.5310740944881891
 30
0
 11
4.6702219291338585
 21
-2.5349857086614174
 31
0
  0
LINE
  5
A84
330
22
100
AcDbEntity
  8
F.Silkscreen
  6
CONTINUOUS
100
AcDbLine
 10
4.6702219291338585
 20
-2.5349857086614174
 30
0
 11
4.6616329133858265
 21
-2.5400282283464568
 31
0
  0
LINE
  5
A85
330
22
100
AcDbEntity
  8
F.Silkscreen
  6
CONTINUOUS
100
AcDbLine
 10
4.6616329133858265
 20
-2.5400282283464568
 30
0
 11
4.6537533070866139
 21
-2.5461200787401572
 31
0
  0
LINE
  5
A86
330
22
100
AcDbEntity
  8
F.Silkscreen
  6
CONTINUOUS
100
AcDbLine
 10
4.6537533070866139
 20
-2.5461200787401572
 30
0
 11
4.6467106299212597
 21
-2.5531627559055119
 31
0
  0
LINE
  5
A87
330
22
100
AcDbEntity
  8
F.Silkscreen
  6
CONTINUOUS
100
AcDbLine
 10
4.6467106299212597
 20
-2.5531627559055119
 30
0
 11
4.6406187795275589
 21
-2.5610423622047245
 31
0
  0
LINE
  5
A88
330
22
100
AcDbEntity
  8
F.Silkscreen
  6
CONTINUOUS
100
AcDbLine
 10
4.6406187795275589
 20
-2.5610423622047245
 30
0
 11
4.6355762598425194
 21
-2.569631377952756
 31
0
  0
LINE
  5
A89
330
22
100
AcDbEntity
  8
F.Silkscreen
  6
CONTINUOUS
100
AcDbLine
 10
4.6355762598425194
 20
-2.569631377952756
 30
0
 11
4.6316646456692911
 21
-2.5787909842519685
 31
0
  0
LINE
  5
A8A
330
22
100
AcDbEntity
  8
F.Silkscreen
  6
CONTINUOUS
100
AcDbLine
 10
4.6316646456692911
 20
-2.5787909842519685
 30
0
 11
4.6289471653543304
 21
-2.5883729527559054
 31
0
  0
LINE
  5
A8B
330
22
100
AcDbEntity
  8
F.Silkscreen
  6
CONTINUOUS
100
AcDbLine
 10
4.6289471653543304
 20
-2.5883729527559054
 30
0
 11
4.627467874015748
 21
-2.5982223228346455
 31
0
  0
LINE
  5
A8C
330
22
100
AcDbEntity
  8
F.Silkscreen
  6
CONTINUOUS
100
AcDbLine
 10
4.627467874015748
 20
-2.5982223228346455
 30
0
 11
4.6273760236220474
 21
-2.6025264960629921
 31
0
  0
LINE
  5
A8D
330
22
100
AcDbEntity
  8
F.Silkscreen
  6
CONTINUOUS
100
AcDbLine
 10
4.6273760236220474
 20
-2.6025264960629921
 30
0
 11
4.6274999999999995
 21
-2.6031496062992123
 31
0
  0
LINE
  5
A8E
330
22
100
AcDbEntity
  8
F.Silkscreen
  6
CONTINUOUS
100
AcDbLine
 10
4.6274999999999995
 20
-2.6031496062992123
 30
0
 11
4.6274999999999995
 21
-3.2724409448818896
 31
0
  0
LINE
  5
A8F
330
22
100
AcDbEntity
  8
F.Silkscreen
  6
CONTINUOUS
100
AcDbLine
 10
4.6274999999999995
 20
-3.2724409448818896
 30
0
 11
4.6273761023622049
 21
-3.2730637007874015
 31
0
  0
LINE
  5
A90
330
22
100
AcDbEntity
  8
F.Silkscreen
  6
CONTINUOUS
100
AcDbLine
 10
4.6273761023622049
 20
-3.2730637007874015
 30
0
 11
4.6274683858267718
 21
-3.2773677952755906
 31
0
  0
LINE
  5
A91
330
22
100
AcDbEntity
  8
F.Silkscreen
  6
CONTINUOUS
100
AcDbLine
 10
4.6274683858267718
 20
-3.2773677952755906
 30
0
 11
4.6289486220472442
 21
-3.2872167716535432
 31
0
  0
LINE
  5
A92
330
22
100
AcDbEntity
  8
F.Silkscreen
  6
CONTINUOUS
100
AcDbLine
 10
4.6289486220472442
 20
-3.2872167716535432
 30
0
 11
4.6316667322834641
 21
-3.2967982677165355
 31
0
  0
LINE
  5
A93
330
22
100
AcDbEntity
  8
F.Silkscreen
  6
CONTINUOUS
100
AcDbLine
 10
4.6316667322834641
 20
-3.2967982677165355
 30
0
 11
4.6355787795275587
 21
-3.3059573622047242
 31
0
  0
LINE
  5
A94
330
22
100
AcDbEntity
  8
F.Silkscreen
  6
CONTINUOUS
100
AcDbLine
 10
4.6355787795275587
 20
-3.3059573622047242
 30
0
 11
4.6406214960629919
 21
-3.3145459842519682
 31
0
  0
LINE
  5
A95
330
22
100
AcDbEntity
  8
F.Silkscreen
  6
CONTINUOUS
100
AcDbLine
 10
4.6406214960629919
 20
-3.3145459842519682
 30
0
 11
4.6467133464566928
 21
-3.3224252362204725
 31
0
  0
LINE
  5
A96
330
22
100
AcDbEntity
  8
F.Silkscreen
  6
CONTINUOUS
100
AcDbLine
 10
4.6467133464566928
 20
-3.3224252362204725
 30
0
 11
4.653755866141732
 21
-3.3294677559055117
 31
0
  0
LINE
  5
A97
330
22
100
AcDbEntity
  8
F.Silkscreen
  6
CONTINUOUS
100
AcDbLine
 10
4.653755866141732
 20
-3.3294677559055117
 30
0
 11
4.6616351181102358
 21
-3.3355596062992126
 31
0
  0
LINE
  5
A98
330
22
100
AcDbEntity
  8
F.Silkscreen
  6
CONTINUOUS
100
AcDbLine
 10
4.6616351181102358
 20
-3.3355596062992126
 30
0
 11
4.6702237401574802
 21
-3.3406023228346458
 31
0
  0
LINE
  5
A99
330
22
100
AcDbEntity
  8
F.Silkscreen
  6
CONTINUOUS
100
AcDbLine
 10
4.6702237401574802
 20
-3.3406023228346458
 30
0
 11
4.6793828346456694
 21
-3.3445143700787399
 31
0
  0
LINE
  5
A9A
330
22
100
AcDbEntity
  8
F.Silkscreen
  6
CONTINUOUS
100
AcDbLine
 10
4.6793828346456694
 20
-3.3445143700787399
 30
0
 11
4.6889643307086617
 21
-3.3472324803149607
 31
0
  0
LINE
  5
A9B
330
22
100
AcDbEntity
  8
F.Silkscreen
  6
CONTINUOUS
100
AcDbLine
 10
4.6889643307086617
 20
-3.3472324803149607
 30
0
 11
4.6988133070866143
 21
-3.3487127165354331
 31
0
  0
LINE
  5
A9C
330
22
100
AcDbEntity
  8
F.Silkscreen
  6
CONTINUOUS
100
AcDbLine
 10
4.6988133070866143
 20
-3.3487127165354331
 30
0
 11
4.7031173622047246
 21
-3.3488049606299213
 31
0
  0
LINE
  5
A9D
330
22
100
AcDbEntity
  8
F.Silkscreen
  6
CONTINUOUS
100
AcDbLine
 10
4.7031173622047246
 20
-3.3488049606299213
 30
0
 11
4.7037401574803148
 21
-3.3486811023622045
 31
0
  0
LINE
  5
A9E
330
22
100
AcDbEntity
  8
F.Silkscreen
  6
CONTINUOUS
100
AcDbLine
 10
4.7037401574803148
 20
-3.3486811023622045
 30
0
 11
5.247047244094488
 21
-3.3486811023622045
 31
0
  0
LINE
  5
A9F
330
22
100
AcDbEntity
  8
F.Silkscreen
  6
CONTINUOUS
100
AcDbLine
 10
5.247047244094488
 20
-3.3486811023622045
 30
0
 11
5.2477399212598428
 21
-3.3488188976377953
 31
0
  0
LINE
  5
AA0
330
22
100
AcDbEntity
  8
F.Silkscreen
  6
CONTINUOUS
100
AcDbLine
 10
5.2477399212598428
 20
-3.3488188976377953
 30
0
 11
5.252053307086614
 21
-3.3488188976377953
 31
0
  0
LINE
  5
AA1
330
22
100
AcDbEntity
  8
F.Silkscreen
  6
CONTINUOUS
100
AcDbLine
 10
5.252053307086614
 20
-3.3488188976377953
 30
0
 11
5.2619798425196853
 21
-3.3475120866141732
 31
0
  0
LINE
  5
AA2
330
22
100
AcDbEntity
  8
F.Silkscreen
  6
CONTINUOUS
100
AcDbLine
 10
5.2619798425196853
 20
-3.3475120866141732
 30
0
 11
5.2716508267716531
 21
-3.344920748031496
 31
0
  0
LINE
  5
AA3
330
22
100
AcDbEntity
  8
F.Silkscreen
  6
CONTINUOUS
100
AcDbLine
 10
5.2716508267716531
 20
-3.344920748031496
 30
0
 11
5.2809008661417325
 21
-3.341089251968504
 31
0
  0
LINE
  5
AA4
330
22
100
AcDbEntity
  8
F.Silkscreen
  6
CONTINUOUS
100
AcDbLine
 10
5.2809008661417325
 20
-3.341089251968504
 30
0
 11
5.2895716141732283
 21
-3.336083188976378
 31
0
  0
LINE
  5
AA5
330
22
100
AcDbEntity
  8
F.Silkscreen
  6
CONTINUOUS
100
AcDbLine
 10
5.2895716141732283
 20
-3.336083188976378
 30
0
 11
5.297514803149606
 21
-3.3299881889763778
 31
0
  0
LINE
  5
AA6
330
22
100
AcDbEntity
  8
F.Silkscreen
  6
CONTINUOUS
100
AcDbLine
 10
5.297514803149606
 20
-3.3299881889763778
 30
0
 11
5.3045944881889762
 21
-3.3229085039370077
 31
0
  0
LINE
  5
AA7
330
22
100
AcDbEntity
  8
F.Silkscreen
  6
CONTINUOUS
100
AcDbLine
 10
5.3045944881889762
 20
-3.3229085039370077
 30
0
 11
5.3106894881889763
 21
-3.31496531496063
 31
0
  0
LINE
  5
AA8
330
22
100
AcDbEntity
  8
F.Silkscreen
  6
CONTINUOUS
100
AcDbLine
 10
5.3106894881889763
 20
-3.31496531496063
 30
0
 11
5.3156955511811024
 21
-3.3062945669291337
 31
0
  0
LINE
  5
AA9
330
22
100
AcDbEntity
  8
F.Silkscreen
  6
CONTINUOUS
100
AcDbLine
 10
5.3156955511811024
 20
-3.3062945669291337
 30
0
 11
5.3195270472440948
 21
-3.2970445275590552
 31
0
  0
LINE
  5
AAA
330
22
100
AcDbEntity
  8
F.Silkscreen
  6
CONTINUOUS
100
AcDbLine
 10
5.3195270472440948
 20
-3.2970445275590552
 30
0
 11
5.3221183858267711
 21
-3.2873735433070865
 31
0
  0
LINE
  5
AAB
330
22
100
AcDbEntity
  8
F.Silkscreen
  6
CONTINUOUS
100
AcDbLine
 10
5.3221183858267711
 20
-3.2873735433070865
 30
0
 11
5.3234251968503932
 21
-3.2774470078740157
 31
0
  0
LINE
  5
AAC
330
22
100
AcDbEntity
  8
F.Silkscreen
  6
CONTINUOUS
100
AcDbLine
 10
5.3234251968503932
 20
-3.2774470078740157
 30
0
 11
5.3234251968503932
 21
-3.273133622047244
 31
0
  0
LINE
  5
AAD
330
22
100
AcDbEntity
  8
F.Silkscreen
  6
CONTINUOUS
100
AcDbLine
 10
5.3234251968503932
 20
-3.273133622047244
 30
0
 11
5.3232874015748033
 21
-3.2724409448818896
 31
0
  0
LINE
  5
AAE
330
22
100
AcDbEntity
  8
F.Silkscreen
  6
CONTINUOUS
100
AcDbLine
 10
5.3232874015748033
 20
-3.2724409448818896
 30
0
 11
5.3232874015748033
 21
-2.6031496062992123
 31
0
  0
LINE
  5
AAF
330
22
100
AcDbEntity
  8
F.Silkscreen
  6
CONTINUOUS
100
AcDbLine
 10
5.3232874015748033
 20
-2.6031496062992123
 30
0
 11
5.3234113385826767
 21
-2.6025264960629921
 31
0
  0
LINE
  5
AB0
330
22
100
AcDbEntity
  8
F.Silkscreen
  6
CONTINUOUS
100
AcDbLine
 10
5.3234113385826767
 20
-2.6025264960629921
 30
0
 11
5.3233195275590548
 21
-2.5982223228346455
 31
0
  0
LINE
  5
AB1
330
22
100
AcDbEntity
  8
F.Silkscreen
  6
CONTINUOUS
100
AcDbLine
 10
5.3233195275590548
 20
-2.5982223228346455
 30
0
 11
5.3218402362204724
 21
-2.5883729527559054
 31
0
  0
LINE
  5
AB2
330
22
100
AcDbEntity
  8
F.Silkscreen
  6
CONTINUOUS
100
AcDbLine
 10
5.3218402362204724
 20
-2.5883729527559054
 30
0
 11
5.3191227559055116
 21
-2.5787909842519685
 31
0
  0
LINE
  5
AB3
330
22
100
AcDbEntity
  8
F.Silkscreen
  6
CONTINUOUS
100
AcDbLine
 10
5.3191227559055116
 20
-2.5787909842519685
 30
0
 11
5.3152111417322834
 21
-2.569631377952756
 31
0
  0
LINE
  5
AB4
330
22
100
AcDbEntity
  8
F.Silkscreen
  6
CONTINUOUS
100
AcDbLine
 10
5.3152111417322834
 20
-2.569631377952756
 30
0
 11
5.3101686220472439
 21
-2.5610423622047245
 31
0
  0
LINE
  5
AB5
330
22
100
AcDbEntity
  8
F.Silkscreen
  6
CONTINUOUS
100
AcDbLine
 10
5.3101686220472439
 20
-2.5610423622047245
 30
0
 11
5.3040767716535431
 21
-2.5531627559055119
 31
0
  0
LINE
  5
AB6
330
22
100
AcDbEntity
  8
F.Silkscreen
  6
CONTINUOUS
100
AcDbLine
 10
5.3040767716535431
 20
-2.5531627559055119
 30
0
 11
5.2970340944881888
 21
-2.5461200787401572
 31
0
  0
LINE
  5
AB7
330
22
100
AcDbEntity
  8
F.Silkscreen
  6
CONTINUOUS
100
AcDbLine
 10
5.2970340944881888
 20
-2.5461200787401572
 30
0
 11
5.2891544881889763
 21
-2.5400282283464568
 31
0
  0
LINE
  5
AB8
330
22
100
AcDbEntity
  8
F.Silkscreen
  6
CONTINUOUS
100
AcDbLine
 10
5.2891544881889763
 20
-2.5400282283464568
 30
0
 11
5.2805654724409443
 21
-2.5349857086614174
 31
0
  0
LINE
  5
AB9
330
22
100
AcDbEntity
  8
F.Silkscreen
  6
CONTINUOUS
100
AcDbLine
 10
5.2805654724409443
 20
-2.5349857086614174
 30
0
 11
5.2714058661417322
 21
-2.5310740944881891
 31
0
  0
LINE
  5
ABA
330
22
100
AcDbEntity
  8
F.Silkscreen
  6
CONTINUOUS
100
AcDbLine
 10
5.2714058661417322
 20
-2.5310740944881891
 30
0
 11
5.2618238976377949
 21
-2.5283566141732283
 31
0
  0
LINE
  5
ABB
330
22
100
AcDbEntity
  8
F.Silkscreen
  6
CONTINUOUS
100
AcDbLine
 10
5.2618238976377949
 20
-2.5283566141732283
 30
0
 11
5.2519745275590548
 21
-2.5268773228346455
 31
0
  0
LINE
  5
ABC
330
22
100
AcDbEntity
  8
F.Silkscreen
  6
CONTINUOUS
100
AcDbLine
 10
5.2519745275590548
 20
-2.5268773228346455
 30
0
 11
5.2478329921259839
 21
-2.5267889370078738
 31
0
  0
LINE
  5
ABD
330
22
100
AcDbEntity
  8
F.Silkscreen
  6
CONTINUOUS
100
AcDbLine
 10
5.2478329921259839
 20
-2.5267889370078738
 30
0
 11
5.247047244094488
 21
-2.5269452755905513
 31
0
  0
LINE
  5
ABE
330
22
100
AcDbEntity
  8
F.Silkscreen
  6
CONTINUOUS
100
AcDbLine
 10
4.800728346456693
 20
-2.5269452755905513
 30
0
 11
4.800728346456693
 21
-2.755345275590551
 31
0
  0
LINE
  5
ABF
330
22
100
AcDbEntity
  8
F.Silkscreen
  6
CONTINUOUS
100
AcDbLine
 10
4.800728346456693
 20
-2.755345275590551
 30
0
 11
5.1500590551181098
 21
-2.755345275590551
 31
0
  0
LINE
  5
AC0
330
22
100
AcDbEntity
  8
F.Silkscreen
  6
CONTINUOUS
100
AcDbLine
 10
5.1500590551181098
 20
-2.755345275590551
 30
0
 11
5.1500590551181098
 21
-2.5269452755905513
 31
0
  0
LINE
  5
AC1
330
22
100
AcDbEntity
  8
F.Silkscreen
  6
CONTINUOUS
100
AcDbLine
 10
5.1500590551181098
 20
-2.5269452755905513
 30
0
 11
4.800728346456693
 21
-2.5269452755905513
 31
0
  0
LINE
  5
AC2
330
22
100
AcDbEntity
  8
F.Silkscreen
  6
CONTINUOUS
100
AcDbLine
 10
4.800728346456693
 20
-2.470845275590551
 30
0
 11
4.800728346456693
 21
-2.5219452755905509
 31
0
  0
LINE
  5
AC3
330
22
100
AcDbEntity
  8
F.Silkscreen
  6
CONTINUOUS
100
AcDbLine
 10
4.800728346456693
 20
-2.5219452755905509
 30
0
 11
5.1500590551181098
 21
-2.5219452755905509
 31
0
  0
LINE
  5
AC4
330
22
100
AcDbEntity
  8
F.Silkscreen
  6
CONTINUOUS
100
AcDbLine
 10
5.1500590551181098
 20
-2.5219452755905509
 30
0
 11
5.1500590551181098
 21
-2.470845275590551
 31
0
  0
LINE
  5
AC5
330
22
100
AcDbEntity
  8
F.Silkscreen
  6
CONTINUOUS
100
AcDbLine
 10
5.1500590551181098
 20
-2.470845275590551
 30
0
 11
4.800728346456693
 21
-2.470845275590551
 31
0
  0
LINE
  5
AC6
330
22
100
AcDbEntity
  8
F.Silkscreen
  6
CONTINUOUS
100
AcDbLine
 10
6.9613370472440943
 20
-2.7165183858267716
 30
0
 11
6.9626154724409446
 21
-2.7177968110236219
 31
0
  0
LINE
  5
AC7
330
22
100
AcDbEntity
  8
F.Silkscreen
  6
CONTINUOUS
100
AcDbLine
 10
6.9626154724409446
 20
-2.7177968110236219
 30
0
 11
6.9627952755905511
 21
-2.7187007874015747
 31
0
  0
LINE
  5
AC8
330
22
100
AcDbEntity
  8
F.Silkscreen
  6
CONTINUOUS
100
AcDbLine
 10
6.9627952755905511
 20
-2.7187007874015747
 30
0
 11
6.9627952755905511
 21
-3.2687007874015745
 31
0
  0
LINE
  5
AC9
330
22
100
AcDbEntity
  8
F.Silkscreen
  6
CONTINUOUS
100
AcDbLine
 10
6.9627952755905511
 20
-3.2687007874015745
 30
0
 11
6.9626154724409446
 21
-3.2696047637795274
 31
0
  0
LINE
  5
ACA
330
22
100
AcDbEntity
  8
F.Silkscreen
  6
CONTINUOUS
100
AcDbLine
 10
6.9626154724409446
 20
-3.2696047637795274
 30
0
 11
6.9613370472440943
 21
-3.2708831889763781
 31
0
  0
LINE
  5
ACB
330
22
100
AcDbEntity
  8
F.Silkscreen
  6
CONTINUOUS
100
AcDbLine
 10
6.9613370472440943
 20
-3.2708831889763781
 30
0
 11
6.9604330708661415
 21
-3.2710629921259842
 31
0
  0
LINE
  5
ACC
330
22
100
AcDbEntity
  8
F.Silkscreen
  6
CONTINUOUS
100
AcDbLine
 10
6.9604330708661415
 20
-3.2710629921259842
 30
0
 11
6.4104330708661417
 21
-3.2710629921259842
 31
0
  0
LINE
  5
ACD
330
22
100
AcDbEntity
  8
F.Silkscreen
  6
CONTINUOUS
100
AcDbLine
 10
6.4104330708661417
 20
-3.2710629921259842
 30
0
 11
6.4095290944881889
 21
-3.2708831889763781
 31
0
  0
LINE
  5
ACE
330
22
100
AcDbEntity
  8
F.Silkscreen
  6
CONTINUOUS
100
AcDbLine
 10
6.4095290944881889
 20
-3.2708831889763781
 30
0
 11
6.4082506692913386
 21
-3.2696047637795274
 31
0
  0
LINE
  5
ACF
330
22
100
AcDbEntity
  8
F.Silkscreen
  6
CONTINUOUS
100
AcDbLine
 10
6.4082506692913386
 20
-3.2696047637795274
 30
0
 11
6.408070866141732
 21
-3.2687007874015745
 31
0
  0
LINE
  5
AD0
330
22
100
AcDbEntity
  8
F.Silkscreen
  6
CONTINUOUS
100
AcDbLine
 10
6.408070866141732
 20
-3.2687007874015745
 30
0
 11
6.408070866141732
 21
-2.7187007874015747
 31
0
  0
LINE
  5
AD1
330
22
100
AcDbEntity
  8
F.Silkscreen
  6
CONTINUOUS
100
AcDbLine
 10
6.408070866141732
 20
-2.7187007874015747
 30
0
 11
6.4082506692913386
 21
-2.7177968110236219
 31
0
  0
LINE
  5
AD2
330
22
100
AcDbEntity
  8
F.Silkscreen
  6
CONTINUOUS
100
AcDbLine
 10
6.4082506692913386
 20
-2.7177968110236219
 30
0
 11
6.4095290944881889
 21
-2.7165183858267716
 31
0
  0
LINE
  5
AD3
330
22
100
AcDbEntity
  8
F.Silkscreen
  6
CONTINUOUS
100
AcDbLine
 10
6.4095290944881889
 20
-2.7165183858267716
 30
0
 11
6.4104330708661417
 21
-2.7163385826771651
 31
0
  0
LINE
  5
AD4
330
22
100
AcDbEntity
  8
F.Silkscreen
  6
CONTINUOUS
100
AcDbLine
 10
6.4104330708661417
 20
-2.7163385826771651
 30
0
 11
6.9604330708661415
 21
-2.7163385826771651
 31
0
  0
LINE
  5
AD5
330
22
100
AcDbEntity
  8
F.Silkscreen
  6
CONTINUOUS
100
AcDbLine
 10
6.9604330708661415
 20
-2.7163385826771651
 30
0
 11
6.9613370472440943
 21
-2.7165183858267716
 31
0
  0
LINE
  5
AD6
330
22
100
AcDbEntity
  8
F.Silkscreen
  6
CONTINUOUS
100
AcDbLine
 10
6.4127952755905513
 20
-2.7210629921259843
 30
0
 11
6.4127952755905513
 21
-3.2663385826771654
 31
0
  0
LINE
  5
AD7
330
22
100
AcDbEntity
  8
F.Silkscreen
  6
CONTINUOUS
100
AcDbLine
 10
6.4127952755905513
 20
-3.2663385826771654
 30
0
 11
6.9580708661417319
 21
-3.2663385826771654
 31
0
  0
LINE
  5
AD8
330
22
100
AcDbEntity
  8
F.Silkscreen
  6
CONTINUOUS
100
AcDbLine
 10
6.9580708661417319
 20
-3.2663385826771654
 30
0
 11
6.9580708661417319
 21
-2.7210629921259843
 31
0
  0
LINE
  5
AD9
330
22
100
AcDbEntity
  8
F.Silkscreen
  6
CONTINUOUS
100
AcDbLine
 10
6.9580708661417319
 20
-2.7210629921259843
 30
0
 11
6.4127952755905513
 21
-2.7210629921259843
 31
0
  0
LINE
  5
ADA
330
22
100
AcDbEntity
  8
F.Silkscreen
  6
CONTINUOUS
100
AcDbLine
 10
6.6501040551181099
 20
-2.6593129133858269
 30
0
 11
6.6501818110236215
 21
-2.6593074015748033
 31
0
  0
LINE
  5
ADB
330
22
100
AcDbEntity
  8
F.Silkscreen
  6
CONTINUOUS
100
AcDbLine
 10
6.6501818110236215
 20
-2.6593074015748033
 30
0
 11
6.6502840551181102
 21
-2.6593306299212598
 31
0
  0
LINE
  5
ADC
330
22
100
AcDbEntity
  8
F.Silkscreen
  6
CONTINUOUS
100
AcDbLine
 10
6.6502840551181102
 20
-2.6593306299212598
 30
0
 11
6.6503885826771656
 21
-2.6593409448818899
 31
0
  0
LINE
  5
ADD
330
22
100
AcDbEntity
  8
F.Silkscreen
  6
CONTINUOUS
100
AcDbLine
 10
6.6503885826771656
 20
-2.6593409448818899
 30
0
 11
6.6504606692913386
 21
-2.6593707874015746
 31
0
  0
LINE
  5
ADE
330
22
100
AcDbEntity
  8
F.Silkscreen
  6
CONTINUOUS
100
AcDbLine
 10
6.6504606692913386
 20
-2.6593707874015746
 30
0
 11
6.6507462598425198
 21
-2.6594357480314961
 31
0
  0
LINE
  5
ADF
330
22
100
AcDbEntity
  8
F.Silkscreen
  6
CONTINUOUS
100
AcDbLine
 10
6.6507462598425198
 20
-2.6594357480314961
 30
0
 11
6.6563705511811024
 21
-2.6613105118110236
 31
0
  0
LINE
  5
AE0
330
22
100
AcDbEntity
  8
F.Silkscreen
  6
CONTINUOUS
100
AcDbLine
 10
6.6563705511811024
 20
-2.6613105118110236
 30
0
 11
6.656899094488189
 21
-2.661546496062992
 31
0
  0
LINE
  5
AE1
330
22
100
AcDbEntity
  8
F.Silkscreen
  6
CONTINUOUS
100
AcDbLine
 10
6.656899094488189
 20
-2.661546496062992
 30
0
 11
6.6577694488188977
 21
-2.662301377952756
 31
0
  0
LINE
  5
AE2
330
22
100
AcDbEntity
  8
F.Silkscreen
  6
CONTINUOUS
100
AcDbLine
 10
6.6577694488188977
 20
-2.662301377952756
 30
0
 11
6.6582846850393702
 21
-2.6633318110236219
 31
0
  0
LINE
  5
AE3
330
22
100
AcDbEntity
  8
F.Silkscreen
  6
CONTINUOUS
100
AcDbLine
 10
6.6582846850393702
 20
-2.6633318110236219
 30
0
 11
6.6583663779527553
 21
-2.6644810236220473
 31
0
  0
LINE
  5
AE4
330
22
100
AcDbEntity
  8
F.Silkscreen
  6
CONTINUOUS
100
AcDbLine
 10
6.6583663779527553
 20
-2.6644810236220473
 30
0
 11
6.6580020472440946
 21
-2.6655740157480317
 31
0
  0
LINE
  5
AE5
330
22
100
AcDbEntity
  8
F.Silkscreen
  6
CONTINUOUS
100
AcDbLine
 10
6.6580020472440946
 20
-2.6655740157480317
 30
0
 11
6.6572471653543301
 21
-2.6664444094488187
 31
0
  0
LINE
  5
AE6
330
22
100
AcDbEntity
  8
F.Silkscreen
  6
CONTINUOUS
100
AcDbLine
 10
6.6572471653543301
 20
-2.6664444094488187
 30
0
 11
6.6562166929133859
 21
-2.6669596062992125
 31
0
  0
LINE
  5
AE7
330
22
100
AcDbEntity
  8
F.Silkscreen
  6
CONTINUOUS
100
AcDbLine
 10
6.6562166929133859
 20
-2.6669596062992125
 30
0
 11
6.6550674803149601
 21
-2.6670412992125985
 31
0
  0
LINE
  5
AE8
330
22
100
AcDbEntity
  8
F.Silkscreen
  6
CONTINUOUS
100
AcDbLine
 10
6.6550674803149601
 20
-2.6670412992125985
 30
0
 11
6.6545030314960627
 21
-2.6669129527559052
 31
0
  0
LINE
  5
AE9
330
22
100
AcDbEntity
  8
F.Silkscreen
  6
CONTINUOUS
100
AcDbLine
 10
6.6545030314960627
 20
-2.6669129527559052
 30
0
 11
6.6493333858267718
 21
-2.6651897244094487
 31
0
  0
LINE
  5
AEA
330
22
100
AcDbEntity
  8
F.Silkscreen
  6
CONTINUOUS
100
AcDbLine
 10
6.6493333858267718
 20
-2.6651897244094487
 30
0
 11
6.6411357480314956
 21
-2.6651897244094487
 31
0
  0
LINE
  5
AEB
330
22
100
AcDbEntity
  8
F.Silkscreen
  6
CONTINUOUS
100
AcDbLine
 10
6.6411357480314956
 20
-2.6651897244094487
 30
0
 11
6.638438267716535
 21
-2.666538464566929
 31
0
  0
LINE
  5
AEC
330
22
100
AcDbEntity
  8
F.Silkscreen
  6
CONTINUOUS
100
AcDbLine
 10
6.638438267716535
 20
-2.666538464566929
 30
0
 11
6.6372411417322832
 21
-2.6677355905511813
 31
0
  0
LINE
  5
AED
330
22
100
AcDbEntity
  8
F.Silkscreen
  6
CONTINUOUS
100
AcDbLine
 10
6.6372411417322832
 20
-2.6677355905511813
 30
0
 11
6.6358924015748029
 21
-2.6704330708661415
 31
0
  0
LINE
  5
AEE
330
22
100
AcDbEntity
  8
F.Silkscreen
  6
CONTINUOUS
100
AcDbLine
 10
6.6358924015748029
 20
-2.6704330708661415
 30
0
 11
6.6358924015748029
 21
-2.6727885039370078
 31
0
  0
LINE
  5
AEF
330
22
100
AcDbEntity
  8
F.Silkscreen
  6
CONTINUOUS
100
AcDbLine
 10
6.6358924015748029
 20
-2.6727885039370078
 30
0
 11
6.6372411417322832
 21
-2.6754859842519685
 31
0
  0
LINE
  5
AF0
330
22
100
AcDbEntity
  8
F.Silkscreen
  6
CONTINUOUS
100
AcDbLine
 10
6.6372411417322832
 20
-2.6754859842519685
 30
0
 11
6.638438267716535
 21
-2.6766831102362203
 31
0
  0
LINE
  5
AF1
330
22
100
AcDbEntity
  8
F.Silkscreen
  6
CONTINUOUS
100
AcDbLine
 10
6.638438267716535
 20
-2.6766831102362203
 30
0
 11
6.6414692519685037
 21
-2.6781985826771653
 31
0
  0
LINE
  5
AF2
330
22
100
AcDbEntity
  8
F.Silkscreen
  6
CONTINUOUS
100
AcDbLine
 10
6.6414692519685037
 20
-2.6781985826771653
 30
0
 11
6.6486538976377947
 21
-2.6799947637795274
 31
0
  0
LINE
  5
AF3
330
22
100
AcDbEntity
  8
F.Silkscreen
  6
CONTINUOUS
100
AcDbLine
 10
6.6486538976377947
 20
-2.6799947637795274
 30
0
 11
6.6486963779527555
 21
-2.6800099212598423
 31
0
  0
LINE
  5
AF4
330
22
100
AcDbEntity
  8
F.Silkscreen
  6
CONTINUOUS
100
AcDbLine
 10
6.6486963779527555
 20
-2.6800099212598423
 30
0
 11
6.6487176377952757
 21
-2.6800114566929132
 31
0
  0
LINE
  5
AF5
330
22
100
AcDbEntity
  8
F.Silkscreen
  6
CONTINUOUS
100
AcDbLine
 10
6.6487176377952757
 20
-2.6800114566929132
 30
0
 11
6.6489570472440942
 21
-2.6801030708661417
 31
0
  0
LINE
  5
AF6
330
22
100
AcDbEntity
  8
F.Silkscreen
  6
CONTINUOUS
100
AcDbLine
 10
6.6489570472440942
 20
-2.6801030708661417
 30
0
 11
6.6491990157480316
 21
-2.680189527559055
 31
0
  0
LINE
  5
AF7
330
22
100
AcDbEntity
  8
F.Silkscreen
  6
CONTINUOUS
100
AcDbLine
 10
6.6491990157480316
 20
-2.680189527559055
 30
0
 11
6.6492161417322837
 21
-2.6802022047244094
 31
0
  0
LINE
  5
AF8
330
22
100
AcDbEntity
  8
F.Silkscreen
  6
CONTINUOUS
100
AcDbLine
 10
6.6492161417322837
 20
-2.6802022047244094
 30
0
 11
6.6492582677165357
 21
-2.6802183464566927
 31
0
  0
LINE
  5
AF9
330
22
100
AcDbEntity
  8
F.Silkscreen
  6
CONTINUOUS
100
AcDbLine
 10
6.6492582677165357
 20
-2.6802183464566927
 30
0
 11
6.6530077952755908
 21
-2.6820931102362202
 31
0
  0
LINE
  5
AFA
330
22
100
AcDbEntity
  8
F.Silkscreen
  6
CONTINUOUS
100
AcDbLine
 10
6.6530077952755908
 20
-2.6820931102362202
 30
0
 11
6.6532557874015748
 21
-2.6822491732283464
 31
0
  0
LINE
  5
AFB
330
22
100
AcDbEntity
  8
F.Silkscreen
  6
CONTINUOUS
100
AcDbLine
 10
6.6532557874015748
 20
-2.6822491732283464
 30
0
 11
6.6533277559055115
 21
-2.6822790157480316
 31
0
  0
LINE
  5
AFC
330
22
100
AcDbEntity
  8
F.Silkscreen
  6
CONTINUOUS
100
AcDbLine
 10
6.6533277559055115
 20
-2.6822790157480316
 30
0
 11
6.6534087007874012
 21
-2.6823454724409448
 31
0
  0
LINE
  5
AFD
330
22
100
AcDbEntity
  8
F.Silkscreen
  6
CONTINUOUS
100
AcDbLine
 10
6.6534087007874012
 20
-2.6823454724409448
 30
0
 11
6.6534976771653538
 21
-2.6824014566929133
 31
0
  0
LINE
  5
AFE
330
22
100
AcDbEntity
  8
F.Silkscreen
  6
CONTINUOUS
100
AcDbLine
 10
6.6534976771653538
 20
-2.6824014566929133
 30
0
 11
6.6535488188976375
 21
-2.6824604330708661
 31
0
  0
LINE
  5
AFF
330
22
100
AcDbEntity
  8
F.Silkscreen
  6
CONTINUOUS
100
AcDbLine
 10
6.6535488188976375
 20
-2.6824604330708661
 30
0
 11
6.6537751968503933
 21
-2.6826462204724408
 31
0
  0
LINE
  5
B00
330
22
100
AcDbEntity
  8
F.Silkscreen
  6
CONTINUOUS
100
AcDbLine
 10
6.6537751968503933
 20
-2.6826462204724408
 30
0
 11
6.6556499606299209
 21
-2.6845209842519684
 31
0
  0
LINE
  5
B01
330
22
100
AcDbEntity
  8
F.Silkscreen
  6
CONTINUOUS
100
AcDbLine
 10
6.6556499606299209
 20
-2.6845209842519684
 30
0
 11
6.6558357086614173
 21
-2.6847473228346455
 31
0
  0
LINE
  5
B02
330
22
100
AcDbEntity
  8
F.Silkscreen
  6
CONTINUOUS
100
AcDbLine
 10
6.6558357086614173
 20
-2.6847473228346455
 30
0
 11
6.6558947244094488
 21
-2.6847985039370079
 31
0
  0
LINE
  5
B03
330
22
100
AcDbEntity
  8
F.Silkscreen
  6
CONTINUOUS
100
AcDbLine
 10
6.6558947244094488
 20
-2.6847985039370079
 30
0
 11
6.6559506692913386
 21
-2.6848874409448817
 31
0
  0
LINE
  5
B04
330
22
100
AcDbEntity
  8
F.Silkscreen
  6
CONTINUOUS
100
AcDbLine
 10
6.6559506692913386
 20
-2.6848874409448817
 30
0
 11
6.6560171653543305
 21
-2.6849684251968502
 31
0
  0
LINE
  5
B05
330
22
100
AcDbEntity
  8
F.Silkscreen
  6
CONTINUOUS
100
AcDbLine
 10
6.6560171653543305
 20
-2.6849684251968502
 30
0
 11
6.6560469685039365
 21
-2.6850403543307086
 31
0
  0
LINE
  5
B06
330
22
100
AcDbEntity
  8
F.Silkscreen
  6
CONTINUOUS
100
AcDbLine
 10
6.6560469685039365
 20
-2.6850403543307086
 30
0
 11
6.6562030708661419
 21
-2.6852883858267718
 31
0
  0
LINE
  5
B07
330
22
100
AcDbEntity
  8
F.Silkscreen
  6
CONTINUOUS
100
AcDbLine
 10
6.6562030708661419
 20
-2.6852883858267718
 30
0
 11
6.6580778346456695
 21
-2.6890379133858269
 31
0
  0
LINE
  5
B08
330
22
100
AcDbEntity
  8
F.Silkscreen
  6
CONTINUOUS
100
AcDbLine
 10
6.6580778346456695
 20
-2.6890379133858269
 30
0
 11
6.658284724409449
 21
-2.6895785039370077
 31
0
  0
LINE
  5
B09
330
22
100
AcDbEntity
  8
F.Silkscreen
  6
CONTINUOUS
100
AcDbLine
 10
6.658284724409449
 20
-2.6895785039370077
 30
0
 11
6.6582922440944881
 21
-2.6896843700787403
 31
0
  0
LINE
  5
B0A
330
22
100
AcDbEntity
  8
F.Silkscreen
  6
CONTINUOUS
100
AcDbLine
 10
6.6582922440944881
 20
-2.6896843700787403
 30
0
 11
6.6583328346456687
 21
-2.6897823622047246
 31
0
  0
LINE
  5
B0B
330
22
100
AcDbEntity
  8
F.Silkscreen
  6
CONTINUOUS
100
AcDbLine
 10
6.6583328346456687
 20
-2.6897823622047246
 30
0
 11
6.6583895669291335
 21
-2.6903584251968504
 31
0
  0
LINE
  5
B0C
330
22
100
AcDbEntity
  8
F.Silkscreen
  6
CONTINUOUS
100
AcDbLine
 10
6.6583895669291335
 20
-2.6903584251968504
 30
0
 11
6.6583895669291335
 21
-2.6941079527559055
 31
0
  0
LINE
  5
B0D
330
22
100
AcDbEntity
  8
F.Silkscreen
  6
CONTINUOUS
100
AcDbLine
 10
6.6583895669291335
 20
-2.6941079527559055
 30
0
 11
6.6583328346456687
 21
-2.6946840157480314
 31
0
  0
LINE
  5
B0E
330
22
100
AcDbEntity
  8
F.Silkscreen
  6
CONTINUOUS
100
AcDbLine
 10
6.6583328346456687
 20
-2.6946840157480314
 30
0
 11
6.6582922440944881
 21
-2.6947819685039369
 31
0
  0
LINE
  5
B0F
330
22
100
AcDbEntity
  8
F.Silkscreen
  6
CONTINUOUS
100
AcDbLine
 10
6.6582922440944881
 20
-2.6947819685039369
 30
0
 11
6.658284724409449
 21
-2.6948878740157478
 31
0
  0
LINE
  5
B10
330
22
100
AcDbEntity
  8
F.Silkscreen
  6
CONTINUOUS
100
AcDbLine
 10
6.658284724409449
 20
-2.6948878740157478
 30
0
 11
6.6580778346456695
 21
-2.6954284645669291
 31
0
  0
LINE
  5
B11
330
22
100
AcDbEntity
  8
F.Silkscreen
  6
CONTINUOUS
100
AcDbLine
 10
6.6580778346456695
 20
-2.6954284645669291
 30
0
 11
6.6562030708661419
 21
-2.6991779921259842
 31
0
  0
LINE
  5
B12
330
22
100
AcDbEntity
  8
F.Silkscreen
  6
CONTINUOUS
100
AcDbLine
 10
6.6562030708661419
 20
-2.6991779921259842
 30
0
 11
6.6560470078740153
 21
-2.6994258661417323
 31
0
  0
LINE
  5
B13
330
22
100
AcDbEntity
  8
F.Silkscreen
  6
CONTINUOUS
100
AcDbLine
 10
6.6560470078740153
 20
-2.6994258661417323
 30
0
 11
6.6560172047244093
 21
-2.6994979133858266
 31
0
  0
LINE
  5
B14
330
22
100
AcDbEntity
  8
F.Silkscreen
  6
CONTINUOUS
100
AcDbLine
 10
6.6560172047244093
 20
-2.6994979133858266
 30
0
 11
6.6559506692913386
 21
-2.6995789370078738
 31
0
  0
LINE
  5
B15
330
22
100
AcDbEntity
  8
F.Silkscreen
  6
CONTINUOUS
100
AcDbLine
 10
6.6559506692913386
 20
-2.6995789370078738
 30
0
 11
6.6558947244094488
 21
-2.699667874015748
 31
0
  0
LINE
  5
B16
330
22
100
AcDbEntity
  8
F.Silkscreen
  6
CONTINUOUS
100
AcDbLine
 10
6.6558947244094488
 20
-2.699667874015748
 30
0
 11
6.6558357086614173
 21
-2.6997190157480313
 31
0
  0
LINE
  5
B17
330
22
100
AcDbEntity
  8
F.Silkscreen
  6
CONTINUOUS
100
AcDbLine
 10
6.6558357086614173
 20
-2.6997190157480313
 30
0
 11
6.6556499606299209
 21
-2.6999453937007871
 31
0
  0
LINE
  5
B18
330
22
100
AcDbEntity
  8
F.Silkscreen
  6
CONTINUOUS
100
AcDbLine
 10
6.6556499606299209
 20
-2.6999453937007871
 30
0
 11
6.6537752362204721
 21
-2.7018201574803151
 31
0
  0
LINE
  5
B19
330
22
100
AcDbEntity
  8
F.Silkscreen
  6
CONTINUOUS
100
AcDbLine
 10
6.6537752362204721
 20
-2.7018201574803151
 30
0
 11
6.6535488582677162
 21
-2.7020059055118111
 31
0
  0
LINE
  5
B1A
330
22
100
AcDbEntity
  8
F.Silkscreen
  6
CONTINUOUS
100
AcDbLine
 10
6.6535488582677162
 20
-2.7020059055118111
 30
0
 11
6.6534976771653538
 21
-2.7020649606299214
 31
0
  0
LINE
  5
B1B
330
22
100
AcDbEntity
  8
F.Silkscreen
  6
CONTINUOUS
100
AcDbLine
 10
6.6534976771653538
 20
-2.7020649606299214
 30
0
 11
6.6534087007874012
 21
-2.7021209448818899
 31
0
  0
LINE
  5
B1C
330
22
100
AcDbEntity
  8
F.Silkscreen
  6
CONTINUOUS
100
AcDbLine
 10
6.6534087007874012
 20
-2.7021209448818899
 30
0
 11
6.6533277559055115
 21
-2.7021874015748031
 31
0
  0
LINE
  5
B1D
330
22
100
AcDbEntity
  8
F.Silkscreen
  6
CONTINUOUS
100
AcDbLine
 10
6.6533277559055115
 20
-2.7021874015748031
 30
0
 11
6.6532557874015748
 21
-2.7022172047244095
 31
0
  0
LINE
  5
B1E
330
22
100
AcDbEntity
  8
F.Silkscreen
  6
CONTINUOUS
100
AcDbLine
 10
6.6532557874015748
 20
-2.7022172047244095
 30
0
 11
6.6530077952755908
 21
-2.7023733070866141
 31
0
  0
LINE
  5
B1F
330
22
100
AcDbEntity
  8
F.Silkscreen
  6
CONTINUOUS
100
AcDbLine
 10
6.6530077952755908
 20
-2.7023733070866141
 30
0
 11
6.6492582677165357
 21
-2.7042480708661416
 31
0
  0
LINE
  5
B20
330
22
100
AcDbEntity
  8
F.Silkscreen
  6
CONTINUOUS
100
AcDbLine
 10
6.6492582677165357
 20
-2.7042480708661416
 30
0
 11
6.6487176377952757
 21
-2.7044549606299211
 31
0
  0
LINE
  5
B21
330
22
100
AcDbEntity
  8
F.Silkscreen
  6
CONTINUOUS
100
AcDbLine
 10
6.6487176377952757
 20
-2.7044549606299211
 30
0
 11
6.6486118110236223
 21
-2.7044624409448819
 31
0
  0
LINE
  5
B22
330
22
100
AcDbEntity
  8
F.Silkscreen
  6
CONTINUOUS
100
AcDbLine
 10
6.6486118110236223
 20
-2.7044624409448819
 30
0
 11
6.648513818897638
 21
-2.7045030708661417
 31
0
  0
LINE
  5
B23
330
22
100
AcDbEntity
  8
F.Silkscreen
  6
CONTINUOUS
100
AcDbLine
 10
6.648513818897638
 20
-2.7045030708661417
 30
0
 11
6.6479377559055113
 21
-2.7045598031496061
 31
0
  0
LINE
  5
B24
330
22
100
AcDbEntity
  8
F.Silkscreen
  6
CONTINUOUS
100
AcDbLine
 10
6.6479377559055113
 20
-2.7045598031496061
 30
0
 11
6.6385639370078735
 21
-2.7045598031496061
 31
0
  0
LINE
  5
B25
330
22
100
AcDbEntity
  8
F.Silkscreen
  6
CONTINUOUS
100
AcDbLine
 10
6.6385639370078735
 20
-2.7045598031496061
 30
0
 11
6.6382723228346459
 21
-2.704531062992126
 31
0
  0
LINE
  5
B26
330
22
100
AcDbEntity
  8
F.Silkscreen
  6
CONTINUOUS
100
AcDbLine
 10
6.6382723228346459
 20
-2.704531062992126
 30
0
 11
6.6381946062992121
 21
-2.7045366141732283
 31
0
  0
LINE
  5
B27
330
22
100
AcDbEntity
  8
F.Silkscreen
  6
CONTINUOUS
100
AcDbLine
 10
6.6381946062992121
 20
-2.7045366141732283
 30
0
 11
6.6380923228346456
 21
-2.7045133464566931
 31
0
  0
LINE
  5
B28
330
22
100
AcDbEntity
  8
F.Silkscreen
  6
CONTINUOUS
100
AcDbLine
 10
6.6380923228346456
 20
-2.7045133464566931
 30
0
 11
6.6379878740157476
 21
-2.7045030708661417
 31
0
  0
LINE
  5
B29
330
22
100
AcDbEntity
  8
F.Silkscreen
  6
CONTINUOUS
100
AcDbLine
 10
6.6379878740157476
 20
-2.7045030708661417
 30
0
 11
6.6379157874015746
 21
-2.7044731889763778
 31
0
  0
LINE
  5
B2A
330
22
100
AcDbEntity
  8
F.Silkscreen
  6
CONTINUOUS
100
AcDbLine
 10
6.6379157874015746
 20
-2.7044731889763778
 30
0
 11
6.6376301574803147
 21
-2.7044082677165355
 31
0
  0
LINE
  5
B2B
330
22
100
AcDbEntity
  8
F.Silkscreen
  6
CONTINUOUS
100
AcDbLine
 10
6.6376301574803147
 20
-2.7044082677165355
 30
0
 11
6.6320059055118108
 21
-2.702533503937008
 31
0
  0
LINE
  5
B2C
330
22
100
AcDbEntity
  8
F.Silkscreen
  6
CONTINUOUS
100
AcDbLine
 10
6.6320059055118108
 20
-2.702533503937008
 30
0
 11
6.6314773228346455
 21
-2.7022975196850392
 31
0
  0
LINE
  5
B2D
330
22
100
AcDbEntity
  8
F.Silkscreen
  6
CONTINUOUS
100
AcDbLine
 10
6.6314773228346455
 20
-2.7022975196850392
 30
0
 11
6.6306069685039368
 21
-2.7015426377952756
 31
0
  0
LINE
  5
B2E
330
22
100
AcDbEntity
  8
F.Silkscreen
  6
CONTINUOUS
100
AcDbLine
 10
6.6306069685039368
 20
-2.7015426377952756
 30
0
 11
6.630091771653543
 21
-2.7005122047244092
 31
0
  0
LINE
  5
B2F
330
22
100
AcDbEntity
  8
F.Silkscreen
  6
CONTINUOUS
100
AcDbLine
 10
6.630091771653543
 20
-2.7005122047244092
 30
0
 11
6.630010078740157
 21
-2.6993629921259843
 31
0
  0
LINE
  5
B30
330
22
100
AcDbEntity
  8
F.Silkscreen
  6
CONTINUOUS
100
AcDbLine
 10
6.630010078740157
 20
-2.6993629921259843
 30
0
 11
6.6303744094488186
 21
-2.6982699606299212
 31
0
  0
LINE
  5
B31
330
22
100
AcDbEntity
  8
F.Silkscreen
  6
CONTINUOUS
100
AcDbLine
 10
6.6303744094488186
 20
-2.6982699606299212
 30
0
 11
6.6311292913385822
 21
-2.6973996062992125
 31
0
  0
LINE
  5
B32
330
22
100
AcDbEntity
  8
F.Silkscreen
  6
CONTINUOUS
100
AcDbLine
 10
6.6311292913385822
 20
-2.6973996062992125
 30
0
 11
6.6321597244094486
 21
-2.6968844094488187
 31
0
  0
LINE
  5
B33
330
22
100
AcDbEntity
  8
F.Silkscreen
  6
CONTINUOUS
100
AcDbLine
 10
6.6321597244094486
 20
-2.6968844094488187
 30
0
 11
6.6333089370078735
 21
-2.6968027165354331
 31
0
  0
LINE
  5
B34
330
22
100
AcDbEntity
  8
F.Silkscreen
  6
CONTINUOUS
100
AcDbLine
 10
6.6333089370078735
 20
-2.6968027165354331
 30
0
 11
6.6338733858267718
 21
-2.6969310629921259
 31
0
  0
LINE
  5
B35
330
22
100
AcDbEntity
  8
F.Silkscreen
  6
CONTINUOUS
100
AcDbLine
 10
6.6338733858267718
 20
-2.6969310629921259
 30
0
 11
6.6390430708661414
 21
-2.6986542913385825
 31
0
  0
LINE
  5
B36
330
22
100
AcDbEntity
  8
F.Silkscreen
  6
CONTINUOUS
100
AcDbLine
 10
6.6390430708661414
 20
-2.6986542913385825
 30
0
 11
6.6472407086614176
 21
-2.6986542913385825
 31
0
  0
LINE
  5
B37
330
22
100
AcDbEntity
  8
F.Silkscreen
  6
CONTINUOUS
100
AcDbLine
 10
6.6472407086614176
 20
-2.6986542913385825
 30
0
 11
6.6499381496062995
 21
-2.6973055511811022
 31
0
  0
LINE
  5
B38
330
22
100
AcDbEntity
  8
F.Silkscreen
  6
CONTINUOUS
100
AcDbLine
 10
6.6499381496062995
 20
-2.6973055511811022
 30
0
 11
6.6511352755905513
 21
-2.6961083858267716
 31
0
  0
LINE
  5
B39
330
22
100
AcDbEntity
  8
F.Silkscreen
  6
CONTINUOUS
100
AcDbLine
 10
6.6511352755905513
 20
-2.6961083858267716
 30
0
 11
6.6524840551181104
 21
-2.6934109055118109
 31
0
  0
LINE
  5
B3A
330
22
100
AcDbEntity
  8
F.Silkscreen
  6
CONTINUOUS
100
AcDbLine
 10
6.6524840551181104
 20
-2.6934109055118109
 30
0
 11
6.6524840551181104
 21
-2.691055472440945
 31
0
  0
LINE
  5
B3B
330
22
100
AcDbEntity
  8
F.Silkscreen
  6
CONTINUOUS
100
AcDbLine
 10
6.6524840551181104
 20
-2.691055472440945
 30
0
 11
6.65113531496063
 21
-2.6883579921259844
 31
0
  0
LINE
  5
B3C
330
22
100
AcDbEntity
  8
F.Silkscreen
  6
CONTINUOUS
100
AcDbLine
 10
6.65113531496063
 20
-2.6883579921259844
 30
0
 11
6.6499381889763782
 21
-2.6871608661417321
 31
0
  0
LINE
  5
B3D
330
22
100
AcDbEntity
  8
F.Silkscreen
  6
CONTINUOUS
100
AcDbLine
 10
6.6499381889763782
 20
-2.6871608661417321
 30
0
 11
6.6469072047244095
 21
-2.6856453543307084
 31
0
  0
LINE
  5
B3E
330
22
100
AcDbEntity
  8
F.Silkscreen
  6
CONTINUOUS
100
AcDbLine
 10
6.6469072047244095
 20
-2.6856453543307084
 30
0
 11
6.6397225590551177
 21
-2.683849212598425
 31
0
  0
LINE
  5
B3F
330
22
100
AcDbEntity
  8
F.Silkscreen
  6
CONTINUOUS
100
AcDbLine
 10
6.6397225590551177
 20
-2.683849212598425
 30
0
 11
6.639680039370079
 21
-2.6838340157480314
 31
0
  0
LINE
  5
B40
330
22
100
AcDbEntity
  8
F.Silkscreen
  6
CONTINUOUS
100
AcDbLine
 10
6.639680039370079
 20
-2.6838340157480314
 30
0
 11
6.6396587795275588
 21
-2.6838325196850392
 31
0
  0
LINE
  5
B41
330
22
100
AcDbEntity
  8
F.Silkscreen
  6
CONTINUOUS
100
AcDbLine
 10
6.6396587795275588
 20
-2.6838325196850392
 30
0
 11
6.6394190157480315
 21
-2.6837407480314961
 31
0
  0
LINE
  5
B42
330
22
100
AcDbEntity
  8
F.Silkscreen
  6
CONTINUOUS
100
AcDbLine
 10
6.6394190157480315
 20
-2.6837407480314961
 30
0
 11
6.6391774409448816
 21
-2.6836544488188974
 31
0
  0
LINE
  5
B43
330
22
100
AcDbEntity
  8
F.Silkscreen
  6
CONTINUOUS
100
AcDbLine
 10
6.6391774409448816
 20
-2.6836544488188974
 30
0
 11
6.6391602755905508
 21
-2.6836417322834647
 31
0
  0
LINE
  5
B44
330
22
100
AcDbEntity
  8
F.Silkscreen
  6
CONTINUOUS
100
AcDbLine
 10
6.6391602755905508
 20
-2.6836417322834647
 30
0
 11
6.6391181889763775
 21
-2.6836256299212597
 31
0
  0
LINE
  5
B45
330
22
100
AcDbEntity
  8
F.Silkscreen
  6
CONTINUOUS
100
AcDbLine
 10
6.6391181889763775
 20
-2.6836256299212597
 30
0
 11
6.6353686614173224
 21
-2.6817508661417322
 31
0
  0
LINE
  5
B46
330
22
100
AcDbEntity
  8
F.Silkscreen
  6
CONTINUOUS
100
AcDbLine
 10
6.6353686614173224
 20
-2.6817508661417322
 30
0
 11
6.6351206299212597
 21
-2.6815947637795277
 31
0
  0
LINE
  5
B47
330
22
100
AcDbEntity
  8
F.Silkscreen
  6
CONTINUOUS
100
AcDbLine
 10
6.6351206299212597
 20
-2.6815947637795277
 30
0
 11
6.6350487007874017
 21
-2.6815649606299212
 31
0
  0
LINE
  5
B48
330
22
100
AcDbEntity
  8
F.Silkscreen
  6
CONTINUOUS
100
AcDbLine
 10
6.6350487007874017
 20
-2.6815649606299212
 30
0
 11
6.6349677165354333
 21
-2.6814984645669289
 31
0
  0
LINE
  5
B49
330
22
100
AcDbEntity
  8
F.Silkscreen
  6
CONTINUOUS
100
AcDbLine
 10
6.6349677165354333
 20
-2.6814984645669289
 30
0
 11
6.6348787795275586
 21
-2.6814425196850391
 31
0
  0
LINE
  5
B4A
330
22
100
AcDbEntity
  8
F.Silkscreen
  6
CONTINUOUS
100
AcDbLine
 10
6.6348787795275586
 20
-2.6814425196850391
 30
0
 11
6.634827598425197
 21
-2.681383503937008
 31
0
  0
LINE
  5
B4B
330
22
100
AcDbEntity
  8
F.Silkscreen
  6
CONTINUOUS
100
AcDbLine
 10
6.634827598425197
 20
-2.681383503937008
 30
0
 11
6.6346012598425199
 21
-2.6811977559055116
 31
0
  0
LINE
  5
B4C
330
22
100
AcDbEntity
  8
F.Silkscreen
  6
CONTINUOUS
100
AcDbLine
 10
6.6346012598425199
 20
-2.6811977559055116
 30
0
 11
6.6327264960629924
 21
-2.679322992125984
 31
0
  0
LINE
  5
B4D
330
22
100
AcDbEntity
  8
F.Silkscreen
  6
CONTINUOUS
100
AcDbLine
 10
6.6327264960629924
 20
-2.679322992125984
 30
0
 11
6.6325407086614172
 21
-2.6790966141732282
 31
0
  0
LINE
  5
B4E
330
22
100
AcDbEntity
  8
F.Silkscreen
  6
CONTINUOUS
100
AcDbLine
 10
6.6325407086614172
 20
-2.6790966141732282
 30
0
 11
6.6324817322834644
 21
-2.6790454724409449
 31
0
  0
LINE
  5
B4F
330
22
100
AcDbEntity
  8
F.Silkscreen
  6
CONTINUOUS
100
AcDbLine
 10
6.6324817322834644
 20
-2.6790454724409449
 30
0
 11
6.6324257480314959
 21
-2.6789564960629919
 31
0
  0
LINE
  5
B50
330
22
100
AcDbEntity
  8
F.Silkscreen
  6
CONTINUOUS
100
AcDbLine
 10
6.6324257480314959
 20
-2.6789564960629919
 30
0
 11
6.6323592913385827
 21
-2.6788755511811022
 31
0
  0
LINE
  5
B51
330
22
100
AcDbEntity
  8
F.Silkscreen
  6
CONTINUOUS
100
AcDbLine
 10
6.6323592913385827
 20
-2.6788755511811022
 30
0
 11
6.6323294488188971
 21
-2.6788035826771655
 31
0
  0
LINE
  5
B52
330
22
100
AcDbEntity
  8
F.Silkscreen
  6
CONTINUOUS
100
AcDbLine
 10
6.6323294488188971
 20
-2.6788035826771655
 30
0
 11
6.6321733858267713
 21
-2.6785555905511811
 31
0
  0
LINE
  5
B53
330
22
100
AcDbEntity
  8
F.Silkscreen
  6
CONTINUOUS
100
AcDbLine
 10
6.6321733858267713
 20
-2.6785555905511811
 30
0
 11
6.6302986220472437
 21
-2.674806062992126
 31
0
  0
LINE
  5
B54
330
22
100
AcDbEntity
  8
F.Silkscreen
  6
CONTINUOUS
100
AcDbLine
 10
6.6302986220472437
 20
-2.674806062992126
 30
0
 11
6.6300917322834643
 21
-2.6742654330708659
 31
0
  0
LINE
  5
B55
330
22
100
AcDbEntity
  8
F.Silkscreen
  6
CONTINUOUS
100
AcDbLine
 10
6.6300917322834643
 20
-2.6742654330708659
 30
0
 11
6.6300842125984252
 21
-2.6741596062992126
 31
0
  0
LINE
  5
B56
330
22
100
AcDbEntity
  8
F.Silkscreen
  6
CONTINUOUS
100
AcDbLine
 10
6.6300842125984252
 20
-2.6741596062992126
 30
0
 11
6.6300436220472436
 21
-2.6740616141732283
 31
0
  0
LINE
  5
B57
330
22
100
AcDbEntity
  8
F.Silkscreen
  6
CONTINUOUS
100
AcDbLine
 10
6.6300436220472436
 20
-2.6740616141732283
 30
0
 11
6.6299868897637797
 21
-2.6734855511811024
 31
0
  0
LINE
  5
B58
330
22
100
AcDbEntity
  8
F.Silkscreen
  6
CONTINUOUS
100
AcDbLine
 10
6.6299868897637797
 20
-2.6734855511811024
 30
0
 11
6.6299868897637797
 21
-2.6697360236220473
 31
0
  0
LINE
  5
B59
330
22
100
AcDbEntity
  8
F.Silkscreen
  6
CONTINUOUS
100
AcDbLine
 10
6.6299868897637797
 20
-2.6697360236220473
 30
0
 11
6.6300436220472436
 21
-2.669159960629921
 31
0
  0
LINE
  5
B5A
330
22
100
AcDbEntity
  8
F.Silkscreen
  6
CONTINUOUS
100
AcDbLine
 10
6.6300436220472436
 20
-2.669159960629921
 30
0
 11
6.6300842125984252
 21
-2.6690619291338584
 31
0
  0
LINE
  5
B5B
330
22
100
AcDbEntity
  8
F.Silkscreen
  6
CONTINUOUS
100
AcDbLine
 10
6.6300842125984252
 20
-2.6690619291338584
 30
0
 11
6.6300917322834643
 21
-2.6689561417322833
 31
0
  0
LINE
  5
B5C
330
22
100
AcDbEntity
  8
F.Silkscreen
  6
CONTINUOUS
100
AcDbLine
 10
6.6300917322834643
 20
-2.6689561417322833
 30
0
 11
6.6302986220472437
 21
-2.6684155118110238
 31
0
  0
LINE
  5
B5D
330
22
100
AcDbEntity
  8
F.Silkscreen
  6
CONTINUOUS
100
AcDbLine
 10
6.6302986220472437
 20
-2.6684155118110238
 30
0
 11
6.6321733858267713
 21
-2.6646659842519687
 31
0
  0
LINE
  5
B5E
330
22
100
AcDbEntity
  8
F.Silkscreen
  6
CONTINUOUS
100
AcDbLine
 10
6.6321733858267713
 20
-2.6646659842519687
 30
0
 11
6.6323294488188971
 21
-2.6644179527559055
 31
0
  0
LINE
  5
B5F
330
22
100
AcDbEntity
  8
F.Silkscreen
  6
CONTINUOUS
100
AcDbLine
 10
6.6323294488188971
 20
-2.6644179527559055
 30
0
 11
6.6323592913385827
 21
-2.6643460236220471
 31
0
  0
LINE
  5
B60
330
22
100
AcDbEntity
  8
F.Silkscreen
  6
CONTINUOUS
100
AcDbLine
 10
6.6323592913385827
 20
-2.6643460236220471
 30
0
 11
6.6324257480314959
 21
-2.6642650393700786
 31
0
  0
LINE
  5
B61
330
22
100
AcDbEntity
  8
F.Silkscreen
  6
CONTINUOUS
100
AcDbLine
 10
6.6324257480314959
 20
-2.6642650393700786
 30
0
 11
6.6324817322834644
 21
-2.6641761023622048
 31
0
  0
LINE
  5
B62
330
22
100
AcDbEntity
  8
F.Silkscreen
  6
CONTINUOUS
100
AcDbLine
 10
6.6324817322834644
 20
-2.6641761023622048
 30
0
 11
6.6325407086614172
 21
-2.6641249212598423
 31
0
  0
LINE
  5
B63
330
22
100
AcDbEntity
  8
F.Silkscreen
  6
CONTINUOUS
100
AcDbLine
 10
6.6325407086614172
 20
-2.6641249212598423
 30
0
 11
6.6327264960629924
 21
-2.6638985826771653
 31
0
  0
LINE
  5
B64
330
22
100
AcDbEntity
  8
F.Silkscreen
  6
CONTINUOUS
100
AcDbLine
 10
6.6327264960629924
 20
-2.6638985826771653
 30
0
 11
6.6346012598425199
 21
-2.6620238188976377
 31
0
  0
LINE
  5
B65
330
22
100
AcDbEntity
  8
F.Silkscreen
  6
CONTINUOUS
100
AcDbLine
 10
6.6346012598425199
 20
-2.6620238188976377
 30
0
 11
6.634827598425197
 21
-2.661838031496063
 31
0
  0
LINE
  5
B66
330
22
100
AcDbEntity
  8
F.Silkscreen
  6
CONTINUOUS
100
AcDbLine
 10
6.634827598425197
 20
-2.661838031496063
 30
0
 11
6.6348787795275586
 21
-2.6617790551181102
 31
0
  0
LINE
  5
B67
330
22
100
AcDbEntity
  8
F.Silkscreen
  6
CONTINUOUS
100
AcDbLine
 10
6.6348787795275586
 20
-2.6617790551181102
 30
0
 11
6.6349677165354333
 21
-2.6617230708661417
 31
0
  0
LINE
  5
B68
330
22
100
AcDbEntity
  8
F.Silkscreen
  6
CONTINUOUS
100
AcDbLine
 10
6.6349677165354333
 20
-2.6617230708661417
 30
0
 11
6.6350487007874017
 21
-2.6616566141732281
 31
0
  0
LINE
  5
B69
330
22
100
AcDbEntity
  8
F.Silkscreen
  6
CONTINUOUS
100
AcDbLine
 10
6.6350487007874017
 20
-2.6616566141732281
 30
0
 11
6.6351206299212597
 21
-2.6616267716535433
 31
0
  0
LINE
  5
B6A
330
22
100
AcDbEntity
  8
F.Silkscreen
  6
CONTINUOUS
100
AcDbLine
 10
6.6351206299212597
 20
-2.6616267716535433
 30
0
 11
6.6353686614173224
 21
-2.6614707086614171
 31
0
  0
LINE
  5
B6B
330
22
100
AcDbEntity
  8
F.Silkscreen
  6
CONTINUOUS
100
AcDbLine
 10
6.6353686614173224
 20
-2.6614707086614171
 30
0
 11
6.6391181889763775
 21
-2.6595959448818896
 31
0
  0
LINE
  5
B6C
330
22
100
AcDbEntity
  8
F.Silkscreen
  6
CONTINUOUS
100
AcDbLine
 10
6.6391181889763775
 20
-2.6595959448818896
 30
0
 11
6.6396587795275588
 21
-2.6593890551181101
 31
0
  0
LINE
  5
B6D
330
22
100
AcDbEntity
  8
F.Silkscreen
  6
CONTINUOUS
100
AcDbLine
 10
6.6396587795275588
 20
-2.6593890551181101
 30
0
 11
6.6397646456692909
 21
-2.6593814960629922
 31
0
  0
LINE
  5
B6E
330
22
100
AcDbEntity
  8
F.Silkscreen
  6
CONTINUOUS
100
AcDbLine
 10
6.6397646456692909
 20
-2.6593814960629922
 30
0
 11
6.6398626377952752
 21
-2.6593409448818899
 31
0
  0
LINE
  5
B6F
330
22
100
AcDbEntity
  8
F.Silkscreen
  6
CONTINUOUS
100
AcDbLine
 10
6.6398626377952752
 20
-2.6593409448818899
 30
0
 11
6.6404387007874011
 21
-2.6592842125984251
 31
0
  0
LINE
  5
B70
330
22
100
AcDbEntity
  8
F.Silkscreen
  6
CONTINUOUS
100
AcDbLine
 10
6.6404387007874011
 20
-2.6592842125984251
 30
0
 11
6.6498125196850388
 21
-2.6592842125984251
 31
0
  0
LINE
  5
B71
330
22
100
AcDbEntity
  8
F.Silkscreen
  6
CONTINUOUS
100
AcDbLine
 10
6.6498125196850388
 20
-2.6592842125984251
 30
0
 11
6.6501040551181099
 21
-2.6593129133858269
 31
0
  0
LINE
  5
B72
330
22
100
AcDbEntity
  8
F.Silkscreen
  6
CONTINUOUS
100
AcDbLine
 10
6.731003503937008
 20
-2.6593409448818899
 30
0
 11
6.7311014960629922
 21
-2.659381535433071
 31
0
  0
LINE
  5
B73
330
22
100
AcDbEntity
  8
F.Silkscreen
  6
CONTINUOUS
100
AcDbLine
 10
6.7311014960629922
 20
-2.659381535433071
 30
0
 11
6.7312073228346456
 21
-2.6593890551181101
 31
0
  0
LINE
  5
B74
330
22
100
AcDbEntity
  8
F.Silkscreen
  6
CONTINUOUS
100
AcDbLine
 10
6.7312073228346456
 20
-2.6593890551181101
 30
0
 11
6.7317479527559057
 21
-2.6595959448818896
 31
0
  0
LINE
  5
B75
330
22
100
AcDbEntity
  8
F.Silkscreen
  6
CONTINUOUS
100
AcDbLine
 10
6.7317479527559057
 20
-2.6595959448818896
 30
0
 11
6.7354974803149608
 21
-2.6614707086614171
 31
0
  0
LINE
  5
B76
330
22
100
AcDbEntity
  8
F.Silkscreen
  6
CONTINUOUS
100
AcDbLine
 10
6.7354974803149608
 20
-2.6614707086614171
 30
0
 11
6.7357454724409447
 21
-2.6616267716535433
 31
0
  0
LINE
  5
B77
330
22
100
AcDbEntity
  8
F.Silkscreen
  6
CONTINUOUS
100
AcDbLine
 10
6.7357454724409447
 20
-2.6616267716535433
 30
0
 11
6.7358174409448814
 21
-2.6616566141732281
 31
0
  0
LINE
  5
B78
330
22
100
AcDbEntity
  8
F.Silkscreen
  6
CONTINUOUS
100
AcDbLine
 10
6.7358174409448814
 20
-2.6616566141732281
 30
0
 11
6.7358983858267711
 21
-2.6617230708661417
 31
0
  0
LINE
  5
B79
330
22
100
AcDbEntity
  8
F.Silkscreen
  6
CONTINUOUS
100
AcDbLine
 10
6.7358983858267711
 20
-2.6617230708661417
 30
0
 11
6.7359873622047246
 21
-2.6617790551181102
 31
0
  0
LINE
  5
B7A
330
22
100
AcDbEntity
  8
F.Silkscreen
  6
CONTINUOUS
100
AcDbLine
 10
6.7359873622047246
 20
-2.6617790551181102
 30
0
 11
6.7360385039370074
 21
-2.661838031496063
 31
0
  0
LINE
  5
B7B
330
22
100
AcDbEntity
  8
F.Silkscreen
  6
CONTINUOUS
100
AcDbLine
 10
6.7360385039370074
 20
-2.661838031496063
 30
0
 11
6.7362648818897632
 21
-2.6620238188976377
 31
0
  0
LINE
  5
B7C
330
22
100
AcDbEntity
  8
F.Silkscreen
  6
CONTINUOUS
100
AcDbLine
 10
6.7362648818897632
 20
-2.6620238188976377
 30
0
 11
6.7381396456692908
 21
-2.6638985826771653
 31
0
  0
LINE
  5
B7D
330
22
100
AcDbEntity
  8
F.Silkscreen
  6
CONTINUOUS
100
AcDbLine
 10
6.7381396456692908
 20
-2.6638985826771653
 30
0
 11
6.7383253937007872
 21
-2.6641249212598423
 31
0
  0
LINE
  5
B7E
330
22
100
AcDbEntity
  8
F.Silkscreen
  6
CONTINUOUS
100
AcDbLine
 10
6.7383253937007872
 20
-2.6641249212598423
 30
0
 11
6.7383844094488188
 21
-2.6641761023622048
 31
0
  0
LINE
  5
B7F
330
22
100
AcDbEntity
  8
F.Silkscreen
  6
CONTINUOUS
100
AcDbLine
 10
6.7383844094488188
 20
-2.6641761023622048
 30
0
 11
6.7384403543307085
 21
-2.6642650393700786
 31
0
  0
LINE
  5
B80
330
22
100
AcDbEntity
  8
F.Silkscreen
  6
CONTINUOUS
100
AcDbLine
 10
6.7384403543307085
 20
-2.6642650393700786
 30
0
 11
6.7385068503937005
 21
-2.6643460236220471
 31
0
  0
LINE
  5
B81
330
22
100
AcDbEntity
  8
F.Silkscreen
  6
CONTINUOUS
100
AcDbLine
 10
6.7385068503937005
 20
-2.6643460236220471
 30
0
 11
6.7385366535433073
 21
-2.6644179527559055
 31
0
  0
LINE
  5
B82
330
22
100
AcDbEntity
  8
F.Silkscreen
  6
CONTINUOUS
100
AcDbLine
 10
6.7385366535433073
 20
-2.6644179527559055
 30
0
 11
6.7386927559055119
 21
-2.6646659842519687
 31
0
  0
LINE
  5
B83
330
22
100
AcDbEntity
  8
F.Silkscreen
  6
CONTINUOUS
100
AcDbLine
 10
6.7386927559055119
 20
-2.6646659842519687
 30
0
 11
6.7405675196850394
 21
-2.6684155118110238
 31
0
  0
LINE
  5
B84
330
22
100
AcDbEntity
  8
F.Silkscreen
  6
CONTINUOUS
100
AcDbLine
 10
6.7405675196850394
 20
-2.6684155118110238
 30
0
 11
6.7407744094488189
 21
-2.6689561023622046
 31
0
  0
LINE
  5
B85
330
22
100
AcDbEntity
  8
F.Silkscreen
  6
CONTINUOUS
100
AcDbLine
 10
6.7407744094488189
 20
-2.6689561023622046
 30
0
 11
6.740781929133858
 21
-2.6690619685039367
 31
0
  0
LINE
  5
B86
330
22
100
AcDbEntity
  8
F.Silkscreen
  6
CONTINUOUS
100
AcDbLine
 10
6.740781929133858
 20
-2.6690619685039367
 30
0
 11
6.7408225196850395
 21
-2.669159960629921
 31
0
  0
LINE
  5
B87
330
22
100
AcDbEntity
  8
F.Silkscreen
  6
CONTINUOUS
100
AcDbLine
 10
6.7408225196850395
 20
-2.669159960629921
 30
0
 11
6.7408792519685035
 21
-2.6697360236220473
 31
0
  0
LINE
  5
B88
330
22
100
AcDbEntity
  8
F.Silkscreen
  6
CONTINUOUS
100
AcDbLine
 10
6.7408792519685035
 20
-2.6697360236220473
 30
0
 11
6.7408792519685035
 21
-2.6734855511811024
 31
0
  0
LINE
  5
B89
330
22
100
AcDbEntity
  8
F.Silkscreen
  6
CONTINUOUS
100
AcDbLine
 10
6.7408792519685035
 20
-2.6734855511811024
 30
0
 11
6.7408505118110238
 21
-2.6737771259842518
 31
0
  0
LINE
  5
B8A
330
22
100
AcDbEntity
  8
F.Silkscreen
  6
CONTINUOUS
100
AcDbLine
 10
6.7408505118110238
 20
-2.6737771259842518
 30
0
 11
6.7408560629921261
 21
-2.6738548818897638
 31
0
  0
LINE
  5
B8B
330
22
100
AcDbEntity
  8
F.Silkscreen
  6
CONTINUOUS
100
AcDbLine
 10
6.7408560629921261
 20
-2.6738548818897638
 30
0
 11
6.7408327952755904
 21
-2.6739571259842521
 31
0
  0
LINE
  5
B8C
330
22
100
AcDbEntity
  8
F.Silkscreen
  6
CONTINUOUS
100
AcDbLine
 10
6.7408327952755904
 20
-2.6739571259842521
 30
0
 11
6.7408225196850395
 21
-2.6740616141732283
 31
0
  0
LINE
  5
B8D
330
22
100
AcDbEntity
  8
F.Silkscreen
  6
CONTINUOUS
100
AcDbLine
 10
6.7408225196850395
 20
-2.6740616141732283
 30
0
 11
6.7407926377952752
 21
-2.6741336614173226
 31
0
  0
LINE
  5
B8E
330
22
100
AcDbEntity
  8
F.Silkscreen
  6
CONTINUOUS
100
AcDbLine
 10
6.7407926377952752
 20
-2.6741336614173226
 30
0
 11
6.7407277165354333
 21
-2.6744193307086612
 31
0
  0
LINE
  5
B8F
330
22
100
AcDbEntity
  8
F.Silkscreen
  6
CONTINUOUS
100
AcDbLine
 10
6.7407277165354333
 20
-2.6744193307086612
 30
0
 11
6.7388529527559058
 21
-2.6800435826771651
 31
0
  0
LINE
  5
B90
330
22
100
AcDbEntity
  8
F.Silkscreen
  6
CONTINUOUS
100
AcDbLine
 10
6.7388529527559058
 20
-2.6800435826771651
 30
0
 11
6.738616968503937
 21
-2.6805721653543308
 31
0
  0
LINE
  5
B91
330
22
100
AcDbEntity
  8
F.Silkscreen
  6
CONTINUOUS
100
AcDbLine
 10
6.738616968503937
 20
-2.6805721653543308
 30
0
 11
6.7385474803149608
 21
-2.680652244094488
 31
0
  0
LINE
  5
B92
330
22
100
AcDbEntity
  8
F.Silkscreen
  6
CONTINUOUS
100
AcDbLine
 10
6.7385474803149608
 20
-2.680652244094488
 30
0
 11
6.7385068897637792
 21
-2.6807503149606298
 31
0
  0
LINE
  5
B93
330
22
100
AcDbEntity
  8
F.Silkscreen
  6
CONTINUOUS
100
AcDbLine
 10
6.7385068897637792
 20
-2.6807503149606298
 30
0
 11
6.7381396456692908
 21
-2.6811977559055116
 31
0
  0
LINE
  5
B94
330
22
100
AcDbEntity
  8
F.Silkscreen
  6
CONTINUOUS
100
AcDbLine
 10
6.7381396456692908
 20
-2.6811977559055116
 30
0
 11
6.7206831496062991
 21
-2.6986542913385825
 31
0
  0
LINE
  5
B95
330
22
100
AcDbEntity
  8
F.Silkscreen
  6
CONTINUOUS
100
AcDbLine
 10
6.7206831496062991
 20
-2.6986542913385825
 30
0
 11
6.7379264960629923
 21
-2.6986542913385825
 31
0
  0
LINE
  5
B96
330
22
100
AcDbEntity
  8
F.Silkscreen
  6
CONTINUOUS
100
AcDbLine
 10
6.7379264960629923
 20
-2.6986542913385825
 30
0
 11
6.7385025590551182
 21
-2.6987110236220473
 31
0
  0
LINE
  5
B97
330
22
100
AcDbEntity
  8
F.Silkscreen
  6
CONTINUOUS
100
AcDbLine
 10
6.7385025590551182
 20
-2.6987110236220473
 30
0
 11
6.7395669685039366
 21
-2.6991519291338584
 31
0
  0
LINE
  5
B98
330
22
100
AcDbEntity
  8
F.Silkscreen
  6
CONTINUOUS
100
AcDbLine
 10
6.7395669685039366
 20
-2.6991519291338584
 30
0
 11
6.740381614173228
 21
-2.6999665748031494
 31
0
  0
LINE
  5
B99
330
22
100
AcDbEntity
  8
F.Silkscreen
  6
CONTINUOUS
100
AcDbLine
 10
6.740381614173228
 20
-2.6999665748031494
 30
0
 11
6.7408225196850395
 21
-2.7010309842519686
 31
0
  0
LINE
  5
B9A
330
22
100
AcDbEntity
  8
F.Silkscreen
  6
CONTINUOUS
100
AcDbLine
 10
6.7408225196850395
 20
-2.7010309842519686
 30
0
 11
6.7408225196850395
 21
-2.7021831102362204
 31
0
  0
LINE
  5
B9B
330
22
100
AcDbEntity
  8
F.Silkscreen
  6
CONTINUOUS
100
AcDbLine
 10
6.7408225196850395
 20
-2.7021831102362204
 30
0
 11
6.740381614173228
 21
-2.7032475196850392
 31
0
  0
LINE
  5
B9C
330
22
100
AcDbEntity
  8
F.Silkscreen
  6
CONTINUOUS
100
AcDbLine
 10
6.740381614173228
 20
-2.7032475196850392
 30
0
 11
6.7395669685039366
 21
-2.7040621653543306
 31
0
  0
LINE
  5
B9D
330
22
100
AcDbEntity
  8
F.Silkscreen
  6
CONTINUOUS
100
AcDbLine
 10
6.7395669685039366
 20
-2.7040621653543306
 30
0
 11
6.7385025590551182
 21
-2.7045030708661417
 31
0
  0
LINE
  5
B9E
330
22
100
AcDbEntity
  8
F.Silkscreen
  6
CONTINUOUS
100
AcDbLine
 10
6.7385025590551182
 20
-2.7045030708661417
 30
0
 11
6.7379264960629923
 21
-2.7045598031496061
 31
0
  0
LINE
  5
B9F
330
22
100
AcDbEntity
  8
F.Silkscreen
  6
CONTINUOUS
100
AcDbLine
 10
6.7379264960629923
 20
-2.7045598031496061
 30
0
 11
6.7135545669291341
 21
-2.7045598031496061
 31
0
  0
LINE
  5
BA0
330
22
100
AcDbEntity
  8
F.Silkscreen
  6
CONTINUOUS
100
AcDbLine
 10
6.7135545669291341
 20
-2.7045598031496061
 30
0
 11
6.7129785039370073
 21
-2.7045030708661417
 31
0
  0
LINE
  5
BA1
330
22
100
AcDbEntity
  8
F.Silkscreen
  6
CONTINUOUS
100
AcDbLine
 10
6.7129785039370073
 20
-2.7045030708661417
 30
0
 11
6.711914094488189
 21
-2.7040621653543306
 31
0
  0
LINE
  5
BA2
330
22
100
AcDbEntity
  8
F.Silkscreen
  6
CONTINUOUS
100
AcDbLine
 10
6.711914094488189
 20
-2.7040621653543306
 30
0
 11
6.7110994488188975
 21
-2.7032475196850392
 31
0
  0
LINE
  5
BA3
330
22
100
AcDbEntity
  8
F.Silkscreen
  6
CONTINUOUS
100
AcDbLine
 10
6.7110994488188975
 20
-2.7032475196850392
 30
0
 11
6.7106585433070869
 21
-2.7021831102362204
 31
0
  0
LINE
  5
BA4
330
22
100
AcDbEntity
  8
F.Silkscreen
  6
CONTINUOUS
100
AcDbLine
 10
6.7106585433070869
 20
-2.7021831102362204
 30
0
 11
6.7106585433070869
 21
-2.7010309842519686
 31
0
  0
LINE
  5
BA5
330
22
100
AcDbEntity
  8
F.Silkscreen
  6
CONTINUOUS
100
AcDbLine
 10
6.7106585433070869
 20
-2.7010309842519686
 30
0
 11
6.7110994488188975
 21
-2.6999665748031494
 31
0
  0
LINE
  5
BA6
330
22
100
AcDbEntity
  8
F.Silkscreen
  6
CONTINUOUS
100
AcDbLine
 10
6.7110994488188975
 20
-2.6999665748031494
 30
0
 11
6.7114666535433072
 21
-2.6995191338582676
 31
0
  0
LINE
  5
BA7
330
22
100
AcDbEntity
  8
F.Silkscreen
  6
CONTINUOUS
100
AcDbLine
 10
6.7114666535433072
 20
-2.6995191338582676
 30
0
 11
6.7334709055118109
 21
-2.6775148031496063
 31
0
  0
LINE
  5
BA8
330
22
100
AcDbEntity
  8
F.Silkscreen
  6
CONTINUOUS
100
AcDbLine
 10
6.7334709055118109
 20
-2.6775148031496063
 30
0
 11
6.7349737401574803
 21
-2.6730064173228345
 31
0
  0
LINE
  5
BA9
330
22
100
AcDbEntity
  8
F.Silkscreen
  6
CONTINUOUS
100
AcDbLine
 10
6.7349737401574803
 20
-2.6730064173228345
 30
0
 11
6.7349737401574803
 21
-2.6704330708661415
 31
0
  0
LINE
  5
BAA
330
22
100
AcDbEntity
  8
F.Silkscreen
  6
CONTINUOUS
100
AcDbLine
 10
6.7349737401574803
 20
-2.6704330708661415
 30
0
 11
6.733625
 21
-2.6677355905511813
 31
0
  0
LINE
  5
BAB
330
22
100
AcDbEntity
  8
F.Silkscreen
  6
CONTINUOUS
100
AcDbLine
 10
6.733625
 20
-2.6677355905511813
 30
0
 11
6.7324278740157482
 21
-2.666538464566929
 31
0
  0
LINE
  5
BAC
330
22
100
AcDbEntity
  8
F.Silkscreen
  6
CONTINUOUS
100
AcDbLine
 10
6.7324278740157482
 20
-2.666538464566929
 30
0
 11
6.7297303937007875
 21
-2.6651897244094487
 31
0
  0
LINE
  5
BAD
330
22
100
AcDbEntity
  8
F.Silkscreen
  6
CONTINUOUS
100
AcDbLine
 10
6.7297303937007875
 20
-2.6651897244094487
 30
0
 11
6.721750669291338
 21
-2.6651897244094487
 31
0
  0
LINE
  5
BAE
330
22
100
AcDbEntity
  8
F.Silkscreen
  6
CONTINUOUS
100
AcDbLine
 10
6.721750669291338
 20
-2.6651897244094487
 30
0
 11
6.7190531889763774
 21
-2.666538464566929
 31
0
  0
LINE
  5
BAF
330
22
100
AcDbEntity
  8
F.Silkscreen
  6
CONTINUOUS
100
AcDbLine
 10
6.7190531889763774
 20
-2.666538464566929
 30
0
 11
6.7175172440944877
 21
-2.6680744094488187
 31
0
  0
LINE
  5
BB0
330
22
100
AcDbEntity
  8
F.Silkscreen
  6
CONTINUOUS
100
AcDbLine
 10
6.7175172440944877
 20
-2.6680744094488187
 30
0
 11
6.7170698031496059
 21
-2.6684416141732283
 31
0
  0
LINE
  5
BB1
330
22
100
AcDbEntity
  8
F.Silkscreen
  6
CONTINUOUS
100
AcDbLine
 10
6.7170698031496059
 20
-2.6684416141732283
 30
0
 11
6.7160053543307088
 21
-2.6688825196850394
 31
0
  0
LINE
  5
BB2
330
22
100
AcDbEntity
  8
F.Silkscreen
  6
CONTINUOUS
100
AcDbLine
 10
6.7160053543307088
 20
-2.6688825196850394
 30
0
 11
6.7148533070866137
 21
-2.6688825196850394
 31
0
  0
LINE
  5
BB3
330
22
100
AcDbEntity
  8
F.Silkscreen
  6
CONTINUOUS
100
AcDbLine
 10
6.7148533070866137
 20
-2.6688825196850394
 30
0
 11
6.7137888582677165
 21
-2.6684416141732283
 31
0
  0
LINE
  5
BB4
330
22
100
AcDbEntity
  8
F.Silkscreen
  6
CONTINUOUS
100
AcDbLine
 10
6.7137888582677165
 20
-2.6684416141732283
 30
0
 11
6.7129742125984251
 21
-2.6676269685039369
 31
0
  0
LINE
  5
BB5
330
22
100
AcDbEntity
  8
F.Silkscreen
  6
CONTINUOUS
100
AcDbLine
 10
6.7129742125984251
 20
-2.6676269685039369
 30
0
 11
6.7125333070866144
 21
-2.6665625196850393
 31
0
  0
LINE
  5
BB6
330
22
100
AcDbEntity
  8
F.Silkscreen
  6
CONTINUOUS
100
AcDbLine
 10
6.7125333070866144
 20
-2.6665625196850393
 30
0
 11
6.7125333070866144
 21
-2.6654104724409446
 31
0
  0
LINE
  5
BB7
330
22
100
AcDbEntity
  8
F.Silkscreen
  6
CONTINUOUS
100
AcDbLine
 10
6.7125333070866144
 20
-2.6654104724409446
 30
0
 11
6.7129742125984251
 21
-2.6643460236220471
 31
0
  0
LINE
  5
BB8
330
22
100
AcDbEntity
  8
F.Silkscreen
  6
CONTINUOUS
100
AcDbLine
 10
6.7129742125984251
 20
-2.6643460236220471
 30
0
 11
6.7133414173228347
 21
-2.6638985826771653
 31
0
  0
LINE
  5
BB9
330
22
100
AcDbEntity
  8
F.Silkscreen
  6
CONTINUOUS
100
AcDbLine
 10
6.7133414173228347
 20
-2.6638985826771653
 30
0
 11
6.7152161811023623
 21
-2.6620238188976377
 31
0
  0
LINE
  5
BBA
330
22
100
AcDbEntity
  8
F.Silkscreen
  6
CONTINUOUS
100
AcDbLine
 10
6.7152161811023623
 20
-2.6620238188976377
 30
0
 11
6.7154425196850394
 21
-2.661838031496063
 31
0
  0
LINE
  5
BBB
330
22
100
AcDbEntity
  8
F.Silkscreen
  6
CONTINUOUS
100
AcDbLine
 10
6.7154425196850394
 20
-2.661838031496063
 30
0
 11
6.7154937007874018
 21
-2.6617790551181102
 31
0
  0
LINE
  5
BBC
330
22
100
AcDbEntity
  8
F.Silkscreen
  6
CONTINUOUS
100
AcDbLine
 10
6.7154937007874018
 20
-2.6617790551181102
 30
0
 11
6.7155826377952756
 21
-2.6617230708661417
 31
0
  0
LINE
  5
BBD
330
22
100
AcDbEntity
  8
F.Silkscreen
  6
CONTINUOUS
100
AcDbLine
 10
6.7155826377952756
 20
-2.6617230708661417
 30
0
 11
6.7156636220472441
 21
-2.6616566141732281
 31
0
  0
LINE
  5
BBE
330
22
100
AcDbEntity
  8
F.Silkscreen
  6
CONTINUOUS
100
AcDbLine
 10
6.7156636220472441
 20
-2.6616566141732281
 30
0
 11
6.7157355511811021
 21
-2.6616267716535433
 31
0
  0
LINE
  5
BBF
330
22
100
AcDbEntity
  8
F.Silkscreen
  6
CONTINUOUS
100
AcDbLine
 10
6.7157355511811021
 20
-2.6616267716535433
 30
0
 11
6.7159835826771648
 21
-2.6614707086614171
 31
0
  0
LINE
  5
BC0
330
22
100
AcDbEntity
  8
F.Silkscreen
  6
CONTINUOUS
100
AcDbLine
 10
6.7159835826771648
 20
-2.6614707086614171
 30
0
 11
6.7197331102362199
 21
-2.6595959448818896
 31
0
  0
LINE
  5
BC1
330
22
100
AcDbEntity
  8
F.Silkscreen
  6
CONTINUOUS
100
AcDbLine
 10
6.7197331102362199
 20
-2.6595959448818896
 30
0
 11
6.7202737007874012
 21
-2.6593890551181101
 31
0
  0
LINE
  5
BC2
330
22
100
AcDbEntity
  8
F.Silkscreen
  6
CONTINUOUS
100
AcDbLine
 10
6.7202737007874012
 20
-2.6593890551181101
 30
0
 11
6.7203795669291333
 21
-2.6593814960629922
 31
0
  0
LINE
  5
BC3
330
22
100
AcDbEntity
  8
F.Silkscreen
  6
CONTINUOUS
100
AcDbLine
 10
6.7203795669291333
 20
-2.6593814960629922
 30
0
 11
6.7204775590551176
 21
-2.6593409448818899
 31
0
  0
LINE
  5
BC4
330
22
100
AcDbEntity
  8
F.Silkscreen
  6
CONTINUOUS
100
AcDbLine
 10
6.7204775590551176
 20
-2.6593409448818899
 30
0
 11
6.7210536220472443
 21
-2.6592842125984251
 31
0
  0
LINE
  5
BC5
330
22
100
AcDbEntity
  8
F.Silkscreen
  6
CONTINUOUS
100
AcDbLine
 10
6.7210536220472443
 20
-2.6592842125984251
 30
0
 11
6.7304274409448821
 21
-2.6592842125984251
 31
0
  0
LINE
  5
BC6
330
22
100
AcDbEntity
  8
F.Silkscreen
  6
CONTINUOUS
100
AcDbLine
 10
6.7304274409448821
 20
-2.6592842125984251
 30
0
 11
6.731003503937008
 21
-2.6593409448818899
 31
0
  0
LINE
  5
BC7
330
22
100
AcDbEntity
  8
F.Silkscreen
  6
CONTINUOUS
100
AcDbLine
 10
6.703537165354331
 20
-2.6595531496062992
 30
0
 11
6.7044705118110235
 21
-2.6602285826771652
 31
0
  0
LINE
  5
BC8
330
22
100
AcDbEntity
  8
F.Silkscreen
  6
CONTINUOUS
100
AcDbLine
 10
6.7044705118110235
 20
-2.6602285826771652
 30
0
 11
6.7050742913385823
 21
-2.6612097637795276
 31
0
  0
LINE
  5
BC9
330
22
100
AcDbEntity
  8
F.Silkscreen
  6
CONTINUOUS
100
AcDbLine
 10
6.7050742913385823
 20
-2.6612097637795276
 30
0
 11
6.7052566929133857
 21
-2.6623473622047245
 31
0
  0
LINE
  5
BCA
330
22
100
AcDbEntity
  8
F.Silkscreen
  6
CONTINUOUS
100
AcDbLine
 10
6.7052566929133857
 20
-2.6623473622047245
 30
0
 11
6.7051784251968503
 21
-2.662920905511811
 31
0
  0
LINE
  5
BCB
330
22
100
AcDbEntity
  8
F.Silkscreen
  6
CONTINUOUS
100
AcDbLine
 10
6.7051784251968503
 20
-2.662920905511811
 30
0
 11
6.6958045669291337
 21
-2.7022909842519685
 31
0
  0
LINE
  5
BCC
330
22
100
AcDbEntity
  8
F.Silkscreen
  6
CONTINUOUS
100
AcDbLine
 10
6.6958045669291337
 20
-2.7022909842519685
 30
0
 11
6.695736456692913
 21
-2.7024885433070867
 31
0
  0
LINE
  5
BCD
330
22
100
AcDbEntity
  8
F.Silkscreen
  6
CONTINUOUS
100
AcDbLine
 10
6.695736456692913
 20
-2.7024885433070867
 30
0
 11
6.6957270472440946
 21
-2.7025595669291338
 31
0
  0
LINE
  5
BCE
330
22
100
AcDbEntity
  8
F.Silkscreen
  6
CONTINUOUS
100
AcDbLine
 10
6.6957270472440946
 20
-2.7025595669291338
 30
0
 11
6.6956898818897637
 21
-2.7026237007874014
 31
0
  0
LINE
  5
BCF
330
22
100
AcDbEntity
  8
F.Silkscreen
  6
CONTINUOUS
100
AcDbLine
 10
6.6956898818897637
 20
-2.7026237007874014
 30
0
 11
6.695615984251968
 21
-2.7028382283464567
 31
0
  0
LINE
  5
BD0
330
22
100
AcDbEntity
  8
F.Silkscreen
  6
CONTINUOUS
100
AcDbLine
 10
6.695615984251968
 20
-2.7028382283464567
 30
0
 11
6.6953645669291335
 21
-2.7031855905511812
 31
0
  0
LINE
  5
BD1
330
22
100
AcDbEntity
  8
F.Silkscreen
  6
CONTINUOUS
100
AcDbLine
 10
6.6953645669291335
 20
-2.7031855905511812
 30
0
 11
6.6951498031496062
 21
-2.7035565748031494
 31
0
  0
LINE
  5
BD2
330
22
100
AcDbEntity
  8
F.Silkscreen
  6
CONTINUOUS
100
AcDbLine
 10
6.6951498031496062
 20
-2.7035565748031494
 30
0
 11
6.6950294094488187
 21
-2.7036487007874017
 31
0
  0
LINE
  5
BD3
330
22
100
AcDbEntity
  8
F.Silkscreen
  6
CONTINUOUS
100
AcDbLine
 10
6.6950294094488187
 20
-2.7036487007874017
 30
0
 11
6.6949405118110237
 21
-2.7037715748031497
 31
0
  0
LINE
  5
BD4
330
22
100
AcDbEntity
  8
F.Silkscreen
  6
CONTINUOUS
100
AcDbLine
 10
6.6949405118110237
 20
-2.7037715748031497
 30
0
 11
6.6945754724409445
 21
-2.7039961811023621
 31
0
  0
LINE
  5
BD5
330
22
100
AcDbEntity
  8
F.Silkscreen
  6
CONTINUOUS
100
AcDbLine
 10
6.6945754724409445
 20
-2.7039961811023621
 30
0
 11
6.6942349212598424
 21
-2.7042568897637795
 31
0
  0
LINE
  5
BD6
330
22
100
AcDbEntity
  8
F.Silkscreen
  6
CONTINUOUS
100
AcDbLine
 10
6.6942349212598424
 20
-2.7042568897637795
 30
0
 11
6.6940883070866137
 21
-2.7042959842519685
 31
0
  0
LINE
  5
BD7
330
22
100
AcDbEntity
  8
F.Silkscreen
  6
CONTINUOUS
100
AcDbLine
 10
6.6940883070866137
 20
-2.7042959842519685
 30
0
 11
6.6939593307086609
 21
-2.7043753543307085
 31
0
  0
LINE
  5
BD8
330
22
100
AcDbEntity
  8
F.Silkscreen
  6
CONTINUOUS
100
AcDbLine
 10
6.6939593307086609
 20
-2.7043753543307085
 30
0
 11
6.6935363385826774
 21
-2.7044431496062993
 31
0
  0
LINE
  5
BD9
330
22
100
AcDbEntity
  8
F.Silkscreen
  6
CONTINUOUS
100
AcDbLine
 10
6.6935363385826774
 20
-2.7044431496062993
 30
0
 11
6.6931217322834646
 21
-2.7045537401574804
 31
0
  0
LINE
  5
BDA
330
22
100
AcDbEntity
  8
F.Silkscreen
  6
CONTINUOUS
100
AcDbLine
 10
6.6931217322834646
 20
-2.7045537401574804
 30
0
 11
6.6929713779527553
 21
-2.7045337401574803
 31
0
  0
LINE
  5
BDB
330
22
100
AcDbEntity
  8
F.Silkscreen
  6
CONTINUOUS
100
AcDbLine
 10
6.6929713779527553
 20
-2.7045337401574803
 30
0
 11
6.6928217322834644
 21
-2.7045577559055118
 31
0
  0
LINE
  5
BDC
330
22
100
AcDbEntity
  8
F.Silkscreen
  6
CONTINUOUS
100
AcDbLine
 10
6.6928217322834644
 20
-2.7045577559055118
 30
0
 11
6.6924045669291337
 21
-2.7044584251968504
 31
0
  0
LINE
  5
BDD
330
22
100
AcDbEntity
  8
F.Silkscreen
  6
CONTINUOUS
100
AcDbLine
 10
6.6924045669291337
 20
-2.7044584251968504
 30
0
 11
6.6919796456692913
 21
-2.7044019685039369
 31
0
  0
LINE
  5
BDE
330
22
100
AcDbEntity
  8
F.Silkscreen
  6
CONTINUOUS
100
AcDbLine
 10
6.6919796456692913
 20
-2.7044019685039369
 30
0
 11
6.6918484645669292
 21
-2.704326023622047
 31
0
  0
LINE
  5
BDF
330
22
100
AcDbEntity
  8
F.Silkscreen
  6
CONTINUOUS
100
AcDbLine
 10
6.6918484645669292
 20
-2.704326023622047
 30
0
 11
6.69170094488189
 21
-2.7042909055118112
 31
0
  0
LINE
  5
BE0
330
22
100
AcDbEntity
  8
F.Silkscreen
  6
CONTINUOUS
100
AcDbLine
 10
6.69170094488189
 20
-2.7042909055118112
 30
0
 11
6.691353503937008
 21
-2.7040394488188975
 31
0
  0
LINE
  5
BE1
330
22
100
AcDbEntity
  8
F.Silkscreen
  6
CONTINUOUS
100
AcDbLine
 10
6.691353503937008
 20
-2.7040394488188975
 30
0
 11
6.6909825984251965
 21
-2.7038247244094489
 31
0
  0
LINE
  5
BE2
330
22
100
AcDbEntity
  8
F.Silkscreen
  6
CONTINUOUS
100
AcDbLine
 10
6.6909825984251965
 20
-2.7038247244094489
 30
0
 11
6.6908904330708658
 21
-2.7037043307086615
 31
0
  0
LINE
  5
BE3
330
22
100
AcDbEntity
  8
F.Silkscreen
  6
CONTINUOUS
100
AcDbLine
 10
6.6908904330708658
 20
-2.7037043307086615
 30
0
 11
6.6907675984251966
 21
-2.7036154330708659
 31
0
  0
LINE
  5
BE4
330
22
100
AcDbEntity
  8
F.Silkscreen
  6
CONTINUOUS
100
AcDbLine
 10
6.6907675984251966
 20
-2.7036154330708659
 30
0
 11
6.690542952755905
 21
-2.7032503543307085
 31
0
  0
LINE
  5
BE5
330
22
100
AcDbEntity
  8
F.Silkscreen
  6
CONTINUOUS
100
AcDbLine
 10
6.690542952755905
 20
-2.7032503543307085
 30
0
 11
6.6902823228346451
 21
-2.7029098818897639
 31
0
  0
LINE
  5
BE6
330
22
100
AcDbEntity
  8
F.Silkscreen
  6
CONTINUOUS
100
AcDbLine
 10
6.6902823228346451
 20
-2.7029098818897639
 30
0
 11
6.690202559055118
 21
-2.7026972047244096
 31
0
  0
LINE
  5
BE7
330
22
100
AcDbEntity
  8
F.Silkscreen
  6
CONTINUOUS
100
AcDbLine
 10
6.690202559055118
 20
-2.7026972047244096
 30
0
 11
6.6901638188976378
 21
-2.702634251968504
 31
0
  0
LINE
  5
BE8
330
22
100
AcDbEntity
  8
F.Silkscreen
  6
CONTINUOUS
100
AcDbLine
 10
6.6901638188976378
 20
-2.702634251968504
 30
0
 11
6.6901524803149606
 21
-2.7025637401574802
 31
0
  0
LINE
  5
BE9
330
22
100
AcDbEntity
  8
F.Silkscreen
  6
CONTINUOUS
100
AcDbLine
 10
6.6901524803149606
 20
-2.7025637401574802
 30
0
 11
6.69007905511811
 21
-2.702367874015748
 31
0
  0
LINE
  5
BEA
330
22
100
AcDbEntity
  8
F.Silkscreen
  6
CONTINUOUS
100
AcDbLine
 10
6.69007905511811
 20
-2.702367874015748
 30
0
 11
6.6854330314960633
 21
-2.6849453937007874
 31
0
  0
LINE
  5
BEB
330
22
100
AcDbEntity
  8
F.Silkscreen
  6
CONTINUOUS
100
AcDbLine
 10
6.6854330314960633
 20
-2.6849453937007874
 30
0
 11
6.6807870866141732
 21
-2.702367874015748
 31
0
  0
LINE
  5
BEC
330
22
100
AcDbEntity
  8
F.Silkscreen
  6
CONTINUOUS
100
AcDbLine
 10
6.6807870866141732
 20
-2.702367874015748
 30
0
 11
6.6807136220472438
 21
-2.7025637007874015
 31
0
  0
LINE
  5
BED
330
22
100
AcDbEntity
  8
F.Silkscreen
  6
CONTINUOUS
100
AcDbLine
 10
6.6807136220472438
 20
-2.7025637007874015
 30
0
 11
6.6807023228346454
 21
-2.702634251968504
 31
0
  0
LINE
  5
BEE
330
22
100
AcDbEntity
  8
F.Silkscreen
  6
CONTINUOUS
100
AcDbLine
 10
6.6807023228346454
 20
-2.702634251968504
 30
0
 11
6.6806635433070864
 21
-2.7026972440944883
 31
0
  0
LINE
  5
BEF
330
22
100
AcDbEntity
  8
F.Silkscreen
  6
CONTINUOUS
100
AcDbLine
 10
6.6806635433070864
 20
-2.7026972440944883
 30
0
 11
6.6805838188976381
 21
-2.7029098425196851
 31
0
  0
LINE
  5
BF0
330
22
100
AcDbEntity
  8
F.Silkscreen
  6
CONTINUOUS
100
AcDbLine
 10
6.6805838188976381
 20
-2.7029098425196851
 30
0
 11
6.6803232283464569
 21
-2.7032502362204722
 31
0
  0
LINE
  5
BF1
330
22
100
AcDbEntity
  8
F.Silkscreen
  6
CONTINUOUS
100
AcDbLine
 10
6.6803232283464569
 20
-2.7032502362204722
 30
0
 11
6.6800985433070865
 21
-2.7036154330708659
 31
0
  0
LINE
  5
BF2
330
22
100
AcDbEntity
  8
F.Silkscreen
  6
CONTINUOUS
100
AcDbLine
 10
6.6800985433070865
 20
-2.7036154330708659
 30
0
 11
6.6799756692913386
 21
-2.7037043307086615
 31
0
  0
LINE
  5
BF3
330
22
100
AcDbEntity
  8
F.Silkscreen
  6
CONTINUOUS
100
AcDbLine
 10
6.6799756692913386
 20
-2.7037043307086615
 30
0
 11
6.6798835433070867
 21
-2.7038247244094489
 31
0
  0
LINE
  5
BF4
330
22
100
AcDbEntity
  8
F.Silkscreen
  6
CONTINUOUS
100
AcDbLine
 10
6.6798835433070867
 20
-2.7038247244094489
 30
0
 11
6.6795125984251964
 21
-2.7040394488188975
 31
0
  0
LINE
  5
BF5
330
22
100
AcDbEntity
  8
F.Silkscreen
  6
CONTINUOUS
100
AcDbLine
 10
6.6795125984251964
 20
-2.7040394488188975
 30
0
 11
6.6791651968503931
 21
-2.7042909055118112
 31
0
  0
LINE
  5
BF6
330
22
100
AcDbEntity
  8
F.Silkscreen
  6
CONTINUOUS
100
AcDbLine
 10
6.6791651968503931
 20
-2.7042909055118112
 30
0
 11
6.6790176377952752
 21
-2.704326023622047
 31
0
  0
LINE
  5
BF7
330
22
100
AcDbEntity
  8
F.Silkscreen
  6
CONTINUOUS
100
AcDbLine
 10
6.6790176377952752
 20
-2.704326023622047
 30
0
 11
6.6788864960629919
 21
-2.7044019685039369
 31
0
  0
LINE
  5
BF8
330
22
100
AcDbEntity
  8
F.Silkscreen
  6
CONTINUOUS
100
AcDbLine
 10
6.6788864960629919
 20
-2.7044019685039369
 30
0
 11
6.678461653543307
 21
-2.7044583858267717
 31
0
  0
LINE
  5
BF9
330
22
100
AcDbEntity
  8
F.Silkscreen
  6
CONTINUOUS
100
AcDbLine
 10
6.678461653543307
 20
-2.7044583858267717
 30
0
 11
6.6780444094488187
 21
-2.7045577559055118
 31
0
  0
LINE
  5
BFA
330
22
100
AcDbEntity
  8
F.Silkscreen
  6
CONTINUOUS
100
AcDbLine
 10
6.6780444094488187
 20
-2.7045577559055118
 30
0
 11
6.6778946456692916
 21
-2.7045337401574803
 31
0
  0
LINE
  5
BFB
330
22
100
AcDbEntity
  8
F.Silkscreen
  6
CONTINUOUS
100
AcDbLine
 10
6.6778946456692916
 20
-2.7045337401574803
 30
0
 11
6.6777444488188973
 21
-2.7045537007874016
 31
0
  0
LINE
  5
BFC
330
22
100
AcDbEntity
  8
F.Silkscreen
  6
CONTINUOUS
100
AcDbLine
 10
6.6777444488188973
 20
-2.7045537007874016
 30
0
 11
6.6773301968503933
 21
-2.7044432283464568
 31
0
  0
LINE
  5
BFD
330
22
100
AcDbEntity
  8
F.Silkscreen
  6
CONTINUOUS
100
AcDbLine
 10
6.6773301968503933
 20
-2.7044432283464568
 30
0
 11
6.6769068110236223
 21
-2.7043753543307085
 31
0
  0
LINE
  5
BFE
330
22
100
AcDbEntity
  8
F.Silkscreen
  6
CONTINUOUS
100
AcDbLine
 10
6.6769068110236223
 20
-2.7043753543307085
 30
0
 11
6.6767776771653544
 21
-2.704295905511811
 31
0
  0
LINE
  5
BFF
330
22
100
AcDbEntity
  8
F.Silkscreen
  6
CONTINUOUS
100
AcDbLine
 10
6.6767776771653544
 20
-2.704295905511811
 30
0
 11
6.6766312204724407
 21
-2.7042568503937008
 31
0
  0
LINE
  5
C00
330
22
100
AcDbEntity
  8
F.Silkscreen
  6
CONTINUOUS
100
AcDbLine
 10
6.6766312204724407
 20
-2.7042568503937008
 30
0
 11
6.6762907874015749
 21
-2.7039962598425196
 31
0
  0
LINE
  5
C01
330
22
100
AcDbEntity
  8
F.Silkscreen
  6
CONTINUOUS
100
AcDbLine
 10
6.6762907874015749
 20
-2.7039962598425196
 30
0
 11
6.6759256299212595
 21
-2.7037715748031497
 31
0
  0
LINE
  5
C02
330
22
100
AcDbEntity
  8
F.Silkscreen
  6
CONTINUOUS
100
AcDbLine
 10
6.6759256299212595
 20
-2.7037715748031497
 30
0
 11
6.6758366929133857
 21
-2.7036487007874017
 31
0
  0
LINE
  5
C03
330
22
100
AcDbEntity
  8
F.Silkscreen
  6
CONTINUOUS
100
AcDbLine
 10
6.6758366929133857
 20
-2.7036487007874017
 30
0
 11
6.675716338582677
 21
-2.7035565748031494
 31
0
  0
LINE
  5
C04
330
22
100
AcDbEntity
  8
F.Silkscreen
  6
CONTINUOUS
100
AcDbLine
 10
6.675716338582677
 20
-2.7035565748031494
 30
0
 11
6.6755015748031497
 21
-2.70318562992126
 31
0
  0
LINE
  5
C05
330
22
100
AcDbEntity
  8
F.Silkscreen
  6
CONTINUOUS
100
AcDbLine
 10
6.6755015748031497
 20
-2.70318562992126
 30
0
 11
6.6752501574803151
 21
-2.7028382283464567
 31
0
  0
LINE
  5
C06
330
22
100
AcDbEntity
  8
F.Silkscreen
  6
CONTINUOUS
100
AcDbLine
 10
6.6752501574803151
 20
-2.7028382283464567
 30
0
 11
6.675176181102362
 21
-2.7026236220472439
 31
0
  0
LINE
  5
C07
330
22
100
AcDbEntity
  8
F.Silkscreen
  6
CONTINUOUS
100
AcDbLine
 10
6.675176181102362
 20
-2.7026236220472439
 30
0
 11
6.6751390944881885
 21
-2.702559527559055
 31
0
  0
LINE
  5
C08
330
22
100
AcDbEntity
  8
F.Silkscreen
  6
CONTINUOUS
100
AcDbLine
 10
6.6751390944881885
 20
-2.702559527559055
 30
0
 11
6.6751296456692915
 21
-2.7024885826771654
 31
0
  0
LINE
  5
C09
330
22
100
AcDbEntity
  8
F.Silkscreen
  6
CONTINUOUS
100
AcDbLine
 10
6.6751296456692915
 20
-2.7024885826771654
 30
0
 11
6.6750615748031494
 21
-2.7022909842519685
 31
0
  0
LINE
  5
C0A
330
22
100
AcDbEntity
  8
F.Silkscreen
  6
CONTINUOUS
100
AcDbLine
 10
6.6750615748031494
 20
-2.7022909842519685
 30
0
 11
6.6656877559055117
 21
-2.662920905511811
 31
0
  0
LINE
  5
C0B
330
22
100
AcDbEntity
  8
F.Silkscreen
  6
CONTINUOUS
100
AcDbLine
 10
6.6656877559055117
 20
-2.662920905511811
 30
0
 11
6.6656094881889763
 21
-2.6623473622047245
 31
0
  0
LINE
  5
C0C
330
22
100
AcDbEntity
  8
F.Silkscreen
  6
CONTINUOUS
100
AcDbLine
 10
6.6656094881889763
 20
-2.6623473622047245
 30
0
 11
6.6657918897637796
 21
-2.6612097637795276
 31
0
  0
LINE
  5
C0D
330
22
100
AcDbEntity
  8
F.Silkscreen
  6
CONTINUOUS
100
AcDbLine
 10
6.6657918897637796
 20
-2.6612097637795276
 30
0
 11
6.6663956692913384
 21
-2.6602285826771652
 31
0
  0
LINE
  5
C0E
330
22
100
AcDbEntity
  8
F.Silkscreen
  6
CONTINUOUS
100
AcDbLine
 10
6.6663956692913384
 20
-2.6602285826771652
 30
0
 11
6.6673290157480309
 21
-2.6595531102362204
 31
0
  0
LINE
  5
C0F
330
22
100
AcDbEntity
  8
F.Silkscreen
  6
CONTINUOUS
100
AcDbLine
 10
6.6673290157480309
 20
-2.6595531102362204
 30
0
 11
6.6684498031496062
 21
-2.6592862598425198
 31
0
  0
LINE
  5
C10
330
22
100
AcDbEntity
  8
F.Silkscreen
  6
CONTINUOUS
100
AcDbLine
 10
6.6684498031496062
 20
-2.6592862598425198
 30
0
 11
6.6695874015748027
 21
-2.6594686614173226
 31
0
  0
LINE
  5
C11
330
22
100
AcDbEntity
  8
F.Silkscreen
  6
CONTINUOUS
100
AcDbLine
 10
6.6695874015748027
 20
-2.6594686614173226
 30
0
 11
6.6705685826771655
 21
-2.6600724409448819
 31
0
  0
LINE
  5
C12
330
22
100
AcDbEntity
  8
F.Silkscreen
  6
CONTINUOUS
100
AcDbLine
 10
6.6705685826771655
 20
-2.6600724409448819
 30
0
 11
6.6712440551181098
 21
-2.6610057874015749
 31
0
  0
LINE
  5
C13
330
22
100
AcDbEntity
  8
F.Silkscreen
  6
CONTINUOUS
100
AcDbLine
 10
6.6712440551181098
 20
-2.6610057874015749
 30
0
 11
6.6714326377952755
 21
-2.6615530314960631
 31
0
  0
LINE
  5
C14
330
22
100
AcDbEntity
  8
F.Silkscreen
  6
CONTINUOUS
100
AcDbLine
 10
6.6714326377952755
 20
-2.6615530314960631
 30
0
 11
6.6780960629921262
 21
-2.6895394881889763
 31
0
  0
LINE
  5
C15
330
22
100
AcDbEntity
  8
F.Silkscreen
  6
CONTINUOUS
100
AcDbLine
 10
6.6780960629921262
 20
-2.6895394881889763
 30
0
 11
6.6825799999999997
 21
-2.672724724409449
 31
0
  0
LINE
  5
C16
330
22
100
AcDbEntity
  8
F.Silkscreen
  6
CONTINUOUS
100
AcDbLine
 10
6.6825799999999997
 20
-2.672724724409449
 30
0
 11
6.6826305905511809
 21
-2.6725897244094488
 31
0
  0
LINE
  5
C17
330
22
100
AcDbEntity
  8
F.Silkscreen
  6
CONTINUOUS
100
AcDbLine
 10
6.6826305905511809
 20
-2.6725897244094488
 30
0
 11
6.6826381496062988
 21
-2.6725330708661419
 31
0
  0
LINE
  5
C18
330
22
100
AcDbEntity
  8
F.Silkscreen
  6
CONTINUOUS
100
AcDbLine
 10
6.6826381496062988
 20
-2.6725330708661419
 30
0
 11
6.6826770866141727
 21
-2.6724657480314962
 31
0
  0
LINE
  5
C19
330
22
100
AcDbEntity
  8
F.Silkscreen
  6
CONTINUOUS
100
AcDbLine
 10
6.6826770866141727
 20
-2.6724657480314962
 30
0
 11
6.6827832677165349
 21
-2.672182716535433
 31
0
  0
LINE
  5
C1A
330
22
100
AcDbEntity
  8
F.Silkscreen
  6
CONTINUOUS
100
AcDbLine
 10
6.6827832677165349
 20
-2.672182716535433
 30
0
 11
6.683020157480315
 21
-2.6718732283464566
 31
0
  0
LINE
  5
C1B
330
22
100
AcDbEntity
  8
F.Silkscreen
  6
CONTINUOUS
100
AcDbLine
 10
6.683020157480315
 20
-2.6718732283464566
 30
0
 11
6.6832153937007872
 21
-2.6715360236220471
 31
0
  0
LINE
  5
C1C
330
22
100
AcDbEntity
  8
F.Silkscreen
  6
CONTINUOUS
100
AcDbLine
 10
6.6832153937007872
 20
-2.6715360236220471
 30
0
 11
6.6833672440944882
 21
-2.6714197637795274
 31
0
  0
LINE
  5
C1D
330
22
100
AcDbEntity
  8
F.Silkscreen
  6
CONTINUOUS
100
AcDbLine
 10
6.6833672440944882
 20
-2.6714197637795274
 30
0
 11
6.6834835433070863
 21
-2.6712678740157481
 31
0
  0
LINE
  5
C1E
330
22
100
AcDbEntity
  8
F.Silkscreen
  6
CONTINUOUS
100
AcDbLine
 10
6.6834835433070863
 20
-2.6712678740157481
 30
0
 11
6.6838208267716537
 21
-2.6710725590551179
 31
0
  0
LINE
  5
C1F
330
22
100
AcDbEntity
  8
F.Silkscreen
  6
CONTINUOUS
100
AcDbLine
 10
6.6838208267716537
 20
-2.6710725590551179
 30
0
 11
6.684130275590551
 21
-2.6708357480314961
 31
0
  0
LINE
  5
C20
330
22
100
AcDbEntity
  8
F.Silkscreen
  6
CONTINUOUS
100
AcDbLine
 10
6.684130275590551
 20
-2.6708357480314961
 30
0
 11
6.6843149999999998
 21
-2.6707864566929134
 31
0
  0
LINE
  5
C21
330
22
100
AcDbEntity
  8
F.Silkscreen
  6
CONTINUOUS
100
AcDbLine
 10
6.6843149999999998
 20
-2.6707864566929134
 30
0
 11
6.684480590551181
 21
-2.6706906299212596
 31
0
  0
LINE
  5
C22
330
22
100
AcDbEntity
  8
F.Silkscreen
  6
CONTINUOUS
100
AcDbLine
 10
6.684480590551181
 20
-2.6706906299212596
 30
0
 11
6.6848670866141733
 21
-2.6706392519685038
 31
0
  0
LINE
  5
C23
330
22
100
AcDbEntity
  8
F.Silkscreen
  6
CONTINUOUS
100
AcDbLine
 10
6.6848670866141733
 20
-2.6706392519685038
 30
0
 11
6.6852435039370075
 21
-2.6705388976377953
 31
0
  0
LINE
  5
C24
330
22
100
AcDbEntity
  8
F.Silkscreen
  6
CONTINUOUS
100
AcDbLine
 10
6.6852435039370075
 20
-2.6705388976377953
 30
0
 11
6.6854329527559058
 21
-2.6705640551181102
 31
0
  0
LINE
  5
C25
330
22
100
AcDbEntity
  8
F.Silkscreen
  6
CONTINUOUS
100
AcDbLine
 10
6.6854329527559058
 20
-2.6705640551181102
 30
0
 11
6.6856226771653544
 21
-2.6705388582677165
 31
0
  0
LINE
  5
C26
330
22
100
AcDbEntity
  8
F.Silkscreen
  6
CONTINUOUS
100
AcDbLine
 10
6.6856226771653544
 20
-2.6705388582677165
 30
0
 11
6.6859994488188974
 21
-2.6706393307086613
 31
0
  0
LINE
  5
C27
330
22
100
AcDbEntity
  8
F.Silkscreen
  6
CONTINUOUS
100
AcDbLine
 10
6.6859994488188974
 20
-2.6706393307086613
 30
0
 11
6.6863855511811021
 21
-2.6706906299212596
 31
0
  0
LINE
  5
C28
330
22
100
AcDbEntity
  8
F.Silkscreen
  6
CONTINUOUS
100
AcDbLine
 10
6.6863855511811021
 20
-2.6706906299212596
 30
0
 11
6.6865509448818896
 21
-2.6707863779527559
 31
0
  0
LINE
  5
C29
330
22
100
AcDbEntity
  8
F.Silkscreen
  6
CONTINUOUS
100
AcDbLine
 10
6.6865509448818896
 20
-2.6707863779527559
 30
0
 11
6.6867358661417322
 21
-2.6708357086614174
 31
0
  0
LINE
  5
C2A
330
22
100
AcDbEntity
  8
F.Silkscreen
  6
CONTINUOUS
100
AcDbLine
 10
6.6867358661417322
 20
-2.6708357086614174
 30
0
 11
6.687045393700787
 21
-2.6710726377952754
 31
0
  0
LINE
  5
C2B
330
22
100
AcDbEntity
  8
F.Silkscreen
  6
CONTINUOUS
100
AcDbLine
 10
6.687045393700787
 20
-2.6710726377952754
 30
0
 11
6.6873825984251969
 21
-2.6712678740157481
 31
0
  0
LINE
  5
C2C
330
22
100
AcDbEntity
  8
F.Silkscreen
  6
CONTINUOUS
100
AcDbLine
 10
6.6873825984251969
 20
-2.6712678740157481
 30
0
 11
6.6874988188976374
 21
-2.6714197244094486
 31
0
  0
LINE
  5
C2D
330
22
100
AcDbEntity
  8
F.Silkscreen
  6
CONTINUOUS
100
AcDbLine
 10
6.6874988188976374
 20
-2.6714197244094486
 30
0
 11
6.687650748031496
 21
-2.6715360236220471
 31
0
  0
LINE
  5
C2E
330
22
100
AcDbEntity
  8
F.Silkscreen
  6
CONTINUOUS
100
AcDbLine
 10
6.687650748031496
 20
-2.6715360236220471
 30
0
 11
6.6878460629921257
 21
-2.6718733464566928
 31
0
  0
LINE
  5
C2F
330
22
100
AcDbEntity
  8
F.Silkscreen
  6
CONTINUOUS
100
AcDbLine
 10
6.6878460629921257
 20
-2.6718733464566928
 30
0
 11
6.6880828740157483
 21
-2.6721827559055118
 31
0
  0
LINE
  5
C30
330
22
100
AcDbEntity
  8
F.Silkscreen
  6
CONTINUOUS
100
AcDbLine
 10
6.6880828740157483
 20
-2.6721827559055118
 30
0
 11
6.6881889370078742
 21
-2.6724655905511812
 31
0
  0
LINE
  5
C31
330
22
100
AcDbEntity
  8
F.Silkscreen
  6
CONTINUOUS
100
AcDbLine
 10
6.6881889370078742
 20
-2.6724655905511812
 30
0
 11
6.6882279921259844
 21
-2.6725330314960631
 31
0
  0
LINE
  5
C32
330
22
100
AcDbEntity
  8
F.Silkscreen
  6
CONTINUOUS
100
AcDbLine
 10
6.6882279921259844
 20
-2.6725330314960631
 30
0
 11
6.6882355118110235
 21
-2.6725897637795275
 31
0
  0
LINE
  5
C33
330
22
100
AcDbEntity
  8
F.Silkscreen
  6
CONTINUOUS
100
AcDbLine
 10
6.6882355118110235
 20
-2.6725897637795275
 30
0
 11
6.6882861417322834
 21
-2.672724724409449
 31
0
  0
LINE
  5
C34
330
22
100
AcDbEntity
  8
F.Silkscreen
  6
CONTINUOUS
100
AcDbLine
 10
6.6882861417322834
 20
-2.672724724409449
 30
0
 11
6.6927700393700782
 21
-2.6895394881889763
 31
0
  0
LINE
  5
C35
330
22
100
AcDbEntity
  8
F.Silkscreen
  6
CONTINUOUS
100
AcDbLine
 10
6.6927700393700782
 20
-2.6895394881889763
 30
0
 11
6.6994335433070864
 21
-2.6615530708661415
 31
0
  0
LINE
  5
C36
330
22
100
AcDbEntity
  8
F.Silkscreen
  6
CONTINUOUS
100
AcDbLine
 10
6.6994335433070864
 20
-2.6615530708661415
 30
0
 11
6.6996221259842521
 21
-2.6610057874015749
 31
0
  0
LINE
  5
C37
330
22
100
AcDbEntity
  8
F.Silkscreen
  6
CONTINUOUS
100
AcDbLine
 10
6.6996221259842521
 20
-2.6610057874015749
 30
0
 11
6.7002975984251965
 21
-2.6600724409448819
 31
0
  0
LINE
  5
C38
330
22
100
AcDbEntity
  8
F.Silkscreen
  6
CONTINUOUS
100
AcDbLine
 10
6.7002975984251965
 20
-2.6600724409448819
 30
0
 11
6.7012787795275592
 21
-2.6594686614173226
 31
0
  0
LINE
  5
C39
330
22
100
AcDbEntity
  8
F.Silkscreen
  6
CONTINUOUS
100
AcDbLine
 10
6.7012787795275592
 20
-2.6594686614173226
 30
0
 11
6.7024163779527557
 21
-2.6592862598425198
 31
0
  0
LINE
  5
C3A
330
22
100
AcDbEntity
  8
F.Silkscreen
  6
CONTINUOUS
100
AcDbLine
 10
6.7024163779527557
 20
-2.6592862598425198
 30
0
 11
6.703537165354331
 21
-2.6595531496062992
 31
0
  0
LINE
  5
C3B
330
22
100
AcDbEntity
  8
F.Silkscreen
  6
CONTINUOUS
100
AcDbLine
 10
4.5478785433070863
 20
-2.5830238976377951
 30
0
 11
4.550637519685039
 21
-2.5857828740157478
 31
0
  0
LINE
  5
C3C
330
22
100
AcDbEntity
  8
F.Silkscreen
  6
CONTINUOUS
100
AcDbLine
 10
4.550637519685039
 20
-2.5857828740157478
 30
0
 11
4.5521306692913388
 21
-2.5893876771653543
 31
0
  0
LINE
  5
C3D
330
22
100
AcDbEntity
  8
F.Silkscreen
  6
CONTINUOUS
100
AcDbLine
 10
4.5521306692913388
 20
-2.5893876771653543
 30
0
 11
4.5521306692913388
 21
-2.5932894881889763
 31
0
  0
LINE
  5
C3E
330
22
100
AcDbEntity
  8
F.Silkscreen
  6
CONTINUOUS
100
AcDbLine
 10
4.5521306692913388
 20
-2.5932894881889763
 30
0
 11
4.550637519685039
 21
-2.5968942913385824
 31
0
  0
LINE
  5
C3F
330
22
100
AcDbEntity
  8
F.Silkscreen
  6
CONTINUOUS
100
AcDbLine
 10
4.550637519685039
 20
-2.5968942913385824
 30
0
 11
4.5478785433070863
 21
-2.5996532677165352
 31
0
  0
LINE
  5
C40
330
22
100
AcDbEntity
  8
F.Silkscreen
  6
CONTINUOUS
100
AcDbLine
 10
4.5478785433070863
 20
-2.5996532677165352
 30
0
 11
4.5442737401574806
 21
-2.6011464173228345
 31
0
  0
LINE
  5
C41
330
22
100
AcDbEntity
  8
F.Silkscreen
  6
CONTINUOUS
100
AcDbLine
 10
4.5442737401574806
 20
-2.6011464173228345
 30
0
 11
4.5403719291338582
 21
-2.6011464173228345
 31
0
  0
LINE
  5
C42
330
22
100
AcDbEntity
  8
F.Silkscreen
  6
CONTINUOUS
100
AcDbLine
 10
4.5403719291338582
 20
-2.6011464173228345
 30
0
 11
4.5367671259842517
 21
-2.5996532677165352
 31
0
  0
LINE
  5
C43
330
22
100
AcDbEntity
  8
F.Silkscreen
  6
CONTINUOUS
100
AcDbLine
 10
4.5367671259842517
 20
-2.5996532677165352
 30
0
 11
4.5340081496062989
 21
-2.5968942913385824
 31
0
  0
LINE
  5
C44
330
22
100
AcDbEntity
  8
F.Silkscreen
  6
CONTINUOUS
100
AcDbLine
 10
4.5340081496062989
 20
-2.5968942913385824
 30
0
 11
4.5325150000000001
 21
-2.5932894881889763
 31
0
  0
LINE
  5
C45
330
22
100
AcDbEntity
  8
F.Silkscreen
  6
CONTINUOUS
100
AcDbLine
 10
4.5325150000000001
 20
-2.5932894881889763
 30
0
 11
4.5325150000000001
 21
-2.5893876771653543
 31
0
  0
LINE
  5
C46
330
22
100
AcDbEntity
  8
F.Silkscreen
  6
CONTINUOUS
100
AcDbLine
 10
4.5325150000000001
 20
-2.5893876771653543
 30
0
 11
4.5340081496062989
 21
-2.5857828740157478
 31
0
  0
LINE
  5
C47
330
22
100
AcDbEntity
  8
F.Silkscreen
  6
CONTINUOUS
100
AcDbLine
 10
4.5340081496062989
 20
-2.5857828740157478
 30
0
 11
4.5367671259842517
 21
-2.5830238976377951
 31
0
  0
LINE
  5
C48
330
22
100
AcDbEntity
  8
F.Silkscreen
  6
CONTINUOUS
100
AcDbLine
 10
4.5367671259842517
 20
-2.5830238976377951
 30
0
 11
4.5403719291338582
 21
-2.5815307480314962
 31
0
  0
LINE
  5
C49
330
22
100
AcDbEntity
  8
F.Silkscreen
  6
CONTINUOUS
100
AcDbLine
 10
4.5403719291338582
 20
-2.5815307480314962
 30
0
 11
4.5442737401574806
 21
-2.5815307480314962
 31
0
  0
LINE
  5
C4A
330
22
100
AcDbEntity
  8
F.Silkscreen
  6
CONTINUOUS
100
AcDbLine
 10
4.5442737401574806
 20
-2.5815307480314962
 30
0
 11
4.5478785433070863
 21
-2.5830238976377951
 31
0
  0
LINE
  5
C4B
330
22
100
AcDbEntity
  8
F.Silkscreen
  6
CONTINUOUS
100
AcDbLine
 10
6.5455429133858267
 20
-3.5996217716535432
 30
0
 11
6.5520059842519682
 21
-3.6017217716535432
 31
0
  0
LINE
  5
C4C
330
22
100
AcDbEntity
  8
F.Silkscreen
  6
CONTINUOUS
100
AcDbLine
 10
6.5520059842519682
 20
-3.6017217716535432
 30
0
 11
6.5580609448818894
 21
-3.6048069291338583
 31
0
  0
LINE
  5
C4D
330
22
100
AcDbEntity
  8
F.Silkscreen
  6
CONTINUOUS
100
AcDbLine
 10
6.5580609448818894
 20
-3.6048069291338583
 30
0
 11
6.5635587795275585
 21
-3.6088012992125984
 31
0
  0
LINE
  5
C4E
330
22
100
AcDbEntity
  8
F.Silkscreen
  6
CONTINUOUS
100
AcDbLine
 10
6.5635587795275585
 20
-3.6088012992125984
 30
0
 11
6.5683640551181099
 21
-3.6136065748031494
 31
0
  0
LINE
  5
C4F
330
22
100
AcDbEntity
  8
F.Silkscreen
  6
CONTINUOUS
100
AcDbLine
 10
6.5683640551181099
 20
-3.6136065748031494
 30
0
 11
6.5723584251968505
 21
-3.6191044094488189
 31
0
  0
LINE
  5
C50
330
22
100
AcDbEntity
  8
F.Silkscreen
  6
CONTINUOUS
100
AcDbLine
 10
6.5723584251968505
 20
-3.6191044094488189
 30
0
 11
6.5754435826771651
 21
-3.6251593700787401
 31
0
  0
LINE
  5
C51
330
22
100
AcDbEntity
  8
F.Silkscreen
  6
CONTINUOUS
100
AcDbLine
 10
6.5754435826771651
 20
-3.6251593700787401
 30
0
 11
6.5775435826771655
 21
-3.6316224409448816
 31
0
  0
LINE
  5
C52
330
22
100
AcDbEntity
  8
F.Silkscreen
  6
CONTINUOUS
100
AcDbLine
 10
6.5775435826771655
 20
-3.6316224409448816
 30
0
 11
6.5786066535433072
 21
-3.6383344488188976
 31
0
  0
LINE
  5
C53
330
22
100
AcDbEntity
  8
F.Silkscreen
  6
CONTINUOUS
100
AcDbLine
 10
6.5786066535433072
 20
-3.6383344488188976
 30
0
 11
6.5786066535433072
 21
-3.6451301181102362
 31
0
  0
LINE
  5
C54
330
22
100
AcDbEntity
  8
F.Silkscreen
  6
CONTINUOUS
100
AcDbLine
 10
6.5786066535433072
 20
-3.6451301181102362
 30
0
 11
6.5775435826771655
 21
-3.6518421259842517
 31
0
  0
LINE
  5
C55
330
22
100
AcDbEntity
  8
F.Silkscreen
  6
CONTINUOUS
100
AcDbLine
 10
6.5775435826771655
 20
-3.6518421259842517
 30
0
 11
6.5754435826771651
 21
-3.6583051968503937
 31
0
  0
LINE
  5
C56
330
22
100
AcDbEntity
  8
F.Silkscreen
  6
CONTINUOUS
100
AcDbLine
 10
6.5754435826771651
 20
-3.6583051968503937
 30
0
 11
6.5723584251968505
 21
-3.6643601574803149
 31
0
  0
LINE
  5
C57
330
22
100
AcDbEntity
  8
F.Silkscreen
  6
CONTINUOUS
100
AcDbLine
 10
6.5723584251968505
 20
-3.6643601574803149
 30
0
 11
6.5683640551181099
 21
-3.669857992125984
 31
0
  0
LINE
  5
C58
330
22
100
AcDbEntity
  8
F.Silkscreen
  6
CONTINUOUS
100
AcDbLine
 10
6.5683640551181099
 20
-3.669857992125984
 30
0
 11
6.5635587795275585
 21
-3.6746632677165354
 31
0
  0
LINE
  5
C59
330
22
100
AcDbEntity
  8
F.Silkscreen
  6
CONTINUOUS
100
AcDbLine
 10
6.5635587795275585
 20
-3.6746632677165354
 30
0
 11
6.5580609448818894
 21
-3.6786576377952755
 31
0
  0
LINE
  5
C5A
330
22
100
AcDbEntity
  8
F.Silkscreen
  6
CONTINUOUS
100
AcDbLine
 10
6.5580609448818894
 20
-3.6786576377952755
 30
0
 11
6.5520059842519682
 21
-3.6817427952755906
 31
0
  0
LINE
  5
C5B
330
22
100
AcDbEntity
  8
F.Silkscreen
  6
CONTINUOUS
100
AcDbLine
 10
6.5520059842519682
 20
-3.6817427952755906
 30
0
 11
6.5455429133858267
 21
-3.6838427952755906
 31
0
  0
LINE
  5
C5C
330
22
100
AcDbEntity
  8
F.Silkscreen
  6
CONTINUOUS
100
AcDbLine
 10
6.5455429133858267
 20
-3.6838427952755906
 30
0
 11
6.5388309055118112
 21
-3.6849058661417322
 31
0
  0
LINE
  5
C5D
330
22
100
AcDbEntity
  8
F.Silkscreen
  6
CONTINUOUS
100
AcDbLine
 10
6.5388309055118112
 20
-3.6849058661417322
 30
0
 11
6.5320352362204721
 21
-3.6849058661417322
 31
0
  0
LINE
  5
C5E
330
22
100
AcDbEntity
  8
F.Silkscreen
  6
CONTINUOUS
100
AcDbLine
 10
6.5320352362204721
 20
-3.6849058661417322
 30
0
 11
6.5253232283464566
 21
-3.6838427952755906
 31
0
  0
LINE
  5
C5F
330
22
100
AcDbEntity
  8
F.Silkscreen
  6
CONTINUOUS
100
AcDbLine
 10
6.5253232283464566
 20
-3.6838427952755906
 30
0
 11
6.5188601574803151
 21
-3.6817427952755906
 31
0
  0
LINE
  5
C60
330
22
100
AcDbEntity
  8
F.Silkscreen
  6
CONTINUOUS
100
AcDbLine
 10
6.5188601574803151
 20
-3.6817427952755906
 30
0
 11
6.5128051968503939
 21
-3.6786576377952755
 31
0
  0
LINE
  5
C61
330
22
100
AcDbEntity
  8
F.Silkscreen
  6
CONTINUOUS
100
AcDbLine
 10
6.5128051968503939
 20
-3.6786576377952755
 30
0
 11
6.5073073622047239
 21
-3.6746632677165354
 31
0
  0
LINE
  5
C62
330
22
100
AcDbEntity
  8
F.Silkscreen
  6
CONTINUOUS
100
AcDbLine
 10
6.5073073622047239
 20
-3.6746632677165354
 30
0
 11
6.5025020866141734
 21
-3.669857992125984
 31
0
  0
LINE
  5
C63
330
22
100
AcDbEntity
  8
F.Silkscreen
  6
CONTINUOUS
100
AcDbLine
 10
6.5025020866141734
 20
-3.669857992125984
 30
0
 11
6.4985077165354328
 21
-3.6643601574803149
 31
0
  0
LINE
  5
C64
330
22
100
AcDbEntity
  8
F.Silkscreen
  6
CONTINUOUS
100
AcDbLine
 10
6.4985077165354328
 20
-3.6643601574803149
 30
0
 11
6.4954225590551182
 21
-3.6583051968503937
 31
0
  0
LINE
  5
C65
330
22
100
AcDbEntity
  8
F.Silkscreen
  6
CONTINUOUS
100
AcDbLine
 10
6.4954225590551182
 20
-3.6583051968503937
 30
0
 11
6.4933225590551178
 21
-3.6518421259842517
 31
0
  0
LINE
  5
C66
330
22
100
AcDbEntity
  8
F.Silkscreen
  6
CONTINUOUS
100
AcDbLine
 10
6.4933225590551178
 20
-3.6518421259842517
 30
0
 11
6.4922594881889761
 21
-3.6451301181102362
 31
0
  0
LINE
  5
C67
330
22
100
AcDbEntity
  8
F.Silkscreen
  6
CONTINUOUS
100
AcDbLine
 10
6.4922594881889761
 20
-3.6451301181102362
 30
0
 11
6.4922594881889761
 21
-3.6383344488188976
 31
0
  0
LINE
  5
C68
330
22
100
AcDbEntity
  8
F.Silkscreen
  6
CONTINUOUS
100
AcDbLine
 10
6.4922594881889761
 20
-3.6383344488188976
 30
0
 11
6.4933225590551178
 21
-3.6316224409448816
 31
0
  0
LINE
  5
C69
330
22
100
AcDbEntity
  8
F.Silkscreen
  6
CONTINUOUS
100
AcDbLine
 10
6.4933225590551178
 20
-3.6316224409448816
 30
0
 11
6.4954225590551182
 21
-3.6251593700787401
 31
0
  0
LINE
  5
C6A
330
22
100
AcDbEntity
  8
F.Silkscreen
  6
CONTINUOUS
100
AcDbLine
 10
6.4954225590551182
 20
-3.6251593700787401
 30
0
 11
6.4985077165354328
 21
-3.6191044094488189
 31
0
  0
LINE
  5
C6B
330
22
100
AcDbEntity
  8
F.Silkscreen
  6
CONTINUOUS
100
AcDbLine
 10
6.4985077165354328
 20
-3.6191044094488189
 30
0
 11
6.5025020866141734
 21
-3.6136065748031494
 31
0
  0
LINE
  5
C6C
330
22
100
AcDbEntity
  8
F.Silkscreen
  6
CONTINUOUS
100
AcDbLine
 10
6.5025020866141734
 20
-3.6136065748031494
 30
0
 11
6.5073073622047239
 21
-3.6088012992125984
 31
0
  0
LINE
  5
C6D
330
22
100
AcDbEntity
  8
F.Silkscreen
  6
CONTINUOUS
100
AcDbLine
 10
6.5073073622047239
 20
-3.6088012992125984
 30
0
 11
6.5128051968503939
 21
-3.6048069291338583
 31
0
  0
LINE
  5
C6E
330
22
100
AcDbEntity
  8
F.Silkscreen
  6
CONTINUOUS
100
AcDbLine
 10
6.5128051968503939
 20
-3.6048069291338583
 30
0
 11
6.5188601574803151
 21
-3.6017217716535432
 31
0
  0
LINE
  5
C6F
330
22
100
AcDbEntity
  8
F.Silkscreen
  6
CONTINUOUS
100
AcDbLine
 10
6.5188601574803151
 20
-3.6017217716535432
 30
0
 11
6.5253232283464566
 21
-3.5996217716535432
 31
0
  0
LINE
  5
C70
330
22
100
AcDbEntity
  8
F.Silkscreen
  6
CONTINUOUS
100
AcDbLine
 10
6.5253232283464566
 20
-3.5996217716535432
 30
0
 11
6.5320352362204721
 21
-3.5985587007874016
 31
0
  0
LINE
  5
C71
330
22
100
AcDbEntity
  8
F.Silkscreen
  6
CONTINUOUS
100
AcDbLine
 10
6.5320352362204721
 20
-3.5985587007874016
 30
0
 11
6.5388309055118112
 21
-3.5985587007874016
 31
0
  0
LINE
  5
C72
330
22
100
AcDbEntity
  8
F.Silkscreen
  6
CONTINUOUS
100
AcDbLine
 10
6.5388309055118112
 20
-3.5985587007874016
 30
0
 11
6.5455429133858267
 21
-3.5996217716535432
 31
0
  0
LINE
  5
C73
330
22
100
AcDbEntity
  8
F.Silkscreen
  6
CONTINUOUS
100
AcDbLine
 10
5.7853066929133856
 20
-3.5980469685039371
 30
0
 11
5.7917697637795271
 21
-3.6001469685039371
 31
0
  0
LINE
  5
C74
330
22
100
AcDbEntity
  8
F.Silkscreen
  6
CONTINUOUS
100
AcDbLine
 10
5.7917697637795271
 20
-3.6001469685039371
 30
0
 11
5.7978247244094483
 21
-3.6032321259842517
 31
0
  0
LINE
  5
C75
330
22
100
AcDbEntity
  8
F.Silkscreen
  6
CONTINUOUS
100
AcDbLine
 10
5.7978247244094483
 20
-3.6032321259842517
 30
0
 11
5.8033225590551183
 21
-3.6072264960629918
 31
0
  0
LINE
  5
C76
330
22
100
AcDbEntity
  8
F.Silkscreen
  6
CONTINUOUS
100
AcDbLine
 10
5.8033225590551183
 20
-3.6072264960629918
 30
0
 11
5.8081278346456688
 21
-3.6120317716535433
 31
0
  0
LINE
  5
C77
330
22
100
AcDbEntity
  8
F.Silkscreen
  6
CONTINUOUS
100
AcDbLine
 10
5.8081278346456688
 20
-3.6120317716535433
 30
0
 11
5.8121222047244094
 21
-3.6175296062992124
 31
0
  0
LINE
  5
C78
330
22
100
AcDbEntity
  8
F.Silkscreen
  6
CONTINUOUS
100
AcDbLine
 10
5.8121222047244094
 20
-3.6175296062992124
 30
0
 11
5.815207362204724
 21
-3.6235845669291336
 31
0
  0
LINE
  5
C79
330
22
100
AcDbEntity
  8
F.Silkscreen
  6
CONTINUOUS
100
AcDbLine
 10
5.815207362204724
 20
-3.6235845669291336
 30
0
 11
5.8173073622047244
 21
-3.6300476377952755
 31
0
  0
LINE
  5
C7A
330
22
100
AcDbEntity
  8
F.Silkscreen
  6
CONTINUOUS
100
AcDbLine
 10
5.8173073622047244
 20
-3.6300476377952755
 30
0
 11
5.8183704330708661
 21
-3.6367596456692914
 31
0
  0
LINE
  5
C7B
330
22
100
AcDbEntity
  8
F.Silkscreen
  6
CONTINUOUS
100
AcDbLine
 10
5.8183704330708661
 20
-3.6367596456692914
 30
0
 11
5.8183704330708661
 21
-3.6435553149606297
 31
0
  0
LINE
  5
C7C
330
22
100
AcDbEntity
  8
F.Silkscreen
  6
CONTINUOUS
100
AcDbLine
 10
5.8183704330708661
 20
-3.6435553149606297
 30
0
 11
5.8173073622047244
 21
-3.6502673228346456
 31
0
  0
LINE
  5
C7D
330
22
100
AcDbEntity
  8
F.Silkscreen
  6
CONTINUOUS
100
AcDbLine
 10
5.8173073622047244
 20
-3.6502673228346456
 30
0
 11
5.815207362204724
 21
-3.6567303937007871
 31
0
  0
LINE
  5
C7E
330
22
100
AcDbEntity
  8
F.Silkscreen
  6
CONTINUOUS
100
AcDbLine
 10
5.815207362204724
 20
-3.6567303937007871
 30
0
 11
5.8121222047244094
 21
-3.6627853543307087
 31
0
  0
LINE
  5
C7F
330
22
100
AcDbEntity
  8
F.Silkscreen
  6
CONTINUOUS
100
AcDbLine
 10
5.8121222047244094
 20
-3.6627853543307087
 30
0
 11
5.8081278346456688
 21
-3.6682831889763778
 31
0
  0
LINE
  5
C80
330
22
100
AcDbEntity
  8
F.Silkscreen
  6
CONTINUOUS
100
AcDbLine
 10
5.8081278346456688
 20
-3.6682831889763778
 30
0
 11
5.8033225590551183
 21
-3.6730884645669288
 31
0
  0
LINE
  5
C81
330
22
100
AcDbEntity
  8
F.Silkscreen
  6
CONTINUOUS
100
AcDbLine
 10
5.8033225590551183
 20
-3.6730884645669288
 30
0
 11
5.7978247244094483
 21
-3.6770828346456694
 31
0
  0
LINE
  5
C82
330
22
100
AcDbEntity
  8
F.Silkscreen
  6
CONTINUOUS
100
AcDbLine
 10
5.7978247244094483
 20
-3.6770828346456694
 30
0
 11
5.7917697637795271
 21
-3.680167992125984
 31
0
  0
LINE
  5
C83
330
22
100
AcDbEntity
  8
F.Silkscreen
  6
CONTINUOUS
100
AcDbLine
 10
5.7917697637795271
 20
-3.680167992125984
 30
0
 11
5.7853066929133856
 21
-3.682267992125984
 31
0
  0
LINE
  5
C84
330
22
100
AcDbEntity
  8
F.Silkscreen
  6
CONTINUOUS
100
AcDbLine
 10
5.7853066929133856
 20
-3.682267992125984
 30
0
 11
5.7785946850393701
 21
-3.6833310629921261
 31
0
  0
LINE
  5
C85
330
22
100
AcDbEntity
  8
F.Silkscreen
  6
CONTINUOUS
100
AcDbLine
 10
5.7785946850393701
 20
-3.6833310629921261
 30
0
 11
5.771799015748031
 21
-3.6833310629921261
 31
0
  0
LINE
  5
C86
330
22
100
AcDbEntity
  8
F.Silkscreen
  6
CONTINUOUS
100
AcDbLine
 10
5.771799015748031
 20
-3.6833310629921261
 30
0
 11
5.7650870078740155
 21
-3.682267992125984
 31
0
  0
LINE
  5
C87
330
22
100
AcDbEntity
  8
F.Silkscreen
  6
CONTINUOUS
100
AcDbLine
 10
5.7650870078740155
 20
-3.682267992125984
 30
0
 11
5.758623937007874
 21
-3.680167992125984
 31
0
  0
LINE
  5
C88
330
22
100
AcDbEntity
  8
F.Silkscreen
  6
CONTINUOUS
100
AcDbLine
 10
5.758623937007874
 20
-3.680167992125984
 30
0
 11
5.7525689763779528
 21
-3.6770828346456694
 31
0
  0
LINE
  5
C89
330
22
100
AcDbEntity
  8
F.Silkscreen
  6
CONTINUOUS
100
AcDbLine
 10
5.7525689763779528
 20
-3.6770828346456694
 30
0
 11
5.7470711417322837
 21
-3.6730884645669288
 31
0
  0
LINE
  5
C8A
330
22
100
AcDbEntity
  8
F.Silkscreen
  6
CONTINUOUS
100
AcDbLine
 10
5.7470711417322837
 20
-3.6730884645669288
 30
0
 11
5.7422658661417323
 21
-3.6682831889763778
 31
0
  0
LINE
  5
C8B
330
22
100
AcDbEntity
  8
F.Silkscreen
  6
CONTINUOUS
100
AcDbLine
 10
5.7422658661417323
 20
-3.6682831889763778
 30
0
 11
5.7382714960629917
 21
-3.6627853543307087
 31
0
  0
LINE
  5
C8C
330
22
100
AcDbEntity
  8
F.Silkscreen
  6
CONTINUOUS
100
AcDbLine
 10
5.7382714960629917
 20
-3.6627853543307087
 30
0
 11
5.7351863385826771
 21
-3.6567303937007871
 31
0
  0
LINE
  5
C8D
330
22
100
AcDbEntity
  8
F.Silkscreen
  6
CONTINUOUS
100
AcDbLine
 10
5.7351863385826771
 20
-3.6567303937007871
 30
0
 11
5.7330863385826767
 21
-3.6502673228346456
 31
0
  0
LINE
  5
C8E
330
22
100
AcDbEntity
  8
F.Silkscreen
  6
CONTINUOUS
100
AcDbLine
 10
5.7330863385826767
 20
-3.6502673228346456
 30
0
 11
5.732023267716535
 21
-3.6435553149606297
 31
0
  0
LINE
  5
C8F
330
22
100
AcDbEntity
  8
F.Silkscreen
  6
CONTINUOUS
100
AcDbLine
 10
5.732023267716535
 20
-3.6435553149606297
 30
0
 11
5.732023267716535
 21
-3.6367596456692914
 31
0
  0
LINE
  5
C90
330
22
100
AcDbEntity
  8
F.Silkscreen
  6
CONTINUOUS
100
AcDbLine
 10
5.732023267716535
 20
-3.6367596456692914
 30
0
 11
5.7330863385826767
 21
-3.6300476377952755
 31
0
  0
LINE
  5
C91
330
22
100
AcDbEntity
  8
F.Silkscreen
  6
CONTINUOUS
100
AcDbLine
 10
5.7330863385826767
 20
-3.6300476377952755
 30
0
 11
5.7351863385826771
 21
-3.6235845669291336
 31
0
  0
LINE
  5
C92
330
22
100
AcDbEntity
  8
F.Silkscreen
  6
CONTINUOUS
100
AcDbLine
 10
5.7351863385826771
 20
-3.6235845669291336
 30
0
 11
5.7382714960629917
 21
-3.6175296062992124
 31
0
  0
LINE
  5
C93
330
22
100
AcDbEntity
  8
F.Silkscreen
  6
CONTINUOUS
100
AcDbLine
 10
5.7382714960629917
 20
-3.6175296062992124
 30
0
 11
5.7422658661417323
 21
-3.6120317716535433
 31
0
  0
LINE
  5
C94
330
22
100
AcDbEntity
  8
F.Silkscreen
  6
CONTINUOUS
100
AcDbLine
 10
5.7422658661417323
 20
-3.6120317716535433
 30
0
 11
5.7470711417322837
 21
-3.6072264960629918
 31
0
  0
LINE
  5
C95
330
22
100
AcDbEntity
  8
F.Silkscreen
  6
CONTINUOUS
100
AcDbLine
 10
5.7470711417322837
 20
-3.6072264960629918
 30
0
 11
5.7525689763779528
 21
-3.6032321259842517
 31
0
  0
LINE
  5
C96
330
22
100
AcDbEntity
  8
F.Silkscreen
  6
CONTINUOUS
100
AcDbLine
 10
5.7525689763779528
 20
-3.6032321259842517
 30
0
 11
5.758623937007874
 21
-3.6001469685039371
 31
0
  0
LINE
  5
C97
330
22
100
AcDbEntity
  8
F.Silkscreen
  6
CONTINUOUS
100
AcDbLine
 10
5.758623937007874
 20
-3.6001469685039371
 30
0
 11
5.7650870078740155
 21
-3.5980469685039371
 31
0
  0
LINE
  5
C98
330
22
100
AcDbEntity
  8
F.Silkscreen
  6
CONTINUOUS
100
AcDbLine
 10
5.7650870078740155
 20
-3.5980469685039371
 30
0
 11
5.771799015748031
 21
-3.596983897637795
 31
0
  0
LINE
  5
C99
330
22
100
AcDbEntity
  8
F.Silkscreen
  6
CONTINUOUS
100
AcDbLine
 10
5.771799015748031
 20
-3.596983897637795
 30
0
 11
5.7785946850393701
 21
-3.596983897637795
 31
0
  0
LINE
  5
C9A
330
22
100
AcDbEntity
  8
F.Silkscreen
  6
CONTINUOUS
100
AcDbLine
 10
5.7785946850393701
 20
-3.596983897637795
 30
0
 11
5.7853066929133856
 21
-3.5980469685039371
 31
0
  0
LINE
  5
C9B
330
22
100
AcDbEntity
  8
F.Silkscreen
  6
CONTINUOUS
100
AcDbLine
 10
7.3010547244094486
 20
-3.5980469685039371
 30
0
 11
7.3075177952755901
 21
-3.6001469685039371
 31
0
  0
LINE
  5
C9C
330
22
100
AcDbEntity
  8
F.Silkscreen
  6
CONTINUOUS
100
AcDbLine
 10
7.3075177952755901
 20
-3.6001469685039371
 30
0
 11
7.3135727559055113
 21
-3.6032321259842517
 31
0
  0
LINE
  5
C9D
330
22
100
AcDbEntity
  8
F.Silkscreen
  6
CONTINUOUS
100
AcDbLine
 10
7.3135727559055113
 20
-3.6032321259842517
 30
0
 11
7.3190705905511813
 21
-3.6072264960629918
 31
0
  0
LINE
  5
C9E
330
22
100
AcDbEntity
  8
F.Silkscreen
  6
CONTINUOUS
100
AcDbLine
 10
7.3190705905511813
 20
-3.6072264960629918
 30
0
 11
7.3238758661417318
 21
-3.6120317716535433
 31
0
  0
LINE
  5
C9F
330
22
100
AcDbEntity
  8
F.Silkscreen
  6
CONTINUOUS
100
AcDbLine
 10
7.3238758661417318
 20
-3.6120317716535433
 30
0
 11
7.3278702362204724
 21
-3.6175296062992124
 31
0
  0
LINE
  5
CA0
330
22
100
AcDbEntity
  8
F.Silkscreen
  6
CONTINUOUS
100
AcDbLine
 10
7.3278702362204724
 20
-3.6175296062992124
 30
0
 11
7.330955393700787
 21
-3.6235845669291336
 31
0
  0
LINE
  5
CA1
330
22
100
AcDbEntity
  8
F.Silkscreen
  6
CONTINUOUS
100
AcDbLine
 10
7.330955393700787
 20
-3.6235845669291336
 30
0
 11
7.3330553937007874
 21
-3.6300476377952755
 31
0
  0
LINE
  5
CA2
330
22
100
AcDbEntity
  8
F.Silkscreen
  6
CONTINUOUS
100
AcDbLine
 10
7.3330553937007874
 20
-3.6300476377952755
 30
0
 11
7.3341184645669291
 21
-3.6367596456692914
 31
0
  0
LINE
  5
CA3
330
22
100
AcDbEntity
  8
F.Silkscreen
  6
CONTINUOUS
100
AcDbLine
 10
7.3341184645669291
 20
-3.6367596456692914
 30
0
 11
7.3341184645669291
 21
-3.6435553149606297
 31
0
  0
LINE
  5
CA4
330
22
100
AcDbEntity
  8
F.Silkscreen
  6
CONTINUOUS
100
AcDbLine
 10
7.3341184645669291
 20
-3.6435553149606297
 30
0
 11
7.3330553937007874
 21
-3.6502673228346456
 31
0
  0
LINE
  5
CA5
330
22
100
AcDbEntity
  8
F.Silkscreen
  6
CONTINUOUS
100
AcDbLine
 10
7.3330553937007874
 20
-3.6502673228346456
 30
0
 11
7.330955393700787
 21
-3.6567303937007871
 31
0
  0
LINE
  5
CA6
330
22
100
AcDbEntity
  8
F.Silkscreen
  6
CONTINUOUS
100
AcDbLine
 10
7.330955393700787
 20
-3.6567303937007871
 30
0
 11
7.3278702362204724
 21
-3.6627853543307087
 31
0
  0
LINE
  5
CA7
330
22
100
AcDbEntity
  8
F.Silkscreen
  6
CONTINUOUS
100
AcDbLine
 10
7.3278702362204724
 20
-3.6627853543307087
 30
0
 11
7.3238758661417318
 21
-3.6682831889763778
 31
0
  0
LINE
  5
CA8
330
22
100
AcDbEntity
  8
F.Silkscreen
  6
CONTINUOUS
100
AcDbLine
 10
7.3238758661417318
 20
-3.6682831889763778
 30
0
 11
7.3190705905511813
 21
-3.6730884645669288
 31
0
  0
LINE
  5
CA9
330
22
100
AcDbEntity
  8
F.Silkscreen
  6
CONTINUOUS
100
AcDbLine
 10
7.3190705905511813
 20
-3.6730884645669288
 30
0
 11
7.3135727559055113
 21
-3.6770828346456694
 31
0
  0
LINE
  5
CAA
330
22
100
AcDbEntity
  8
F.Silkscreen
  6
CONTINUOUS
100
AcDbLine
 10
7.3135727559055113
 20
-3.6770828346456694
 30
0
 11
7.3075177952755901
 21
-3.680167992125984
 31
0
  0
LINE
  5
CAB
330
22
100
AcDbEntity
  8
F.Silkscreen
  6
CONTINUOUS
100
AcDbLine
 10
7.3075177952755901
 20
-3.680167992125984
 30
0
 11
7.3010547244094486
 21
-3.682267992125984
 31
0
  0
LINE
  5
CAC
330
22
100
AcDbEntity
  8
F.Silkscreen
  6
CONTINUOUS
100
AcDbLine
 10
7.3010547244094486
 20
-3.682267992125984
 30
0
 11
7.2943427165354331
 21
-3.6833310629921261
 31
0
  0
LINE
  5
CAD
330
22
100
AcDbEntity
  8
F.Silkscreen
  6
CONTINUOUS
100
AcDbLine
 10
7.2943427165354331
 20
-3.6833310629921261
 30
0
 11
7.287547047244094
 21
-3.6833310629921261
 31
0
  0
LINE
  5
CAE
330
22
100
AcDbEntity
  8
F.Silkscreen
  6
CONTINUOUS
100
AcDbLine
 10
7.287547047244094
 20
-3.6833310629921261
 30
0
 11
7.2808350393700785
 21
-3.682267992125984
 31
0
  0
LINE
  5
CAF
330
22
100
AcDbEntity
  8
F.Silkscreen
  6
CONTINUOUS
100
AcDbLine
 10
7.2808350393700785
 20
-3.682267992125984
 30
0
 11
7.274371968503937
 21
-3.680167992125984
 31
0
  0
LINE
  5
CB0
330
22
100
AcDbEntity
  8
F.Silkscreen
  6
CONTINUOUS
100
AcDbLine
 10
7.274371968503937
 20
-3.680167992125984
 30
0
 11
7.2683170078740158
 21
-3.6770828346456694
 31
0
  0
LINE
  5
CB1
330
22
100
AcDbEntity
  8
F.Silkscreen
  6
CONTINUOUS
100
AcDbLine
 10
7.2683170078740158
 20
-3.6770828346456694
 30
0
 11
7.2628191732283467
 21
-3.6730884645669288
 31
0
  0
LINE
  5
CB2
330
22
100
AcDbEntity
  8
F.Silkscreen
  6
CONTINUOUS
100
AcDbLine
 10
7.2628191732283467
 20
-3.6730884645669288
 30
0
 11
7.2580138976377953
 21
-3.6682831889763778
 31
0
  0
LINE
  5
CB3
330
22
100
AcDbEntity
  8
F.Silkscreen
  6
CONTINUOUS
100
AcDbLine
 10
7.2580138976377953
 20
-3.6682831889763778
 30
0
 11
7.2540195275590547
 21
-3.6627853543307087
 31
0
  0
LINE
  5
CB4
330
22
100
AcDbEntity
  8
F.Silkscreen
  6
CONTINUOUS
100
AcDbLine
 10
7.2540195275590547
 20
-3.6627853543307087
 30
0
 11
7.2509343700787401
 21
-3.6567303937007871
 31
0
  0
LINE
  5
CB5
330
22
100
AcDbEntity
  8
F.Silkscreen
  6
CONTINUOUS
100
AcDbLine
 10
7.2509343700787401
 20
-3.6567303937007871
 30
0
 11
7.2488343700787397
 21
-3.6502673228346456
 31
0
  0
LINE
  5
CB6
330
22
100
AcDbEntity
  8
F.Silkscreen
  6
CONTINUOUS
100
AcDbLine
 10
7.2488343700787397
 20
-3.6502673228346456
 30
0
 11
7.247771299212598
 21
-3.6435553149606297
 31
0
  0
LINE
  5
CB7
330
22
100
AcDbEntity
  8
F.Silkscreen
  6
CONTINUOUS
100
AcDbLine
 10
7.247771299212598
 20
-3.6435553149606297
 30
0
 11
7.247771299212598
 21
-3.6367596456692914
 31
0
  0
LINE
  5
CB8
330
22
100
AcDbEntity
  8
F.Silkscreen
  6
CONTINUOUS
100
AcDbLine
 10
7.247771299212598
 20
-3.6367596456692914
 30
0
 11
7.2488343700787397
 21
-3.6300476377952755
 31
0
  0
LINE
  5
CB9
330
22
100
AcDbEntity
  8
F.Silkscreen
  6
CONTINUOUS
100
AcDbLine
 10
7.2488343700787397
 20
-3.6300476377952755
 30
0
 11
7.2509343700787401
 21
-3.6235845669291336
 31
0
  0
LINE
  5
CBA
330
22
100
AcDbEntity
  8
F.Silkscreen
  6
CONTINUOUS
100
AcDbLine
 10
7.2509343700787401
 20
-3.6235845669291336
 30
0
 11
7.2540195275590547
 21
-3.6175296062992124
 31
0
  0
LINE
  5
CBB
330
22
100
AcDbEntity
  8
F.Silkscreen
  6
CONTINUOUS
100
AcDbLine
 10
7.2540195275590547
 20
-3.6175296062992124
 30
0
 11
7.2580138976377953
 21
-3.6120317716535433
 31
0
  0
LINE
  5
CBC
330
22
100
AcDbEntity
  8
F.Silkscreen
  6
CONTINUOUS
100
AcDbLine
 10
7.2580138976377953
 20
-3.6120317716535433
 30
0
 11
7.2628191732283467
 21
-3.6072264960629918
 31
0
  0
LINE
  5
CBD
330
22
100
AcDbEntity
  8
F.Silkscreen
  6
CONTINUOUS
100
AcDbLine
 10
7.2628191732283467
 20
-3.6072264960629918
 30
0
 11
7.2683170078740158
 21
-3.6032321259842517
 31
0
  0
LINE
  5
CBE
330
22
100
AcDbEntity
  8
F.Silkscreen
  6
CONTINUOUS
100
AcDbLine
 10
7.2683170078740158
 20
-3.6032321259842517
 30
0
 11
7.274371968503937
 21
-3.6001469685039371
 31
0
  0
LINE
  5
CBF
330
22
100
AcDbEntity
  8
F.Silkscreen
  6
CONTINUOUS
100
AcDbLine
 10
7.274371968503937
 20
-3.6001469685039371
 30
0
 11
7.2808350393700785
 21
-3.5980469685039371
 31
0
  0
LINE
  5
CC0
330
22
100
AcDbEntity
  8
F.Silkscreen
  6
CONTINUOUS
100
AcDbLine
 10
7.2808350393700785
 20
-3.5980469685039371
 30
0
 11
7.287547047244094
 21
-3.596983897637795
 31
0
  0
LINE
  5
CC1
330
22
100
AcDbEntity
  8
F.Silkscreen
  6
CONTINUOUS
100
AcDbLine
 10
7.287547047244094
 20
-3.596983897637795
 30
0
 11
7.2943427165354331
 21
-3.596983897637795
 31
0
  0
LINE
  5
CC2
330
22
100
AcDbEntity
  8
F.Silkscreen
  6
CONTINUOUS
100
AcDbLine
 10
7.2943427165354331
 20
-3.596983897637795
 30
0
 11
7.3010547244094486
 21
-3.5980469685039371
 31
0
  0
LINE
  5
CC3
330
22
100
AcDbEntity
  8
F.Silkscreen
  6
CONTINUOUS
100
AcDbLine
 10
5.3556423228346457
 20
-3.1044918503937007
 30
0
 11
5.3620764566929129
 21
-3.1057716929133856
 31
0
  0
LINE
  5
CC4
330
22
100
AcDbEntity
  8
F.Silkscreen
  6
CONTINUOUS
100
AcDbLine
 10
5.3620764566929129
 20
-3.1057716929133856
 30
0
 11
5.3681372834645664
 21
-3.1082821653543307
 31
0
  0
LINE
  5
CC5
330
22
100
AcDbEntity
  8
F.Silkscreen
  6
CONTINUOUS
100
AcDbLine
 10
5.3681372834645664
 20
-3.1082821653543307
 30
0
 11
5.3735918897637793
 21
-3.111926811023622
 31
0
  0
LINE
  5
CC6
330
22
100
AcDbEntity
  8
F.Silkscreen
  6
CONTINUOUS
100
AcDbLine
 10
5.3735918897637793
 20
-3.111926811023622
 30
0
 11
5.3782306692913382
 21
-3.1165655905511809
 31
0
  0
LINE
  5
CC7
330
22
100
AcDbEntity
  8
F.Silkscreen
  6
CONTINUOUS
100
AcDbLine
 10
5.3782306692913382
 20
-3.1165655905511809
 30
0
 11
5.38187531496063
 21
-3.1220201968503938
 31
0
  0
LINE
  5
CC8
330
22
100
AcDbEntity
  8
F.Silkscreen
  6
CONTINUOUS
100
AcDbLine
 10
5.38187531496063
 20
-3.1220201968503938
 30
0
 11
5.384385787401575
 21
-3.1280810236220473
 31
0
  0
LINE
  5
CC9
330
22
100
AcDbEntity
  8
F.Silkscreen
  6
CONTINUOUS
100
AcDbLine
 10
5.384385787401575
 20
-3.1280810236220473
 30
0
 11
5.3855349606299212
 21
-3.1338582677165352
 31
0
  0
LINE
  5
CCA
330
22
100
AcDbEntity
  8
F.Silkscreen
  6
CONTINUOUS
100
AcDbLine
 10
5.3855349606299212
 20
-3.1338582677165352
 30
0
 11
6.3814960629921256
 21
-3.1338582677165352
 31
0
  0
LINE
  5
CCB
330
22
100
AcDbEntity
  8
F.Silkscreen
  6
CONTINUOUS
100
AcDbLine
 10
6.3814960629921256
 20
-3.1338582677165352
 30
0
 11
6.3822641338582677
 21
-3.1339338976377951
 31
0
  0
LINE
  5
CCC
330
22
100
AcDbEntity
  8
F.Silkscreen
  6
CONTINUOUS
100
AcDbLine
 10
6.3822641338582677
 20
-3.1339338976377951
 30
0
 11
6.3836833464566931
 21
-3.1345217716535432
 31
0
  0
LINE
  5
CCD
330
22
100
AcDbEntity
  8
F.Silkscreen
  6
CONTINUOUS
100
AcDbLine
 10
6.3836833464566931
 20
-3.1345217716535432
 30
0
 11
6.3842799606299208
 21
-3.1350113779527558
 31
0
  0
LINE
  5
CCE
330
22
100
AcDbEntity
  8
F.Silkscreen
  6
CONTINUOUS
100
AcDbLine
 10
6.3842799606299208
 20
-3.1350113779527558
 30
0
 11
6.757748976377953
 21
-3.5084803937007871
 31
0
  0
LINE
  5
CCF
330
22
100
AcDbEntity
  8
F.Silkscreen
  6
CONTINUOUS
100
AcDbLine
 10
6.757748976377953
 20
-3.5084803937007871
 30
0
 11
6.7628051968503939
 21
-3.5048069291338582
 31
0
  0
LINE
  5
CD0
330
22
100
AcDbEntity
  8
F.Silkscreen
  6
CONTINUOUS
100
AcDbLine
 10
6.7628051968503939
 20
-3.5048069291338582
 30
0
 11
6.7688601574803151
 21
-3.5017217716535431
 31
0
  0
LINE
  5
CD1
330
22
100
AcDbEntity
  8
F.Silkscreen
  6
CONTINUOUS
100
AcDbLine
 10
6.7688601574803151
 20
-3.5017217716535431
 30
0
 11
6.7753232283464566
 21
-3.4996217716535432
 31
0
  0
LINE
  5
CD2
330
22
100
AcDbEntity
  8
F.Silkscreen
  6
CONTINUOUS
100
AcDbLine
 10
6.7753232283464566
 20
-3.4996217716535432
 30
0
 11
6.7820352362204721
 21
-3.4985587007874015
 31
0
  0
LINE
  5
CD3
330
22
100
AcDbEntity
  8
F.Silkscreen
  6
CONTINUOUS
100
AcDbLine
 10
6.7820352362204721
 20
-3.4985587007874015
 30
0
 11
6.7888309055118112
 21
-3.4985587007874015
 31
0
  0
LINE
  5
CD4
330
22
100
AcDbEntity
  8
F.Silkscreen
  6
CONTINUOUS
100
AcDbLine
 10
6.7888309055118112
 20
-3.4985587007874015
 30
0
 11
6.7955429133858267
 21
-3.4996217716535432
 31
0
  0
LINE
  5
CD5
330
22
100
AcDbEntity
  8
F.Silkscreen
  6
CONTINUOUS
100
AcDbLine
 10
6.7955429133858267
 20
-3.4996217716535432
 30
0
 11
6.8020059842519682
 21
-3.5017217716535431
 31
0
  0
LINE
  5
CD6
330
22
100
AcDbEntity
  8
F.Silkscreen
  6
CONTINUOUS
100
AcDbLine
 10
6.8020059842519682
 20
-3.5017217716535431
 30
0
 11
6.8080609448818894
 21
-3.5048069291338582
 31
0
  0
LINE
  5
CD7
330
22
100
AcDbEntity
  8
F.Silkscreen
  6
CONTINUOUS
100
AcDbLine
 10
6.8080609448818894
 20
-3.5048069291338582
 30
0
 11
6.8135587795275585
 21
-3.5088012992125983
 31
0
  0
LINE
  5
CD8
330
22
100
AcDbEntity
  8
F.Silkscreen
  6
CONTINUOUS
100
AcDbLine
 10
6.8135587795275585
 20
-3.5088012992125983
 30
0
 11
6.8183640551181099
 21
-3.5136065748031493
 31
0
  0
LINE
  5
CD9
330
22
100
AcDbEntity
  8
F.Silkscreen
  6
CONTINUOUS
100
AcDbLine
 10
6.8183640551181099
 20
-3.5136065748031493
 30
0
 11
6.8223584251968505
 21
-3.5191044094488189
 31
0
  0
LINE
  5
CDA
330
22
100
AcDbEntity
  8
F.Silkscreen
  6
CONTINUOUS
100
AcDbLine
 10
6.8223584251968505
 20
-3.5191044094488189
 30
0
 11
6.8254435826771651
 21
-3.52515937007874
 31
0
  0
LINE
  5
CDB
330
22
100
AcDbEntity
  8
F.Silkscreen
  6
CONTINUOUS
100
AcDbLine
 10
6.8254435826771651
 20
-3.52515937007874
 30
0
 11
6.8275435826771655
 21
-3.531622440944882
 31
0
  0
LINE
  5
CDC
330
22
100
AcDbEntity
  8
F.Silkscreen
  6
CONTINUOUS
100
AcDbLine
 10
6.8275435826771655
 20
-3.531622440944882
 30
0
 11
6.8286066535433072
 21
-3.5383344488188975
 31
0
  0
LINE
  5
CDD
330
22
100
AcDbEntity
  8
F.Silkscreen
  6
CONTINUOUS
100
AcDbLine
 10
6.8286066535433072
 20
-3.5383344488188975
 30
0
 11
6.8286066535433072
 21
-3.5451301181102362
 31
0
  0
LINE
  5
CDE
330
22
100
AcDbEntity
  8
F.Silkscreen
  6
CONTINUOUS
100
AcDbLine
 10
6.8286066535433072
 20
-3.5451301181102362
 30
0
 11
6.8275435826771655
 21
-3.5518421259842521
 31
0
  0
LINE
  5
CDF
330
22
100
AcDbEntity
  8
F.Silkscreen
  6
CONTINUOUS
100
AcDbLine
 10
6.8275435826771655
 20
-3.5518421259842521
 30
0
 11
6.8254435826771651
 21
-3.5583051968503936
 31
0
  0
LINE
  5
CE0
330
22
100
AcDbEntity
  8
F.Silkscreen
  6
CONTINUOUS
100
AcDbLine
 10
6.8254435826771651
 20
-3.5583051968503936
 30
0
 11
6.8223584251968505
 21
-3.5643601574803148
 31
0
  0
LINE
  5
CE1
330
22
100
AcDbEntity
  8
F.Silkscreen
  6
CONTINUOUS
100
AcDbLine
 10
6.8223584251968505
 20
-3.5643601574803148
 30
0
 11
6.8183640551181099
 21
-3.5698579921259843
 31
0
  0
LINE
  5
CE2
330
22
100
AcDbEntity
  8
F.Silkscreen
  6
CONTINUOUS
100
AcDbLine
 10
6.8183640551181099
 20
-3.5698579921259843
 30
0
 11
6.8135587795275585
 21
-3.5746632677165353
 31
0
  0
LINE
  5
CE3
330
22
100
AcDbEntity
  8
F.Silkscreen
  6
CONTINUOUS
100
AcDbLine
 10
6.8135587795275585
 20
-3.5746632677165353
 30
0
 11
6.8080609448818894
 21
-3.5786576377952755
 31
0
  0
LINE
  5
CE4
330
22
100
AcDbEntity
  8
F.Silkscreen
  6
CONTINUOUS
100
AcDbLine
 10
6.8080609448818894
 20
-3.5786576377952755
 30
0
 11
6.8020059842519682
 21
-3.5817427952755905
 31
0
  0
LINE
  5
CE5
330
22
100
AcDbEntity
  8
F.Silkscreen
  6
CONTINUOUS
100
AcDbLine
 10
6.8020059842519682
 20
-3.5817427952755905
 30
0
 11
6.7955429133858267
 21
-3.5838427952755905
 31
0
  0
LINE
  5
CE6
330
22
100
AcDbEntity
  8
F.Silkscreen
  6
CONTINUOUS
100
AcDbLine
 10
6.7955429133858267
 20
-3.5838427952755905
 30
0
 11
6.7888309055118112
 21
-3.5849058661417321
 31
0
  0
LINE
  5
CE7
330
22
100
AcDbEntity
  8
F.Silkscreen
  6
CONTINUOUS
100
AcDbLine
 10
6.7888309055118112
 20
-3.5849058661417321
 30
0
 11
6.7820352362204721
 21
-3.5849058661417321
 31
0
  0
LINE
  5
CE8
330
22
100
AcDbEntity
  8
F.Silkscreen
  6
CONTINUOUS
100
AcDbLine
 10
6.7820352362204721
 20
-3.5849058661417321
 30
0
 11
6.7753232283464566
 21
-3.5838427952755905
 31
0
  0
LINE
  5
CE9
330
22
100
AcDbEntity
  8
F.Silkscreen
  6
CONTINUOUS
100
AcDbLine
 10
6.7753232283464566
 20
-3.5838427952755905
 30
0
 11
6.7688601574803151
 21
-3.5817427952755905
 31
0
  0
LINE
  5
CEA
330
22
100
AcDbEntity
  8
F.Silkscreen
  6
CONTINUOUS
100
AcDbLine
 10
6.7688601574803151
 20
-3.5817427952755905
 30
0
 11
6.7628051968503939
 21
-3.5786576377952755
 31
0
  0
LINE
  5
CEB
330
22
100
AcDbEntity
  8
F.Silkscreen
  6
CONTINUOUS
100
AcDbLine
 10
6.7628051968503939
 20
-3.5786576377952755
 30
0
 11
6.7573073622047239
 21
-3.5746632677165353
 31
0
  0
LINE
  5
CEC
330
22
100
AcDbEntity
  8
F.Silkscreen
  6
CONTINUOUS
100
AcDbLine
 10
6.7573073622047239
 20
-3.5746632677165353
 30
0
 11
6.7525020866141734
 21
-3.5698579921259843
 31
0
  0
LINE
  5
CED
330
22
100
AcDbEntity
  8
F.Silkscreen
  6
CONTINUOUS
100
AcDbLine
 10
6.7525020866141734
 20
-3.5698579921259843
 30
0
 11
6.7485077165354328
 21
-3.5643601574803148
 31
0
  0
LINE
  5
CEE
330
22
100
AcDbEntity
  8
F.Silkscreen
  6
CONTINUOUS
100
AcDbLine
 10
6.7485077165354328
 20
-3.5643601574803148
 30
0
 11
6.7454225590551182
 21
-3.5583051968503936
 31
0
  0
LINE
  5
CEF
330
22
100
AcDbEntity
  8
F.Silkscreen
  6
CONTINUOUS
100
AcDbLine
 10
6.7454225590551182
 20
-3.5583051968503936
 30
0
 11
6.7433225590551178
 21
-3.5518421259842521
 31
0
  0
LINE
  5
CF0
330
22
100
AcDbEntity
  8
F.Silkscreen
  6
CONTINUOUS
100
AcDbLine
 10
6.7433225590551178
 20
-3.5518421259842521
 30
0
 11
6.7422594881889761
 21
-3.5451301181102362
 31
0
  0
LINE
  5
CF1
330
22
100
AcDbEntity
  8
F.Silkscreen
  6
CONTINUOUS
100
AcDbLine
 10
6.7422594881889761
 20
-3.5451301181102362
 30
0
 11
6.7422594881889761
 21
-3.5383344488188975
 31
0
  0
LINE
  5
CF2
330
22
100
AcDbEntity
  8
F.Silkscreen
  6
CONTINUOUS
100
AcDbLine
 10
6.7422594881889761
 20
-3.5383344488188975
 30
0
 11
6.7433225590551178
 21
-3.531622440944882
 31
0
  0
LINE
  5
CF3
330
22
100
AcDbEntity
  8
F.Silkscreen
  6
CONTINUOUS
100
AcDbLine
 10
6.7433225590551178
 20
-3.531622440944882
 30
0
 11
6.7454225590551182
 21
-3.52515937007874
 31
0
  0
LINE
  5
CF4
330
22
100
AcDbEntity
  8
F.Silkscreen
  6
CONTINUOUS
100
AcDbLine
 10
6.7454225590551182
 20
-3.52515937007874
 30
0
 11
6.7485077165354328
 21
-3.5191044094488189
 31
0
  0
LINE
  5
CF5
330
22
100
AcDbEntity
  8
F.Silkscreen
  6
CONTINUOUS
100
AcDbLine
 10
6.7485077165354328
 20
-3.5191044094488189
 30
0
 11
6.7521811811023618
 21
-3.5140481889763779
 31
0
  0
LINE
  5
CF6
330
22
100
AcDbEntity
  8
F.Silkscreen
  6
CONTINUOUS
100
AcDbLine
 10
6.7521811811023618
 20
-3.5140481889763779
 30
0
 11
6.3798652755905509
 21
-3.1417322834645667
 31
0
  0
LINE
  5
CF7
330
22
100
AcDbEntity
  8
F.Silkscreen
  6
CONTINUOUS
100
AcDbLine
 10
6.3798652755905509
 20
-3.1417322834645667
 30
0
 11
5.3855349606299212
 21
-3.1417322834645667
 31
0
  0
LINE
  5
CF8
330
22
100
AcDbEntity
  8
F.Silkscreen
  6
CONTINUOUS
100
AcDbLine
 10
5.3855349606299212
 20
-3.1417322834645667
 30
0
 11
5.384385787401575
 21
-3.147509527559055
 31
0
  0
LINE
  5
CF9
330
22
100
AcDbEntity
  8
F.Silkscreen
  6
CONTINUOUS
100
AcDbLine
 10
5.384385787401575
 20
-3.147509527559055
 30
0
 11
5.38187531496063
 21
-3.1535703543307085
 31
0
  0
LINE
  5
CFA
330
22
100
AcDbEntity
  8
F.Silkscreen
  6
CONTINUOUS
100
AcDbLine
 10
5.38187531496063
 20
-3.1535703543307085
 30
0
 11
5.3782306692913382
 21
-3.159024960629921
 31
0
  0
LINE
  5
CFB
330
22
100
AcDbEntity
  8
F.Silkscreen
  6
CONTINUOUS
100
AcDbLine
 10
5.3782306692913382
 20
-3.159024960629921
 30
0
 11
5.3735918897637793
 21
-3.1636637401574803
 31
0
  0
LINE
  5
CFC
330
22
100
AcDbEntity
  8
F.Silkscreen
  6
CONTINUOUS
100
AcDbLine
 10
5.3735918897637793
 20
-3.1636637401574803
 30
0
 11
5.3681372834645664
 21
-3.1673083858267717
 31
0
  0
LINE
  5
CFD
330
22
100
AcDbEntity
  8
F.Silkscreen
  6
CONTINUOUS
100
AcDbLine
 10
5.3681372834645664
 20
-3.1673083858267717
 30
0
 11
5.3620764566929129
 21
-3.1698188582677163
 31
0
  0
LINE
  5
CFE
330
22
100
AcDbEntity
  8
F.Silkscreen
  6
CONTINUOUS
100
AcDbLine
 10
5.3620764566929129
 20
-3.1698188582677163
 30
0
 11
5.3556423228346457
 21
-3.1710987007874016
 31
0
  0
LINE
  5
CFF
330
22
100
AcDbEntity
  8
F.Silkscreen
  6
CONTINUOUS
100
AcDbLine
 10
5.3556423228346457
 20
-3.1710987007874016
 30
0
 11
5.3523622047244093
 21
-3.1712598425196852
 31
0
  0
LINE
  5
D00
330
22
100
AcDbEntity
  8
F.Silkscreen
  6
CONTINUOUS
100
AcDbLine
 10
5.3523622047244093
 20
-3.1712598425196852
 30
0
 11
5.2775590551181102
 21
-3.1712598425196852
 31
0
  0
LINE
  5
D01
330
22
100
AcDbEntity
  8
F.Silkscreen
  6
CONTINUOUS
100
AcDbLine
 10
5.2775590551181102
 20
-3.1712598425196852
 30
0
 11
5.2742789370078738
 21
-3.1710987007874016
 31
0
  0
LINE
  5
D02
330
22
100
AcDbEntity
  8
F.Silkscreen
  6
CONTINUOUS
100
AcDbLine
 10
5.2742789370078738
 20
-3.1710987007874016
 30
0
 11
5.2678448031496066
 21
-3.1698188582677163
 31
0
  0
LINE
  5
D03
330
22
100
AcDbEntity
  8
F.Silkscreen
  6
CONTINUOUS
100
AcDbLine
 10
5.2678448031496066
 20
-3.1698188582677163
 30
0
 11
5.261783976377953
 21
-3.1673083858267717
 31
0
  0
LINE
  5
D04
330
22
100
AcDbEntity
  8
F.Silkscreen
  6
CONTINUOUS
100
AcDbLine
 10
5.261783976377953
 20
-3.1673083858267717
 30
0
 11
5.2563293700787401
 21
-3.1636637401574803
 31
0
  0
LINE
  5
D05
330
22
100
AcDbEntity
  8
F.Silkscreen
  6
CONTINUOUS
100
AcDbLine
 10
5.2563293700787401
 20
-3.1636637401574803
 30
0
 11
5.2516905905511813
 21
-3.159024960629921
 31
0
  0
LINE
  5
D06
330
22
100
AcDbEntity
  8
F.Silkscreen
  6
CONTINUOUS
100
AcDbLine
 10
5.2516905905511813
 20
-3.159024960629921
 30
0
 11
5.2480459448818895
 21
-3.1535703543307085
 31
0
  0
LINE
  5
D07
330
22
100
AcDbEntity
  8
F.Silkscreen
  6
CONTINUOUS
100
AcDbLine
 10
5.2480459448818895
 20
-3.1535703543307085
 30
0
 11
5.2455354724409444
 21
-3.147509527559055
 31
0
  0
LINE
  5
D08
330
22
100
AcDbEntity
  8
F.Silkscreen
  6
CONTINUOUS
100
AcDbLine
 10
5.2455354724409444
 20
-3.147509527559055
 30
0
 11
5.2442556299212599
 21
-3.1410753937007874
 31
0
  0
LINE
  5
D09
330
22
100
AcDbEntity
  8
F.Silkscreen
  6
CONTINUOUS
100
AcDbLine
 10
5.2442556299212599
 20
-3.1410753937007874
 30
0
 11
5.2442556299212599
 21
-3.134515157480315
 31
0
  0
LINE
  5
D0A
330
22
100
AcDbEntity
  8
F.Silkscreen
  6
CONTINUOUS
100
AcDbLine
 10
5.2442556299212599
 20
-3.134515157480315
 30
0
 11
5.2455354724409444
 21
-3.1280810236220473
 31
0
  0
LINE
  5
D0B
330
22
100
AcDbEntity
  8
F.Silkscreen
  6
CONTINUOUS
100
AcDbLine
 10
5.2455354724409444
 20
-3.1280810236220473
 30
0
 11
5.2480459448818895
 21
-3.1220201968503938
 31
0
  0
LINE
  5
D0C
330
22
100
AcDbEntity
  8
F.Silkscreen
  6
CONTINUOUS
100
AcDbLine
 10
5.2480459448818895
 20
-3.1220201968503938
 30
0
 11
5.2516905905511813
 21
-3.1165655905511809
 31
0
  0
LINE
  5
D0D
330
22
100
AcDbEntity
  8
F.Silkscreen
  6
CONTINUOUS
100
AcDbLine
 10
5.2516905905511813
 20
-3.1165655905511809
 30
0
 11
5.2563293700787401
 21
-3.111926811023622
 31
0
  0
LINE
  5
D0E
330
22
100
AcDbEntity
  8
F.Silkscreen
  6
CONTINUOUS
100
AcDbLine
 10
5.2563293700787401
 20
-3.111926811023622
 30
0
 11
5.261783976377953
 21
-3.1082821653543307
 31
0
  0
LINE
  5
D0F
330
22
100
AcDbEntity
  8
F.Silkscreen
  6
CONTINUOUS
100
AcDbLine
 10
5.261783976377953
 20
-3.1082821653543307
 30
0
 11
5.2678448031496066
 21
-3.1057716929133856
 31
0
  0
LINE
  5
D10
330
22
100
AcDbEntity
  8
F.Silkscreen
  6
CONTINUOUS
100
AcDbLine
 10
5.2678448031496066
 20
-3.1057716929133856
 30
0
 11
5.2742789370078738
 21
-3.1044918503937007
 31
0
  0
LINE
  5
D11
330
22
100
AcDbEntity
  8
F.Silkscreen
  6
CONTINUOUS
100
AcDbLine
 10
5.2742789370078738
 20
-3.1044918503937007
 30
0
 11
5.2775590551181102
 21
-3.1043307086614171
 31
0
  0
LINE
  5
D12
330
22
100
AcDbEntity
  8
F.Silkscreen
  6
CONTINUOUS
100
AcDbLine
 10
5.2775590551181102
 20
-3.1043307086614171
 30
0
 11
5.3523622047244093
 21
-3.1043307086614171
 31
0
  0
LINE
  5
D13
330
22
100
AcDbEntity
  8
F.Silkscreen
  6
CONTINUOUS
100
AcDbLine
 10
5.3523622047244093
 20
-3.1043307086614171
 30
0
 11
5.3556423228346457
 21
-3.1044918503937007
 31
0
  0
LINE
  5
D14
330
22
100
AcDbEntity
  8
F.Silkscreen
  6
CONTINUOUS
100
AcDbLine
 10
5.3556423228346457
 20
-3.0044918503937006
 30
0
 11
5.3620764566929129
 21
-3.005771692913386
 31
0
  0
LINE
  5
D15
330
22
100
AcDbEntity
  8
F.Silkscreen
  6
CONTINUOUS
100
AcDbLine
 10
5.3620764566929129
 20
-3.005771692913386
 30
0
 11
5.3681372834645664
 21
-3.0082821653543306
 31
0
  0
LINE
  5
D16
330
22
100
AcDbEntity
  8
F.Silkscreen
  6
CONTINUOUS
100
AcDbLine
 10
5.3681372834645664
 20
-3.0082821653543306
 30
0
 11
5.3735918897637793
 21
-3.0119268110236219
 31
0
  0
LINE
  5
D17
330
22
100
AcDbEntity
  8
F.Silkscreen
  6
CONTINUOUS
100
AcDbLine
 10
5.3735918897637793
 20
-3.0119268110236219
 30
0
 11
5.3782306692913382
 21
-3.0165655905511812
 31
0
  0
LINE
  5
D18
330
22
100
AcDbEntity
  8
F.Silkscreen
  6
CONTINUOUS
100
AcDbLine
 10
5.3782306692913382
 20
-3.0165655905511812
 30
0
 11
5.38187531496063
 21
-3.0220201968503937
 31
0
  0
LINE
  5
D19
330
22
100
AcDbEntity
  8
F.Silkscreen
  6
CONTINUOUS
100
AcDbLine
 10
5.38187531496063
 20
-3.0220201968503937
 30
0
 11
5.384385787401575
 21
-3.0280810236220472
 31
0
  0
LINE
  5
D1A
330
22
100
AcDbEntity
  8
F.Silkscreen
  6
CONTINUOUS
100
AcDbLine
 10
5.384385787401575
 20
-3.0280810236220472
 30
0
 11
5.3856656299212595
 21
-3.0345151574803149
 31
0
  0
LINE
  5
D1B
330
22
100
AcDbEntity
  8
F.Silkscreen
  6
CONTINUOUS
100
AcDbLine
 10
5.3856656299212595
 20
-3.0345151574803149
 30
0
 11
5.3856656299212595
 21
-3.0410753937007873
 31
0
  0
LINE
  5
D1C
330
22
100
AcDbEntity
  8
F.Silkscreen
  6
CONTINUOUS
100
AcDbLine
 10
5.3856656299212595
 20
-3.0410753937007873
 30
0
 11
5.384385787401575
 21
-3.0475095275590549
 31
0
  0
LINE
  5
D1D
330
22
100
AcDbEntity
  8
F.Silkscreen
  6
CONTINUOUS
100
AcDbLine
 10
5.384385787401575
 20
-3.0475095275590549
 30
0
 11
5.38187531496063
 21
-3.0535703543307084
 31
0
  0
LINE
  5
D1E
330
22
100
AcDbEntity
  8
F.Silkscreen
  6
CONTINUOUS
100
AcDbLine
 10
5.38187531496063
 20
-3.0535703543307084
 30
0
 11
5.3782306692913382
 21
-3.0590249606299214
 31
0
  0
LINE
  5
D1F
330
22
100
AcDbEntity
  8
F.Silkscreen
  6
CONTINUOUS
100
AcDbLine
 10
5.3782306692913382
 20
-3.0590249606299214
 30
0
 11
5.3735918897637793
 21
-3.0636637401574802
 31
0
  0
LINE
  5
D20
330
22
100
AcDbEntity
  8
F.Silkscreen
  6
CONTINUOUS
100
AcDbLine
 10
5.3735918897637793
 20
-3.0636637401574802
 30
0
 11
5.3681372834645664
 21
-3.0673083858267716
 31
0
  0
LINE
  5
D21
330
22
100
AcDbEntity
  8
F.Silkscreen
  6
CONTINUOUS
100
AcDbLine
 10
5.3681372834645664
 20
-3.0673083858267716
 30
0
 11
5.3620764566929129
 21
-3.0698188582677166
 31
0
  0
LINE
  5
D22
330
22
100
AcDbEntity
  8
F.Silkscreen
  6
CONTINUOUS
100
AcDbLine
 10
5.3620764566929129
 20
-3.0698188582677166
 30
0
 11
5.3556423228346457
 21
-3.0710987007874015
 31
0
  0
LINE
  5
D23
330
22
100
AcDbEntity
  8
F.Silkscreen
  6
CONTINUOUS
100
AcDbLine
 10
5.3556423228346457
 20
-3.0710987007874015
 30
0
 11
5.3523622047244093
 21
-3.0712598425196851
 31
0
  0
LINE
  5
D24
330
22
100
AcDbEntity
  8
F.Silkscreen
  6
CONTINUOUS
100
AcDbLine
 10
5.3523622047244093
 20
-3.0712598425196851
 30
0
 11
5.2775590551181102
 21
-3.0712598425196851
 31
0
  0
LINE
  5
D25
330
22
100
AcDbEntity
  8
F.Silkscreen
  6
CONTINUOUS
100
AcDbLine
 10
5.2775590551181102
 20
-3.0712598425196851
 30
0
 11
5.2742789370078738
 21
-3.0710987007874015
 31
0
  0
LINE
  5
D26
330
22
100
AcDbEntity
  8
F.Silkscreen
  6
CONTINUOUS
100
AcDbLine
 10
5.2742789370078738
 20
-3.0710987007874015
 30
0
 11
5.2678448031496066
 21
-3.0698188582677166
 31
0
  0
LINE
  5
D27
330
22
100
AcDbEntity
  8
F.Silkscreen
  6
CONTINUOUS
100
AcDbLine
 10
5.2678448031496066
 20
-3.0698188582677166
 30
0
 11
5.261783976377953
 21
-3.0673083858267716
 31
0
  0
LINE
  5
D28
330
22
100
AcDbEntity
  8
F.Silkscreen
  6
CONTINUOUS
100
AcDbLine
 10
5.261783976377953
 20
-3.0673083858267716
 30
0
 11
5.2563293700787401
 21
-3.0636637401574802
 31
0
  0
LINE
  5
D29
330
22
100
AcDbEntity
  8
F.Silkscreen
  6
CONTINUOUS
100
AcDbLine
 10
5.2563293700787401
 20
-3.0636637401574802
 30
0
 11
5.2558096062992128
 21
-3.0631439763779529
 31
0
  0
LINE
  5
D2A
330
22
100
AcDbEntity
  8
F.Silkscreen
  6
CONTINUOUS
100
AcDbLine
 10
5.2558096062992128
 20
-3.0631439763779529
 30
0
 11
5.2362204724409445
 21
-3.0827331496062991
 31
0
  0
LINE
  5
D2B
330
22
100
AcDbEntity
  8
F.Silkscreen
  6
CONTINUOUS
100
AcDbLine
 10
5.2362204724409445
 20
-3.0827331496062991
 30
0
 11
5.2362204724409445
 21
-3.1549182677165355
 31
0
  0
LINE
  5
D2C
330
22
100
AcDbEntity
  8
F.Silkscreen
  6
CONTINUOUS
100
AcDbLine
 10
5.2362204724409445
 20
-3.1549182677165355
 30
0
 11
5.2604360236220469
 21
-3.1791338582677167
 31
0
  0
LINE
  5
D2D
330
22
100
AcDbEntity
  8
F.Silkscreen
  6
CONTINUOUS
100
AcDbLine
 10
5.2604360236220469
 20
-3.1791338582677167
 30
0
 11
5.6681102362204721
 21
-3.1791338582677167
 31
0
  0
LINE
  5
D2E
330
22
100
AcDbEntity
  8
F.Silkscreen
  6
CONTINUOUS
100
AcDbLine
 10
5.6681102362204721
 20
-3.1791338582677167
 30
0
 11
5.6688783070866142
 21
-3.1792094881889761
 31
0
  0
LINE
  5
D2F
330
22
100
AcDbEntity
  8
F.Silkscreen
  6
CONTINUOUS
100
AcDbLine
 10
5.6688783070866142
 20
-3.1792094881889761
 30
0
 11
5.6702975196850396
 21
-3.1797973622047242
 31
0
  0
LINE
  5
D30
330
22
100
AcDbEntity
  8
F.Silkscreen
  6
CONTINUOUS
100
AcDbLine
 10
5.6702975196850396
 20
-3.1797973622047242
 30
0
 11
5.6708941338582672
 21
-3.1802869685039368
 31
0
  0
LINE
  5
D31
330
22
100
AcDbEntity
  8
F.Silkscreen
  6
CONTINUOUS
100
AcDbLine
 10
5.6708941338582672
 20
-3.1802869685039368
 30
0
 11
5.9975127559055119
 21
-3.506905590551181
 31
0
  0
LINE
  5
D32
330
22
100
AcDbEntity
  8
F.Silkscreen
  6
CONTINUOUS
100
AcDbLine
 10
5.9975127559055119
 20
-3.506905590551181
 30
0
 11
6.0025689763779528
 21
-3.503232125984252
 31
0
  0
LINE
  5
D33
330
22
100
AcDbEntity
  8
F.Silkscreen
  6
CONTINUOUS
100
AcDbLine
 10
6.0025689763779528
 20
-3.503232125984252
 30
0
 11
6.008623937007874
 21
-3.500146968503937
 31
0
  0
LINE
  5
D34
330
22
100
AcDbEntity
  8
F.Silkscreen
  6
CONTINUOUS
100
AcDbLine
 10
6.008623937007874
 20
-3.500146968503937
 30
0
 11
6.0150870078740155
 21
-3.498046968503937
 31
0
  0
LINE
  5
D35
330
22
100
AcDbEntity
  8
F.Silkscreen
  6
CONTINUOUS
100
AcDbLine
 10
6.0150870078740155
 20
-3.498046968503937
 30
0
 11
6.021799015748031
 21
-3.4969838976377954
 31
0
  0
LINE
  5
D36
330
22
100
AcDbEntity
  8
F.Silkscreen
  6
CONTINUOUS
100
AcDbLine
 10
6.021799015748031
 20
-3.4969838976377954
 30
0
 11
6.0285946850393701
 21
-3.4969838976377954
 31
0
  0
LINE
  5
D37
330
22
100
AcDbEntity
  8
F.Silkscreen
  6
CONTINUOUS
100
AcDbLine
 10
6.0285946850393701
 20
-3.4969838976377954
 30
0
 11
6.0353066929133856
 21
-3.498046968503937
 31
0
  0
LINE
  5
D38
330
22
100
AcDbEntity
  8
F.Silkscreen
  6
CONTINUOUS
100
AcDbLine
 10
6.0353066929133856
 20
-3.498046968503937
 30
0
 11
6.0417697637795271
 21
-3.500146968503937
 31
0
  0
LINE
  5
D39
330
22
100
AcDbEntity
  8
F.Silkscreen
  6
CONTINUOUS
100
AcDbLine
 10
6.0417697637795271
 20
-3.500146968503937
 30
0
 11
6.0478247244094483
 21
-3.503232125984252
 31
0
  0
LINE
  5
D3A
330
22
100
AcDbEntity
  8
F.Silkscreen
  6
CONTINUOUS
100
AcDbLine
 10
6.0478247244094483
 20
-3.503232125984252
 30
0
 11
6.0533225590551183
 21
-3.5072264960629922
 31
0
  0
LINE
  5
D3B
330
22
100
AcDbEntity
  8
F.Silkscreen
  6
CONTINUOUS
100
AcDbLine
 10
6.0533225590551183
 20
-3.5072264960629922
 30
0
 11
6.0581278346456688
 21
-3.5120317716535432
 31
0
  0
LINE
  5
D3C
330
22
100
AcDbEntity
  8
F.Silkscreen
  6
CONTINUOUS
100
AcDbLine
 10
6.0581278346456688
 20
-3.5120317716535432
 30
0
 11
6.0621222047244094
 21
-3.5175296062992123
 31
0
  0
LINE
  5
D3D
330
22
100
AcDbEntity
  8
F.Silkscreen
  6
CONTINUOUS
100
AcDbLine
 10
6.0621222047244094
 20
-3.5175296062992123
 30
0
 11
6.065207362204724
 21
-3.5235845669291339
 31
0
  0
LINE
  5
D3E
330
22
100
AcDbEntity
  8
F.Silkscreen
  6
CONTINUOUS
100
AcDbLine
 10
6.065207362204724
 20
-3.5235845669291339
 30
0
 11
6.0673073622047244
 21
-3.5300476377952754
 31
0
  0
LINE
  5
D3F
330
22
100
AcDbEntity
  8
F.Silkscreen
  6
CONTINUOUS
100
AcDbLine
 10
6.0673073622047244
 20
-3.5300476377952754
 30
0
 11
6.0683704330708661
 21
-3.5367596456692914
 31
0
  0
LINE
  5
D40
330
22
100
AcDbEntity
  8
F.Silkscreen
  6
CONTINUOUS
100
AcDbLine
 10
6.0683704330708661
 20
-3.5367596456692914
 30
0
 11
6.0683704330708661
 21
-3.54355531496063
 31
0
  0
LINE
  5
D41
330
22
100
AcDbEntity
  8
F.Silkscreen
  6
CONTINUOUS
100
AcDbLine
 10
6.0683704330708661
 20
-3.54355531496063
 30
0
 11
6.0673073622047244
 21
-3.5502673228346455
 31
0
  0
LINE
  5
D42
330
22
100
AcDbEntity
  8
F.Silkscreen
  6
CONTINUOUS
100
AcDbLine
 10
6.0673073622047244
 20
-3.5502673228346455
 30
0
 11
6.065207362204724
 21
-3.5567303937007875
 31
0
  0
LINE
  5
D43
330
22
100
AcDbEntity
  8
F.Silkscreen
  6
CONTINUOUS
100
AcDbLine
 10
6.065207362204724
 20
-3.5567303937007875
 30
0
 11
6.0621222047244094
 21
-3.5627853543307086
 31
0
  0
LINE
  5
D44
330
22
100
AcDbEntity
  8
F.Silkscreen
  6
CONTINUOUS
100
AcDbLine
 10
6.0621222047244094
 20
-3.5627853543307086
 30
0
 11
6.0581278346456688
 21
-3.5682831889763778
 31
0
  0
LINE
  5
D45
330
22
100
AcDbEntity
  8
F.Silkscreen
  6
CONTINUOUS
100
AcDbLine
 10
6.0581278346456688
 20
-3.5682831889763778
 30
0
 11
6.0533225590551183
 21
-3.5730884645669292
 31
0
  0
LINE
  5
D46
330
22
100
AcDbEntity
  8
F.Silkscreen
  6
CONTINUOUS
100
AcDbLine
 10
6.0533225590551183
 20
-3.5730884645669292
 30
0
 11
6.0478247244094483
 21
-3.5770828346456693
 31
0
  0
LINE
  5
D47
330
22
100
AcDbEntity
  8
F.Silkscreen
  6
CONTINUOUS
100
AcDbLine
 10
6.0478247244094483
 20
-3.5770828346456693
 30
0
 11
6.0417697637795271
 21
-3.5801679921259844
 31
0
  0
LINE
  5
D48
330
22
100
AcDbEntity
  8
F.Silkscreen
  6
CONTINUOUS
100
AcDbLine
 10
6.0417697637795271
 20
-3.5801679921259844
 30
0
 11
6.0353066929133856
 21
-3.5822679921259843
 31
0
  0
LINE
  5
D49
330
22
100
AcDbEntity
  8
F.Silkscreen
  6
CONTINUOUS
100
AcDbLine
 10
6.0353066929133856
 20
-3.5822679921259843
 30
0
 11
6.0285946850393701
 21
-3.583331062992126
 31
0
  0
LINE
  5
D4A
330
22
100
AcDbEntity
  8
F.Silkscreen
  6
CONTINUOUS
100
AcDbLine
 10
6.0285946850393701
 20
-3.583331062992126
 30
0
 11
6.021799015748031
 21
-3.583331062992126
 31
0
  0
LINE
  5
D4B
330
22
100
AcDbEntity
  8
F.Silkscreen
  6
CONTINUOUS
100
AcDbLine
 10
6.021799015748031
 20
-3.583331062992126
 30
0
 11
6.0150870078740155
 21
-3.5822679921259843
 31
0
  0
LINE
  5
D4C
330
22
100
AcDbEntity
  8
F.Silkscreen
  6
CONTINUOUS
100
AcDbLine
 10
6.0150870078740155
 20
-3.5822679921259843
 30
0
 11
6.008623937007874
 21
-3.5801679921259844
 31
0
  0
LINE
  5
D4D
330
22
100
AcDbEntity
  8
F.Silkscreen
  6
CONTINUOUS
100
AcDbLine
 10
6.008623937007874
 20
-3.5801679921259844
 30
0
 11
6.0025689763779528
 21
-3.5770828346456693
 31
0
  0
LINE
  5
D4E
330
22
100
AcDbEntity
  8
F.Silkscreen
  6
CONTINUOUS
100
AcDbLine
 10
6.0025689763779528
 20
-3.5770828346456693
 30
0
 11
5.9970711417322837
 21
-3.5730884645669292
 31
0
  0
LINE
  5
D4F
330
22
100
AcDbEntity
  8
F.Silkscreen
  6
CONTINUOUS
100
AcDbLine
 10
5.9970711417322837
 20
-3.5730884645669292
 30
0
 11
5.9922658661417323
 21
-3.5682831889763778
 31
0
  0
LINE
  5
D50
330
22
100
AcDbEntity
  8
F.Silkscreen
  6
CONTINUOUS
100
AcDbLine
 10
5.9922658661417323
 20
-3.5682831889763778
 30
0
 11
5.9882714960629917
 21
-3.5627853543307086
 31
0
  0
LINE
  5
D51
330
22
100
AcDbEntity
  8
F.Silkscreen
  6
CONTINUOUS
100
AcDbLine
 10
5.9882714960629917
 20
-3.5627853543307086
 30
0
 11
5.9851863385826771
 21
-3.5567303937007875
 31
0
  0
LINE
  5
D52
330
22
100
AcDbEntity
  8
F.Silkscreen
  6
CONTINUOUS
100
AcDbLine
 10
5.9851863385826771
 20
-3.5567303937007875
 30
0
 11
5.9830863385826767
 21
-3.5502673228346455
 31
0
  0
LINE
  5
D53
330
22
100
AcDbEntity
  8
F.Silkscreen
  6
CONTINUOUS
100
AcDbLine
 10
5.9830863385826767
 20
-3.5502673228346455
 30
0
 11
5.982023267716535
 21
-3.54355531496063
 31
0
  0
LINE
  5
D54
330
22
100
AcDbEntity
  8
F.Silkscreen
  6
CONTINUOUS
100
AcDbLine
 10
5.982023267716535
 20
-3.54355531496063
 30
0
 11
5.982023267716535
 21
-3.5367596456692914
 31
0
  0
LINE
  5
D55
330
22
100
AcDbEntity
  8
F.Silkscreen
  6
CONTINUOUS
100
AcDbLine
 10
5.982023267716535
 20
-3.5367596456692914
 30
0
 11
5.9830863385826767
 21
-3.5300476377952754
 31
0
  0
LINE
  5
D56
330
22
100
AcDbEntity
  8
F.Silkscreen
  6
CONTINUOUS
100
AcDbLine
 10
5.9830863385826767
 20
-3.5300476377952754
 30
0
 11
5.9851863385826771
 21
-3.5235845669291339
 31
0
  0
LINE
  5
D57
330
22
100
AcDbEntity
  8
F.Silkscreen
  6
CONTINUOUS
100
AcDbLine
 10
5.9851863385826771
 20
-3.5235845669291339
 30
0
 11
5.9882714960629917
 21
-3.5175296062992123
 31
0
  0
LINE
  5
D58
330
22
100
AcDbEntity
  8
F.Silkscreen
  6
CONTINUOUS
100
AcDbLine
 10
5.9882714960629917
 20
-3.5175296062992123
 30
0
 11
5.9919449606299215
 21
-3.5124733858267714
 31
0
  0
LINE
  5
D59
330
22
100
AcDbEntity
  8
F.Silkscreen
  6
CONTINUOUS
100
AcDbLine
 10
5.9919449606299215
 20
-3.5124733858267714
 30
0
 11
5.6664794488188974
 21
-3.1870078740157481
 31
0
  0
LINE
  5
D5A
330
22
100
AcDbEntity
  8
F.Silkscreen
  6
CONTINUOUS
100
AcDbLine
 10
5.6664794488188974
 20
-3.1870078740157481
 30
0
 11
5.258805275590551
 21
-3.1870078740157481
 31
0
  0
LINE
  5
D5B
330
22
100
AcDbEntity
  8
F.Silkscreen
  6
CONTINUOUS
100
AcDbLine
 10
5.258805275590551
 20
-3.1870078740157481
 30
0
 11
5.2580372047244097
 21
-3.1869322440944883
 31
0
  0
LINE
  5
D5C
330
22
100
AcDbEntity
  8
F.Silkscreen
  6
CONTINUOUS
100
AcDbLine
 10
5.2580372047244097
 20
-3.1869322440944883
 30
0
 11
5.2566179921259844
 21
-3.1863444094488189
 31
0
  0
LINE
  5
D5D
330
22
100
AcDbEntity
  8
F.Silkscreen
  6
CONTINUOUS
100
AcDbLine
 10
5.2566179921259844
 20
-3.1863444094488189
 30
0
 11
5.2560214173228346
 21
-3.1858547637795276
 31
0
  0
LINE
  5
D5E
330
22
100
AcDbEntity
  8
F.Silkscreen
  6
CONTINUOUS
100
AcDbLine
 10
5.2560214173228346
 20
-3.1858547637795276
 30
0
 11
5.2294995669291335
 21
-3.1593329527559053
 31
0
  0
LINE
  5
D5F
330
22
100
AcDbEntity
  8
F.Silkscreen
  6
CONTINUOUS
100
AcDbLine
 10
5.2294995669291335
 20
-3.1593329527559053
 30
0
 11
5.229009960629921
 21
-3.1587363385826772
 31
0
  0
LINE
  5
D60
330
22
100
AcDbEntity
  8
F.Silkscreen
  6
CONTINUOUS
100
AcDbLine
 10
5.229009960629921
 20
-3.1587363385826772
 30
0
 11
5.2284220866141728
 21
-3.1573171259842518
 31
0
  0
LINE
  5
D61
330
22
100
AcDbEntity
  8
F.Silkscreen
  6
CONTINUOUS
100
AcDbLine
 10
5.2284220866141728
 20
-3.1573171259842518
 30
0
 11
5.228346456692913
 21
-3.1565490551181101
 31
0
  0
LINE
  5
D62
330
22
100
AcDbEntity
  8
F.Silkscreen
  6
CONTINUOUS
100
AcDbLine
 10
5.228346456692913
 20
-3.1565490551181101
 30
0
 11
5.228346456692913
 21
-3.0811023622047244
 31
0
  0
LINE
  5
D63
330
22
100
AcDbEntity
  8
F.Silkscreen
  6
CONTINUOUS
100
AcDbLine
 10
5.228346456692913
 20
-3.0811023622047244
 30
0
 11
5.2284220866141728
 21
-3.0803342913385827
 31
0
  0
LINE
  5
D64
330
22
100
AcDbEntity
  8
F.Silkscreen
  6
CONTINUOUS
100
AcDbLine
 10
5.2284220866141728
 20
-3.0803342913385827
 30
0
 11
5.229009960629921
 21
-3.0789150787401574
 31
0
  0
LINE
  5
D65
330
22
100
AcDbEntity
  8
F.Silkscreen
  6
CONTINUOUS
100
AcDbLine
 10
5.229009960629921
 20
-3.0789150787401574
 30
0
 11
5.2294995669291335
 21
-3.0783184645669293
 31
0
  0
LINE
  5
D66
330
22
100
AcDbEntity
  8
F.Silkscreen
  6
CONTINUOUS
100
AcDbLine
 10
5.2294995669291335
 20
-3.0783184645669293
 30
0
 11
5.2505299999999995
 21
-3.0572879921259841
 31
0
  0
LINE
  5
D67
330
22
100
AcDbEntity
  8
F.Silkscreen
  6
CONTINUOUS
100
AcDbLine
 10
5.2505299999999995
 20
-3.0572879921259841
 30
0
 11
5.2480459448818895
 21
-3.0535703543307084
 31
0
  0
LINE
  5
D68
330
22
100
AcDbEntity
  8
F.Silkscreen
  6
CONTINUOUS
100
AcDbLine
 10
5.2480459448818895
 20
-3.0535703543307084
 30
0
 11
5.2455354724409444
 21
-3.0475095275590549
 31
0
  0
LINE
  5
D69
330
22
100
AcDbEntity
  8
F.Silkscreen
  6
CONTINUOUS
100
AcDbLine
 10
5.2455354724409444
 20
-3.0475095275590549
 30
0
 11
5.2442556299212599
 21
-3.0410753937007873
 31
0
  0
LINE
  5
D6A
330
22
100
AcDbEntity
  8
F.Silkscreen
  6
CONTINUOUS
100
AcDbLine
 10
5.2442556299212599
 20
-3.0410753937007873
 30
0
 11
5.2442556299212599
 21
-3.0345151574803149
 31
0
  0
LINE
  5
D6B
330
22
100
AcDbEntity
  8
F.Silkscreen
  6
CONTINUOUS
100
AcDbLine
 10
5.2442556299212599
 20
-3.0345151574803149
 30
0
 11
5.2455354724409444
 21
-3.0280810236220472
 31
0
  0
LINE
  5
D6C
330
22
100
AcDbEntity
  8
F.Silkscreen
  6
CONTINUOUS
100
AcDbLine
 10
5.2455354724409444
 20
-3.0280810236220472
 30
0
 11
5.2480459448818895
 21
-3.0220201968503937
 31
0
  0
LINE
  5
D6D
330
22
100
AcDbEntity
  8
F.Silkscreen
  6
CONTINUOUS
100
AcDbLine
 10
5.2480459448818895
 20
-3.0220201968503937
 30
0
 11
5.2516905905511813
 21
-3.0165655905511812
 31
0
  0
LINE
  5
D6E
330
22
100
AcDbEntity
  8
F.Silkscreen
  6
CONTINUOUS
100
AcDbLine
 10
5.2516905905511813
 20
-3.0165655905511812
 30
0
 11
5.2563293700787401
 21
-3.0119268110236219
 31
0
  0
LINE
  5
D6F
330
22
100
AcDbEntity
  8
F.Silkscreen
  6
CONTINUOUS
100
AcDbLine
 10
5.2563293700787401
 20
-3.0119268110236219
 30
0
 11
5.261783976377953
 21
-3.0082821653543306
 31
0
  0
LINE
  5
D70
330
22
100
AcDbEntity
  8
F.Silkscreen
  6
CONTINUOUS
100
AcDbLine
 10
5.261783976377953
 20
-3.0082821653543306
 30
0
 11
5.2678448031496066
 21
-3.005771692913386
 31
0
  0
LINE
  5
D71
330
22
100
AcDbEntity
  8
F.Silkscreen
  6
CONTINUOUS
100
AcDbLine
 10
5.2678448031496066
 20
-3.005771692913386
 30
0
 11
5.2742789370078738
 21
-3.0044918503937006
 31
0
  0
LINE
  5
D72
330
22
100
AcDbEntity
  8
F.Silkscreen
  6
CONTINUOUS
100
AcDbLine
 10
5.2742789370078738
 20
-3.0044918503937006
 30
0
 11
5.2775590551181102
 21
-3.004330708661417
 31
0
  0
LINE
  5
D73
330
22
100
AcDbEntity
  8
F.Silkscreen
  6
CONTINUOUS
100
AcDbLine
 10
5.2775590551181102
 20
-3.004330708661417
 30
0
 11
5.3523622047244093
 21
-3.004330708661417
 31
0
  0
LINE
  5
D74
330
22
100
AcDbEntity
  8
F.Silkscreen
  6
CONTINUOUS
100
AcDbLine
 10
5.3523622047244093
 20
-3.004330708661417
 30
0
 11
5.3556423228346457
 21
-3.0044918503937006
 31
0
  0
LINE
  5
D75
330
22
100
AcDbEntity
  8
F.Silkscreen
  6
CONTINUOUS
100
AcDbLine
 10
6.8090318110236216
 20
-2.7347212992125982
 30
0
 11
6.810451023622047
 21
-2.7353091732283463
 31
0
  0
LINE
  5
D76
330
22
100
AcDbEntity
  8
F.Silkscreen
  6
CONTINUOUS
100
AcDbLine
 10
6.810451023622047
 20
-2.7353091732283463
 30
0
 11
6.8110476377952756
 21
-2.7357987795275589
 31
0
  0
LINE
  5
D77
330
22
100
AcDbEntity
  8
F.Silkscreen
  6
CONTINUOUS
100
AcDbLine
 10
6.8110476377952756
 20
-2.7357987795275589
 30
0
 11
7.5437287795275587
 21
-3.4684799212598425
 31
0
  0
LINE
  5
D78
330
22
100
AcDbEntity
  8
F.Silkscreen
  6
CONTINUOUS
100
AcDbLine
 10
7.5437287795275587
 20
-3.4684799212598425
 30
0
 11
7.5442183858267713
 21
-3.4690764960629918
 31
0
  0
LINE
  5
D79
330
22
100
AcDbEntity
  8
F.Silkscreen
  6
CONTINUOUS
100
AcDbLine
 10
7.5442183858267713
 20
-3.4690764960629918
 30
0
 11
7.5442183858267713
 21
-3.4690765354330706
 31
0
  0
LINE
  5
D7A
330
22
100
AcDbEntity
  8
F.Silkscreen
  6
CONTINUOUS
100
AcDbLine
 10
7.5442183858267713
 20
-3.4690765354330706
 30
0
 11
7.5448062598425194
 21
-3.470495748031496
 31
0
  0
LINE
  5
D7B
330
22
100
AcDbEntity
  8
F.Silkscreen
  6
CONTINUOUS
100
AcDbLine
 10
7.5448062598425194
 20
-3.470495748031496
 30
0
 11
7.5448818897637793
 21
-3.4712638188976377
 31
0
  0
LINE
  5
D7C
330
22
100
AcDbEntity
  8
F.Silkscreen
  6
CONTINUOUS
100
AcDbLine
 10
7.5448818897637793
 20
-3.4712638188976377
 30
0
 11
7.5448818897637793
 21
-3.4970692913385828
 31
0
  0
LINE
  5
D7D
330
22
100
AcDbEntity
  8
F.Silkscreen
  6
CONTINUOUS
100
AcDbLine
 10
7.5448818897637793
 20
-3.4970692913385828
 30
0
 11
7.5510547244094486
 21
-3.498046968503937
 31
0
  0
LINE
  5
D7E
330
22
100
AcDbEntity
  8
F.Silkscreen
  6
CONTINUOUS
100
AcDbLine
 10
7.5510547244094486
 20
-3.498046968503937
 30
0
 11
7.5575177952755901
 21
-3.500146968503937
 31
0
  0
LINE
  5
D7F
330
22
100
AcDbEntity
  8
F.Silkscreen
  6
CONTINUOUS
100
AcDbLine
 10
7.5575177952755901
 20
-3.500146968503937
 30
0
 11
7.5635727559055113
 21
-3.503232125984252
 31
0
  0
LINE
  5
D80
330
22
100
AcDbEntity
  8
F.Silkscreen
  6
CONTINUOUS
100
AcDbLine
 10
7.5635727559055113
 20
-3.503232125984252
 30
0
 11
7.5690705905511813
 21
-3.5072264960629922
 31
0
  0
LINE
  5
D81
330
22
100
AcDbEntity
  8
F.Silkscreen
  6
CONTINUOUS
100
AcDbLine
 10
7.5690705905511813
 20
-3.5072264960629922
 30
0
 11
7.5738758661417318
 21
-3.5120317716535432
 31
0
  0
LINE
  5
D82
330
22
100
AcDbEntity
  8
F.Silkscreen
  6
CONTINUOUS
100
AcDbLine
 10
7.5738758661417318
 20
-3.5120317716535432
 30
0
 11
7.5778702362204724
 21
-3.5175296062992123
 31
0
  0
LINE
  5
D83
330
22
100
AcDbEntity
  8
F.Silkscreen
  6
CONTINUOUS
100
AcDbLine
 10
7.5778702362204724
 20
-3.5175296062992123
 30
0
 11
7.580955393700787
 21
-3.5235845669291339
 31
0
  0
LINE
  5
D84
330
22
100
AcDbEntity
  8
F.Silkscreen
  6
CONTINUOUS
100
AcDbLine
 10
7.580955393700787
 20
-3.5235845669291339
 30
0
 11
7.5830553937007874
 21
-3.5300476377952754
 31
0
  0
LINE
  5
D85
330
22
100
AcDbEntity
  8
F.Silkscreen
  6
CONTINUOUS
100
AcDbLine
 10
7.5830553937007874
 20
-3.5300476377952754
 30
0
 11
7.5841184645669291
 21
-3.5367596456692914
 31
0
  0
LINE
  5
D86
330
22
100
AcDbEntity
  8
F.Silkscreen
  6
CONTINUOUS
100
AcDbLine
 10
7.5841184645669291
 20
-3.5367596456692914
 30
0
 11
7.5841184645669291
 21
-3.54355531496063
 31
0
  0
LINE
  5
D87
330
22
100
AcDbEntity
  8
F.Silkscreen
  6
CONTINUOUS
100
AcDbLine
 10
7.5841184645669291
 20
-3.54355531496063
 30
0
 11
7.5830553937007874
 21
-3.5502673228346455
 31
0
  0
LINE
  5
D88
330
22
100
AcDbEntity
  8
F.Silkscreen
  6
CONTINUOUS
100
AcDbLine
 10
7.5830553937007874
 20
-3.5502673228346455
 30
0
 11
7.580955393700787
 21
-3.5567303937007875
 31
0
  0
LINE
  5
D89
330
22
100
AcDbEntity
  8
F.Silkscreen
  6
CONTINUOUS
100
AcDbLine
 10
7.580955393700787
 20
-3.5567303937007875
 30
0
 11
7.5778702362204724
 21
-3.5627853543307086
 31
0
  0
LINE
  5
D8A
330
22
100
AcDbEntity
  8
F.Silkscreen
  6
CONTINUOUS
100
AcDbLine
 10
7.5778702362204724
 20
-3.5627853543307086
 30
0
 11
7.5738758661417318
 21
-3.5682831889763778
 31
0
  0
LINE
  5
D8B
330
22
100
AcDbEntity
  8
F.Silkscreen
  6
CONTINUOUS
100
AcDbLine
 10
7.5738758661417318
 20
-3.5682831889763778
 30
0
 11
7.5690705905511813
 21
-3.5730884645669292
 31
0
  0
LINE
  5
D8C
330
22
100
AcDbEntity
  8
F.Silkscreen
  6
CONTINUOUS
100
AcDbLine
 10
7.5690705905511813
 20
-3.5730884645669292
 30
0
 11
7.5635727559055113
 21
-3.5770828346456693
 31
0
  0
LINE
  5
D8D
330
22
100
AcDbEntity
  8
F.Silkscreen
  6
CONTINUOUS
100
AcDbLine
 10
7.5635727559055113
 20
-3.5770828346456693
 30
0
 11
7.5575177952755901
 21
-3.5801679921259844
 31
0
  0
LINE
  5
D8E
330
22
100
AcDbEntity
  8
F.Silkscreen
  6
CONTINUOUS
100
AcDbLine
 10
7.5575177952755901
 20
-3.5801679921259844
 30
0
 11
7.5510547244094486
 21
-3.5822679921259843
 31
0
  0
LINE
  5
D8F
330
22
100
AcDbEntity
  8
F.Silkscreen
  6
CONTINUOUS
100
AcDbLine
 10
7.5510547244094486
 20
-3.5822679921259843
 30
0
 11
7.5443427165354331
 21
-3.583331062992126
 31
0
  0
LINE
  5
D90
330
22
100
AcDbEntity
  8
F.Silkscreen
  6
CONTINUOUS
100
AcDbLine
 10
7.5443427165354331
 20
-3.583331062992126
 30
0
 11
7.537547047244094
 21
-3.583331062992126
 31
0
  0
LINE
  5
D91
330
22
100
AcDbEntity
  8
F.Silkscreen
  6
CONTINUOUS
100
AcDbLine
 10
7.537547047244094
 20
-3.583331062992126
 30
0
 11
7.5308350393700785
 21
-3.5822679921259843
 31
0
  0
LINE
  5
D92
330
22
100
AcDbEntity
  8
F.Silkscreen
  6
CONTINUOUS
100
AcDbLine
 10
7.5308350393700785
 20
-3.5822679921259843
 30
0
 11
7.524371968503937
 21
-3.5801679921259844
 31
0
  0
LINE
  5
D93
330
22
100
AcDbEntity
  8
F.Silkscreen
  6
CONTINUOUS
100
AcDbLine
 10
7.524371968503937
 20
-3.5801679921259844
 30
0
 11
7.5183170078740158
 21
-3.5770828346456693
 31
0
  0
LINE
  5
D94
330
22
100
AcDbEntity
  8
F.Silkscreen
  6
CONTINUOUS
100
AcDbLine
 10
7.5183170078740158
 20
-3.5770828346456693
 30
0
 11
7.5128191732283467
 21
-3.5730884645669292
 31
0
  0
LINE
  5
D95
330
22
100
AcDbEntity
  8
F.Silkscreen
  6
CONTINUOUS
100
AcDbLine
 10
7.5128191732283467
 20
-3.5730884645669292
 30
0
 11
7.5080138976377953
 21
-3.5682831889763778
 31
0
  0
LINE
  5
D96
330
22
100
AcDbEntity
  8
F.Silkscreen
  6
CONTINUOUS
100
AcDbLine
 10
7.5080138976377953
 20
-3.5682831889763778
 30
0
 11
7.5040195275590547
 21
-3.5627853543307086
 31
0
  0
LINE
  5
D97
330
22
100
AcDbEntity
  8
F.Silkscreen
  6
CONTINUOUS
100
AcDbLine
 10
7.5040195275590547
 20
-3.5627853543307086
 30
0
 11
7.5009343700787401
 21
-3.5567303937007875
 31
0
  0
LINE
  5
D98
330
22
100
AcDbEntity
  8
F.Silkscreen
  6
CONTINUOUS
100
AcDbLine
 10
7.5009343700787401
 20
-3.5567303937007875
 30
0
 11
7.4988343700787397
 21
-3.5502673228346455
 31
0
  0
LINE
  5
D99
330
22
100
AcDbEntity
  8
F.Silkscreen
  6
CONTINUOUS
100
AcDbLine
 10
7.4988343700787397
 20
-3.5502673228346455
 30
0
 11
7.497771299212598
 21
-3.54355531496063
 31
0
  0
LINE
  5
D9A
330
22
100
AcDbEntity
  8
F.Silkscreen
  6
CONTINUOUS
100
AcDbLine
 10
7.497771299212598
 20
-3.54355531496063
 30
0
 11
7.497771299212598
 21
-3.5367596456692914
 31
0
  0
LINE
  5
D9B
330
22
100
AcDbEntity
  8
F.Silkscreen
  6
CONTINUOUS
100
AcDbLine
 10
7.497771299212598
 20
-3.5367596456692914
 30
0
 11
7.4988343700787397
 21
-3.5300476377952754
 31
0
  0
LINE
  5
D9C
330
22
100
AcDbEntity
  8
F.Silkscreen
  6
CONTINUOUS
100
AcDbLine
 10
7.4988343700787397
 20
-3.5300476377952754
 30
0
 11
7.5009343700787401
 21
-3.5235845669291339
 31
0
  0
LINE
  5
D9D
330
22
100
AcDbEntity
  8
F.Silkscreen
  6
CONTINUOUS
100
AcDbLine
 10
7.5009343700787401
 20
-3.5235845669291339
 30
0
 11
7.5040195275590547
 21
-3.5175296062992123
 31
0
  0
LINE
  5
D9E
330
22
100
AcDbEntity
  8
F.Silkscreen
  6
CONTINUOUS
100
AcDbLine
 10
7.5040195275590547
 20
-3.5175296062992123
 30
0
 11
7.5080138976377953
 21
-3.5120317716535432
 31
0
  0
LINE
  5
D9F
330
22
100
AcDbEntity
  8
F.Silkscreen
  6
CONTINUOUS
100
AcDbLine
 10
7.5080138976377953
 20
-3.5120317716535432
 30
0
 11
7.5128191732283467
 21
-3.5072264960629922
 31
0
  0
LINE
  5
DA0
330
22
100
AcDbEntity
  8
F.Silkscreen
  6
CONTINUOUS
100
AcDbLine
 10
7.5128191732283467
 20
-3.5072264960629922
 30
0
 11
7.5183170078740158
 21
-3.503232125984252
 31
0
  0
LINE
  5
DA1
330
22
100
AcDbEntity
  8
F.Silkscreen
  6
CONTINUOUS
100
AcDbLine
 10
7.5183170078740158
 20
-3.503232125984252
 30
0
 11
7.524371968503937
 21
-3.500146968503937
 31
0
  0
LINE
  5
DA2
330
22
100
AcDbEntity
  8
F.Silkscreen
  6
CONTINUOUS
100
AcDbLine
 10
7.524371968503937
 20
-3.500146968503937
 30
0
 11
7.5308350393700785
 21
-3.498046968503937
 31
0
  0
LINE
  5
DA3
330
22
100
AcDbEntity
  8
F.Silkscreen
  6
CONTINUOUS
100
AcDbLine
 10
7.5308350393700785
 20
-3.498046968503937
 30
0
 11
7.5370078740157478
 21
-3.4970692913385828
 31
0
  0
LINE
  5
DA4
330
22
100
AcDbEntity
  8
F.Silkscreen
  6
CONTINUOUS
100
AcDbLine
 10
7.5370078740157478
 20
-3.4970692913385828
 30
0
 11
7.5370078740157478
 21
-3.4728946062992123
 31
0
  0
LINE
  5
DA5
330
22
100
AcDbEntity
  8
F.Silkscreen
  6
CONTINUOUS
100
AcDbLine
 10
7.5370078740157478
 20
-3.4728946062992123
 30
0
 11
6.8066329527559057
 21
-2.7425196850393698
 31
0
  0
LINE
  5
DA6
330
22
100
AcDbEntity
  8
F.Silkscreen
  6
CONTINUOUS
100
AcDbLine
 10
6.8066329527559057
 20
-2.7425196850393698
 30
0
 11
5.4192034645669294
 21
-2.7425196850393698
 31
0
  0
LINE
  5
DA7
330
22
100
AcDbEntity
  8
F.Silkscreen
  6
CONTINUOUS
100
AcDbLine
 10
5.4192034645669294
 20
-2.7425196850393698
 30
0
 11
5.3572490551181104
 21
-2.80447405511811
 31
0
  0
LINE
  5
DA8
330
22
100
AcDbEntity
  8
F.Silkscreen
  6
CONTINUOUS
100
AcDbLine
 10
5.3572490551181104
 20
-2.80447405511811
 30
0
 11
5.3576108267716531
 21
-2.8044918503937009
 31
0
  0
LINE
  5
DA9
330
22
100
AcDbEntity
  8
F.Silkscreen
  6
CONTINUOUS
100
AcDbLine
 10
5.3576108267716531
 20
-2.8044918503937009
 30
0
 11
5.3640449606299212
 21
-2.8057716929133858
 31
0
  0
LINE
  5
DAA
330
22
100
AcDbEntity
  8
F.Silkscreen
  6
CONTINUOUS
100
AcDbLine
 10
5.3640449606299212
 20
-2.8057716929133858
 30
0
 11
5.3701057874015747
 21
-2.8082821653543308
 31
0
  0
LINE
  5
DAB
330
22
100
AcDbEntity
  8
F.Silkscreen
  6
CONTINUOUS
100
AcDbLine
 10
5.3701057874015747
 20
-2.8082821653543308
 30
0
 11
5.3755603937007876
 21
-2.8119268110236222
 31
0
  0
LINE
  5
DAC
330
22
100
AcDbEntity
  8
F.Silkscreen
  6
CONTINUOUS
100
AcDbLine
 10
5.3755603937007876
 20
-2.8119268110236222
 30
0
 11
5.3801991732283465
 21
-2.8165655905511811
 31
0
  0
LINE
  5
DAD
330
22
100
AcDbEntity
  8
F.Silkscreen
  6
CONTINUOUS
100
AcDbLine
 10
5.3801991732283465
 20
-2.8165655905511811
 30
0
 11
5.3838438188976374
 21
-2.8220201968503935
 31
0
  0
LINE
  5
DAE
330
22
100
AcDbEntity
  8
F.Silkscreen
  6
CONTINUOUS
100
AcDbLine
 10
5.3838438188976374
 20
-2.8220201968503935
 30
0
 11
5.3863542913385825
 21
-2.8280810236220471
 31
0
  0
LINE
  5
DAF
330
22
100
AcDbEntity
  8
F.Silkscreen
  6
CONTINUOUS
100
AcDbLine
 10
5.3863542913385825
 20
-2.8280810236220471
 30
0
 11
5.3876341338582678
 21
-2.8345151574803147
 31
0
  0
LINE
  5
DB0
330
22
100
AcDbEntity
  8
F.Silkscreen
  6
CONTINUOUS
100
AcDbLine
 10
5.3876341338582678
 20
-2.8345151574803147
 30
0
 11
5.3876341338582678
 21
-2.8410753937007875
 31
0
  0
LINE
  5
DB1
330
22
100
AcDbEntity
  8
F.Silkscreen
  6
CONTINUOUS
100
AcDbLine
 10
5.3876341338582678
 20
-2.8410753937007875
 30
0
 11
5.3863542913385825
 21
-2.8475095275590552
 31
0
  0
LINE
  5
DB2
330
22
100
AcDbEntity
  8
F.Silkscreen
  6
CONTINUOUS
100
AcDbLine
 10
5.3863542913385825
 20
-2.8475095275590552
 30
0
 11
5.3838438188976374
 21
-2.8535703543307087
 31
0
  0
LINE
  5
DB3
330
22
100
AcDbEntity
  8
F.Silkscreen
  6
CONTINUOUS
100
AcDbLine
 10
5.3838438188976374
 20
-2.8535703543307087
 30
0
 11
5.3801991732283465
 21
-2.8590249606299212
 31
0
  0
LINE
  5
DB4
330
22
100
AcDbEntity
  8
F.Silkscreen
  6
CONTINUOUS
100
AcDbLine
 10
5.3801991732283465
 20
-2.8590249606299212
 30
0
 11
5.3755603937007876
 21
-2.86366374015748
 31
0
  0
LINE
  5
DB5
330
22
100
AcDbEntity
  8
F.Silkscreen
  6
CONTINUOUS
100
AcDbLine
 10
5.3755603937007876
 20
-2.86366374015748
 30
0
 11
5.3701057874015747
 21
-2.8673083858267714
 31
0
  0
LINE
  5
DB6
330
22
100
AcDbEntity
  8
F.Silkscreen
  6
CONTINUOUS
100
AcDbLine
 10
5.3701057874015747
 20
-2.8673083858267714
 30
0
 11
5.3640449606299212
 21
-2.8698188582677164
 31
0
  0
LINE
  5
DB7
330
22
100
AcDbEntity
  8
F.Silkscreen
  6
CONTINUOUS
100
AcDbLine
 10
5.3640449606299212
 20
-2.8698188582677164
 30
0
 11
5.3576108267716531
 21
-2.8710987007874014
 31
0
  0
LINE
  5
DB8
330
22
100
AcDbEntity
  8
F.Silkscreen
  6
CONTINUOUS
100
AcDbLine
 10
5.3576108267716531
 20
-2.8710987007874014
 30
0
 11
5.3543307086614176
 21
-2.8712598425196849
 31
0
  0
LINE
  5
DB9
330
22
100
AcDbEntity
  8
F.Silkscreen
  6
CONTINUOUS
100
AcDbLine
 10
5.3543307086614176
 20
-2.8712598425196849
 30
0
 11
5.2755905511811019
 21
-2.8712598425196849
 31
0
  0
LINE
  5
DBA
330
22
100
AcDbEntity
  8
F.Silkscreen
  6
CONTINUOUS
100
AcDbLine
 10
5.2755905511811019
 20
-2.8712598425196849
 30
0
 11
5.2723104330708663
 21
-2.8710987007874014
 31
0
  0
LINE
  5
DBB
330
22
100
AcDbEntity
  8
F.Silkscreen
  6
CONTINUOUS
100
AcDbLine
 10
5.2723104330708663
 20
-2.8710987007874014
 30
0
 11
5.2658762992125983
 21
-2.8698188582677164
 31
0
  0
LINE
  5
DBC
330
22
100
AcDbEntity
  8
F.Silkscreen
  6
CONTINUOUS
100
AcDbLine
 10
5.2658762992125983
 20
-2.8698188582677164
 30
0
 11
5.2598154724409447
 21
-2.8673083858267714
 31
0
  0
LINE
  5
DBD
330
22
100
AcDbEntity
  8
F.Silkscreen
  6
CONTINUOUS
100
AcDbLine
 10
5.2598154724409447
 20
-2.8673083858267714
 30
0
 11
5.2543608661417318
 21
-2.86366374015748
 31
0
  0
LINE
  5
DBE
330
22
100
AcDbEntity
  8
F.Silkscreen
  6
CONTINUOUS
100
AcDbLine
 10
5.2543608661417318
 20
-2.86366374015748
 30
0
 11
5.2497220866141729
 21
-2.8590249606299212
 31
0
  0
LINE
  5
DBF
330
22
100
AcDbEntity
  8
F.Silkscreen
  6
CONTINUOUS
100
AcDbLine
 10
5.2497220866141729
 20
-2.8590249606299212
 30
0
 11
5.246077440944882
 21
-2.8535703543307087
 31
0
  0
LINE
  5
DC0
330
22
100
AcDbEntity
  8
F.Silkscreen
  6
CONTINUOUS
100
AcDbLine
 10
5.246077440944882
 20
-2.8535703543307087
 30
0
 11
5.243566968503937
 21
-2.8475095275590552
 31
0
  0
LINE
  5
DC1
330
22
100
AcDbEntity
  8
F.Silkscreen
  6
CONTINUOUS
100
AcDbLine
 10
5.243566968503937
 20
-2.8475095275590552
 30
0
 11
5.2422871259842516
 21
-2.8410753937007875
 31
0
  0
LINE
  5
DC2
330
22
100
AcDbEntity
  8
F.Silkscreen
  6
CONTINUOUS
100
AcDbLine
 10
5.2422871259842516
 20
-2.8410753937007875
 30
0
 11
5.2422871259842516
 21
-2.8345151574803147
 31
0
  0
LINE
  5
DC3
330
22
100
AcDbEntity
  8
F.Silkscreen
  6
CONTINUOUS
100
AcDbLine
 10
5.2422871259842516
 20
-2.8345151574803147
 30
0
 11
5.243566968503937
 21
-2.8280810236220471
 31
0
  0
LINE
  5
DC4
330
22
100
AcDbEntity
  8
F.Silkscreen
  6
CONTINUOUS
100
AcDbLine
 10
5.243566968503937
 20
-2.8280810236220471
 30
0
 11
5.246077440944882
 21
-2.8220201968503935
 31
0
  0
LINE
  5
DC5
330
22
100
AcDbEntity
  8
F.Silkscreen
  6
CONTINUOUS
100
AcDbLine
 10
5.246077440944882
 20
-2.8220201968503935
 30
0
 11
5.2497220866141729
 21
-2.8165655905511811
 31
0
  0
LINE
  5
DC6
330
22
100
AcDbEntity
  8
F.Silkscreen
  6
CONTINUOUS
100
AcDbLine
 10
5.2497220866141729
 20
-2.8165655905511811
 30
0
 11
5.2543608661417318
 21
-2.8119268110236222
 31
0
  0
LINE
  5
DC7
330
22
100
AcDbEntity
  8
F.Silkscreen
  6
CONTINUOUS
100
AcDbLine
 10
5.2543608661417318
 20
-2.8119268110236222
 30
0
 11
5.2598154724409447
 21
-2.8082821653543308
 31
0
  0
LINE
  5
DC8
330
22
100
AcDbEntity
  8
F.Silkscreen
  6
CONTINUOUS
100
AcDbLine
 10
5.2598154724409447
 20
-2.8082821653543308
 30
0
 11
5.2658762992125983
 21
-2.8057716929133858
 31
0
  0
LINE
  5
DC9
330
22
100
AcDbEntity
  8
F.Silkscreen
  6
CONTINUOUS
100
AcDbLine
 10
5.2658762992125983
 20
-2.8057716929133858
 30
0
 11
5.2723104330708663
 21
-2.8044918503937009
 31
0
  0
LINE
  5
DCA
330
22
100
AcDbEntity
  8
F.Silkscreen
  6
CONTINUOUS
100
AcDbLine
 10
5.2723104330708663
 20
-2.8044918503937009
 30
0
 11
5.2755905511811019
 21
-2.8043307086614173
 31
0
  0
LINE
  5
DCB
330
22
100
AcDbEntity
  8
F.Silkscreen
  6
CONTINUOUS
100
AcDbLine
 10
5.2755905511811019
 20
-2.8043307086614173
 30
0
 11
5.3462568503937007
 21
-2.8043307086614173
 31
0
  0
LINE
  5
DCC
330
22
100
AcDbEntity
  8
F.Silkscreen
  6
CONTINUOUS
100
AcDbLine
 10
5.3462568503937007
 20
-2.8043307086614173
 30
0
 11
5.4147887795275587
 21
-2.7357987795275589
 31
0
  0
LINE
  5
DCD
330
22
100
AcDbEntity
  8
F.Silkscreen
  6
CONTINUOUS
100
AcDbLine
 10
5.4147887795275587
 20
-2.7357987795275589
 30
0
 11
5.4153853543307084
 21
-2.7353091732283463
 31
0
  0
LINE
  5
DCE
330
22
100
AcDbEntity
  8
F.Silkscreen
  6
CONTINUOUS
100
AcDbLine
 10
5.4153853543307084
 20
-2.7353091732283463
 30
0
 11
5.4158010236220475
 21
-2.7351369685039368
 31
0
  0
LINE
  5
DCF
330
22
100
AcDbEntity
  8
F.Silkscreen
  6
CONTINUOUS
100
AcDbLine
 10
5.4158010236220475
 20
-2.7351369685039368
 30
0
 11
5.4168046062992126
 21
-2.7347212992125982
 31
0
  0
LINE
  5
DD0
330
22
100
AcDbEntity
  8
F.Silkscreen
  6
CONTINUOUS
100
AcDbLine
 10
5.4168046062992126
 20
-2.7347212992125982
 30
0
 11
5.4175726771653538
 21
-2.7346456692913383
 31
0
  0
LINE
  5
DD1
330
22
100
AcDbEntity
  8
F.Silkscreen
  6
CONTINUOUS
100
AcDbLine
 10
5.4175726771653538
 20
-2.7346456692913383
 30
0
 11
6.8082637401574804
 21
-2.7346456692913383
 31
0
  0
LINE
  5
DD2
330
22
100
AcDbEntity
  8
F.Silkscreen
  6
CONTINUOUS
100
AcDbLine
 10
6.8082637401574804
 20
-2.7346456692913383
 30
0
 11
6.8090318110236216
 21
-2.7347212992125982
 31
0
  0
LINE
  5
DD3
330
22
100
AcDbEntity
  8
F.Silkscreen
  6
CONTINUOUS
100
AcDbLine
 10
4.676508464566929
 20
-3.2044918503937008
 30
0
 11
4.6829425984251971
 21
-3.2057716929133857
 31
0
  0
LINE
  5
DD4
330
22
100
AcDbEntity
  8
F.Silkscreen
  6
CONTINUOUS
100
AcDbLine
 10
4.6829425984251971
 20
-3.2057716929133857
 30
0
 11
4.6890034251968506
 21
-3.2082821653543308
 31
0
  0
LINE
  5
DD5
330
22
100
AcDbEntity
  8
F.Silkscreen
  6
CONTINUOUS
100
AcDbLine
 10
4.6890034251968506
 20
-3.2082821653543308
 30
0
 11
4.6944580314960627
 21
-3.2119268110236221
 31
0
  0
LINE
  5
DD6
330
22
100
AcDbEntity
  8
F.Silkscreen
  6
CONTINUOUS
100
AcDbLine
 10
4.6944580314960627
 20
-3.2119268110236221
 30
0
 11
4.6990968110236215
 21
-3.216565590551181
 31
0
  0
LINE
  5
DD7
330
22
100
AcDbEntity
  8
F.Silkscreen
  6
CONTINUOUS
100
AcDbLine
 10
4.6990968110236215
 20
-3.216565590551181
 30
0
 11
4.7027414566929133
 21
-3.2220201968503934
 31
0
  0
LINE
  5
DD8
330
22
100
AcDbEntity
  8
F.Silkscreen
  6
CONTINUOUS
100
AcDbLine
 10
4.7027414566929133
 20
-3.2220201968503934
 30
0
 11
4.7052519291338584
 21
-3.228081023622047
 31
0
  0
LINE
  5
DD9
330
22
100
AcDbEntity
  8
F.Silkscreen
  6
CONTINUOUS
100
AcDbLine
 10
4.7052519291338584
 20
-3.228081023622047
 30
0
 11
4.7065317716535429
 21
-3.234515157480315
 31
0
  0
LINE
  5
DDA
330
22
100
AcDbEntity
  8
F.Silkscreen
  6
CONTINUOUS
100
AcDbLine
 10
4.7065317716535429
 20
-3.234515157480315
 30
0
 11
4.7065317716535429
 21
-3.2410753937007875
 31
0
  0
LINE
  5
DDB
330
22
100
AcDbEntity
  8
F.Silkscreen
  6
CONTINUOUS
100
AcDbLine
 10
4.7065317716535429
 20
-3.2410753937007875
 30
0
 11
4.7052519291338584
 21
-3.2475095275590551
 31
0
  0
LINE
  5
DDC
330
22
100
AcDbEntity
  8
F.Silkscreen
  6
CONTINUOUS
100
AcDbLine
 10
4.7052519291338584
 20
-3.2475095275590551
 30
0
 11
4.7027414566929133
 21
-3.2535703543307086
 31
0
  0
LINE
  5
DDD
330
22
100
AcDbEntity
  8
F.Silkscreen
  6
CONTINUOUS
100
AcDbLine
 10
4.7027414566929133
 20
-3.2535703543307086
 30
0
 11
4.6990968110236215
 21
-3.2590249606299211
 31
0
  0
LINE
  5
DDE
330
22
100
AcDbEntity
  8
F.Silkscreen
  6
CONTINUOUS
100
AcDbLine
 10
4.6990968110236215
 20
-3.2590249606299211
 30
0
 11
4.6944580314960627
 21
-3.2636637401574804
 31
0
  0
LINE
  5
DDF
330
22
100
AcDbEntity
  8
F.Silkscreen
  6
CONTINUOUS
100
AcDbLine
 10
4.6944580314960627
 20
-3.2636637401574804
 30
0
 11
4.6890034251968506
 21
-3.2673083858267717
 31
0
  0
LINE
  5
DE0
330
22
100
AcDbEntity
  8
F.Silkscreen
  6
CONTINUOUS
100
AcDbLine
 10
4.6890034251968506
 20
-3.2673083858267717
 30
0
 11
4.6829425984251971
 21
-3.2698188582677163
 31
0
  0
LINE
  5
DE1
330
22
100
AcDbEntity
  8
F.Silkscreen
  6
CONTINUOUS
100
AcDbLine
 10
4.6829425984251971
 20
-3.2698188582677163
 30
0
 11
4.676508464566929
 21
-3.2710987007874013
 31
0
  0
LINE
  5
DE2
330
22
100
AcDbEntity
  8
F.Silkscreen
  6
CONTINUOUS
100
AcDbLine
 10
4.676508464566929
 20
-3.2710987007874013
 30
0
 11
4.6732283464566926
 21
-3.2712598425196848
 31
0
  0
LINE
  5
DE3
330
22
100
AcDbEntity
  8
F.Silkscreen
  6
CONTINUOUS
100
AcDbLine
 10
4.6732283464566926
 20
-3.2712598425196848
 30
0
 11
4.5984251968503935
 21
-3.2712598425196848
 31
0
  0
LINE
  5
DE4
330
22
100
AcDbEntity
  8
F.Silkscreen
  6
CONTINUOUS
100
AcDbLine
 10
4.5984251968503935
 20
-3.2712598425196848
 30
0
 11
4.5951450787401571
 21
-3.2710987007874013
 31
0
  0
LINE
  5
DE5
330
22
100
AcDbEntity
  8
F.Silkscreen
  6
CONTINUOUS
100
AcDbLine
 10
4.5951450787401571
 20
-3.2710987007874013
 30
0
 11
4.5887109448818899
 21
-3.2698188582677163
 31
0
  0
LINE
  5
DE6
330
22
100
AcDbEntity
  8
F.Silkscreen
  6
CONTINUOUS
100
AcDbLine
 10
4.5887109448818899
 20
-3.2698188582677163
 30
0
 11
4.5826501181102364
 21
-3.2673083858267717
 31
0
  0
LINE
  5
DE7
330
22
100
AcDbEntity
  8
F.Silkscreen
  6
CONTINUOUS
100
AcDbLine
 10
4.5826501181102364
 20
-3.2673083858267717
 30
0
 11
4.5771955118110235
 21
-3.2636637401574804
 31
0
  0
LINE
  5
DE8
330
22
100
AcDbEntity
  8
F.Silkscreen
  6
CONTINUOUS
100
AcDbLine
 10
4.5771955118110235
 20
-3.2636637401574804
 30
0
 11
4.5725567322834646
 21
-3.2590249606299211
 31
0
  0
LINE
  5
DE9
330
22
100
AcDbEntity
  8
F.Silkscreen
  6
CONTINUOUS
100
AcDbLine
 10
4.5725567322834646
 20
-3.2590249606299211
 30
0
 11
4.5689120866141728
 21
-3.2535703543307086
 31
0
  0
LINE
  5
DEA
330
22
100
AcDbEntity
  8
F.Silkscreen
  6
CONTINUOUS
100
AcDbLine
 10
4.5689120866141728
 20
-3.2535703543307086
 30
0
 11
4.5664016141732287
 21
-3.2475095275590551
 31
0
  0
LINE
  5
DEB
330
22
100
AcDbEntity
  8
F.Silkscreen
  6
CONTINUOUS
100
AcDbLine
 10
4.5664016141732287
 20
-3.2475095275590551
 30
0
 11
4.5651217716535433
 21
-3.2410753937007875
 31
0
  0
LINE
  5
DEC
330
22
100
AcDbEntity
  8
F.Silkscreen
  6
CONTINUOUS
100
AcDbLine
 10
4.5651217716535433
 20
-3.2410753937007875
 30
0
 11
4.5651217716535433
 21
-3.234515157480315
 31
0
  0
LINE
  5
DED
330
22
100
AcDbEntity
  8
F.Silkscreen
  6
CONTINUOUS
100
AcDbLine
 10
4.5651217716535433
 20
-3.234515157480315
 30
0
 11
4.5664016141732287
 21
-3.228081023622047
 31
0
  0
LINE
  5
DEE
330
22
100
AcDbEntity
  8
F.Silkscreen
  6
CONTINUOUS
100
AcDbLine
 10
4.5664016141732287
 20
-3.228081023622047
 30
0
 11
4.5689120866141728
 21
-3.2220201968503934
 31
0
  0
LINE
  5
DEF
330
22
100
AcDbEntity
  8
F.Silkscreen
  6
CONTINUOUS
100
AcDbLine
 10
4.5689120866141728
 20
-3.2220201968503934
 30
0
 11
4.5725567322834646
 21
-3.216565590551181
 31
0
  0
LINE
  5
DF0
330
22
100
AcDbEntity
  8
F.Silkscreen
  6
CONTINUOUS
100
AcDbLine
 10
4.5725567322834646
 20
-3.216565590551181
 30
0
 11
4.5771955118110235
 21
-3.2119268110236221
 31
0
  0
LINE
  5
DF1
330
22
100
AcDbEntity
  8
F.Silkscreen
  6
CONTINUOUS
100
AcDbLine
 10
4.5771955118110235
 20
-3.2119268110236221
 30
0
 11
4.5826501181102364
 21
-3.2082821653543308
 31
0
  0
LINE
  5
DF2
330
22
100
AcDbEntity
  8
F.Silkscreen
  6
CONTINUOUS
100
AcDbLine
 10
4.5826501181102364
 20
-3.2082821653543308
 30
0
 11
4.5887109448818899
 21
-3.2057716929133857
 31
0
  0
LINE
  5
DF3
330
22
100
AcDbEntity
  8
F.Silkscreen
  6
CONTINUOUS
100
AcDbLine
 10
4.5887109448818899
 20
-3.2057716929133857
 30
0
 11
4.5951450787401571
 21
-3.2044918503937008
 31
0
  0
LINE
  5
DF4
330
22
100
AcDbEntity
  8
F.Silkscreen
  6
CONTINUOUS
100
AcDbLine
 10
4.5951450787401571
 20
-3.2044918503937008
 30
0
 11
4.5984251968503935
 21
-3.2043307086614172
 31
0
  0
LINE
  5
DF5
330
22
100
AcDbEntity
  8
F.Silkscreen
  6
CONTINUOUS
100
AcDbLine
 10
4.5984251968503935
 20
-3.2043307086614172
 30
0
 11
4.6732283464566926
 21
-3.2043307086614172
 31
0
  0
LINE
  5
DF6
330
22
100
AcDbEntity
  8
F.Silkscreen
  6
CONTINUOUS
100
AcDbLine
 10
4.6732283464566926
 20
-3.2043307086614172
 30
0
 11
4.676508464566929
 21
-3.2044918503937008
 31
0
  0
LINE
  5
DF7
330
22
100
AcDbEntity
  8
F.Silkscreen
  6
CONTINUOUS
100
AcDbLine
 10
5.3556423228346457
 20
-3.2044918503937008
 30
0
 11
5.3620764566929129
 21
-3.2057716929133857
 31
0
  0
LINE
  5
DF8
330
22
100
AcDbEntity
  8
F.Silkscreen
  6
CONTINUOUS
100
AcDbLine
 10
5.3620764566929129
 20
-3.2057716929133857
 30
0
 11
5.3681372834645664
 21
-3.2082821653543308
 31
0
  0
LINE
  5
DF9
330
22
100
AcDbEntity
  8
F.Silkscreen
  6
CONTINUOUS
100
AcDbLine
 10
5.3681372834645664
 20
-3.2082821653543308
 30
0
 11
5.3735918897637793
 21
-3.2119268110236221
 31
0
  0
LINE
  5
DFA
330
22
100
AcDbEntity
  8
F.Silkscreen
  6
CONTINUOUS
100
AcDbLine
 10
5.3735918897637793
 20
-3.2119268110236221
 30
0
 11
5.3782306692913382
 21
-3.216565590551181
 31
0
  0
LINE
  5
DFB
330
22
100
AcDbEntity
  8
F.Silkscreen
  6
CONTINUOUS
100
AcDbLine
 10
5.3782306692913382
 20
-3.216565590551181
 30
0
 11
5.38187531496063
 21
-3.2220201968503934
 31
0
  0
LINE
  5
DFC
330
22
100
AcDbEntity
  8
F.Silkscreen
  6
CONTINUOUS
100
AcDbLine
 10
5.38187531496063
 20
-3.2220201968503934
 30
0
 11
5.384385787401575
 21
-3.228081023622047
 31
0
  0
LINE
  5
DFD
330
22
100
AcDbEntity
  8
F.Silkscreen
  6
CONTINUOUS
100
AcDbLine
 10
5.384385787401575
 20
-3.228081023622047
 30
0
 11
5.3856656299212595
 21
-3.234515157480315
 31
0
  0
LINE
  5
DFE
330
22
100
AcDbEntity
  8
F.Silkscreen
  6
CONTINUOUS
100
AcDbLine
 10
5.3856656299212595
 20
-3.234515157480315
 30
0
 11
5.3856656299212595
 21
-3.2410753937007875
 31
0
  0
LINE
  5
DFF
330
22
100
AcDbEntity
  8
F.Silkscreen
  6
CONTINUOUS
100
AcDbLine
 10
5.3856656299212595
 20
-3.2410753937007875
 30
0
 11
5.384385787401575
 21
-3.2475095275590551
 31
0
  0
LINE
  5
E00
330
22
100
AcDbEntity
  8
F.Silkscreen
  6
CONTINUOUS
100
AcDbLine
 10
5.384385787401575
 20
-3.2475095275590551
 30
0
 11
5.38187531496063
 21
-3.2535703543307086
 31
0
  0
LINE
  5
E01
330
22
100
AcDbEntity
  8
F.Silkscreen
  6
CONTINUOUS
100
AcDbLine
 10
5.38187531496063
 20
-3.2535703543307086
 30
0
 11
5.3782306692913382
 21
-3.2590249606299211
 31
0
  0
LINE
  5
E02
330
22
100
AcDbEntity
  8
F.Silkscreen
  6
CONTINUOUS
100
AcDbLine
 10
5.3782306692913382
 20
-3.2590249606299211
 30
0
 11
5.3735918897637793
 21
-3.2636637401574804
 31
0
  0
LINE
  5
E03
330
22
100
AcDbEntity
  8
F.Silkscreen
  6
CONTINUOUS
100
AcDbLine
 10
5.3735918897637793
 20
-3.2636637401574804
 30
0
 11
5.3681372834645664
 21
-3.2673083858267717
 31
0
  0
LINE
  5
E04
330
22
100
AcDbEntity
  8
F.Silkscreen
  6
CONTINUOUS
100
AcDbLine
 10
5.3681372834645664
 20
-3.2673083858267717
 30
0
 11
5.3620764566929129
 21
-3.2698188582677163
 31
0
  0
LINE
  5
E05
330
22
100
AcDbEntity
  8
F.Silkscreen
  6
CONTINUOUS
100
AcDbLine
 10
5.3620764566929129
 20
-3.2698188582677163
 30
0
 11
5.3556423228346457
 21
-3.2710987007874013
 31
0
  0
LINE
  5
E06
330
22
100
AcDbEntity
  8
F.Silkscreen
  6
CONTINUOUS
100
AcDbLine
 10
5.3556423228346457
 20
-3.2710987007874013
 30
0
 11
5.3523622047244093
 21
-3.2712598425196848
 31
0
  0
LINE
  5
E07
330
22
100
AcDbEntity
  8
F.Silkscreen
  6
CONTINUOUS
100
AcDbLine
 10
5.3523622047244093
 20
-3.2712598425196848
 30
0
 11
5.2775590551181102
 21
-3.2712598425196848
 31
0
  0
LINE
  5
E08
330
22
100
AcDbEntity
  8
F.Silkscreen
  6
CONTINUOUS
100
AcDbLine
 10
5.2775590551181102
 20
-3.2712598425196848
 30
0
 11
5.2742789370078738
 21
-3.2710987007874013
 31
0
  0
LINE
  5
E09
330
22
100
AcDbEntity
  8
F.Silkscreen
  6
CONTINUOUS
100
AcDbLine
 10
5.2742789370078738
 20
-3.2710987007874013
 30
0
 11
5.2678448031496066
 21
-3.2698188582677163
 31
0
  0
LINE
  5
E0A
330
22
100
AcDbEntity
  8
F.Silkscreen
  6
CONTINUOUS
100
AcDbLine
 10
5.2678448031496066
 20
-3.2698188582677163
 30
0
 11
5.261783976377953
 21
-3.2673083858267717
 31
0
  0
LINE
  5
E0B
330
22
100
AcDbEntity
  8
F.Silkscreen
  6
CONTINUOUS
100
AcDbLine
 10
5.261783976377953
 20
-3.2673083858267717
 30
0
 11
5.2563293700787401
 21
-3.2636637401574804
 31
0
  0
LINE
  5
E0C
330
22
100
AcDbEntity
  8
F.Silkscreen
  6
CONTINUOUS
100
AcDbLine
 10
5.2563293700787401
 20
-3.2636637401574804
 30
0
 11
5.2516905905511813
 21
-3.2590249606299211
 31
0
  0
LINE
  5
E0D
330
22
100
AcDbEntity
  8
F.Silkscreen
  6
CONTINUOUS
100
AcDbLine
 10
5.2516905905511813
 20
-3.2590249606299211
 30
0
 11
5.2480459448818895
 21
-3.2535703543307086
 31
0
  0
LINE
  5
E0E
330
22
100
AcDbEntity
  8
F.Silkscreen
  6
CONTINUOUS
100
AcDbLine
 10
5.2480459448818895
 20
-3.2535703543307086
 30
0
 11
5.2455354724409444
 21
-3.2475095275590551
 31
0
  0
LINE
  5
E0F
330
22
100
AcDbEntity
  8
F.Silkscreen
  6
CONTINUOUS
100
AcDbLine
 10
5.2455354724409444
 20
-3.2475095275590551
 30
0
 11
5.2442556299212599
 21
-3.2410753937007875
 31
0
  0
LINE
  5
E10
330
22
100
AcDbEntity
  8
F.Silkscreen
  6
CONTINUOUS
100
AcDbLine
 10
5.2442556299212599
 20
-3.2410753937007875
 30
0
 11
5.2442556299212599
 21
-3.234515157480315
 31
0
  0
LINE
  5
E11
330
22
100
AcDbEntity
  8
F.Silkscreen
  6
CONTINUOUS
100
AcDbLine
 10
5.2442556299212599
 20
-3.234515157480315
 30
0
 11
5.2455354724409444
 21
-3.228081023622047
 31
0
  0
LINE
  5
E12
330
22
100
AcDbEntity
  8
F.Silkscreen
  6
CONTINUOUS
100
AcDbLine
 10
5.2455354724409444
 20
-3.228081023622047
 30
0
 11
5.2480459448818895
 21
-3.2220201968503934
 31
0
  0
LINE
  5
E13
330
22
100
AcDbEntity
  8
F.Silkscreen
  6
CONTINUOUS
100
AcDbLine
 10
5.2480459448818895
 20
-3.2220201968503934
 30
0
 11
5.2516905905511813
 21
-3.216565590551181
 31
0
  0
LINE
  5
E14
330
22
100
AcDbEntity
  8
F.Silkscreen
  6
CONTINUOUS
100
AcDbLine
 10
5.2516905905511813
 20
-3.216565590551181
 30
0
 11
5.2563293700787401
 21
-3.2119268110236221
 31
0
  0
LINE
  5
E15
330
22
100
AcDbEntity
  8
F.Silkscreen
  6
CONTINUOUS
100
AcDbLine
 10
5.2563293700787401
 20
-3.2119268110236221
 30
0
 11
5.261783976377953
 21
-3.2082821653543308
 31
0
  0
LINE
  5
E16
330
22
100
AcDbEntity
  8
F.Silkscreen
  6
CONTINUOUS
100
AcDbLine
 10
5.261783976377953
 20
-3.2082821653543308
 30
0
 11
5.2678448031496066
 21
-3.2057716929133857
 31
0
  0
LINE
  5
E17
330
22
100
AcDbEntity
  8
F.Silkscreen
  6
CONTINUOUS
100
AcDbLine
 10
5.2678448031496066
 20
-3.2057716929133857
 30
0
 11
5.2742789370078738
 21
-3.2044918503937008
 31
0
  0
LINE
  5
E18
330
22
100
AcDbEntity
  8
F.Silkscreen
  6
CONTINUOUS
100
AcDbLine
 10
5.2742789370078738
 20
-3.2044918503937008
 30
0
 11
5.2775590551181102
 21
-3.2043307086614172
 31
0
  0
LINE
  5
E19
330
22
100
AcDbEntity
  8
F.Silkscreen
  6
CONTINUOUS
100
AcDbLine
 10
5.2775590551181102
 20
-3.2043307086614172
 30
0
 11
5.3523622047244093
 21
-3.2043307086614172
 31
0
  0
LINE
  5
E1A
330
22
100
AcDbEntity
  8
F.Silkscreen
  6
CONTINUOUS
100
AcDbLine
 10
5.3523622047244093
 20
-3.2043307086614172
 30
0
 11
5.3556423228346457
 21
-3.2044918503937008
 31
0
  0
LINE
  5
E1B
330
22
100
AcDbEntity
  8
F.Silkscreen
  6
CONTINUOUS
100
AcDbLine
 10
4.676508464566929
 20
-3.1044918503937007
 30
0
 11
4.6829425984251971
 21
-3.1057716929133856
 31
0
  0
LINE
  5
E1C
330
22
100
AcDbEntity
  8
F.Silkscreen
  6
CONTINUOUS
100
AcDbLine
 10
4.6829425984251971
 20
-3.1057716929133856
 30
0
 11
4.6890034251968506
 21
-3.1082821653543307
 31
0
  0
LINE
  5
E1D
330
22
100
AcDbEntity
  8
F.Silkscreen
  6
CONTINUOUS
100
AcDbLine
 10
4.6890034251968506
 20
-3.1082821653543307
 30
0
 11
4.6944580314960627
 21
-3.111926811023622
 31
0
  0
LINE
  5
E1E
330
22
100
AcDbEntity
  8
F.Silkscreen
  6
CONTINUOUS
100
AcDbLine
 10
4.6944580314960627
 20
-3.111926811023622
 30
0
 11
4.6990968110236215
 21
-3.1165655905511809
 31
0
  0
LINE
  5
E1F
330
22
100
AcDbEntity
  8
F.Silkscreen
  6
CONTINUOUS
100
AcDbLine
 10
4.6990968110236215
 20
-3.1165655905511809
 30
0
 11
4.7027414566929133
 21
-3.1220201968503938
 31
0
  0
LINE
  5
E20
330
22
100
AcDbEntity
  8
F.Silkscreen
  6
CONTINUOUS
100
AcDbLine
 10
4.7027414566929133
 20
-3.1220201968503938
 30
0
 11
4.7052519291338584
 21
-3.1280810236220473
 31
0
  0
LINE
  5
E21
330
22
100
AcDbEntity
  8
F.Silkscreen
  6
CONTINUOUS
100
AcDbLine
 10
4.7052519291338584
 20
-3.1280810236220473
 30
0
 11
4.7065317716535429
 21
-3.134515157480315
 31
0
  0
LINE
  5
E22
330
22
100
AcDbEntity
  8
F.Silkscreen
  6
CONTINUOUS
100
AcDbLine
 10
4.7065317716535429
 20
-3.134515157480315
 30
0
 11
4.7065317716535429
 21
-3.1410753937007874
 31
0
  0
LINE
  5
E23
330
22
100
AcDbEntity
  8
F.Silkscreen
  6
CONTINUOUS
100
AcDbLine
 10
4.7065317716535429
 20
-3.1410753937007874
 30
0
 11
4.7052519291338584
 21
-3.147509527559055
 31
0
  0
LINE
  5
E24
330
22
100
AcDbEntity
  8
F.Silkscreen
  6
CONTINUOUS
100
AcDbLine
 10
4.7052519291338584
 20
-3.147509527559055
 30
0
 11
4.7027414566929133
 21
-3.1535703543307085
 31
0
  0
LINE
  5
E25
330
22
100
AcDbEntity
  8
F.Silkscreen
  6
CONTINUOUS
100
AcDbLine
 10
4.7027414566929133
 20
-3.1535703543307085
 30
0
 11
4.6990968110236215
 21
-3.159024960629921
 31
0
  0
LINE
  5
E26
330
22
100
AcDbEntity
  8
F.Silkscreen
  6
CONTINUOUS
100
AcDbLine
 10
4.6990968110236215
 20
-3.159024960629921
 30
0
 11
4.6944580314960627
 21
-3.1636637401574803
 31
0
  0
LINE
  5
E27
330
22
100
AcDbEntity
  8
F.Silkscreen
  6
CONTINUOUS
100
AcDbLine
 10
4.6944580314960627
 20
-3.1636637401574803
 30
0
 11
4.6890034251968506
 21
-3.1673083858267717
 31
0
  0
LINE
  5
E28
330
22
100
AcDbEntity
  8
F.Silkscreen
  6
CONTINUOUS
100
AcDbLine
 10
4.6890034251968506
 20
-3.1673083858267717
 30
0
 11
4.6829425984251971
 21
-3.1698188582677163
 31
0
  0
LINE
  5
E29
330
22
100
AcDbEntity
  8
F.Silkscreen
  6
CONTINUOUS
100
AcDbLine
 10
4.6829425984251971
 20
-3.1698188582677163
 30
0
 11
4.676508464566929
 21
-3.1710987007874016
 31
0
  0
LINE
  5
E2A
330
22
100
AcDbEntity
  8
F.Silkscreen
  6
CONTINUOUS
100
AcDbLine
 10
4.676508464566929
 20
-3.1710987007874016
 30
0
 11
4.6732283464566926
 21
-3.1712598425196852
 31
0
  0
LINE
  5
E2B
330
22
100
AcDbEntity
  8
F.Silkscreen
  6
CONTINUOUS
100
AcDbLine
 10
4.6732283464566926
 20
-3.1712598425196852
 30
0
 11
4.5984251968503935
 21
-3.1712598425196852
 31
0
  0
LINE
  5
E2C
330
22
100
AcDbEntity
  8
F.Silkscreen
  6
CONTINUOUS
100
AcDbLine
 10
4.5984251968503935
 20
-3.1712598425196852
 30
0
 11
4.5951450787401571
 21
-3.1710987007874016
 31
0
  0
LINE
  5
E2D
330
22
100
AcDbEntity
  8
F.Silkscreen
  6
CONTINUOUS
100
AcDbLine
 10
4.5951450787401571
 20
-3.1710987007874016
 30
0
 11
4.5887109448818899
 21
-3.1698188582677163
 31
0
  0
LINE
  5
E2E
330
22
100
AcDbEntity
  8
F.Silkscreen
  6
CONTINUOUS
100
AcDbLine
 10
4.5887109448818899
 20
-3.1698188582677163
 30
0
 11
4.5826501181102364
 21
-3.1673083858267717
 31
0
  0
LINE
  5
E2F
330
22
100
AcDbEntity
  8
F.Silkscreen
  6
CONTINUOUS
100
AcDbLine
 10
4.5826501181102364
 20
-3.1673083858267717
 30
0
 11
4.5771955118110235
 21
-3.1636637401574803
 31
0
  0
LINE
  5
E30
330
22
100
AcDbEntity
  8
F.Silkscreen
  6
CONTINUOUS
100
AcDbLine
 10
4.5771955118110235
 20
-3.1636637401574803
 30
0
 11
4.5725567322834646
 21
-3.159024960629921
 31
0
  0
LINE
  5
E31
330
22
100
AcDbEntity
  8
F.Silkscreen
  6
CONTINUOUS
100
AcDbLine
 10
4.5725567322834646
 20
-3.159024960629921
 30
0
 11
4.5689120866141728
 21
-3.1535703543307085
 31
0
  0
LINE
  5
E32
330
22
100
AcDbEntity
  8
F.Silkscreen
  6
CONTINUOUS
100
AcDbLine
 10
4.5689120866141728
 20
-3.1535703543307085
 30
0
 11
4.5664016141732287
 21
-3.147509527559055
 31
0
  0
LINE
  5
E33
330
22
100
AcDbEntity
  8
F.Silkscreen
  6
CONTINUOUS
100
AcDbLine
 10
4.5664016141732287
 20
-3.147509527559055
 30
0
 11
4.5651217716535433
 21
-3.1410753937007874
 31
0
  0
LINE
  5
E34
330
22
100
AcDbEntity
  8
F.Silkscreen
  6
CONTINUOUS
100
AcDbLine
 10
4.5651217716535433
 20
-3.1410753937007874
 30
0
 11
4.5651217716535433
 21
-3.134515157480315
 31
0
  0
LINE
  5
E35
330
22
100
AcDbEntity
  8
F.Silkscreen
  6
CONTINUOUS
100
AcDbLine
 10
4.5651217716535433
 20
-3.134515157480315
 30
0
 11
4.5664016141732287
 21
-3.1280810236220473
 31
0
  0
LINE
  5
E36
330
22
100
AcDbEntity
  8
F.Silkscreen
  6
CONTINUOUS
100
AcDbLine
 10
4.5664016141732287
 20
-3.1280810236220473
 30
0
 11
4.5689120866141728
 21
-3.1220201968503938
 31
0
  0
LINE
  5
E37
330
22
100
AcDbEntity
  8
F.Silkscreen
  6
CONTINUOUS
100
AcDbLine
 10
4.5689120866141728
 20
-3.1220201968503938
 30
0
 11
4.5725567322834646
 21
-3.1165655905511809
 31
0
  0
LINE
  5
E38
330
22
100
AcDbEntity
  8
F.Silkscreen
  6
CONTINUOUS
100
AcDbLine
 10
4.5725567322834646
 20
-3.1165655905511809
 30
0
 11
4.5771955118110235
 21
-3.111926811023622
 31
0
  0
LINE
  5
E39
330
22
100
AcDbEntity
  8
F.Silkscreen
  6
CONTINUOUS
100
AcDbLine
 10
4.5771955118110235
 20
-3.111926811023622
 30
0
 11
4.5826501181102364
 21
-3.1082821653543307
 31
0
  0
LINE
  5
E3A
330
22
100
AcDbEntity
  8
F.Silkscreen
  6
CONTINUOUS
100
AcDbLine
 10
4.5826501181102364
 20
-3.1082821653543307
 30
0
 11
4.5887109448818899
 21
-3.1057716929133856
 31
0
  0
LINE
  5
E3B
330
22
100
AcDbEntity
  8
F.Silkscreen
  6
CONTINUOUS
100
AcDbLine
 10
4.5887109448818899
 20
-3.1057716929133856
 30
0
 11
4.5951450787401571
 21
-3.1044918503937007
 31
0
  0
LINE
  5
E3C
330
22
100
AcDbEntity
  8
F.Silkscreen
  6
CONTINUOUS
100
AcDbLine
 10
4.5951450787401571
 20
-3.1044918503937007
 30
0
 11
4.5984251968503935
 21
-3.1043307086614171
 31
0
  0
LINE
  5
E3D
330
22
100
AcDbEntity
  8
F.Silkscreen
  6
CONTINUOUS
100
AcDbLine
 10
4.5984251968503935
 20
-3.1043307086614171
 30
0
 11
4.6732283464566926
 21
-3.1043307086614171
 31
0
  0
LINE
  5
E3E
330
22
100
AcDbEntity
  8
F.Silkscreen
  6
CONTINUOUS
100
AcDbLine
 10
4.6732283464566926
 20
-3.1043307086614171
 30
0
 11
4.676508464566929
 21
-3.1044918503937007
 31
0
  0
LINE
  5
E3F
330
22
100
AcDbEntity
  8
F.Silkscreen
  6
CONTINUOUS
100
AcDbLine
 10
4.676508464566929
 20
-3.0044918503937006
 30
0
 11
4.6829425984251971
 21
-3.005771692913386
 31
0
  0
LINE
  5
E40
330
22
100
AcDbEntity
  8
F.Silkscreen
  6
CONTINUOUS
100
AcDbLine
 10
4.6829425984251971
 20
-3.005771692913386
 30
0
 11
4.6890034251968506
 21
-3.0082821653543306
 31
0
  0
LINE
  5
E41
330
22
100
AcDbEntity
  8
F.Silkscreen
  6
CONTINUOUS
100
AcDbLine
 10
4.6890034251968506
 20
-3.0082821653543306
 30
0
 11
4.6944580314960627
 21
-3.0119268110236219
 31
0
  0
LINE
  5
E42
330
22
100
AcDbEntity
  8
F.Silkscreen
  6
CONTINUOUS
100
AcDbLine
 10
4.6944580314960627
 20
-3.0119268110236219
 30
0
 11
4.6990968110236215
 21
-3.0165655905511812
 31
0
  0
LINE
  5
E43
330
22
100
AcDbEntity
  8
F.Silkscreen
  6
CONTINUOUS
100
AcDbLine
 10
4.6990968110236215
 20
-3.0165655905511812
 30
0
 11
4.7027414566929133
 21
-3.0220201968503937
 31
0
  0
LINE
  5
E44
330
22
100
AcDbEntity
  8
F.Silkscreen
  6
CONTINUOUS
100
AcDbLine
 10
4.7027414566929133
 20
-3.0220201968503937
 30
0
 11
4.7052519291338584
 21
-3.0280810236220472
 31
0
  0
LINE
  5
E45
330
22
100
AcDbEntity
  8
F.Silkscreen
  6
CONTINUOUS
100
AcDbLine
 10
4.7052519291338584
 20
-3.0280810236220472
 30
0
 11
4.7065317716535429
 21
-3.0345151574803149
 31
0
  0
LINE
  5
E46
330
22
100
AcDbEntity
  8
F.Silkscreen
  6
CONTINUOUS
100
AcDbLine
 10
4.7065317716535429
 20
-3.0345151574803149
 30
0
 11
4.7065317716535429
 21
-3.0410753937007873
 31
0
  0
LINE
  5
E47
330
22
100
AcDbEntity
  8
F.Silkscreen
  6
CONTINUOUS
100
AcDbLine
 10
4.7065317716535429
 20
-3.0410753937007873
 30
0
 11
4.7052519291338584
 21
-3.0475095275590549
 31
0
  0
LINE
  5
E48
330
22
100
AcDbEntity
  8
F.Silkscreen
  6
CONTINUOUS
100
AcDbLine
 10
4.7052519291338584
 20
-3.0475095275590549
 30
0
 11
4.7027414566929133
 21
-3.0535703543307084
 31
0
  0
LINE
  5
E49
330
22
100
AcDbEntity
  8
F.Silkscreen
  6
CONTINUOUS
100
AcDbLine
 10
4.7027414566929133
 20
-3.0535703543307084
 30
0
 11
4.6990968110236215
 21
-3.0590249606299214
 31
0
  0
LINE
  5
E4A
330
22
100
AcDbEntity
  8
F.Silkscreen
  6
CONTINUOUS
100
AcDbLine
 10
4.6990968110236215
 20
-3.0590249606299214
 30
0
 11
4.6944580314960627
 21
-3.0636637401574802
 31
0
  0
LINE
  5
E4B
330
22
100
AcDbEntity
  8
F.Silkscreen
  6
CONTINUOUS
100
AcDbLine
 10
4.6944580314960627
 20
-3.0636637401574802
 30
0
 11
4.6890034251968506
 21
-3.0673083858267716
 31
0
  0
LINE
  5
E4C
330
22
100
AcDbEntity
  8
F.Silkscreen
  6
CONTINUOUS
100
AcDbLine
 10
4.6890034251968506
 20
-3.0673083858267716
 30
0
 11
4.6829425984251971
 21
-3.0698188582677166
 31
0
  0
LINE
  5
E4D
330
22
100
AcDbEntity
  8
F.Silkscreen
  6
CONTINUOUS
100
AcDbLine
 10
4.6829425984251971
 20
-3.0698188582677166
 30
0
 11
4.676508464566929
 21
-3.0710987007874015
 31
0
  0
LINE
  5
E4E
330
22
100
AcDbEntity
  8
F.Silkscreen
  6
CONTINUOUS
100
AcDbLine
 10
4.676508464566929
 20
-3.0710987007874015
 30
0
 11
4.6732283464566926
 21
-3.0712598425196851
 31
0
  0
LINE
  5
E4F
330
22
100
AcDbEntity
  8
F.Silkscreen
  6
CONTINUOUS
100
AcDbLine
 10
4.6732283464566926
 20
-3.0712598425196851
 30
0
 11
4.5984251968503935
 21
-3.0712598425196851
 31
0
  0
LINE
  5
E50
330
22
100
AcDbEntity
  8
F.Silkscreen
  6
CONTINUOUS
100
AcDbLine
 10
4.5984251968503935
 20
-3.0712598425196851
 30
0
 11
4.5951450787401571
 21
-3.0710987007874015
 31
0
  0
LINE
  5
E51
330
22
100
AcDbEntity
  8
F.Silkscreen
  6
CONTINUOUS
100
AcDbLine
 10
4.5951450787401571
 20
-3.0710987007874015
 30
0
 11
4.5887109448818899
 21
-3.0698188582677166
 31
0
  0
LINE
  5
E52
330
22
100
AcDbEntity
  8
F.Silkscreen
  6
CONTINUOUS
100
AcDbLine
 10
4.5887109448818899
 20
-3.0698188582677166
 30
0
 11
4.5826501181102364
 21
-3.0673083858267716
 31
0
  0
LINE
  5
E53
330
22
100
AcDbEntity
  8
F.Silkscreen
  6
CONTINUOUS
100
AcDbLine
 10
4.5826501181102364
 20
-3.0673083858267716
 30
0
 11
4.5771955118110235
 21
-3.0636637401574802
 31
0
  0
LINE
  5
E54
330
22
100
AcDbEntity
  8
F.Silkscreen
  6
CONTINUOUS
100
AcDbLine
 10
4.5771955118110235
 20
-3.0636637401574802
 30
0
 11
4.5725567322834646
 21
-3.0590249606299214
 31
0
  0
LINE
  5
E55
330
22
100
AcDbEntity
  8
F.Silkscreen
  6
CONTINUOUS
100
AcDbLine
 10
4.5725567322834646
 20
-3.0590249606299214
 30
0
 11
4.5689120866141728
 21
-3.0535703543307084
 31
0
  0
LINE
  5
E56
330
22
100
AcDbEntity
  8
F.Silkscreen
  6
CONTINUOUS
100
AcDbLine
 10
4.5689120866141728
 20
-3.0535703543307084
 30
0
 11
4.5664016141732287
 21
-3.0475095275590549
 31
0
  0
LINE
  5
E57
330
22
100
AcDbEntity
  8
F.Silkscreen
  6
CONTINUOUS
100
AcDbLine
 10
4.5664016141732287
 20
-3.0475095275590549
 30
0
 11
4.5651217716535433
 21
-3.0410753937007873
 31
0
  0
LINE
  5
E58
330
22
100
AcDbEntity
  8
F.Silkscreen
  6
CONTINUOUS
100
AcDbLine
 10
4.5651217716535433
 20
-3.0410753937007873
 30
0
 11
4.5651217716535433
 21
-3.0345151574803149
 31
0
  0
LINE
  5
E59
330
22
100
AcDbEntity
  8
F.Silkscreen
  6
CONTINUOUS
100
AcDbLine
 10
4.5651217716535433
 20
-3.0345151574803149
 30
0
 11
4.5664016141732287
 21
-3.0280810236220472
 31
0
  0
LINE
  5
E5A
330
22
100
AcDbEntity
  8
F.Silkscreen
  6
CONTINUOUS
100
AcDbLine
 10
4.5664016141732287
 20
-3.0280810236220472
 30
0
 11
4.5689120866141728
 21
-3.0220201968503937
 31
0
  0
LINE
  5
E5B
330
22
100
AcDbEntity
  8
F.Silkscreen
  6
CONTINUOUS
100
AcDbLine
 10
4.5689120866141728
 20
-3.0220201968503937
 30
0
 11
4.5725567322834646
 21
-3.0165655905511812
 31
0
  0
LINE
  5
E5C
330
22
100
AcDbEntity
  8
F.Silkscreen
  6
CONTINUOUS
100
AcDbLine
 10
4.5725567322834646
 20
-3.0165655905511812
 30
0
 11
4.5771955118110235
 21
-3.0119268110236219
 31
0
  0
LINE
  5
E5D
330
22
100
AcDbEntity
  8
F.Silkscreen
  6
CONTINUOUS
100
AcDbLine
 10
4.5771955118110235
 20
-3.0119268110236219
 30
0
 11
4.5826501181102364
 21
-3.0082821653543306
 31
0
  0
LINE
  5
E5E
330
22
100
AcDbEntity
  8
F.Silkscreen
  6
CONTINUOUS
100
AcDbLine
 10
4.5826501181102364
 20
-3.0082821653543306
 30
0
 11
4.5887109448818899
 21
-3.005771692913386
 31
0
  0
LINE
  5
E5F
330
22
100
AcDbEntity
  8
F.Silkscreen
  6
CONTINUOUS
100
AcDbLine
 10
4.5887109448818899
 20
-3.005771692913386
 30
0
 11
4.5951450787401571
 21
-3.0044918503937006
 31
0
  0
LINE
  5
E60
330
22
100
AcDbEntity
  8
F.Silkscreen
  6
CONTINUOUS
100
AcDbLine
 10
4.5951450787401571
 20
-3.0044918503937006
 30
0
 11
4.5984251968503935
 21
-3.004330708661417
 31
0
  0
LINE
  5
E61
330
22
100
AcDbEntity
  8
F.Silkscreen
  6
CONTINUOUS
100
AcDbLine
 10
4.5984251968503935
 20
-3.004330708661417
 30
0
 11
4.6732283464566926
 21
-3.004330708661417
 31
0
  0
LINE
  5
E62
330
22
100
AcDbEntity
  8
F.Silkscreen
  6
CONTINUOUS
100
AcDbLine
 10
4.6732283464566926
 20
-3.004330708661417
 30
0
 11
4.676508464566929
 21
-3.0044918503937006
 31
0
  0
LINE
  5
E63
330
22
100
AcDbEntity
  8
F.Silkscreen
  6
CONTINUOUS
100
AcDbLine
 10
6.8427384645669287
 20
-2.7904272834645667
 30
0
 11
6.8438246850393698
 21
-2.7915135039370078
 31
0
  0
LINE
  5
E64
330
22
100
AcDbEntity
  8
F.Silkscreen
  6
CONTINUOUS
100
AcDbLine
 10
6.8438246850393698
 20
-2.7915135039370078
 30
0
 11
6.8444125590551179
 21
-2.7929327165354332
 31
0
  0
LINE
  5
E65
330
22
100
AcDbEntity
  8
F.Silkscreen
  6
CONTINUOUS
100
AcDbLine
 10
6.8444125590551179
 20
-2.7929327165354332
 30
0
 11
6.8444881889763778
 21
-2.7937007874015749
 31
0
  0
LINE
  5
E66
330
22
100
AcDbEntity
  8
F.Silkscreen
  6
CONTINUOUS
100
AcDbLine
 10
6.8444881889763778
 20
-2.7937007874015749
 30
0
 11
6.8444881889763778
 21
-2.8231723622047245
 31
0
  0
LINE
  5
E67
330
22
100
AcDbEntity
  8
F.Silkscreen
  6
CONTINUOUS
100
AcDbLine
 10
6.8444881889763778
 20
-2.8231723622047245
 30
0
 11
7.0697130314960628
 21
-3.0483972047244094
 31
0
  0
LINE
  5
E68
330
22
100
AcDbEntity
  8
F.Silkscreen
  6
CONTINUOUS
100
AcDbLine
 10
7.0697130314960628
 20
-3.0483972047244094
 30
0
 11
7.0702026377952754
 21
-3.0489938188976375
 31
0
  0
LINE
  5
E69
330
22
100
AcDbEntity
  8
F.Silkscreen
  6
CONTINUOUS
100
AcDbLine
 10
7.0702026377952754
 20
-3.0489938188976375
 30
0
 11
7.0707905118110235
 21
-3.0504130314960629
 31
0
  0
LINE
  5
E6A
330
22
100
AcDbEntity
  8
F.Silkscreen
  6
CONTINUOUS
100
AcDbLine
 10
7.0707905118110235
 20
-3.0504130314960629
 30
0
 11
7.0707905118110235
 21
-3.0519491732283464
 31
0
  0
LINE
  5
E6B
330
22
100
AcDbEntity
  8
F.Silkscreen
  6
CONTINUOUS
100
AcDbLine
 10
7.0707905118110235
 20
-3.0519491732283464
 30
0
 11
7.0702026377952754
 21
-3.0533683858267717
 31
0
  0
LINE
  5
E6C
330
22
100
AcDbEntity
  8
F.Silkscreen
  6
CONTINUOUS
100
AcDbLine
 10
7.0702026377952754
 20
-3.0533683858267717
 30
0
 11
7.0691164173228342
 21
-3.0544546062992124
 31
0
  0
LINE
  5
E6D
330
22
100
AcDbEntity
  8
F.Silkscreen
  6
CONTINUOUS
100
AcDbLine
 10
7.0691164173228342
 20
-3.0544546062992124
 30
0
 11
7.0676972047244089
 21
-3.0550424803149605
 31
0
  0
LINE
  5
E6E
330
22
100
AcDbEntity
  8
F.Silkscreen
  6
CONTINUOUS
100
AcDbLine
 10
7.0676972047244089
 20
-3.0550424803149605
 30
0
 11
7.0661610629921254
 21
-3.0550424803149605
 31
0
  0
LINE
  5
E6F
330
22
100
AcDbEntity
  8
F.Silkscreen
  6
CONTINUOUS
100
AcDbLine
 10
7.0661610629921254
 20
-3.0550424803149605
 30
0
 11
7.064741850393701
 21
-3.0544546062992124
 31
0
  0
LINE
  5
E70
330
22
100
AcDbEntity
  8
F.Silkscreen
  6
CONTINUOUS
100
AcDbLine
 10
7.064741850393701
 20
-3.0544546062992124
 30
0
 11
7.0641452362204724
 21
-3.0539649999999998
 31
0
  0
LINE
  5
E71
330
22
100
AcDbEntity
  8
F.Silkscreen
  6
CONTINUOUS
100
AcDbLine
 10
7.0641452362204724
 20
-3.0539649999999998
 30
0
 11
6.8377672834645669
 21
-2.8275870472440943
 31
0
  0
LINE
  5
E72
330
22
100
AcDbEntity
  8
F.Silkscreen
  6
CONTINUOUS
100
AcDbLine
 10
6.8377672834645669
 20
-2.8275870472440943
 30
0
 11
6.8372776771653543
 21
-2.8269904330708662
 31
0
  0
LINE
  5
E73
330
22
100
AcDbEntity
  8
F.Silkscreen
  6
CONTINUOUS
100
AcDbLine
 10
6.8372776771653543
 20
-2.8269904330708662
 30
0
 11
6.8366898031496062
 21
-2.8255712204724408
 31
0
  0
LINE
  5
E74
330
22
100
AcDbEntity
  8
F.Silkscreen
  6
CONTINUOUS
100
AcDbLine
 10
6.8366898031496062
 20
-2.8255712204724408
 30
0
 11
6.8366141732283463
 21
-2.8248031496062991
 31
0
  0
LINE
  5
E75
330
22
100
AcDbEntity
  8
F.Silkscreen
  6
CONTINUOUS
100
AcDbLine
 10
6.8366141732283463
 20
-2.8248031496062991
 30
0
 11
6.8366141732283463
 21
-2.7937007874015749
 31
0
  0
LINE
  5
E76
330
22
100
AcDbEntity
  8
F.Silkscreen
  6
CONTINUOUS
100
AcDbLine
 10
6.8366141732283463
 20
-2.7937007874015749
 30
0
 11
6.8366898031496062
 21
-2.7929327165354332
 31
0
  0
LINE
  5
E77
330
22
100
AcDbEntity
  8
F.Silkscreen
  6
CONTINUOUS
100
AcDbLine
 10
6.8366898031496062
 20
-2.7929327165354332
 30
0
 11
6.8372776771653543
 21
-2.7915135039370078
 31
0
  0
LINE
  5
E78
330
22
100
AcDbEntity
  8
F.Silkscreen
  6
CONTINUOUS
100
AcDbLine
 10
6.8372776771653543
 20
-2.7915135039370078
 30
0
 11
6.8383638976377954
 21
-2.7904272834645667
 31
0
  0
LINE
  5
E79
330
22
100
AcDbEntity
  8
F.Silkscreen
  6
CONTINUOUS
100
AcDbLine
 10
6.8383638976377954
 20
-2.7904272834645667
 30
0
 11
6.8397831102362199
 21
-2.789839409448819
 31
0
  0
LINE
  5
E7A
330
22
100
AcDbEntity
  8
F.Silkscreen
  6
CONTINUOUS
100
AcDbLine
 10
6.8397831102362199
 20
-2.789839409448819
 30
0
 11
6.8413192519685042
 21
-2.789839409448819
 31
0
  0
LINE
  5
E7B
330
22
100
AcDbEntity
  8
F.Silkscreen
  6
CONTINUOUS
100
AcDbLine
 10
6.8413192519685042
 20
-2.789839409448819
 30
0
 11
6.8427384645669287
 21
-2.7904272834645667
 31
0
  0
LINE
  5
E7C
330
22
100
AcDbEntity
  8
F.Silkscreen
  6
CONTINUOUS
100
AcDbLine
 10
4.676508464566929
 20
-2.9044918503937005
 30
0
 11
4.6829425984251971
 21
-2.9057716929133859
 31
0
  0
LINE
  5
E7D
330
22
100
AcDbEntity
  8
F.Silkscreen
  6
CONTINUOUS
100
AcDbLine
 10
4.6829425984251971
 20
-2.9057716929133859
 30
0
 11
4.6890034251968506
 21
-2.9082821653543305
 31
0
  0
LINE
  5
E7E
330
22
100
AcDbEntity
  8
F.Silkscreen
  6
CONTINUOUS
100
AcDbLine
 10
4.6890034251968506
 20
-2.9082821653543305
 30
0
 11
4.6944580314960627
 21
-2.9119268110236218
 31
0
  0
LINE
  5
E7F
330
22
100
AcDbEntity
  8
F.Silkscreen
  6
CONTINUOUS
100
AcDbLine
 10
4.6944580314960627
 20
-2.9119268110236218
 30
0
 11
4.6990968110236215
 21
-2.9165655905511811
 31
0
  0
LINE
  5
E80
330
22
100
AcDbEntity
  8
F.Silkscreen
  6
CONTINUOUS
100
AcDbLine
 10
4.6990968110236215
 20
-2.9165655905511811
 30
0
 11
4.7027414566929133
 21
-2.9220201968503936
 31
0
  0
LINE
  5
E81
330
22
100
AcDbEntity
  8
F.Silkscreen
  6
CONTINUOUS
100
AcDbLine
 10
4.7027414566929133
 20
-2.9220201968503936
 30
0
 11
4.7052519291338584
 21
-2.9280810236220471
 31
0
  0
LINE
  5
E82
330
22
100
AcDbEntity
  8
F.Silkscreen
  6
CONTINUOUS
100
AcDbLine
 10
4.7052519291338584
 20
-2.9280810236220471
 30
0
 11
4.7065317716535429
 21
-2.9345151574803148
 31
0
  0
LINE
  5
E83
330
22
100
AcDbEntity
  8
F.Silkscreen
  6
CONTINUOUS
100
AcDbLine
 10
4.7065317716535429
 20
-2.9345151574803148
 30
0
 11
4.7065317716535429
 21
-2.9410753937007872
 31
0
  0
LINE
  5
E84
330
22
100
AcDbEntity
  8
F.Silkscreen
  6
CONTINUOUS
100
AcDbLine
 10
4.7065317716535429
 20
-2.9410753937007872
 30
0
 11
4.7052519291338584
 21
-2.9475095275590553
 31
0
  0
LINE
  5
E85
330
22
100
AcDbEntity
  8
F.Silkscreen
  6
CONTINUOUS
100
AcDbLine
 10
4.7052519291338584
 20
-2.9475095275590553
 30
0
 11
4.7027414566929133
 21
-2.9535703543307088
 31
0
  0
LINE
  5
E86
330
22
100
AcDbEntity
  8
F.Silkscreen
  6
CONTINUOUS
100
AcDbLine
 10
4.7027414566929133
 20
-2.9535703543307088
 30
0
 11
4.6990968110236215
 21
-2.9590249606299213
 31
0
  0
LINE
  5
E87
330
22
100
AcDbEntity
  8
F.Silkscreen
  6
CONTINUOUS
100
AcDbLine
 10
4.6990968110236215
 20
-2.9590249606299213
 30
0
 11
4.6944580314960627
 21
-2.9636637401574801
 31
0
  0
LINE
  5
E88
330
22
100
AcDbEntity
  8
F.Silkscreen
  6
CONTINUOUS
100
AcDbLine
 10
4.6944580314960627
 20
-2.9636637401574801
 30
0
 11
4.6890034251968506
 21
-2.9673083858267715
 31
0
  0
LINE
  5
E89
330
22
100
AcDbEntity
  8
F.Silkscreen
  6
CONTINUOUS
100
AcDbLine
 10
4.6890034251968506
 20
-2.9673083858267715
 30
0
 11
4.6829425984251971
 21
-2.9698188582677165
 31
0
  0
LINE
  5
E8A
330
22
100
AcDbEntity
  8
F.Silkscreen
  6
CONTINUOUS
100
AcDbLine
 10
4.6829425984251971
 20
-2.9698188582677165
 30
0
 11
4.676508464566929
 21
-2.9710987007874015
 31
0
  0
LINE
  5
E8B
330
22
100
AcDbEntity
  8
F.Silkscreen
  6
CONTINUOUS
100
AcDbLine
 10
4.676508464566929
 20
-2.9710987007874015
 30
0
 11
4.6732283464566926
 21
-2.971259842519685
 31
0
  0
LINE
  5
E8C
330
22
100
AcDbEntity
  8
F.Silkscreen
  6
CONTINUOUS
100
AcDbLine
 10
4.6732283464566926
 20
-2.971259842519685
 30
0
 11
4.5984251968503935
 21
-2.971259842519685
 31
0
  0
LINE
  5
E8D
330
22
100
AcDbEntity
  8
F.Silkscreen
  6
CONTINUOUS
100
AcDbLine
 10
4.5984251968503935
 20
-2.971259842519685
 30
0
 11
4.5951450787401571
 21
-2.9710987007874015
 31
0
  0
LINE
  5
E8E
330
22
100
AcDbEntity
  8
F.Silkscreen
  6
CONTINUOUS
100
AcDbLine
 10
4.5951450787401571
 20
-2.9710987007874015
 30
0
 11
4.5887109448818899
 21
-2.9698188582677165
 31
0
  0
LINE
  5
E8F
330
22
100
AcDbEntity
  8
F.Silkscreen
  6
CONTINUOUS
100
AcDbLine
 10
4.5887109448818899
 20
-2.9698188582677165
 30
0
 11
4.5826501181102364
 21
-2.9673083858267715
 31
0
  0
LINE
  5
E90
330
22
100
AcDbEntity
  8
F.Silkscreen
  6
CONTINUOUS
100
AcDbLine
 10
4.5826501181102364
 20
-2.9673083858267715
 30
0
 11
4.5771955118110235
 21
-2.9636637401574801
 31
0
  0
LINE
  5
E91
330
22
100
AcDbEntity
  8
F.Silkscreen
  6
CONTINUOUS
100
AcDbLine
 10
4.5771955118110235
 20
-2.9636637401574801
 30
0
 11
4.5725567322834646
 21
-2.9590249606299213
 31
0
  0
LINE
  5
E92
330
22
100
AcDbEntity
  8
F.Silkscreen
  6
CONTINUOUS
100
AcDbLine
 10
4.5725567322834646
 20
-2.9590249606299213
 30
0
 11
4.5689120866141728
 21
-2.9535703543307088
 31
0
  0
LINE
  5
E93
330
22
100
AcDbEntity
  8
F.Silkscreen
  6
CONTINUOUS
100
AcDbLine
 10
4.5689120866141728
 20
-2.9535703543307088
 30
0
 11
4.5664016141732287
 21
-2.9475095275590553
 31
0
  0
LINE
  5
E94
330
22
100
AcDbEntity
  8
F.Silkscreen
  6
CONTINUOUS
100
AcDbLine
 10
4.5664016141732287
 20
-2.9475095275590553
 30
0
 11
4.5651217716535433
 21
-2.9410753937007872
 31
0
  0
LINE
  5
E95
330
22
100
AcDbEntity
  8
F.Silkscreen
  6
CONTINUOUS
100
AcDbLine
 10
4.5651217716535433
 20
-2.9410753937007872
 30
0
 11
4.5651217716535433
 21
-2.9345151574803148
 31
0
  0
LINE
  5
E96
330
22
100
AcDbEntity
  8
F.Silkscreen
  6
CONTINUOUS
100
AcDbLine
 10
4.5651217716535433
 20
-2.9345151574803148
 30
0
 11
4.5664016141732287
 21
-2.9280810236220471
 31
0
  0
LINE
  5
E97
330
22
100
AcDbEntity
  8
F.Silkscreen
  6
CONTINUOUS
100
AcDbLine
 10
4.5664016141732287
 20
-2.9280810236220471
 30
0
 11
4.5689120866141728
 21
-2.9220201968503936
 31
0
  0
LINE
  5
E98
330
22
100
AcDbEntity
  8
F.Silkscreen
  6
CONTINUOUS
100
AcDbLine
 10
4.5689120866141728
 20
-2.9220201968503936
 30
0
 11
4.5725567322834646
 21
-2.9165655905511811
 31
0
  0
LINE
  5
E99
330
22
100
AcDbEntity
  8
F.Silkscreen
  6
CONTINUOUS
100
AcDbLine
 10
4.5725567322834646
 20
-2.9165655905511811
 30
0
 11
4.5771955118110235
 21
-2.9119268110236218
 31
0
  0
LINE
  5
E9A
330
22
100
AcDbEntity
  8
F.Silkscreen
  6
CONTINUOUS
100
AcDbLine
 10
4.5771955118110235
 20
-2.9119268110236218
 30
0
 11
4.5826501181102364
 21
-2.9082821653543305
 31
0
  0
LINE
  5
E9B
330
22
100
AcDbEntity
  8
F.Silkscreen
  6
CONTINUOUS
100
AcDbLine
 10
4.5826501181102364
 20
-2.9082821653543305
 30
0
 11
4.5887109448818899
 21
-2.9057716929133859
 31
0
  0
LINE
  5
E9C
330
22
100
AcDbEntity
  8
F.Silkscreen
  6
CONTINUOUS
100
AcDbLine
 10
4.5887109448818899
 20
-2.9057716929133859
 30
0
 11
4.5951450787401571
 21
-2.9044918503937005
 31
0
  0
LINE
  5
E9D
330
22
100
AcDbEntity
  8
F.Silkscreen
  6
CONTINUOUS
100
AcDbLine
 10
4.5951450787401571
 20
-2.9044918503937005
 30
0
 11
4.5984251968503935
 21
-2.9043307086614174
 31
0
  0
LINE
  5
E9E
330
22
100
AcDbEntity
  8
F.Silkscreen
  6
CONTINUOUS
100
AcDbLine
 10
4.5984251968503935
 20
-2.9043307086614174
 30
0
 11
4.6732283464566926
 21
-2.9043307086614174
 31
0
  0
LINE
  5
E9F
330
22
100
AcDbEntity
  8
F.Silkscreen
  6
CONTINUOUS
100
AcDbLine
 10
4.6732283464566926
 20
-2.9043307086614174
 30
0
 11
4.676508464566929
 21
-2.9044918503937005
 31
0
  0
LINE
  5
EA0
330
22
100
AcDbEntity
  8
F.Silkscreen
  6
CONTINUOUS
100
AcDbLine
 10
6.7955429133858267
 20
-2.751590275590551
 30
0
 11
6.8020059842519682
 21
-2.753690275590551
 31
0
  0
LINE
  5
EA1
330
22
100
AcDbEntity
  8
F.Silkscreen
  6
CONTINUOUS
100
AcDbLine
 10
6.8020059842519682
 20
-2.753690275590551
 30
0
 11
6.8080609448818894
 21
-2.756775433070866
 31
0
  0
LINE
  5
EA2
330
22
100
AcDbEntity
  8
F.Silkscreen
  6
CONTINUOUS
100
AcDbLine
 10
6.8080609448818894
 20
-2.756775433070866
 30
0
 11
6.8135587795275585
 21
-2.7607698031496062
 31
0
  0
LINE
  5
EA3
330
22
100
AcDbEntity
  8
F.Silkscreen
  6
CONTINUOUS
100
AcDbLine
 10
6.8135587795275585
 20
-2.7607698031496062
 30
0
 11
6.8183640551181099
 21
-2.7655750787401576
 31
0
  0
LINE
  5
EA4
330
22
100
AcDbEntity
  8
F.Silkscreen
  6
CONTINUOUS
100
AcDbLine
 10
6.8183640551181099
 20
-2.7655750787401576
 30
0
 11
6.8223584251968505
 21
-2.7710729133858267
 31
0
  0
LINE
  5
EA5
330
22
100
AcDbEntity
  8
F.Silkscreen
  6
CONTINUOUS
100
AcDbLine
 10
6.8223584251968505
 20
-2.7710729133858267
 30
0
 11
6.8254435826771651
 21
-2.7771278740157479
 31
0
  0
LINE
  5
EA6
330
22
100
AcDbEntity
  8
F.Silkscreen
  6
CONTINUOUS
100
AcDbLine
 10
6.8254435826771651
 20
-2.7771278740157479
 30
0
 11
6.8275435826771655
 21
-2.7835909448818899
 31
0
  0
LINE
  5
EA7
330
22
100
AcDbEntity
  8
F.Silkscreen
  6
CONTINUOUS
100
AcDbLine
 10
6.8275435826771655
 20
-2.7835909448818899
 30
0
 11
6.8286066535433072
 21
-2.7903029527559053
 31
0
  0
LINE
  5
EA8
330
22
100
AcDbEntity
  8
F.Silkscreen
  6
CONTINUOUS
100
AcDbLine
 10
6.8286066535433072
 20
-2.7903029527559053
 30
0
 11
6.8286066535433072
 21
-2.797098622047244
 31
0
  0
LINE
  5
EA9
330
22
100
AcDbEntity
  8
F.Silkscreen
  6
CONTINUOUS
100
AcDbLine
 10
6.8286066535433072
 20
-2.797098622047244
 30
0
 11
6.8275435826771655
 21
-2.80381062992126
 31
0
  0
LINE
  5
EAA
330
22
100
AcDbEntity
  8
F.Silkscreen
  6
CONTINUOUS
100
AcDbLine
 10
6.8275435826771655
 20
-2.80381062992126
 30
0
 11
6.8254435826771651
 21
-2.8102737007874015
 31
0
  0
LINE
  5
EAB
330
22
100
AcDbEntity
  8
F.Silkscreen
  6
CONTINUOUS
100
AcDbLine
 10
6.8254435826771651
 20
-2.8102737007874015
 30
0
 11
6.8223584251968505
 21
-2.8163286614173226
 31
0
  0
LINE
  5
EAC
330
22
100
AcDbEntity
  8
F.Silkscreen
  6
CONTINUOUS
100
AcDbLine
 10
6.8223584251968505
 20
-2.8163286614173226
 30
0
 11
6.8183640551181099
 21
-2.8218264960629922
 31
0
  0
LINE
  5
EAD
330
22
100
AcDbEntity
  8
F.Silkscreen
  6
CONTINUOUS
100
AcDbLine
 10
6.8183640551181099
 20
-2.8218264960629922
 30
0
 11
6.8135587795275585
 21
-2.8266317716535432
 31
0
  0
LINE
  5
EAE
330
22
100
AcDbEntity
  8
F.Silkscreen
  6
CONTINUOUS
100
AcDbLine
 10
6.8135587795275585
 20
-2.8266317716535432
 30
0
 11
6.8080609448818894
 21
-2.8306261417322833
 31
0
  0
LINE
  5
EAF
330
22
100
AcDbEntity
  8
F.Silkscreen
  6
CONTINUOUS
100
AcDbLine
 10
6.8080609448818894
 20
-2.8306261417322833
 30
0
 11
6.8020059842519682
 21
-2.8337112992125983
 31
0
  0
LINE
  5
EB0
330
22
100
AcDbEntity
  8
F.Silkscreen
  6
CONTINUOUS
100
AcDbLine
 10
6.8020059842519682
 20
-2.8337112992125983
 30
0
 11
6.7955429133858267
 21
-2.8358112992125983
 31
0
  0
LINE
  5
EB1
330
22
100
AcDbEntity
  8
F.Silkscreen
  6
CONTINUOUS
100
AcDbLine
 10
6.7955429133858267
 20
-2.8358112992125983
 30
0
 11
6.7888309055118112
 21
-2.83687437007874
 31
0
  0
LINE
  5
EB2
330
22
100
AcDbEntity
  8
F.Silkscreen
  6
CONTINUOUS
100
AcDbLine
 10
6.7888309055118112
 20
-2.83687437007874
 30
0
 11
6.7820352362204721
 21
-2.83687437007874
 31
0
  0
LINE
  5
EB3
330
22
100
AcDbEntity
  8
F.Silkscreen
  6
CONTINUOUS
100
AcDbLine
 10
6.7820352362204721
 20
-2.83687437007874
 30
0
 11
6.7753232283464566
 21
-2.8358112992125983
 31
0
  0
LINE
  5
EB4
330
22
100
AcDbEntity
  8
F.Silkscreen
  6
CONTINUOUS
100
AcDbLine
 10
6.7753232283464566
 20
-2.8358112992125983
 30
0
 11
6.7688601574803151
 21
-2.8337112992125983
 31
0
  0
LINE
  5
EB5
330
22
100
AcDbEntity
  8
F.Silkscreen
  6
CONTINUOUS
100
AcDbLine
 10
6.7688601574803151
 20
-2.8337112992125983
 30
0
 11
6.7628051968503939
 21
-2.8306261417322833
 31
0
  0
LINE
  5
EB6
330
22
100
AcDbEntity
  8
F.Silkscreen
  6
CONTINUOUS
100
AcDbLine
 10
6.7628051968503939
 20
-2.8306261417322833
 30
0
 11
6.7573073622047239
 21
-2.8266317716535432
 31
0
  0
LINE
  5
EB7
330
22
100
AcDbEntity
  8
F.Silkscreen
  6
CONTINUOUS
100
AcDbLine
 10
6.7573073622047239
 20
-2.8266317716535432
 30
0
 11
6.7525020866141734
 21
-2.8218264960629922
 31
0
  0
LINE
  5
EB8
330
22
100
AcDbEntity
  8
F.Silkscreen
  6
CONTINUOUS
100
AcDbLine
 10
6.7525020866141734
 20
-2.8218264960629922
 30
0
 11
6.7485077165354328
 21
-2.8163286614173226
 31
0
  0
LINE
  5
EB9
330
22
100
AcDbEntity
  8
F.Silkscreen
  6
CONTINUOUS
100
AcDbLine
 10
6.7485077165354328
 20
-2.8163286614173226
 30
0
 11
6.7454225590551182
 21
-2.8102737007874015
 31
0
  0
LINE
  5
EBA
330
22
100
AcDbEntity
  8
F.Silkscreen
  6
CONTINUOUS
100
AcDbLine
 10
6.7454225590551182
 20
-2.8102737007874015
 30
0
 11
6.7433225590551178
 21
-2.80381062992126
 31
0
  0
LINE
  5
EBB
330
22
100
AcDbEntity
  8
F.Silkscreen
  6
CONTINUOUS
100
AcDbLine
 10
6.7433225590551178
 20
-2.80381062992126
 30
0
 11
6.742344881889764
 21
-2.7976377952755906
 31
0
  0
LINE
  5
EBC
330
22
100
AcDbEntity
  8
F.Silkscreen
  6
CONTINUOUS
100
AcDbLine
 10
6.742344881889764
 20
-2.7976377952755906
 30
0
 11
5.4640853149606299
 21
-2.7976377952755906
 31
0
  0
LINE
  5
EBD
330
22
100
AcDbEntity
  8
F.Silkscreen
  6
CONTINUOUS
100
AcDbLine
 10
5.4640853149606299
 20
-2.7976377952755906
 30
0
 11
5.3572490551181104
 21
-2.9044740551181101
 31
0
  0
LINE
  5
EBE
330
22
100
AcDbEntity
  8
F.Silkscreen
  6
CONTINUOUS
100
AcDbLine
 10
5.3572490551181104
 20
-2.9044740551181101
 30
0
 11
5.3576108267716531
 21
-2.9044918503937005
 31
0
  0
LINE
  5
EBF
330
22
100
AcDbEntity
  8
F.Silkscreen
  6
CONTINUOUS
100
AcDbLine
 10
5.3576108267716531
 20
-2.9044918503937005
 30
0
 11
5.3640449606299212
 21
-2.9057716929133859
 31
0
  0
LINE
  5
EC0
330
22
100
AcDbEntity
  8
F.Silkscreen
  6
CONTINUOUS
100
AcDbLine
 10
5.3640449606299212
 20
-2.9057716929133859
 30
0
 11
5.3701057874015747
 21
-2.9082821653543305
 31
0
  0
LINE
  5
EC1
330
22
100
AcDbEntity
  8
F.Silkscreen
  6
CONTINUOUS
100
AcDbLine
 10
5.3701057874015747
 20
-2.9082821653543305
 30
0
 11
5.3755603937007876
 21
-2.9119268110236218
 31
0
  0
LINE
  5
EC2
330
22
100
AcDbEntity
  8
F.Silkscreen
  6
CONTINUOUS
100
AcDbLine
 10
5.3755603937007876
 20
-2.9119268110236218
 30
0
 11
5.3801991732283465
 21
-2.9165655905511811
 31
0
  0
LINE
  5
EC3
330
22
100
AcDbEntity
  8
F.Silkscreen
  6
CONTINUOUS
100
AcDbLine
 10
5.3801991732283465
 20
-2.9165655905511811
 30
0
 11
5.3838438188976374
 21
-2.9220201968503936
 31
0
  0
LINE
  5
EC4
330
22
100
AcDbEntity
  8
F.Silkscreen
  6
CONTINUOUS
100
AcDbLine
 10
5.3838438188976374
 20
-2.9220201968503936
 30
0
 11
5.3863542913385825
 21
-2.9280810236220471
 31
0
  0
LINE
  5
EC5
330
22
100
AcDbEntity
  8
F.Silkscreen
  6
CONTINUOUS
100
AcDbLine
 10
5.3863542913385825
 20
-2.9280810236220471
 30
0
 11
5.3876341338582678
 21
-2.9345151574803148
 31
0
  0
LINE
  5
EC6
330
22
100
AcDbEntity
  8
F.Silkscreen
  6
CONTINUOUS
100
AcDbLine
 10
5.3876341338582678
 20
-2.9345151574803148
 30
0
 11
5.3876341338582678
 21
-2.9410753937007872
 31
0
  0
LINE
  5
EC7
330
22
100
AcDbEntity
  8
F.Silkscreen
  6
CONTINUOUS
100
AcDbLine
 10
5.3876341338582678
 20
-2.9410753937007872
 30
0
 11
5.3863542913385825
 21
-2.9475095275590553
 31
0
  0
LINE
  5
EC8
330
22
100
AcDbEntity
  8
F.Silkscreen
  6
CONTINUOUS
100
AcDbLine
 10
5.3863542913385825
 20
-2.9475095275590553
 30
0
 11
5.3838438188976374
 21
-2.9535703543307088
 31
0
  0
LINE
  5
EC9
330
22
100
AcDbEntity
  8
F.Silkscreen
  6
CONTINUOUS
100
AcDbLine
 10
5.3838438188976374
 20
-2.9535703543307088
 30
0
 11
5.3801991732283465
 21
-2.9590249606299213
 31
0
  0
LINE
  5
ECA
330
22
100
AcDbEntity
  8
F.Silkscreen
  6
CONTINUOUS
100
AcDbLine
 10
5.3801991732283465
 20
-2.9590249606299213
 30
0
 11
5.3755603937007876
 21
-2.9636637401574801
 31
0
  0
LINE
  5
ECB
330
22
100
AcDbEntity
  8
F.Silkscreen
  6
CONTINUOUS
100
AcDbLine
 10
5.3755603937007876
 20
-2.9636637401574801
 30
0
 11
5.3701057874015747
 21
-2.9673083858267715
 31
0
  0
LINE
  5
ECC
330
22
100
AcDbEntity
  8
F.Silkscreen
  6
CONTINUOUS
100
AcDbLine
 10
5.3701057874015747
 20
-2.9673083858267715
 30
0
 11
5.3640449606299212
 21
-2.9698188582677165
 31
0
  0
LINE
  5
ECD
330
22
100
AcDbEntity
  8
F.Silkscreen
  6
CONTINUOUS
100
AcDbLine
 10
5.3640449606299212
 20
-2.9698188582677165
 30
0
 11
5.3576108267716531
 21
-2.9710987007874015
 31
0
  0
LINE
  5
ECE
330
22
100
AcDbEntity
  8
F.Silkscreen
  6
CONTINUOUS
100
AcDbLine
 10
5.3576108267716531
 20
-2.9710987007874015
 30
0
 11
5.3543307086614176
 21
-2.971259842519685
 31
0
  0
LINE
  5
ECF
330
22
100
AcDbEntity
  8
F.Silkscreen
  6
CONTINUOUS
100
AcDbLine
 10
5.3543307086614176
 20
-2.971259842519685
 30
0
 11
5.2755905511811019
 21
-2.971259842519685
 31
0
  0
LINE
  5
ED0
330
22
100
AcDbEntity
  8
F.Silkscreen
  6
CONTINUOUS
100
AcDbLine
 10
5.2755905511811019
 20
-2.971259842519685
 30
0
 11
5.2723104330708663
 21
-2.9710987007874015
 31
0
  0
LINE
  5
ED1
330
22
100
AcDbEntity
  8
F.Silkscreen
  6
CONTINUOUS
100
AcDbLine
 10
5.2723104330708663
 20
-2.9710987007874015
 30
0
 11
5.2658762992125983
 21
-2.9698188582677165
 31
0
  0
LINE
  5
ED2
330
22
100
AcDbEntity
  8
F.Silkscreen
  6
CONTINUOUS
100
AcDbLine
 10
5.2658762992125983
 20
-2.9698188582677165
 30
0
 11
5.2598154724409447
 21
-2.9673083858267715
 31
0
  0
LINE
  5
ED3
330
22
100
AcDbEntity
  8
F.Silkscreen
  6
CONTINUOUS
100
AcDbLine
 10
5.2598154724409447
 20
-2.9673083858267715
 30
0
 11
5.2543608661417318
 21
-2.9636637401574801
 31
0
  0
LINE
  5
ED4
330
22
100
AcDbEntity
  8
F.Silkscreen
  6
CONTINUOUS
100
AcDbLine
 10
5.2543608661417318
 20
-2.9636637401574801
 30
0
 11
5.2497220866141729
 21
-2.9590249606299213
 31
0
  0
LINE
  5
ED5
330
22
100
AcDbEntity
  8
F.Silkscreen
  6
CONTINUOUS
100
AcDbLine
 10
5.2497220866141729
 20
-2.9590249606299213
 30
0
 11
5.246077440944882
 21
-2.9535703543307088
 31
0
  0
LINE
  5
ED6
330
22
100
AcDbEntity
  8
F.Silkscreen
  6
CONTINUOUS
100
AcDbLine
 10
5.246077440944882
 20
-2.9535703543307088
 30
0
 11
5.243566968503937
 21
-2.9475095275590553
 31
0
  0
LINE
  5
ED7
330
22
100
AcDbEntity
  8
F.Silkscreen
  6
CONTINUOUS
100
AcDbLine
 10
5.243566968503937
 20
-2.9475095275590553
 30
0
 11
5.2422871259842516
 21
-2.9410753937007872
 31
0
  0
LINE
  5
ED8
330
22
100
AcDbEntity
  8
F.Silkscreen
  6
CONTINUOUS
100
AcDbLine
 10
5.2422871259842516
 20
-2.9410753937007872
 30
0
 11
5.2422871259842516
 21
-2.9345151574803148
 31
0
  0
LINE
  5
ED9
330
22
100
AcDbEntity
  8
F.Silkscreen
  6
CONTINUOUS
100
AcDbLine
 10
5.2422871259842516
 20
-2.9345151574803148
 30
0
 11
5.243566968503937
 21
-2.9280810236220471
 31
0
  0
LINE
  5
EDA
330
22
100
AcDbEntity
  8
F.Silkscreen
  6
CONTINUOUS
100
AcDbLine
 10
5.243566968503937
 20
-2.9280810236220471
 30
0
 11
5.246077440944882
 21
-2.9220201968503936
 31
0
  0
LINE
  5
EDB
330
22
100
AcDbEntity
  8
F.Silkscreen
  6
CONTINUOUS
100
AcDbLine
 10
5.246077440944882
 20
-2.9220201968503936
 30
0
 11
5.2497220866141729
 21
-2.9165655905511811
 31
0
  0
LINE
  5
EDC
330
22
100
AcDbEntity
  8
F.Silkscreen
  6
CONTINUOUS
100
AcDbLine
 10
5.2497220866141729
 20
-2.9165655905511811
 30
0
 11
5.2543608661417318
 21
-2.9119268110236218
 31
0
  0
LINE
  5
EDD
330
22
100
AcDbEntity
  8
F.Silkscreen
  6
CONTINUOUS
100
AcDbLine
 10
5.2543608661417318
 20
-2.9119268110236218
 30
0
 11
5.2598154724409447
 21
-2.9082821653543305
 31
0
  0
LINE
  5
EDE
330
22
100
AcDbEntity
  8
F.Silkscreen
  6
CONTINUOUS
100
AcDbLine
 10
5.2598154724409447
 20
-2.9082821653543305
 30
0
 11
5.2658762992125983
 21
-2.9057716929133859
 31
0
  0
LINE
  5
EDF
330
22
100
AcDbEntity
  8
F.Silkscreen
  6
CONTINUOUS
100
AcDbLine
 10
5.2658762992125983
 20
-2.9057716929133859
 30
0
 11
5.2723104330708663
 21
-2.9044918503937005
 31
0
  0
LINE
  5
EE0
330
22
100
AcDbEntity
  8
F.Silkscreen
  6
CONTINUOUS
100
AcDbLine
 10
5.2723104330708663
 20
-2.9044918503937005
 30
0
 11
5.2755905511811019
 21
-2.9043307086614174
 31
0
  0
LINE
  5
EE1
330
22
100
AcDbEntity
  8
F.Silkscreen
  6
CONTINUOUS
100
AcDbLine
 10
5.2755905511811019
 20
-2.9043307086614174
 30
0
 11
5.3462568503937007
 21
-2.9043307086614174
 31
0
  0
LINE
  5
EE2
330
22
100
AcDbEntity
  8
F.Silkscreen
  6
CONTINUOUS
100
AcDbLine
 10
5.3462568503937007
 20
-2.9043307086614174
 30
0
 11
5.4596707086614176
 21
-2.7909168897637793
 31
0
  0
LINE
  5
EE3
330
22
100
AcDbEntity
  8
F.Silkscreen
  6
CONTINUOUS
100
AcDbLine
 10
5.4596707086614176
 20
-2.7909168897637793
 30
0
 11
5.4602672834645665
 21
-2.7904272440944879
 31
0
  0
LINE
  5
EE4
330
22
100
AcDbEntity
  8
F.Silkscreen
  6
CONTINUOUS
100
AcDbLine
 10
5.4602672834645665
 20
-2.7904272440944879
 30
0
 11
5.4616864960629918
 21
-2.789839409448819
 31
0
  0
LINE
  5
EE5
330
22
100
AcDbEntity
  8
F.Silkscreen
  6
CONTINUOUS
100
AcDbLine
 10
5.4616864960629918
 20
-2.789839409448819
 30
0
 11
5.462454566929134
 21
-2.7897637795275592
 31
0
  0
LINE
  5
EE6
330
22
100
AcDbEntity
  8
F.Silkscreen
  6
CONTINUOUS
100
AcDbLine
 10
5.462454566929134
 20
-2.7897637795275592
 30
0
 11
6.742344881889764
 21
-2.7897637795275592
 31
0
  0
LINE
  5
EE7
330
22
100
AcDbEntity
  8
F.Silkscreen
  6
CONTINUOUS
100
AcDbLine
 10
6.742344881889764
 20
-2.7897637795275592
 30
0
 11
6.7433225590551178
 21
-2.7835909448818899
 31
0
  0
LINE
  5
EE8
330
22
100
AcDbEntity
  8
F.Silkscreen
  6
CONTINUOUS
100
AcDbLine
 10
6.7433225590551178
 20
-2.7835909448818899
 30
0
 11
6.7454225590551182
 21
-2.7771278740157479
 31
0
  0
LINE
  5
EE9
330
22
100
AcDbEntity
  8
F.Silkscreen
  6
CONTINUOUS
100
AcDbLine
 10
6.7454225590551182
 20
-2.7771278740157479
 30
0
 11
6.7485077165354328
 21
-2.7710729133858267
 31
0
  0
LINE
  5
EEA
330
22
100
AcDbEntity
  8
F.Silkscreen
  6
CONTINUOUS
100
AcDbLine
 10
6.7485077165354328
 20
-2.7710729133858267
 30
0
 11
6.7525020866141734
 21
-2.7655750787401576
 31
0
  0
LINE
  5
EEB
330
22
100
AcDbEntity
  8
F.Silkscreen
  6
CONTINUOUS
100
AcDbLine
 10
6.7525020866141734
 20
-2.7655750787401576
 30
0
 11
6.7573073622047239
 21
-2.7607698031496062
 31
0
  0
LINE
  5
EEC
330
22
100
AcDbEntity
  8
F.Silkscreen
  6
CONTINUOUS
100
AcDbLine
 10
6.7573073622047239
 20
-2.7607698031496062
 30
0
 11
6.7628051968503939
 21
-2.756775433070866
 31
0
  0
LINE
  5
EED
330
22
100
AcDbEntity
  8
F.Silkscreen
  6
CONTINUOUS
100
AcDbLine
 10
6.7628051968503939
 20
-2.756775433070866
 30
0
 11
6.7688601574803151
 21
-2.753690275590551
 31
0
  0
LINE
  5
EEE
330
22
100
AcDbEntity
  8
F.Silkscreen
  6
CONTINUOUS
100
AcDbLine
 10
6.7688601574803151
 20
-2.753690275590551
 30
0
 11
6.7753232283464566
 21
-2.751590275590551
 31
0
  0
LINE
  5
EEF
330
22
100
AcDbEntity
  8
F.Silkscreen
  6
CONTINUOUS
100
AcDbLine
 10
6.7753232283464566
 20
-2.751590275590551
 30
0
 11
6.7820352362204721
 21
-2.7505272047244094
 31
0
  0
LINE
  5
EF0
330
22
100
AcDbEntity
  8
F.Silkscreen
  6
CONTINUOUS
100
AcDbLine
 10
6.7820352362204721
 20
-2.7505272047244094
 30
0
 11
6.7888309055118112
 21
-2.7505272047244094
 31
0
  0
LINE
  5
EF1
330
22
100
AcDbEntity
  8
F.Silkscreen
  6
CONTINUOUS
100
AcDbLine
 10
6.7888309055118112
 20
-2.7505272047244094
 30
0
 11
6.7955429133858267
 21
-2.751590275590551
 31
0
  0
LINE
  5
EF2
330
22
100
AcDbEntity
  8
F.Silkscreen
  6
CONTINUOUS
100
AcDbLine
 10
6.5455429133858267
 20
-2.8515902755905511
 30
0
 11
6.5520059842519682
 21
-2.8536902755905511
 31
0
  0
LINE
  5
EF3
330
22
100
AcDbEntity
  8
F.Silkscreen
  6
CONTINUOUS
100
AcDbLine
 10
6.5520059842519682
 20
-2.8536902755905511
 30
0
 11
6.5580609448818894
 21
-2.8567754330708661
 31
0
  0
LINE
  5
EF4
330
22
100
AcDbEntity
  8
F.Silkscreen
  6
CONTINUOUS
100
AcDbLine
 10
6.5580609448818894
 20
-2.8567754330708661
 30
0
 11
6.5635587795275585
 21
-2.8607698031496063
 31
0
  0
LINE
  5
EF5
330
22
100
AcDbEntity
  8
F.Silkscreen
  6
CONTINUOUS
100
AcDbLine
 10
6.5635587795275585
 20
-2.8607698031496063
 30
0
 11
6.5683640551181099
 21
-2.8655750787401573
 31
0
  0
LINE
  5
EF6
330
22
100
AcDbEntity
  8
F.Silkscreen
  6
CONTINUOUS
100
AcDbLine
 10
6.5683640551181099
 20
-2.8655750787401573
 30
0
 11
6.5723584251968505
 21
-2.8710729133858268
 31
0
  0
LINE
  5
EF7
330
22
100
AcDbEntity
  8
F.Silkscreen
  6
CONTINUOUS
100
AcDbLine
 10
6.5723584251968505
 20
-2.8710729133858268
 30
0
 11
6.5754435826771651
 21
-2.877127874015748
 31
0
  0
LINE
  5
EF8
330
22
100
AcDbEntity
  8
F.Silkscreen
  6
CONTINUOUS
100
AcDbLine
 10
6.5754435826771651
 20
-2.877127874015748
 30
0
 11
6.5775435826771655
 21
-2.8835909448818895
 31
0
  0
LINE
  5
EF9
330
22
100
AcDbEntity
  8
F.Silkscreen
  6
CONTINUOUS
100
AcDbLine
 10
6.5775435826771655
 20
-2.8835909448818895
 30
0
 11
6.5786066535433072
 21
-2.8903029527559054
 31
0
  0
LINE
  5
EFA
330
22
100
AcDbEntity
  8
F.Silkscreen
  6
CONTINUOUS
100
AcDbLine
 10
6.5786066535433072
 20
-2.8903029527559054
 30
0
 11
6.5786066535433072
 21
-2.8970986220472441
 31
0
  0
LINE
  5
EFB
330
22
100
AcDbEntity
  8
F.Silkscreen
  6
CONTINUOUS
100
AcDbLine
 10
6.5786066535433072
 20
-2.8970986220472441
 30
0
 11
6.5775435826771655
 21
-2.9038106299212596
 31
0
  0
LINE
  5
EFC
330
22
100
AcDbEntity
  8
F.Silkscreen
  6
CONTINUOUS
100
AcDbLine
 10
6.5775435826771655
 20
-2.9038106299212596
 30
0
 11
6.5754435826771651
 21
-2.9102737007874016
 31
0
  0
LINE
  5
EFD
330
22
100
AcDbEntity
  8
F.Silkscreen
  6
CONTINUOUS
100
AcDbLine
 10
6.5754435826771651
 20
-2.9102737007874016
 30
0
 11
6.5723584251968505
 21
-2.9163286614173227
 31
0
  0
LINE
  5
EFE
330
22
100
AcDbEntity
  8
F.Silkscreen
  6
CONTINUOUS
100
AcDbLine
 10
6.5723584251968505
 20
-2.9163286614173227
 30
0
 11
6.5683640551181099
 21
-2.9218264960629923
 31
0
  0
LINE
  5
EFF
330
22
100
AcDbEntity
  8
F.Silkscreen
  6
CONTINUOUS
100
AcDbLine
 10
6.5683640551181099
 20
-2.9218264960629923
 30
0
 11
6.5635587795275585
 21
-2.9266317716535433
 31
0
  0
LINE
  5
F00
330
22
100
AcDbEntity
  8
F.Silkscreen
  6
CONTINUOUS
100
AcDbLine
 10
6.5635587795275585
 20
-2.9266317716535433
 30
0
 11
6.5580609448818894
 21
-2.9306261417322834
 31
0
  0
LINE
  5
F01
330
22
100
AcDbEntity
  8
F.Silkscreen
  6
CONTINUOUS
100
AcDbLine
 10
6.5580609448818894
 20
-2.9306261417322834
 30
0
 11
6.5520059842519682
 21
-2.9337112992125984
 31
0
  0
LINE
  5
F02
330
22
100
AcDbEntity
  8
F.Silkscreen
  6
CONTINUOUS
100
AcDbLine
 10
6.5520059842519682
 20
-2.9337112992125984
 30
0
 11
6.5455429133858267
 21
-2.9358112992125984
 31
0
  0
LINE
  5
F03
330
22
100
AcDbEntity
  8
F.Silkscreen
  6
CONTINUOUS
100
AcDbLine
 10
6.5455429133858267
 20
-2.9358112992125984
 30
0
 11
6.5388309055118112
 21
-2.9368743700787401
 31
0
  0
LINE
  5
F04
330
22
100
AcDbEntity
  8
F.Silkscreen
  6
CONTINUOUS
100
AcDbLine
 10
6.5388309055118112
 20
-2.9368743700787401
 30
0
 11
6.5320352362204721
 21
-2.9368743700787401
 31
0
  0
LINE
  5
F05
330
22
100
AcDbEntity
  8
F.Silkscreen
  6
CONTINUOUS
100
AcDbLine
 10
6.5320352362204721
 20
-2.9368743700787401
 30
0
 11
6.5253232283464566
 21
-2.9358112992125984
 31
0
  0
LINE
  5
F06
330
22
100
AcDbEntity
  8
F.Silkscreen
  6
CONTINUOUS
100
AcDbLine
 10
6.5253232283464566
 20
-2.9358112992125984
 30
0
 11
6.5188601574803151
 21
-2.9337112992125984
 31
0
  0
LINE
  5
F07
330
22
100
AcDbEntity
  8
F.Silkscreen
  6
CONTINUOUS
100
AcDbLine
 10
6.5188601574803151
 20
-2.9337112992125984
 30
0
 11
6.5128051968503939
 21
-2.9306261417322834
 31
0
  0
LINE
  5
F08
330
22
100
AcDbEntity
  8
F.Silkscreen
  6
CONTINUOUS
100
AcDbLine
 10
6.5128051968503939
 20
-2.9306261417322834
 30
0
 11
6.5073073622047239
 21
-2.9266317716535433
 31
0
  0
LINE
  5
F09
330
22
100
AcDbEntity
  8
F.Silkscreen
  6
CONTINUOUS
100
AcDbLine
 10
6.5073073622047239
 20
-2.9266317716535433
 30
0
 11
6.5025020866141734
 21
-2.9218264960629923
 31
0
  0
LINE
  5
F0A
330
22
100
AcDbEntity
  8
F.Silkscreen
  6
CONTINUOUS
100
AcDbLine
 10
6.5025020866141734
 20
-2.9218264960629923
 30
0
 11
6.4985077165354328
 21
-2.9163286614173227
 31
0
  0
LINE
  5
F0B
330
22
100
AcDbEntity
  8
F.Silkscreen
  6
CONTINUOUS
100
AcDbLine
 10
6.4985077165354328
 20
-2.9163286614173227
 30
0
 11
6.4954225590551182
 21
-2.9102737007874016
 31
0
  0
LINE
  5
F0C
330
22
100
AcDbEntity
  8
F.Silkscreen
  6
CONTINUOUS
100
AcDbLine
 10
6.4954225590551182
 20
-2.9102737007874016
 30
0
 11
6.4933225590551178
 21
-2.9038106299212596
 31
0
  0
LINE
  5
F0D
330
22
100
AcDbEntity
  8
F.Silkscreen
  6
CONTINUOUS
100
AcDbLine
 10
6.4933225590551178
 20
-2.9038106299212596
 30
0
 11
6.4922594881889761
 21
-2.8970986220472441
 31
0
  0
LINE
  5
F0E
330
22
100
AcDbEntity
  8
F.Silkscreen
  6
CONTINUOUS
100
AcDbLine
 10
6.4922594881889761
 20
-2.8970986220472441
 30
0
 11
6.4922594881889761
 21
-2.8903029527559054
 31
0
  0
LINE
  5
F0F
330
22
100
AcDbEntity
  8
F.Silkscreen
  6
CONTINUOUS
100
AcDbLine
 10
6.4922594881889761
 20
-2.8903029527559054
 30
0
 11
6.4933225590551178
 21
-2.8835909448818895
 31
0
  0
LINE
  5
F10
330
22
100
AcDbEntity
  8
F.Silkscreen
  6
CONTINUOUS
100
AcDbLine
 10
6.4933225590551178
 20
-2.8835909448818895
 30
0
 11
6.4954225590551182
 21
-2.877127874015748
 31
0
  0
LINE
  5
F11
330
22
100
AcDbEntity
  8
F.Silkscreen
  6
CONTINUOUS
100
AcDbLine
 10
6.4954225590551182
 20
-2.877127874015748
 30
0
 11
6.4985077165354328
 21
-2.8710729133858268
 31
0
  0
LINE
  5
F12
330
22
100
AcDbEntity
  8
F.Silkscreen
  6
CONTINUOUS
100
AcDbLine
 10
6.4985077165354328
 20
-2.8710729133858268
 30
0
 11
6.5025020866141734
 21
-2.8655750787401573
 31
0
  0
LINE
  5
F13
330
22
100
AcDbEntity
  8
F.Silkscreen
  6
CONTINUOUS
100
AcDbLine
 10
6.5025020866141734
 20
-2.8655750787401573
 30
0
 11
6.5073073622047239
 21
-2.8607698031496063
 31
0
  0
LINE
  5
F14
330
22
100
AcDbEntity
  8
F.Silkscreen
  6
CONTINUOUS
100
AcDbLine
 10
6.5073073622047239
 20
-2.8607698031496063
 30
0
 11
6.5128051968503939
 21
-2.8567754330708661
 31
0
  0
LINE
  5
F15
330
22
100
AcDbEntity
  8
F.Silkscreen
  6
CONTINUOUS
100
AcDbLine
 10
6.5128051968503939
 20
-2.8567754330708661
 30
0
 11
6.5188601574803151
 21
-2.8536902755905511
 31
0
  0
LINE
  5
F16
330
22
100
AcDbEntity
  8
F.Silkscreen
  6
CONTINUOUS
100
AcDbLine
 10
6.5188601574803151
 20
-2.8536902755905511
 30
0
 11
6.5253232283464566
 21
-2.8515902755905511
 31
0
  0
LINE
  5
F17
330
22
100
AcDbEntity
  8
F.Silkscreen
  6
CONTINUOUS
100
AcDbLine
 10
6.5253232283464566
 20
-2.8515902755905511
 30
0
 11
6.5320352362204721
 21
-2.8505272047244095
 31
0
  0
LINE
  5
F18
330
22
100
AcDbEntity
  8
F.Silkscreen
  6
CONTINUOUS
100
AcDbLine
 10
6.5320352362204721
 20
-2.8505272047244095
 30
0
 11
6.5388309055118112
 21
-2.8505272047244095
 31
0
  0
LINE
  5
F19
330
22
100
AcDbEntity
  8
F.Silkscreen
  6
CONTINUOUS
100
AcDbLine
 10
6.5388309055118112
 20
-2.8505272047244095
 30
0
 11
6.5455429133858267
 21
-2.8515902755905511
 31
0
  0
LINE
  5
F1A
330
22
100
AcDbEntity
  8
F.Silkscreen
  6
CONTINUOUS
100
AcDbLine
 10
4.676508464566929
 20
-2.8044918503937009
 30
0
 11
4.6829425984251971
 21
-2.8057716929133858
 31
0
  0
LINE
  5
F1B
330
22
100
AcDbEntity
  8
F.Silkscreen
  6
CONTINUOUS
100
AcDbLine
 10
4.6829425984251971
 20
-2.8057716929133858
 30
0
 11
4.6890034251968506
 21
-2.8082821653543308
 31
0
  0
LINE
  5
F1C
330
22
100
AcDbEntity
  8
F.Silkscreen
  6
CONTINUOUS
100
AcDbLine
 10
4.6890034251968506
 20
-2.8082821653543308
 30
0
 11
4.6944580314960627
 21
-2.8119268110236222
 31
0
  0
LINE
  5
F1D
330
22
100
AcDbEntity
  8
F.Silkscreen
  6
CONTINUOUS
100
AcDbLine
 10
4.6944580314960627
 20
-2.8119268110236222
 30
0
 11
4.6990968110236215
 21
-2.8165655905511811
 31
0
  0
LINE
  5
F1E
330
22
100
AcDbEntity
  8
F.Silkscreen
  6
CONTINUOUS
100
AcDbLine
 10
4.6990968110236215
 20
-2.8165655905511811
 30
0
 11
4.7027414566929133
 21
-2.8220201968503935
 31
0
  0
LINE
  5
F1F
330
22
100
AcDbEntity
  8
F.Silkscreen
  6
CONTINUOUS
100
AcDbLine
 10
4.7027414566929133
 20
-2.8220201968503935
 30
0
 11
4.7052519291338584
 21
-2.8280810236220471
 31
0
  0
LINE
  5
F20
330
22
100
AcDbEntity
  8
F.Silkscreen
  6
CONTINUOUS
100
AcDbLine
 10
4.7052519291338584
 20
-2.8280810236220471
 30
0
 11
4.7065317716535429
 21
-2.8345151574803147
 31
0
  0
LINE
  5
F21
330
22
100
AcDbEntity
  8
F.Silkscreen
  6
CONTINUOUS
100
AcDbLine
 10
4.7065317716535429
 20
-2.8345151574803147
 30
0
 11
4.7065317716535429
 21
-2.8410753937007875
 31
0
  0
LINE
  5
F22
330
22
100
AcDbEntity
  8
F.Silkscreen
  6
CONTINUOUS
100
AcDbLine
 10
4.7065317716535429
 20
-2.8410753937007875
 30
0
 11
4.7052519291338584
 21
-2.8475095275590552
 31
0
  0
LINE
  5
F23
330
22
100
AcDbEntity
  8
F.Silkscreen
  6
CONTINUOUS
100
AcDbLine
 10
4.7052519291338584
 20
-2.8475095275590552
 30
0
 11
4.7027414566929133
 21
-2.8535703543307087
 31
0
  0
LINE
  5
F24
330
22
100
AcDbEntity
  8
F.Silkscreen
  6
CONTINUOUS
100
AcDbLine
 10
4.7027414566929133
 20
-2.8535703543307087
 30
0
 11
4.6990968110236215
 21
-2.8590249606299212
 31
0
  0
LINE
  5
F25
330
22
100
AcDbEntity
  8
F.Silkscreen
  6
CONTINUOUS
100
AcDbLine
 10
4.6990968110236215
 20
-2.8590249606299212
 30
0
 11
4.6944580314960627
 21
-2.86366374015748
 31
0
  0
LINE
  5
F26
330
22
100
AcDbEntity
  8
F.Silkscreen
  6
CONTINUOUS
100
AcDbLine
 10
4.6944580314960627
 20
-2.86366374015748
 30
0
 11
4.6890034251968506
 21
-2.8673083858267714
 31
0
  0
LINE
  5
F27
330
22
100
AcDbEntity
  8
F.Silkscreen
  6
CONTINUOUS
100
AcDbLine
 10
4.6890034251968506
 20
-2.8673083858267714
 30
0
 11
4.6829425984251971
 21
-2.8698188582677164
 31
0
  0
LINE
  5
F28
330
22
100
AcDbEntity
  8
F.Silkscreen
  6
CONTINUOUS
100
AcDbLine
 10
4.6829425984251971
 20
-2.8698188582677164
 30
0
 11
4.676508464566929
 21
-2.8710987007874014
 31
0
  0
LINE
  5
F29
330
22
100
AcDbEntity
  8
F.Silkscreen
  6
CONTINUOUS
100
AcDbLine
 10
4.676508464566929
 20
-2.8710987007874014
 30
0
 11
4.6732283464566926
 21
-2.8712598425196849
 31
0
  0
LINE
  5
F2A
330
22
100
AcDbEntity
  8
F.Silkscreen
  6
CONTINUOUS
100
AcDbLine
 10
4.6732283464566926
 20
-2.8712598425196849
 30
0
 11
4.5984251968503935
 21
-2.8712598425196849
 31
0
  0
LINE
  5
F2B
330
22
100
AcDbEntity
  8
F.Silkscreen
  6
CONTINUOUS
100
AcDbLine
 10
4.5984251968503935
 20
-2.8712598425196849
 30
0
 11
4.5951450787401571
 21
-2.8710987007874014
 31
0
  0
LINE
  5
F2C
330
22
100
AcDbEntity
  8
F.Silkscreen
  6
CONTINUOUS
100
AcDbLine
 10
4.5951450787401571
 20
-2.8710987007874014
 30
0
 11
4.5887109448818899
 21
-2.8698188582677164
 31
0
  0
LINE
  5
F2D
330
22
100
AcDbEntity
  8
F.Silkscreen
  6
CONTINUOUS
100
AcDbLine
 10
4.5887109448818899
 20
-2.8698188582677164
 30
0
 11
4.5826501181102364
 21
-2.8673083858267714
 31
0
  0
LINE
  5
F2E
330
22
100
AcDbEntity
  8
F.Silkscreen
  6
CONTINUOUS
100
AcDbLine
 10
4.5826501181102364
 20
-2.8673083858267714
 30
0
 11
4.5771955118110235
 21
-2.86366374015748
 31
0
  0
LINE
  5
F2F
330
22
100
AcDbEntity
  8
F.Silkscreen
  6
CONTINUOUS
100
AcDbLine
 10
4.5771955118110235
 20
-2.86366374015748
 30
0
 11
4.5725567322834646
 21
-2.8590249606299212
 31
0
  0
LINE
  5
F30
330
22
100
AcDbEntity
  8
F.Silkscreen
  6
CONTINUOUS
100
AcDbLine
 10
4.5725567322834646
 20
-2.8590249606299212
 30
0
 11
4.5689120866141728
 21
-2.8535703543307087
 31
0
  0
LINE
  5
F31
330
22
100
AcDbEntity
  8
F.Silkscreen
  6
CONTINUOUS
100
AcDbLine
 10
4.5689120866141728
 20
-2.8535703543307087
 30
0
 11
4.5664016141732287
 21
-2.8475095275590552
 31
0
  0
LINE
  5
F32
330
22
100
AcDbEntity
  8
F.Silkscreen
  6
CONTINUOUS
100
AcDbLine
 10
4.5664016141732287
 20
-2.8475095275590552
 30
0
 11
4.5651217716535433
 21
-2.8410753937007875
 31
0
  0
LINE
  5
F33
330
22
100
AcDbEntity
  8
F.Silkscreen
  6
CONTINUOUS
100
AcDbLine
 10
4.5651217716535433
 20
-2.8410753937007875
 30
0
 11
4.5651217716535433
 21
-2.8345151574803147
 31
0
  0
LINE
  5
F34
330
22
100
AcDbEntity
  8
F.Silkscreen
  6
CONTINUOUS
100
AcDbLine
 10
4.5651217716535433
 20
-2.8345151574803147
 30
0
 11
4.5664016141732287
 21
-2.8280810236220471
 31
0
  0
LINE
  5
F35
330
22
100
AcDbEntity
  8
F.Silkscreen
  6
CONTINUOUS
100
AcDbLine
 10
4.5664016141732287
 20
-2.8280810236220471
 30
0
 11
4.5689120866141728
 21
-2.8220201968503935
 31
0
  0
LINE
  5
F36
330
22
100
AcDbEntity
  8
F.Silkscreen
  6
CONTINUOUS
100
AcDbLine
 10
4.5689120866141728
 20
-2.8220201968503935
 30
0
 11
4.5725567322834646
 21
-2.8165655905511811
 31
0
  0
LINE
  5
F37
330
22
100
AcDbEntity
  8
F.Silkscreen
  6
CONTINUOUS
100
AcDbLine
 10
4.5725567322834646
 20
-2.8165655905511811
 30
0
 11
4.5771955118110235
 21
-2.8119268110236222
 31
0
  0
LINE
  5
F38
330
22
100
AcDbEntity
  8
F.Silkscreen
  6
CONTINUOUS
100
AcDbLine
 10
4.5771955118110235
 20
-2.8119268110236222
 30
0
 11
4.5826501181102364
 21
-2.8082821653543308
 31
0
  0
LINE
  5
F39
330
22
100
AcDbEntity
  8
F.Silkscreen
  6
CONTINUOUS
100
AcDbLine
 10
4.5826501181102364
 20
-2.8082821653543308
 30
0
 11
4.5887109448818899
 21
-2.8057716929133858
 31
0
  0
LINE
  5
F3A
330
22
100
AcDbEntity
  8
F.Silkscreen
  6
CONTINUOUS
100
AcDbLine
 10
4.5887109448818899
 20
-2.8057716929133858
 30
0
 11
4.5951450787401571
 21
-2.8044918503937009
 31
0
  0
LINE
  5
F3B
330
22
100
AcDbEntity
  8
F.Silkscreen
  6
CONTINUOUS
100
AcDbLine
 10
4.5951450787401571
 20
-2.8044918503937009
 30
0
 11
4.5984251968503935
 21
-2.8043307086614173
 31
0
  0
LINE
  5
F3C
330
22
100
AcDbEntity
  8
F.Silkscreen
  6
CONTINUOUS
100
AcDbLine
 10
4.5984251968503935
 20
-2.8043307086614173
 30
0
 11
4.6732283464566926
 21
-2.8043307086614173
 31
0
  0
LINE
  5
F3D
330
22
100
AcDbEntity
  8
F.Silkscreen
  6
CONTINUOUS
100
AcDbLine
 10
4.6732283464566926
 20
-2.8043307086614173
 30
0
 11
4.676508464566929
 21
-2.8044918503937009
 31
0
  0
LINE
  5
F3E
330
22
100
AcDbEntity
  8
F.Silkscreen
  6
CONTINUOUS
100
AcDbLine
 10
4.676508464566929
 20
-2.7044918503937008
 30
0
 11
4.6829425984251971
 21
-2.7057716929133857
 31
0
  0
LINE
  5
F3F
330
22
100
AcDbEntity
  8
F.Silkscreen
  6
CONTINUOUS
100
AcDbLine
 10
4.6829425984251971
 20
-2.7057716929133857
 30
0
 11
4.6890034251968506
 21
-2.7082821653543308
 31
0
  0
LINE
  5
F40
330
22
100
AcDbEntity
  8
F.Silkscreen
  6
CONTINUOUS
100
AcDbLine
 10
4.6890034251968506
 20
-2.7082821653543308
 30
0
 11
4.6944580314960627
 21
-2.7119268110236221
 31
0
  0
LINE
  5
F41
330
22
100
AcDbEntity
  8
F.Silkscreen
  6
CONTINUOUS
100
AcDbLine
 10
4.6944580314960627
 20
-2.7119268110236221
 30
0
 11
4.6990968110236215
 21
-2.716565590551181
 31
0
  0
LINE
  5
F42
330
22
100
AcDbEntity
  8
F.Silkscreen
  6
CONTINUOUS
100
AcDbLine
 10
4.6990968110236215
 20
-2.716565590551181
 30
0
 11
4.7027414566929133
 21
-2.7220201968503934
 31
0
  0
LINE
  5
F43
330
22
100
AcDbEntity
  8
F.Silkscreen
  6
CONTINUOUS
100
AcDbLine
 10
4.7027414566929133
 20
-2.7220201968503934
 30
0
 11
4.7052519291338584
 21
-2.728081023622047
 31
0
  0
LINE
  5
F44
330
22
100
AcDbEntity
  8
F.Silkscreen
  6
CONTINUOUS
100
AcDbLine
 10
4.7052519291338584
 20
-2.728081023622047
 30
0
 11
4.7065317716535429
 21
-2.734515157480315
 31
0
  0
LINE
  5
F45
330
22
100
AcDbEntity
  8
F.Silkscreen
  6
CONTINUOUS
100
AcDbLine
 10
4.7065317716535429
 20
-2.734515157480315
 30
0
 11
4.7065317716535429
 21
-2.7410753937007875
 31
0
  0
LINE
  5
F46
330
22
100
AcDbEntity
  8
F.Silkscreen
  6
CONTINUOUS
100
AcDbLine
 10
4.7065317716535429
 20
-2.7410753937007875
 30
0
 11
4.7052519291338584
 21
-2.7475095275590551
 31
0
  0
LINE
  5
F47
330
22
100
AcDbEntity
  8
F.Silkscreen
  6
CONTINUOUS
100
AcDbLine
 10
4.7052519291338584
 20
-2.7475095275590551
 30
0
 11
4.7027414566929133
 21
-2.7535703543307086
 31
0
  0
LINE
  5
F48
330
22
100
AcDbEntity
  8
F.Silkscreen
  6
CONTINUOUS
100
AcDbLine
 10
4.7027414566929133
 20
-2.7535703543307086
 30
0
 11
4.6990968110236215
 21
-2.7590249606299211
 31
0
  0
LINE
  5
F49
330
22
100
AcDbEntity
  8
F.Silkscreen
  6
CONTINUOUS
100
AcDbLine
 10
4.6990968110236215
 20
-2.7590249606299211
 30
0
 11
4.6944580314960627
 21
-2.7636637401574804
 31
0
  0
LINE
  5
F4A
330
22
100
AcDbEntity
  8
F.Silkscreen
  6
CONTINUOUS
100
AcDbLine
 10
4.6944580314960627
 20
-2.7636637401574804
 30
0
 11
4.6890034251968506
 21
-2.7673083858267717
 31
0
  0
LINE
  5
F4B
330
22
100
AcDbEntity
  8
F.Silkscreen
  6
CONTINUOUS
100
AcDbLine
 10
4.6890034251968506
 20
-2.7673083858267717
 30
0
 11
4.6829425984251971
 21
-2.7698188582677163
 31
0
  0
LINE
  5
F4C
330
22
100
AcDbEntity
  8
F.Silkscreen
  6
CONTINUOUS
100
AcDbLine
 10
4.6829425984251971
 20
-2.7698188582677163
 30
0
 11
4.676508464566929
 21
-2.7710987007874017
 31
0
  0
LINE
  5
F4D
330
22
100
AcDbEntity
  8
F.Silkscreen
  6
CONTINUOUS
100
AcDbLine
 10
4.676508464566929
 20
-2.7710987007874017
 30
0
 11
4.6732283464566926
 21
-2.7712598425196848
 31
0
  0
LINE
  5
F4E
330
22
100
AcDbEntity
  8
F.Silkscreen
  6
CONTINUOUS
100
AcDbLine
 10
4.6732283464566926
 20
-2.7712598425196848
 30
0
 11
4.5984251968503935
 21
-2.7712598425196848
 31
0
  0
LINE
  5
F4F
330
22
100
AcDbEntity
  8
F.Silkscreen
  6
CONTINUOUS
100
AcDbLine
 10
4.5984251968503935
 20
-2.7712598425196848
 30
0
 11
4.5951450787401571
 21
-2.7710987007874017
 31
0
  0
LINE
  5
F50
330
22
100
AcDbEntity
  8
F.Silkscreen
  6
CONTINUOUS
100
AcDbLine
 10
4.5951450787401571
 20
-2.7710987007874017
 30
0
 11
4.5887109448818899
 21
-2.7698188582677163
 31
0
  0
LINE
  5
F51
330
22
100
AcDbEntity
  8
F.Silkscreen
  6
CONTINUOUS
100
AcDbLine
 10
4.5887109448818899
 20
-2.7698188582677163
 30
0
 11
4.5826501181102364
 21
-2.7673083858267717
 31
0
  0
LINE
  5
F52
330
22
100
AcDbEntity
  8
F.Silkscreen
  6
CONTINUOUS
100
AcDbLine
 10
4.5826501181102364
 20
-2.7673083858267717
 30
0
 11
4.5771955118110235
 21
-2.7636637401574804
 31
0
  0
LINE
  5
F53
330
22
100
AcDbEntity
  8
F.Silkscreen
  6
CONTINUOUS
100
AcDbLine
 10
4.5771955118110235
 20
-2.7636637401574804
 30
0
 11
4.5725567322834646
 21
-2.7590249606299211
 31
0
  0
LINE
  5
F54
330
22
100
AcDbEntity
  8
F.Silkscreen
  6
CONTINUOUS
100
AcDbLine
 10
4.5725567322834646
 20
-2.7590249606299211
 30
0
 11
4.5689120866141728
 21
-2.7535703543307086
 31
0
  0
LINE
  5
F55
330
22
100
AcDbEntity
  8
F.Silkscreen
  6
CONTINUOUS
100
AcDbLine
 10
4.5689120866141728
 20
-2.7535703543307086
 30
0
 11
4.5664016141732287
 21
-2.7475095275590551
 31
0
  0
LINE
  5
F56
330
22
100
AcDbEntity
  8
F.Silkscreen
  6
CONTINUOUS
100
AcDbLine
 10
4.5664016141732287
 20
-2.7475095275590551
 30
0
 11
4.5651217716535433
 21
-2.7410753937007875
 31
0
  0
LINE
  5
F57
330
22
100
AcDbEntity
  8
F.Silkscreen
  6
CONTINUOUS
100
AcDbLine
 10
4.5651217716535433
 20
-2.7410753937007875
 30
0
 11
4.5651217716535433
 21
-2.734515157480315
 31
0
  0
LINE
  5
F58
330
22
100
AcDbEntity
  8
F.Silkscreen
  6
CONTINUOUS
100
AcDbLine
 10
4.5651217716535433
 20
-2.734515157480315
 30
0
 11
4.5664016141732287
 21
-2.728081023622047
 31
0
  0
LINE
  5
F59
330
22
100
AcDbEntity
  8
F.Silkscreen
  6
CONTINUOUS
100
AcDbLine
 10
4.5664016141732287
 20
-2.728081023622047
 30
0
 11
4.5689120866141728
 21
-2.7220201968503934
 31
0
  0
LINE
  5
F5A
330
22
100
AcDbEntity
  8
F.Silkscreen
  6
CONTINUOUS
100
AcDbLine
 10
4.5689120866141728
 20
-2.7220201968503934
 30
0
 11
4.5725567322834646
 21
-2.716565590551181
 31
0
  0
LINE
  5
F5B
330
22
100
AcDbEntity
  8
F.Silkscreen
  6
CONTINUOUS
100
AcDbLine
 10
4.5725567322834646
 20
-2.716565590551181
 30
0
 11
4.5771955118110235
 21
-2.7119268110236221
 31
0
  0
LINE
  5
F5C
330
22
100
AcDbEntity
  8
F.Silkscreen
  6
CONTINUOUS
100
AcDbLine
 10
4.5771955118110235
 20
-2.7119268110236221
 30
0
 11
4.5826501181102364
 21
-2.7082821653543308
 31
0
  0
LINE
  5
F5D
330
22
100
AcDbEntity
  8
F.Silkscreen
  6
CONTINUOUS
100
AcDbLine
 10
4.5826501181102364
 20
-2.7082821653543308
 30
0
 11
4.5887109448818899
 21
-2.7057716929133857
 31
0
  0
LINE
  5
F5E
330
22
100
AcDbEntity
  8
F.Silkscreen
  6
CONTINUOUS
100
AcDbLine
 10
4.5887109448818899
 20
-2.7057716929133857
 30
0
 11
4.5951450787401571
 21
-2.7044918503937008
 31
0
  0
LINE
  5
F5F
330
22
100
AcDbEntity
  8
F.Silkscreen
  6
CONTINUOUS
100
AcDbLine
 10
4.5951450787401571
 20
-2.7044918503937008
 30
0
 11
4.5984251968503935
 21
-2.7043307086614172
 31
0
  0
LINE
  5
F60
330
22
100
AcDbEntity
  8
F.Silkscreen
  6
CONTINUOUS
100
AcDbLine
 10
4.5984251968503935
 20
-2.7043307086614172
 30
0
 11
4.6732283464566926
 21
-2.7043307086614172
 31
0
  0
LINE
  5
F61
330
22
100
AcDbEntity
  8
F.Silkscreen
  6
CONTINUOUS
100
AcDbLine
 10
4.6732283464566926
 20
-2.7043307086614172
 30
0
 11
4.676508464566929
 21
-2.7044918503937008
 31
0
  0
LINE
  5
F62
330
22
100
AcDbEntity
  8
F.Silkscreen
  6
CONTINUOUS
100
AcDbLine
 10
5.3576108267716531
 20
-2.7044918503937008
 30
0
 11
5.3640449606299212
 21
-2.7057716929133857
 31
0
  0
LINE
  5
F63
330
22
100
AcDbEntity
  8
F.Silkscreen
  6
CONTINUOUS
100
AcDbLine
 10
5.3640449606299212
 20
-2.7057716929133857
 30
0
 11
5.3701057874015747
 21
-2.7082821653543308
 31
0
  0
LINE
  5
F64
330
22
100
AcDbEntity
  8
F.Silkscreen
  6
CONTINUOUS
100
AcDbLine
 10
5.3701057874015747
 20
-2.7082821653543308
 30
0
 11
5.3755603937007876
 21
-2.7119268110236221
 31
0
  0
LINE
  5
F65
330
22
100
AcDbEntity
  8
F.Silkscreen
  6
CONTINUOUS
100
AcDbLine
 10
5.3755603937007876
 20
-2.7119268110236221
 30
0
 11
5.3801991732283465
 21
-2.716565590551181
 31
0
  0
LINE
  5
F66
330
22
100
AcDbEntity
  8
F.Silkscreen
  6
CONTINUOUS
100
AcDbLine
 10
5.3801991732283465
 20
-2.716565590551181
 30
0
 11
5.3838438188976374
 21
-2.7220201968503934
 31
0
  0
LINE
  5
F67
330
22
100
AcDbEntity
  8
F.Silkscreen
  6
CONTINUOUS
100
AcDbLine
 10
5.3838438188976374
 20
-2.7220201968503934
 30
0
 11
5.3863542913385825
 21
-2.728081023622047
 31
0
  0
LINE
  5
F68
330
22
100
AcDbEntity
  8
F.Silkscreen
  6
CONTINUOUS
100
AcDbLine
 10
5.3863542913385825
 20
-2.728081023622047
 30
0
 11
5.3876341338582678
 21
-2.734515157480315
 31
0
  0
LINE
  5
F69
330
22
100
AcDbEntity
  8
F.Silkscreen
  6
CONTINUOUS
100
AcDbLine
 10
5.3876341338582678
 20
-2.734515157480315
 30
0
 11
5.3876341338582678
 21
-2.7410753937007875
 31
0
  0
LINE
  5
F6A
330
22
100
AcDbEntity
  8
F.Silkscreen
  6
CONTINUOUS
100
AcDbLine
 10
5.3876341338582678
 20
-2.7410753937007875
 30
0
 11
5.3863542913385825
 21
-2.7475095275590551
 31
0
  0
LINE
  5
F6B
330
22
100
AcDbEntity
  8
F.Silkscreen
  6
CONTINUOUS
100
AcDbLine
 10
5.3863542913385825
 20
-2.7475095275590551
 30
0
 11
5.3838438188976374
 21
-2.7535703543307086
 31
0
  0
LINE
  5
F6C
330
22
100
AcDbEntity
  8
F.Silkscreen
  6
CONTINUOUS
100
AcDbLine
 10
5.3838438188976374
 20
-2.7535703543307086
 30
0
 11
5.3801991732283465
 21
-2.7590249606299211
 31
0
  0
LINE
  5
F6D
330
22
100
AcDbEntity
  8
F.Silkscreen
  6
CONTINUOUS
100
AcDbLine
 10
5.3801991732283465
 20
-2.7590249606299211
 30
0
 11
5.3755603937007876
 21
-2.7636637401574804
 31
0
  0
LINE
  5
F6E
330
22
100
AcDbEntity
  8
F.Silkscreen
  6
CONTINUOUS
100
AcDbLine
 10
5.3755603937007876
 20
-2.7636637401574804
 30
0
 11
5.3701057874015747
 21
-2.7673083858267717
 31
0
  0
LINE
  5
F6F
330
22
100
AcDbEntity
  8
F.Silkscreen
  6
CONTINUOUS
100
AcDbLine
 10
5.3701057874015747
 20
-2.7673083858267717
 30
0
 11
5.3640449606299212
 21
-2.7698188582677163
 31
0
  0
LINE
  5
F70
330
22
100
AcDbEntity
  8
F.Silkscreen
  6
CONTINUOUS
100
AcDbLine
 10
5.3640449606299212
 20
-2.7698188582677163
 30
0
 11
5.3576108267716531
 21
-2.7710987007874017
 31
0
  0
LINE
  5
F71
330
22
100
AcDbEntity
  8
F.Silkscreen
  6
CONTINUOUS
100
AcDbLine
 10
5.3576108267716531
 20
-2.7710987007874017
 30
0
 11
5.3543307086614176
 21
-2.7712598425196848
 31
0
  0
LINE
  5
F72
330
22
100
AcDbEntity
  8
F.Silkscreen
  6
CONTINUOUS
100
AcDbLine
 10
5.3543307086614176
 20
-2.7712598425196848
 30
0
 11
5.2755905511811019
 21
-2.7712598425196848
 31
0
  0
LINE
  5
F73
330
22
100
AcDbEntity
  8
F.Silkscreen
  6
CONTINUOUS
100
AcDbLine
 10
5.2755905511811019
 20
-2.7712598425196848
 30
0
 11
5.2723104330708663
 21
-2.7710987007874017
 31
0
  0
LINE
  5
F74
330
22
100
AcDbEntity
  8
F.Silkscreen
  6
CONTINUOUS
100
AcDbLine
 10
5.2723104330708663
 20
-2.7710987007874017
 30
0
 11
5.2658762992125983
 21
-2.7698188582677163
 31
0
  0
LINE
  5
F75
330
22
100
AcDbEntity
  8
F.Silkscreen
  6
CONTINUOUS
100
AcDbLine
 10
5.2658762992125983
 20
-2.7698188582677163
 30
0
 11
5.2598154724409447
 21
-2.7673083858267717
 31
0
  0
LINE
  5
F76
330
22
100
AcDbEntity
  8
F.Silkscreen
  6
CONTINUOUS
100
AcDbLine
 10
5.2598154724409447
 20
-2.7673083858267717
 30
0
 11
5.2543608661417318
 21
-2.7636637401574804
 31
0
  0
LINE
  5
F77
330
22
100
AcDbEntity
  8
F.Silkscreen
  6
CONTINUOUS
100
AcDbLine
 10
5.2543608661417318
 20
-2.7636637401574804
 30
0
 11
5.2497220866141729
 21
-2.7590249606299211
 31
0
  0
LINE
  5
F78
330
22
100
AcDbEntity
  8
F.Silkscreen
  6
CONTINUOUS
100
AcDbLine
 10
5.2497220866141729
 20
-2.7590249606299211
 30
0
 11
5.246077440944882
 21
-2.7535703543307086
 31
0
  0
LINE
  5
F79
330
22
100
AcDbEntity
  8
F.Silkscreen
  6
CONTINUOUS
100
AcDbLine
 10
5.246077440944882
 20
-2.7535703543307086
 30
0
 11
5.243566968503937
 21
-2.7475095275590551
 31
0
  0
LINE
  5
F7A
330
22
100
AcDbEntity
  8
F.Silkscreen
  6
CONTINUOUS
100
AcDbLine
 10
5.243566968503937
 20
-2.7475095275590551
 30
0
 11
5.2422871259842516
 21
-2.7410753937007875
 31
0
  0
LINE
  5
F7B
330
22
100
AcDbEntity
  8
F.Silkscreen
  6
CONTINUOUS
100
AcDbLine
 10
5.2422871259842516
 20
-2.7410753937007875
 30
0
 11
5.2422871259842516
 21
-2.734515157480315
 31
0
  0
LINE
  5
F7C
330
22
100
AcDbEntity
  8
F.Silkscreen
  6
CONTINUOUS
100
AcDbLine
 10
5.2422871259842516
 20
-2.734515157480315
 30
0
 11
5.243566968503937
 21
-2.728081023622047
 31
0
  0
LINE
  5
F7D
330
22
100
AcDbEntity
  8
F.Silkscreen
  6
CONTINUOUS
100
AcDbLine
 10
5.243566968503937
 20
-2.728081023622047
 30
0
 11
5.246077440944882
 21
-2.7220201968503934
 31
0
  0
LINE
  5
F7E
330
22
100
AcDbEntity
  8
F.Silkscreen
  6
CONTINUOUS
100
AcDbLine
 10
5.246077440944882
 20
-2.7220201968503934
 30
0
 11
5.2497220866141729
 21
-2.716565590551181
 31
0
  0
LINE
  5
F7F
330
22
100
AcDbEntity
  8
F.Silkscreen
  6
CONTINUOUS
100
AcDbLine
 10
5.2497220866141729
 20
-2.716565590551181
 30
0
 11
5.2543608661417318
 21
-2.7119268110236221
 31
0
  0
LINE
  5
F80
330
22
100
AcDbEntity
  8
F.Silkscreen
  6
CONTINUOUS
100
AcDbLine
 10
5.2543608661417318
 20
-2.7119268110236221
 30
0
 11
5.2598154724409447
 21
-2.7082821653543308
 31
0
  0
LINE
  5
F81
330
22
100
AcDbEntity
  8
F.Silkscreen
  6
CONTINUOUS
100
AcDbLine
 10
5.2598154724409447
 20
-2.7082821653543308
 30
0
 11
5.2658762992125983
 21
-2.7057716929133857
 31
0
  0
LINE
  5
F82
330
22
100
AcDbEntity
  8
F.Silkscreen
  6
CONTINUOUS
100
AcDbLine
 10
5.2658762992125983
 20
-2.7057716929133857
 30
0
 11
5.2723104330708663
 21
-2.7044918503937008
 31
0
  0
LINE
  5
F83
330
22
100
AcDbEntity
  8
F.Silkscreen
  6
CONTINUOUS
100
AcDbLine
 10
5.2723104330708663
 20
-2.7044918503937008
 30
0
 11
5.2755905511811019
 21
-2.7043307086614172
 31
0
  0
LINE
  5
F84
330
22
100
AcDbEntity
  8
F.Silkscreen
  6
CONTINUOUS
100
AcDbLine
 10
5.2755905511811019
 20
-2.7043307086614172
 30
0
 11
5.3543307086614176
 21
-2.7043307086614172
 31
0
  0
LINE
  5
F85
330
22
100
AcDbEntity
  8
F.Silkscreen
  6
CONTINUOUS
100
AcDbLine
 10
5.3543307086614176
 20
-2.7043307086614172
 30
0
 11
5.3576108267716531
 21
-2.7044918503937008
 31
0
  0
LINE
  5
F86
330
22
100
AcDbEntity
  8
F.Silkscreen
  6
CONTINUOUS
100
AcDbLine
 10
4.7047244094488185
 20
-2.6712598425196852
 30
0
 11
4.5669291338582676
 21
-2.6712598425196852
 31
0
  0
LINE
  5
F87
330
22
100
AcDbEntity
  8
F.Silkscreen
  6
CONTINUOUS
100
AcDbLine
 10
4.5669291338582676
 20
-2.6712598425196852
 30
0
 11
4.5669291338582676
 21
-2.6043307086614171
 31
0
  0
LINE
  5
F88
330
22
100
AcDbEntity
  8
F.Silkscreen
  6
CONTINUOUS
100
AcDbLine
 10
4.5669291338582676
 20
-2.6043307086614171
 30
0
 11
4.7047244094488185
 21
-2.6043307086614171
 31
0
  0
LINE
  5
F89
330
22
100
AcDbEntity
  8
F.Silkscreen
  6
CONTINUOUS
100
AcDbLine
 10
4.7047244094488185
 20
-2.6043307086614171
 30
0
 11
4.7047244094488185
 21
-2.6712598425196852
 31
0
  0
LINE
  5
F8A
330
22
100
AcDbEntity
  8
F.Silkscreen
  6
CONTINUOUS
100
AcDbLine
 10
5.3576108267716531
 20
-2.6044918503937007
 30
0
 11
5.3640449606299212
 21
-2.6057716929133856
 31
0
  0
LINE
  5
F8B
330
22
100
AcDbEntity
  8
F.Silkscreen
  6
CONTINUOUS
100
AcDbLine
 10
5.3640449606299212
 20
-2.6057716929133856
 30
0
 11
5.3701057874015747
 21
-2.6082821653543307
 31
0
  0
LINE
  5
F8C
330
22
100
AcDbEntity
  8
F.Silkscreen
  6
CONTINUOUS
100
AcDbLine
 10
5.3701057874015747
 20
-2.6082821653543307
 30
0
 11
5.3755603937007876
 21
-2.611926811023622
 31
0
  0
LINE
  5
F8D
330
22
100
AcDbEntity
  8
F.Silkscreen
  6
CONTINUOUS
100
AcDbLine
 10
5.3755603937007876
 20
-2.611926811023622
 30
0
 11
5.3801991732283465
 21
-2.6165655905511809
 31
0
  0
LINE
  5
F8E
330
22
100
AcDbEntity
  8
F.Silkscreen
  6
CONTINUOUS
100
AcDbLine
 10
5.3801991732283465
 20
-2.6165655905511809
 30
0
 11
5.3838438188976374
 21
-2.6220201968503938
 31
0
  0
LINE
  5
F8F
330
22
100
AcDbEntity
  8
F.Silkscreen
  6
CONTINUOUS
100
AcDbLine
 10
5.3838438188976374
 20
-2.6220201968503938
 30
0
 11
5.3863542913385825
 21
-2.6280810236220473
 31
0
  0
LINE
  5
F90
330
22
100
AcDbEntity
  8
F.Silkscreen
  6
CONTINUOUS
100
AcDbLine
 10
5.3863542913385825
 20
-2.6280810236220473
 30
0
 11
5.3876341338582678
 21
-2.634515157480315
 31
0
  0
LINE
  5
F91
330
22
100
AcDbEntity
  8
F.Silkscreen
  6
CONTINUOUS
100
AcDbLine
 10
5.3876341338582678
 20
-2.634515157480315
 30
0
 11
5.3876341338582678
 21
-2.6410753937007874
 31
0
  0
LINE
  5
F92
330
22
100
AcDbEntity
  8
F.Silkscreen
  6
CONTINUOUS
100
AcDbLine
 10
5.3876341338582678
 20
-2.6410753937007874
 30
0
 11
5.3863542913385825
 21
-2.647509527559055
 31
0
  0
LINE
  5
F93
330
22
100
AcDbEntity
  8
F.Silkscreen
  6
CONTINUOUS
100
AcDbLine
 10
5.3863542913385825
 20
-2.647509527559055
 30
0
 11
5.3838438188976374
 21
-2.6535703543307085
 31
0
  0
LINE
  5
F94
330
22
100
AcDbEntity
  8
F.Silkscreen
  6
CONTINUOUS
100
AcDbLine
 10
5.3838438188976374
 20
-2.6535703543307085
 30
0
 11
5.3801991732283465
 21
-2.659024960629921
 31
0
  0
LINE
  5
F95
330
22
100
AcDbEntity
  8
F.Silkscreen
  6
CONTINUOUS
100
AcDbLine
 10
5.3801991732283465
 20
-2.659024960629921
 30
0
 11
5.3755603937007876
 21
-2.6636637401574803
 31
0
  0
LINE
  5
F96
330
22
100
AcDbEntity
  8
F.Silkscreen
  6
CONTINUOUS
100
AcDbLine
 10
5.3755603937007876
 20
-2.6636637401574803
 30
0
 11
5.3701057874015747
 21
-2.6673083858267717
 31
0
  0
LINE
  5
F97
330
22
100
AcDbEntity
  8
F.Silkscreen
  6
CONTINUOUS
100
AcDbLine
 10
5.3701057874015747
 20
-2.6673083858267717
 30
0
 11
5.3640449606299212
 21
-2.6698188582677163
 31
0
  0
LINE
  5
F98
330
22
100
AcDbEntity
  8
F.Silkscreen
  6
CONTINUOUS
100
AcDbLine
 10
5.3640449606299212
 20
-2.6698188582677163
 30
0
 11
5.3576108267716531
 21
-2.6710987007874016
 31
0
  0
LINE
  5
F99
330
22
100
AcDbEntity
  8
F.Silkscreen
  6
CONTINUOUS
100
AcDbLine
 10
5.3576108267716531
 20
-2.6710987007874016
 30
0
 11
5.3543307086614176
 21
-2.6712598425196852
 31
0
  0
LINE
  5
F9A
330
22
100
AcDbEntity
  8
F.Silkscreen
  6
CONTINUOUS
100
AcDbLine
 10
5.3543307086614176
 20
-2.6712598425196852
 30
0
 11
5.2755905511811019
 21
-2.6712598425196852
 31
0
  0
LINE
  5
F9B
330
22
100
AcDbEntity
  8
F.Silkscreen
  6
CONTINUOUS
100
AcDbLine
 10
5.2755905511811019
 20
-2.6712598425196852
 30
0
 11
5.2723104330708663
 21
-2.6710987007874016
 31
0
  0
LINE
  5
F9C
330
22
100
AcDbEntity
  8
F.Silkscreen
  6
CONTINUOUS
100
AcDbLine
 10
5.2723104330708663
 20
-2.6710987007874016
 30
0
 11
5.2658762992125983
 21
-2.6698188582677163
 31
0
  0
LINE
  5
F9D
330
22
100
AcDbEntity
  8
F.Silkscreen
  6
CONTINUOUS
100
AcDbLine
 10
5.2658762992125983
 20
-2.6698188582677163
 30
0
 11
5.2598154724409447
 21
-2.6673083858267717
 31
0
  0
LINE
  5
F9E
330
22
100
AcDbEntity
  8
F.Silkscreen
  6
CONTINUOUS
100
AcDbLine
 10
5.2598154724409447
 20
-2.6673083858267717
 30
0
 11
5.2543608661417318
 21
-2.6636637401574803
 31
0
  0
LINE
  5
F9F
330
22
100
AcDbEntity
  8
F.Silkscreen
  6
CONTINUOUS
100
AcDbLine
 10
5.2543608661417318
 20
-2.6636637401574803
 30
0
 11
5.2497220866141729
 21
-2.659024960629921
 31
0
  0
LINE
  5
FA0
330
22
100
AcDbEntity
  8
F.Silkscreen
  6
CONTINUOUS
100
AcDbLine
 10
5.2497220866141729
 20
-2.659024960629921
 30
0
 11
5.246077440944882
 21
-2.6535703543307085
 31
0
  0
LINE
  5
FA1
330
22
100
AcDbEntity
  8
F.Silkscreen
  6
CONTINUOUS
100
AcDbLine
 10
5.246077440944882
 20
-2.6535703543307085
 30
0
 11
5.243566968503937
 21
-2.647509527559055
 31
0
  0
LINE
  5
FA2
330
22
100
AcDbEntity
  8
F.Silkscreen
  6
CONTINUOUS
100
AcDbLine
 10
5.243566968503937
 20
-2.647509527559055
 30
0
 11
5.2422871259842516
 21
-2.6410753937007874
 31
0
  0
LINE
  5
FA3
330
22
100
AcDbEntity
  8
F.Silkscreen
  6
CONTINUOUS
100
AcDbLine
 10
5.2422871259842516
 20
-2.6410753937007874
 30
0
 11
5.2422871259842516
 21
-2.634515157480315
 31
0
  0
LINE
  5
FA4
330
22
100
AcDbEntity
  8
F.Silkscreen
  6
CONTINUOUS
100
AcDbLine
 10
5.2422871259842516
 20
-2.634515157480315
 30
0
 11
5.243566968503937
 21
-2.6280810236220473
 31
0
  0
LINE
  5
FA5
330
22
100
AcDbEntity
  8
F.Silkscreen
  6
CONTINUOUS
100
AcDbLine
 10
5.243566968503937
 20
-2.6280810236220473
 30
0
 11
5.246077440944882
 21
-2.6220201968503938
 31
0
  0
LINE
  5
FA6
330
22
100
AcDbEntity
  8
F.Silkscreen
  6
CONTINUOUS
100
AcDbLine
 10
5.246077440944882
 20
-2.6220201968503938
 30
0
 11
5.2497220866141729
 21
-2.6165655905511809
 31
0
  0
LINE
  5
FA7
330
22
100
AcDbEntity
  8
F.Silkscreen
  6
CONTINUOUS
100
AcDbLine
 10
5.2497220866141729
 20
-2.6165655905511809
 30
0
 11
5.2543608661417318
 21
-2.611926811023622
 31
0
  0
LINE
  5
FA8
330
22
100
AcDbEntity
  8
F.Silkscreen
  6
CONTINUOUS
100
AcDbLine
 10
5.2543608661417318
 20
-2.611926811023622
 30
0
 11
5.2598154724409447
 21
-2.6082821653543307
 31
0
  0
LINE
  5
FA9
330
22
100
AcDbEntity
  8
F.Silkscreen
  6
CONTINUOUS
100
AcDbLine
 10
5.2598154724409447
 20
-2.6082821653543307
 30
0
 11
5.2658762992125983
 21
-2.6057716929133856
 31
0
  0
LINE
  5
FAA
330
22
100
AcDbEntity
  8
F.Silkscreen
  6
CONTINUOUS
100
AcDbLine
 10
5.2658762992125983
 20
-2.6057716929133856
 30
0
 11
5.2723104330708663
 21
-2.6044918503937007
 31
0
  0
LINE
  5
FAB
330
22
100
AcDbEntity
  8
F.Silkscreen
  6
CONTINUOUS
100
AcDbLine
 10
5.2723104330708663
 20
-2.6044918503937007
 30
0
 11
5.2755905511811019
 21
-2.6043307086614171
 31
0
  0
LINE
  5
FAC
330
22
100
AcDbEntity
  8
F.Silkscreen
  6
CONTINUOUS
100
AcDbLine
 10
5.2755905511811019
 20
-2.6043307086614171
 30
0
 11
5.3543307086614176
 21
-2.6043307086614171
 31
0
  0
LINE
  5
FAD
330
22
100
AcDbEntity
  8
F.Silkscreen
  6
CONTINUOUS
100
AcDbLine
 10
5.3543307086614176
 20
-2.6043307086614171
 30
0
 11
5.3576108267716531
 21
-2.6044918503937007
 31
0
  0
LINE
  5
FAE
330
22
100
AcDbEntity
  8
F.Silkscreen
  6
CONTINUOUS
100
AcDbLine
 10
6.7007945275590552
 20
-3.6645050787401572
 30
0
 11
6.7107432677165351
 21
-3.6671708661417322
 31
0
  0
LINE
  5
FAF
330
22
100
AcDbEntity
  8
F.Silkscreen
  6
CONTINUOUS
100
AcDbLine
 10
6.7107432677165351
 20
-3.6671708661417322
 30
0
 11
6.7202589370078742
 21
-3.6711124015748031
 31
0
  0
LINE
  5
FB0
330
22
100
AcDbEntity
  8
F.Silkscreen
  6
CONTINUOUS
100
AcDbLine
 10
6.7202589370078742
 20
-3.6711124015748031
 30
0
 11
6.7291787401574803
 21
-3.6762622440944881
 31
0
  0
LINE
  5
FB1
330
22
100
AcDbEntity
  8
F.Silkscreen
  6
CONTINUOUS
100
AcDbLine
 10
6.7291787401574803
 20
-3.6762622440944881
 30
0
 11
6.7373500787401577
 21
-3.6825322834645666
 31
0
  0
LINE
  5
FB2
330
22
100
AcDbEntity
  8
F.Silkscreen
  6
CONTINUOUS
100
AcDbLine
 10
6.7373500787401577
 20
-3.6825322834645666
 30
0
 11
6.7446330708661417
 21
-3.6898152755905511
 31
0
  0
LINE
  5
FB3
330
22
100
AcDbEntity
  8
F.Silkscreen
  6
CONTINUOUS
100
AcDbLine
 10
6.7446330708661417
 20
-3.6898152755905511
 30
0
 11
6.7509031102362203
 21
-3.697986614173228
 31
0
  0
LINE
  5
FB4
330
22
100
AcDbEntity
  8
F.Silkscreen
  6
CONTINUOUS
100
AcDbLine
 10
6.7509031102362203
 20
-3.697986614173228
 30
0
 11
6.7560529527559057
 21
-3.7069064173228345
 31
0
  0
LINE
  5
FB5
330
22
100
AcDbEntity
  8
F.Silkscreen
  6
CONTINUOUS
100
AcDbLine
 10
6.7560529527559057
 20
-3.7069064173228345
 30
0
 11
6.7599944881889762
 21
-3.7164220866141733
 31
0
  0
LINE
  5
FB6
330
22
100
AcDbEntity
  8
F.Silkscreen
  6
CONTINUOUS
100
AcDbLine
 10
6.7599944881889762
 20
-3.7164220866141733
 30
0
 11
6.7626602755905507
 21
-3.7263708267716535
 31
0
  0
LINE
  5
FB7
330
22
100
AcDbEntity
  8
F.Silkscreen
  6
CONTINUOUS
100
AcDbLine
 10
6.7626602755905507
 20
-3.7263708267716535
 30
0
 11
6.7640046456692913
 21
-3.7365824409448818
 31
0
  0
LINE
  5
FB8
330
22
100
AcDbEntity
  8
F.Silkscreen
  6
CONTINUOUS
100
AcDbLine
 10
6.7640046456692913
 20
-3.7365824409448818
 30
0
 11
6.7640046456692913
 21
-3.7468821259842517
 31
0
  0
LINE
  5
FB9
330
22
100
AcDbEntity
  8
F.Silkscreen
  6
CONTINUOUS
100
AcDbLine
 10
6.7640046456692913
 20
-3.7468821259842517
 30
0
 11
6.7626602755905507
 21
-3.7570937401574804
 31
0
  0
LINE
  5
FBA
330
22
100
AcDbEntity
  8
F.Silkscreen
  6
CONTINUOUS
100
AcDbLine
 10
6.7626602755905507
 20
-3.7570937401574804
 30
0
 11
6.7599944881889762
 21
-3.7670424803149607
 31
0
  0
LINE
  5
FBB
330
22
100
AcDbEntity
  8
F.Silkscreen
  6
CONTINUOUS
100
AcDbLine
 10
6.7599944881889762
 20
-3.7670424803149607
 30
0
 11
6.7560529527559057
 21
-3.776558149606299
 31
0
  0
LINE
  5
FBC
330
22
100
AcDbEntity
  8
F.Silkscreen
  6
CONTINUOUS
100
AcDbLine
 10
6.7560529527559057
 20
-3.776558149606299
 30
0
 11
6.7509031102362203
 21
-3.7854779527559055
 31
0
  0
LINE
  5
FBD
330
22
100
AcDbEntity
  8
F.Silkscreen
  6
CONTINUOUS
100
AcDbLine
 10
6.7509031102362203
 20
-3.7854779527559055
 30
0
 11
6.7446330708661417
 21
-3.7936492913385824
 31
0
  0
LINE
  5
FBE
330
22
100
AcDbEntity
  8
F.Silkscreen
  6
CONTINUOUS
100
AcDbLine
 10
6.7446330708661417
 20
-3.7936492913385824
 30
0
 11
6.7373500787401577
 21
-3.8009322834645669
 31
0
  0
LINE
  5
FBF
330
22
100
AcDbEntity
  8
F.Silkscreen
  6
CONTINUOUS
100
AcDbLine
 10
6.7373500787401577
 20
-3.8009322834645669
 30
0
 11
6.7291787401574803
 21
-3.8072023228346454
 31
0
  0
LINE
  5
FC0
330
22
100
AcDbEntity
  8
F.Silkscreen
  6
CONTINUOUS
100
AcDbLine
 10
6.7291787401574803
 20
-3.8072023228346454
 30
0
 11
6.7202589370078742
 21
-3.8123521653543304
 31
0
  0
LINE
  5
FC1
330
22
100
AcDbEntity
  8
F.Silkscreen
  6
CONTINUOUS
100
AcDbLine
 10
6.7202589370078742
 20
-3.8123521653543304
 30
0
 11
6.7107432677165351
 21
-3.8162937007874014
 31
0
  0
LINE
  5
FC2
330
22
100
AcDbEntity
  8
F.Silkscreen
  6
CONTINUOUS
100
AcDbLine
 10
6.7107432677165351
 20
-3.8162937007874014
 30
0
 11
6.7007945275590552
 21
-3.8189594881889763
 31
0
  0
LINE
  5
FC3
330
22
100
AcDbEntity
  8
F.Silkscreen
  6
CONTINUOUS
100
AcDbLine
 10
6.7007945275590552
 20
-3.8189594881889763
 30
0
 11
6.6905829133858266
 21
-3.8203038582677165
 31
0
  0
LINE
  5
FC4
330
22
100
AcDbEntity
  8
F.Silkscreen
  6
CONTINUOUS
100
AcDbLine
 10
6.6905829133858266
 20
-3.8203038582677165
 30
0
 11
6.6802832283464566
 21
-3.8203038582677165
 31
0
  0
LINE
  5
FC5
330
22
100
AcDbEntity
  8
F.Silkscreen
  6
CONTINUOUS
100
AcDbLine
 10
6.6802832283464566
 20
-3.8203038582677165
 30
0
 11
6.6700716141732279
 21
-3.8189594881889763
 31
0
  0
LINE
  5
FC6
330
22
100
AcDbEntity
  8
F.Silkscreen
  6
CONTINUOUS
100
AcDbLine
 10
6.6700716141732279
 20
-3.8189594881889763
 30
0
 11
6.6601228740157481
 21
-3.8162937007874014
 31
0
  0
LINE
  5
FC7
330
22
100
AcDbEntity
  8
F.Silkscreen
  6
CONTINUOUS
100
AcDbLine
 10
6.6601228740157481
 20
-3.8162937007874014
 30
0
 11
6.6506072047244089
 21
-3.8123521653543304
 31
0
  0
LINE
  5
FC8
330
22
100
AcDbEntity
  8
F.Silkscreen
  6
CONTINUOUS
100
AcDbLine
 10
6.6506072047244089
 20
-3.8123521653543304
 30
0
 11
6.6416874015748029
 21
-3.8072023228346454
 31
0
  0
LINE
  5
FC9
330
22
100
AcDbEntity
  8
F.Silkscreen
  6
CONTINUOUS
100
AcDbLine
 10
6.6416874015748029
 20
-3.8072023228346454
 30
0
 11
6.6335160629921255
 21
-3.8009322834645669
 31
0
  0
LINE
  5
FCA
330
22
100
AcDbEntity
  8
F.Silkscreen
  6
CONTINUOUS
100
AcDbLine
 10
6.6335160629921255
 20
-3.8009322834645669
 30
0
 11
6.6262330708661414
 21
-3.7936492913385824
 31
0
  0
LINE
  5
FCB
330
22
100
AcDbEntity
  8
F.Silkscreen
  6
CONTINUOUS
100
AcDbLine
 10
6.6262330708661414
 20
-3.7936492913385824
 30
0
 11
6.6199630314960629
 21
-3.7854779527559055
 31
0
  0
LINE
  5
FCC
330
22
100
AcDbEntity
  8
F.Silkscreen
  6
CONTINUOUS
100
AcDbLine
 10
6.6199630314960629
 20
-3.7854779527559055
 30
0
 11
6.6148131889763775
 21
-3.776558149606299
 31
0
  0
LINE
  5
FCD
330
22
100
AcDbEntity
  8
F.Silkscreen
  6
CONTINUOUS
100
AcDbLine
 10
6.6148131889763775
 20
-3.776558149606299
 30
0
 11
6.610871653543307
 21
-3.7670424803149607
 31
0
  0
LINE
  5
FCE
330
22
100
AcDbEntity
  8
F.Silkscreen
  6
CONTINUOUS
100
AcDbLine
 10
6.610871653543307
 20
-3.7670424803149607
 30
0
 11
6.6082058661417324
 21
-3.7570937401574804
 31
0
  0
LINE
  5
FCF
330
22
100
AcDbEntity
  8
F.Silkscreen
  6
CONTINUOUS
100
AcDbLine
 10
6.6082058661417324
 20
-3.7570937401574804
 30
0
 11
6.6068614960629919
 21
-3.7468821259842517
 31
0
  0
LINE
  5
FD0
330
22
100
AcDbEntity
  8
F.Silkscreen
  6
CONTINUOUS
100
AcDbLine
 10
6.6068614960629919
 20
-3.7468821259842517
 30
0
 11
6.6068614960629919
 21
-3.7365824409448818
 31
0
  0
LINE
  5
FD1
330
22
100
AcDbEntity
  8
F.Silkscreen
  6
CONTINUOUS
100
AcDbLine
 10
6.6068614960629919
 20
-3.7365824409448818
 30
0
 11
6.6082058661417324
 21
-3.7263708267716535
 31
0
  0
LINE
  5
FD2
330
22
100
AcDbEntity
  8
F.Silkscreen
  6
CONTINUOUS
100
AcDbLine
 10
6.6082058661417324
 20
-3.7263708267716535
 30
0
 11
6.610871653543307
 21
-3.7164220866141733
 31
0
  0
LINE
  5
FD3
330
22
100
AcDbEntity
  8
F.Silkscreen
  6
CONTINUOUS
100
AcDbLine
 10
6.610871653543307
 20
-3.7164220866141733
 30
0
 11
6.6148131889763775
 21
-3.7069064173228345
 31
0
  0
LINE
  5
FD4
330
22
100
AcDbEntity
  8
F.Silkscreen
  6
CONTINUOUS
100
AcDbLine
 10
6.6148131889763775
 20
-3.7069064173228345
 30
0
 11
6.6199630314960629
 21
-3.697986614173228
 31
0
  0
LINE
  5
FD5
330
22
100
AcDbEntity
  8
F.Silkscreen
  6
CONTINUOUS
100
AcDbLine
 10
6.6199630314960629
 20
-3.697986614173228
 30
0
 11
6.6262330708661414
 21
-3.6898152755905511
 31
0
  0
LINE
  5
FD6
330
22
100
AcDbEntity
  8
F.Silkscreen
  6
CONTINUOUS
100
AcDbLine
 10
6.6262330708661414
 20
-3.6898152755905511
 30
0
 11
6.6335160629921255
 21
-3.6825322834645666
 31
0
  0
LINE
  5
FD7
330
22
100
AcDbEntity
  8
F.Silkscreen
  6
CONTINUOUS
100
AcDbLine
 10
6.6335160629921255
 20
-3.6825322834645666
 30
0
 11
6.6416874015748029
 21
-3.6762622440944881
 31
0
  0
LINE
  5
FD8
330
22
100
AcDbEntity
  8
F.Silkscreen
  6
CONTINUOUS
100
AcDbLine
 10
6.6416874015748029
 20
-3.6762622440944881
 30
0
 11
6.6506072047244089
 21
-3.6711124015748031
 31
0
  0
LINE
  5
FD9
330
22
100
AcDbEntity
  8
F.Silkscreen
  6
CONTINUOUS
100
AcDbLine
 10
6.6506072047244089
 20
-3.6711124015748031
 30
0
 11
6.6601228740157481
 21
-3.6671708661417322
 31
0
  0
LINE
  5
FDA
330
22
100
AcDbEntity
  8
F.Silkscreen
  6
CONTINUOUS
100
AcDbLine
 10
6.6601228740157481
 20
-3.6671708661417322
 30
0
 11
6.6700716141732279
 21
-3.6645050787401572
 31
0
  0
LINE
  5
FDB
330
22
100
AcDbEntity
  8
F.Silkscreen
  6
CONTINUOUS
100
AcDbLine
 10
6.6700716141732279
 20
-3.6645050787401572
 30
0
 11
6.6802832283464566
 21
-3.6631607086614171
 31
0
  0
LINE
  5
FDC
330
22
100
AcDbEntity
  8
F.Silkscreen
  6
CONTINUOUS
100
AcDbLine
 10
6.6802832283464566
 20
-3.6631607086614171
 30
0
 11
6.6905829133858266
 21
-3.6631607086614171
 31
0
  0
LINE
  5
FDD
330
22
100
AcDbEntity
  8
F.Silkscreen
  6
CONTINUOUS
100
AcDbLine
 10
6.6905829133858266
 20
-3.6631607086614171
 30
0
 11
6.7007945275590552
 21
-3.6645050787401572
 31
0
  0
LINE
  5
FDE
330
22
100
AcDbEntity
  8
F.Silkscreen
  6
CONTINUOUS
100
AcDbLine
 10
5.9405583070866141
 20
-3.6629302755905511
 30
0
 11
5.950507047244094
 21
-3.665596062992126
 31
0
  0
LINE
  5
FDF
330
22
100
AcDbEntity
  8
F.Silkscreen
  6
CONTINUOUS
100
AcDbLine
 10
5.950507047244094
 20
-3.665596062992126
 30
0
 11
5.9600227165354331
 21
-3.6695375984251966
 31
0
  0
LINE
  5
FE0
330
22
100
AcDbEntity
  8
F.Silkscreen
  6
CONTINUOUS
100
AcDbLine
 10
5.9600227165354331
 20
-3.6695375984251966
 30
0
 11
5.9689425196850392
 21
-3.674687440944882
 31
0
  0
LINE
  5
FE1
330
22
100
AcDbEntity
  8
F.Silkscreen
  6
CONTINUOUS
100
AcDbLine
 10
5.9689425196850392
 20
-3.674687440944882
 30
0
 11
5.9771138582677166
 21
-3.6809574803149605
 31
0
  0
LINE
  5
FE2
330
22
100
AcDbEntity
  8
F.Silkscreen
  6
CONTINUOUS
100
AcDbLine
 10
5.9771138582677166
 20
-3.6809574803149605
 30
0
 11
5.9843968503937006
 21
-3.688240472440945
 31
0
  0
LINE
  5
FE3
330
22
100
AcDbEntity
  8
F.Silkscreen
  6
CONTINUOUS
100
AcDbLine
 10
5.9843968503937006
 20
-3.688240472440945
 30
0
 11
5.9906668897637791
 21
-3.6964118110236219
 31
0
  0
LINE
  5
FE4
330
22
100
AcDbEntity
  8
F.Silkscreen
  6
CONTINUOUS
100
AcDbLine
 10
5.9906668897637791
 20
-3.6964118110236219
 30
0
 11
5.9958167322834646
 21
-3.7053316141732284
 31
0
  0
LINE
  5
FE5
330
22
100
AcDbEntity
  8
F.Silkscreen
  6
CONTINUOUS
100
AcDbLine
 10
5.9958167322834646
 20
-3.7053316141732284
 30
0
 11
5.9997582677165351
 21
-3.7148472834645667
 31
0
  0
LINE
  5
FE6
330
22
100
AcDbEntity
  8
F.Silkscreen
  6
CONTINUOUS
100
AcDbLine
 10
5.9997582677165351
 20
-3.7148472834645667
 30
0
 11
6.0024240551181105
 21
-3.724796023622047
 31
0
  0
LINE
  5
FE7
330
22
100
AcDbEntity
  8
F.Silkscreen
  6
CONTINUOUS
100
AcDbLine
 10
6.0024240551181105
 20
-3.724796023622047
 30
0
 11
6.0037684251968502
 21
-3.7350076377952757
 31
0
  0
LINE
  5
FE8
330
22
100
AcDbEntity
  8
F.Silkscreen
  6
CONTINUOUS
100
AcDbLine
 10
6.0037684251968502
 20
-3.7350076377952757
 30
0
 11
6.0037684251968502
 21
-3.7453073228346456
 31
0
  0
LINE
  5
FE9
330
22
100
AcDbEntity
  8
F.Silkscreen
  6
CONTINUOUS
100
AcDbLine
 10
6.0037684251968502
 20
-3.7453073228346456
 30
0
 11
6.0024240551181105
 21
-3.7555189370078739
 31
0
  0
LINE
  5
FEA
330
22
100
AcDbEntity
  8
F.Silkscreen
  6
CONTINUOUS
100
AcDbLine
 10
6.0024240551181105
 20
-3.7555189370078739
 30
0
 11
5.9997582677165351
 21
-3.7654676771653541
 31
0
  0
LINE
  5
FEB
330
22
100
AcDbEntity
  8
F.Silkscreen
  6
CONTINUOUS
100
AcDbLine
 10
5.9997582677165351
 20
-3.7654676771653541
 30
0
 11
5.9958167322834646
 21
-3.7749833464566929
 31
0
  0
LINE
  5
FEC
330
22
100
AcDbEntity
  8
F.Silkscreen
  6
CONTINUOUS
100
AcDbLine
 10
5.9958167322834646
 20
-3.7749833464566929
 30
0
 11
5.9906668897637791
 21
-3.7839031496062989
 31
0
  0
LINE
  5
FED
330
22
100
AcDbEntity
  8
F.Silkscreen
  6
CONTINUOUS
100
AcDbLine
 10
5.9906668897637791
 20
-3.7839031496062989
 30
0
 11
5.9843968503937006
 21
-3.7920744881889763
 31
0
  0
LINE
  5
FEE
330
22
100
AcDbEntity
  8
F.Silkscreen
  6
CONTINUOUS
100
AcDbLine
 10
5.9843968503937006
 20
-3.7920744881889763
 30
0
 11
5.9771138582677166
 21
-3.7993574803149603
 31
0
  0
LINE
  5
FEF
330
22
100
AcDbEntity
  8
F.Silkscreen
  6
CONTINUOUS
100
AcDbLine
 10
5.9771138582677166
 20
-3.7993574803149603
 30
0
 11
5.9689425196850392
 21
-3.8056275196850393
 31
0
  0
LINE
  5
FF0
330
22
100
AcDbEntity
  8
F.Silkscreen
  6
CONTINUOUS
100
AcDbLine
 10
5.9689425196850392
 20
-3.8056275196850393
 30
0
 11
5.9600227165354331
 21
-3.8107773622047243
 31
0
  0
LINE
  5
FF1
330
22
100
AcDbEntity
  8
F.Silkscreen
  6
CONTINUOUS
100
AcDbLine
 10
5.9600227165354331
 20
-3.8107773622047243
 30
0
 11
5.950507047244094
 21
-3.8147188976377953
 31
0
  0
LINE
  5
FF2
330
22
100
AcDbEntity
  8
F.Silkscreen
  6
CONTINUOUS
100
AcDbLine
 10
5.950507047244094
 20
-3.8147188976377953
 30
0
 11
5.9405583070866141
 21
-3.8173846850393698
 31
0
  0
LINE
  5
FF3
330
22
100
AcDbEntity
  8
F.Silkscreen
  6
CONTINUOUS
100
AcDbLine
 10
5.9405583070866141
 20
-3.8173846850393698
 30
0
 11
5.9303466929133855
 21
-3.8187290551181103
 31
0
  0
LINE
  5
FF4
330
22
100
AcDbEntity
  8
F.Silkscreen
  6
CONTINUOUS
100
AcDbLine
 10
5.9303466929133855
 20
-3.8187290551181103
 30
0
 11
5.9200470078740155
 21
-3.8187290551181103
 31
0
  0
LINE
  5
FF5
330
22
100
AcDbEntity
  8
F.Silkscreen
  6
CONTINUOUS
100
AcDbLine
 10
5.9200470078740155
 20
-3.8187290551181103
 30
0
 11
5.9098353937007877
 21
-3.8173846850393698
 31
0
  0
LINE
  5
FF6
330
22
100
AcDbEntity
  8
F.Silkscreen
  6
CONTINUOUS
100
AcDbLine
 10
5.9098353937007877
 20
-3.8173846850393698
 30
0
 11
5.899886653543307
 21
-3.8147188976377953
 31
0
  0
LINE
  5
FF7
330
22
100
AcDbEntity
  8
F.Silkscreen
  6
CONTINUOUS
100
AcDbLine
 10
5.899886653543307
 20
-3.8147188976377953
 30
0
 11
5.8903709842519687
 21
-3.8107773622047243
 31
0
  0
LINE
  5
FF8
330
22
100
AcDbEntity
  8
F.Silkscreen
  6
CONTINUOUS
100
AcDbLine
 10
5.8903709842519687
 20
-3.8107773622047243
 30
0
 11
5.8814511811023618
 21
-3.8056275196850393
 31
0
  0
LINE
  5
FF9
330
22
100
AcDbEntity
  8
F.Silkscreen
  6
CONTINUOUS
100
AcDbLine
 10
5.8814511811023618
 20
-3.8056275196850393
 30
0
 11
5.8732798425196853
 21
-3.7993574803149603
 31
0
  0
LINE
  5
FFA
330
22
100
AcDbEntity
  8
F.Silkscreen
  6
CONTINUOUS
100
AcDbLine
 10
5.8732798425196853
 20
-3.7993574803149603
 30
0
 11
5.8659968503937003
 21
-3.7920744881889763
 31
0
  0
LINE
  5
FFB
330
22
100
AcDbEntity
  8
F.Silkscreen
  6
CONTINUOUS
100
AcDbLine
 10
5.8659968503937003
 20
-3.7920744881889763
 30
0
 11
5.8597268110236218
 21
-3.7839031496062989
 31
0
  0
LINE
  5
FFC
330
22
100
AcDbEntity
  8
F.Silkscreen
  6
CONTINUOUS
100
AcDbLine
 10
5.8597268110236218
 20
-3.7839031496062989
 30
0
 11
5.8545769685039373
 21
-3.7749833464566929
 31
0
  0
LINE
  5
FFD
330
22
100
AcDbEntity
  8
F.Silkscreen
  6
CONTINUOUS
100
AcDbLine
 10
5.8545769685039373
 20
-3.7749833464566929
 30
0
 11
5.8506354330708659
 21
-3.7654676771653541
 31
0
  0
LINE
  5
FFE
330
22
100
AcDbEntity
  8
F.Silkscreen
  6
CONTINUOUS
100
AcDbLine
 10
5.8506354330708659
 20
-3.7654676771653541
 30
0
 11
5.8479696456692913
 21
-3.7555189370078739
 31
0
  0
LINE
  5
FFF
330
22
100
AcDbEntity
  8
F.Silkscreen
  6
CONTINUOUS
100
AcDbLine
 10
5.8479696456692913
 20
-3.7555189370078739
 30
0
 11
5.8466252755905508
 21
-3.7453073228346456
 31
0
  0
LINE
  5
1000
330
22
100
AcDbEntity
  8
F.Silkscreen
  6
CONTINUOUS
100
AcDbLine
 10
5.8466252755905508
 20
-3.7453073228346456
 30
0
 11
5.8466252755905508
 21
-3.7350076377952757
 31
0
  0
LINE
  5
1001
330
22
100
AcDbEntity
  8
F.Silkscreen
  6
CONTINUOUS
100
AcDbLine
 10
5.8466252755905508
 20
-3.7350076377952757
 30
0
 11
5.8479696456692913
 21
-3.724796023622047
 31
0
  0
LINE
  5
1002
330
22
100
AcDbEntity
  8
F.Silkscreen
  6
CONTINUOUS
100
AcDbLine
 10
5.8479696456692913
 20
-3.724796023622047
 30
0
 11
5.8506354330708659
 21
-3.7148472834645667
 31
0
  0
LINE
  5
1003
330
22
100
AcDbEntity
  8
F.Silkscreen
  6
CONTINUOUS
100
AcDbLine
 10
5.8506354330708659
 20
-3.7148472834645667
 30
0
 11
5.8545769685039373
 21
-3.7053316141732284
 31
0
  0
LINE
  5
1004
330
22
100
AcDbEntity
  8
F.Silkscreen
  6
CONTINUOUS
100
AcDbLine
 10
5.8545769685039373
 20
-3.7053316141732284
 30
0
 11
5.8597268110236218
 21
-3.6964118110236219
 31
0
  0
LINE
  5
1005
330
22
100
AcDbEntity
  8
F.Silkscreen
  6
CONTINUOUS
100
AcDbLine
 10
5.8597268110236218
 20
-3.6964118110236219
 30
0
 11
5.8659968503937003
 21
-3.688240472440945
 31
0
  0
LINE
  5
1006
330
22
100
AcDbEntity
  8
F.Silkscreen
  6
CONTINUOUS
100
AcDbLine
 10
5.8659968503937003
 20
-3.688240472440945
 30
0
 11
5.8732798425196853
 21
-3.6809574803149605
 31
0
  0
LINE
  5
1007
330
22
100
AcDbEntity
  8
F.Silkscreen
  6
CONTINUOUS
100
AcDbLine
 10
5.8732798425196853
 20
-3.6809574803149605
 30
0
 11
5.8814511811023618
 21
-3.674687440944882
 31
0
  0
LINE
  5
1008
330
22
100
AcDbEntity
  8
F.Silkscreen
  6
CONTINUOUS
100
AcDbLine
 10
5.8814511811023618
 20
-3.674687440944882
 30
0
 11
5.8903709842519687
 21
-3.6695375984251966
 31
0
  0
LINE
  5
1009
330
22
100
AcDbEntity
  8
F.Silkscreen
  6
CONTINUOUS
100
AcDbLine
 10
5.8903709842519687
 20
-3.6695375984251966
 30
0
 11
5.899886653543307
 21
-3.665596062992126
 31
0
  0
LINE
  5
100A
330
22
100
AcDbEntity
  8
F.Silkscreen
  6
CONTINUOUS
100
AcDbLine
 10
5.899886653543307
 20
-3.665596062992126
 30
0
 11
5.9098353937007877
 21
-3.6629302755905511
 31
0
  0
LINE
  5
100B
330
22
100
AcDbEntity
  8
F.Silkscreen
  6
CONTINUOUS
100
AcDbLine
 10
5.9098353937007877
 20
-3.6629302755905511
 30
0
 11
5.9200470078740155
 21
-3.661585905511811
 31
0
  0
LINE
  5
100C
330
22
100
AcDbEntity
  8
F.Silkscreen
  6
CONTINUOUS
100
AcDbLine
 10
5.9200470078740155
 20
-3.661585905511811
 30
0
 11
5.9303466929133855
 21
-3.661585905511811
 31
0
  0
LINE
  5
100D
330
22
100
AcDbEntity
  8
F.Silkscreen
  6
CONTINUOUS
100
AcDbLine
 10
5.9303466929133855
 20
-3.661585905511811
 30
0
 11
5.9405583070866141
 21
-3.6629302755905511
 31
0
  0
LINE
  5
100E
330
22
100
AcDbEntity
  8
F.Silkscreen
  6
CONTINUOUS
100
AcDbLine
 10
7.4563063385826771
 20
-3.6629302755905511
 30
0
 11
7.4662550787401569
 21
-3.665596062992126
 31
0
  0
LINE
  5
100F
330
22
100
AcDbEntity
  8
F.Silkscreen
  6
CONTINUOUS
100
AcDbLine
 10
7.4662550787401569
 20
-3.665596062992126
 30
0
 11
7.4757707480314961
 21
-3.6695375984251966
 31
0
  0
LINE
  5
1010
330
22
100
AcDbEntity
  8
F.Silkscreen
  6
CONTINUOUS
100
AcDbLine
 10
7.4757707480314961
 20
-3.6695375984251966
 30
0
 11
7.4846905511811022
 21
-3.674687440944882
 31
0
  0
LINE
  5
1011
330
22
100
AcDbEntity
  8
F.Silkscreen
  6
CONTINUOUS
100
AcDbLine
 10
7.4846905511811022
 20
-3.674687440944882
 30
0
 11
7.4928618897637795
 21
-3.6809574803149605
 31
0
  0
LINE
  5
1012
330
22
100
AcDbEntity
  8
F.Silkscreen
  6
CONTINUOUS
100
AcDbLine
 10
7.4928618897637795
 20
-3.6809574803149605
 30
0
 11
7.5001448818897636
 21
-3.688240472440945
 31
0
  0
LINE
  5
1013
330
22
100
AcDbEntity
  8
F.Silkscreen
  6
CONTINUOUS
100
AcDbLine
 10
7.5001448818897636
 20
-3.688240472440945
 30
0
 11
7.5064149212598421
 21
-3.6964118110236219
 31
0
  0
LINE
  5
1014
330
22
100
AcDbEntity
  8
F.Silkscreen
  6
CONTINUOUS
100
AcDbLine
 10
7.5064149212598421
 20
-3.6964118110236219
 30
0
 11
7.5115647637795275
 21
-3.7053316141732284
 31
0
  0
LINE
  5
1015
330
22
100
AcDbEntity
  8
F.Silkscreen
  6
CONTINUOUS
100
AcDbLine
 10
7.5115647637795275
 20
-3.7053316141732284
 30
0
 11
7.5155062992125981
 21
-3.7148472834645667
 31
0
  0
LINE
  5
1016
330
22
100
AcDbEntity
  8
F.Silkscreen
  6
CONTINUOUS
100
AcDbLine
 10
7.5155062992125981
 20
-3.7148472834645667
 30
0
 11
7.5181720866141735
 21
-3.724796023622047
 31
0
  0
LINE
  5
1017
330
22
100
AcDbEntity
  8
F.Silkscreen
  6
CONTINUOUS
100
AcDbLine
 10
7.5181720866141735
 20
-3.724796023622047
 30
0
 11
7.5195164566929131
 21
-3.7350076377952757
 31
0
  0
LINE
  5
1018
330
22
100
AcDbEntity
  8
F.Silkscreen
  6
CONTINUOUS
100
AcDbLine
 10
7.5195164566929131
 20
-3.7350076377952757
 30
0
 11
7.5195164566929131
 21
-3.7453073228346456
 31
0
  0
LINE
  5
1019
330
22
100
AcDbEntity
  8
F.Silkscreen
  6
CONTINUOUS
100
AcDbLine
 10
7.5195164566929131
 20
-3.7453073228346456
 30
0
 11
7.5181720866141735
 21
-3.7555189370078739
 31
0
  0
LINE
  5
101A
330
22
100
AcDbEntity
  8
F.Silkscreen
  6
CONTINUOUS
100
AcDbLine
 10
7.5181720866141735
 20
-3.7555189370078739
 30
0
 11
7.5155062992125981
 21
-3.7654676771653541
 31
0
  0
LINE
  5
101B
330
22
100
AcDbEntity
  8
F.Silkscreen
  6
CONTINUOUS
100
AcDbLine
 10
7.5155062992125981
 20
-3.7654676771653541
 30
0
 11
7.5115647637795275
 21
-3.7749833464566929
 31
0
  0
LINE
  5
101C
330
22
100
AcDbEntity
  8
F.Silkscreen
  6
CONTINUOUS
100
AcDbLine
 10
7.5115647637795275
 20
-3.7749833464566929
 30
0
 11
7.5064149212598421
 21
-3.7839031496062989
 31
0
  0
LINE
  5
101D
330
22
100
AcDbEntity
  8
F.Silkscreen
  6
CONTINUOUS
100
AcDbLine
 10
7.5064149212598421
 20
-3.7839031496062989
 30
0
 11
7.5001448818897636
 21
-3.7920744881889763
 31
0
  0
LINE
  5
101E
330
22
100
AcDbEntity
  8
F.Silkscreen
  6
CONTINUOUS
100
AcDbLine
 10
7.5001448818897636
 20
-3.7920744881889763
 30
0
 11
7.4928618897637795
 21
-3.7993574803149603
 31
0
  0
LINE
  5
101F
330
22
100
AcDbEntity
  8
F.Silkscreen
  6
CONTINUOUS
100
AcDbLine
 10
7.4928618897637795
 20
-3.7993574803149603
 30
0
 11
7.4846905511811022
 21
-3.8056275196850393
 31
0
  0
LINE
  5
1020
330
22
100
AcDbEntity
  8
F.Silkscreen
  6
CONTINUOUS
100
AcDbLine
 10
7.4846905511811022
 20
-3.8056275196850393
 30
0
 11
7.4757707480314961
 21
-3.8107773622047243
 31
0
  0
LINE
  5
1021
330
22
100
AcDbEntity
  8
F.Silkscreen
  6
CONTINUOUS
100
AcDbLine
 10
7.4757707480314961
 20
-3.8107773622047243
 30
0
 11
7.4662550787401569
 21
-3.8147188976377953
 31
0
  0
LINE
  5
1022
330
22
100
AcDbEntity
  8
F.Silkscreen
  6
CONTINUOUS
100
AcDbLine
 10
7.4662550787401569
 20
-3.8147188976377953
 30
0
 11
7.4563063385826771
 21
-3.8173846850393698
 31
0
  0
LINE
  5
1023
330
22
100
AcDbEntity
  8
F.Silkscreen
  6
CONTINUOUS
100
AcDbLine
 10
7.4563063385826771
 20
-3.8173846850393698
 30
0
 11
7.4460947244094484
 21
-3.8187290551181103
 31
0
  0
LINE
  5
1024
330
22
100
AcDbEntity
  8
F.Silkscreen
  6
CONTINUOUS
100
AcDbLine
 10
7.4460947244094484
 20
-3.8187290551181103
 30
0
 11
7.4357950393700785
 21
-3.8187290551181103
 31
0
  0
LINE
  5
1025
330
22
100
AcDbEntity
  8
F.Silkscreen
  6
CONTINUOUS
100
AcDbLine
 10
7.4357950393700785
 20
-3.8187290551181103
 30
0
 11
7.4255834251968507
 21
-3.8173846850393698
 31
0
  0
LINE
  5
1026
330
22
100
AcDbEntity
  8
F.Silkscreen
  6
CONTINUOUS
100
AcDbLine
 10
7.4255834251968507
 20
-3.8173846850393698
 30
0
 11
7.41563468503937
 21
-3.8147188976377953
 31
0
  0
LINE
  5
1027
330
22
100
AcDbEntity
  8
F.Silkscreen
  6
CONTINUOUS
100
AcDbLine
 10
7.41563468503937
 20
-3.8147188976377953
 30
0
 11
7.4061190157480317
 21
-3.8107773622047243
 31
0
  0
LINE
  5
1028
330
22
100
AcDbEntity
  8
F.Silkscreen
  6
CONTINUOUS
100
AcDbLine
 10
7.4061190157480317
 20
-3.8107773622047243
 30
0
 11
7.3971992125984247
 21
-3.8056275196850393
 31
0
  0
LINE
  5
1029
330
22
100
AcDbEntity
  8
F.Silkscreen
  6
CONTINUOUS
100
AcDbLine
 10
7.3971992125984247
 20
-3.8056275196850393
 30
0
 11
7.3890278740157482
 21
-3.7993574803149603
 31
0
  0
LINE
  5
102A
330
22
100
AcDbEntity
  8
F.Silkscreen
  6
CONTINUOUS
100
AcDbLine
 10
7.3890278740157482
 20
-3.7993574803149603
 30
0
 11
7.3817448818897633
 21
-3.7920744881889763
 31
0
  0
LINE
  5
102B
330
22
100
AcDbEntity
  8
F.Silkscreen
  6
CONTINUOUS
100
AcDbLine
 10
7.3817448818897633
 20
-3.7920744881889763
 30
0
 11
7.3754748425196848
 21
-3.7839031496062989
 31
0
  0
LINE
  5
102C
330
22
100
AcDbEntity
  8
F.Silkscreen
  6
CONTINUOUS
100
AcDbLine
 10
7.3754748425196848
 20
-3.7839031496062989
 30
0
 11
7.3703250000000002
 21
-3.7749833464566929
 31
0
  0
LINE
  5
102D
330
22
100
AcDbEntity
  8
F.Silkscreen
  6
CONTINUOUS
100
AcDbLine
 10
7.3703250000000002
 20
-3.7749833464566929
 30
0
 11
7.3663834645669288
 21
-3.7654676771653541
 31
0
  0
LINE
  5
102E
330
22
100
AcDbEntity
  8
F.Silkscreen
  6
CONTINUOUS
100
AcDbLine
 10
7.3663834645669288
 20
-3.7654676771653541
 30
0
 11
7.3637176771653543
 21
-3.7555189370078739
 31
0
  0
LINE
  5
102F
330
22
100
AcDbEntity
  8
F.Silkscreen
  6
CONTINUOUS
100
AcDbLine
 10
7.3637176771653543
 20
-3.7555189370078739
 30
0
 11
7.3623733070866137
 21
-3.7453073228346456
 31
0
  0
LINE
  5
1030
330
22
100
AcDbEntity
  8
F.Silkscreen
  6
CONTINUOUS
100
AcDbLine
 10
7.3623733070866137
 20
-3.7453073228346456
 30
0
 11
7.3623733070866137
 21
-3.7350076377952757
 31
0
  0
LINE
  5
1031
330
22
100
AcDbEntity
  8
F.Silkscreen
  6
CONTINUOUS
100
AcDbLine
 10
7.3623733070866137
 20
-3.7350076377952757
 30
0
 11
7.3637176771653543
 21
-3.724796023622047
 31
0
  0
LINE
  5
1032
330
22
100
AcDbEntity
  8
F.Silkscreen
  6
CONTINUOUS
100
AcDbLine
 10
7.3637176771653543
 20
-3.724796023622047
 30
0
 11
7.3663834645669288
 21
-3.7148472834645667
 31
0
  0
LINE
  5
1033
330
22
100
AcDbEntity
  8
F.Silkscreen
  6
CONTINUOUS
100
AcDbLine
 10
7.3663834645669288
 20
-3.7148472834645667
 30
0
 11
7.3703250000000002
 21
-3.7053316141732284
 31
0
  0
LINE
  5
1034
330
22
100
AcDbEntity
  8
F.Silkscreen
  6
CONTINUOUS
100
AcDbLine
 10
7.3703250000000002
 20
-3.7053316141732284
 30
0
 11
7.3754748425196848
 21
-3.6964118110236219
 31
0
  0
LINE
  5
1035
330
22
100
AcDbEntity
  8
F.Silkscreen
  6
CONTINUOUS
100
AcDbLine
 10
7.3754748425196848
 20
-3.6964118110236219
 30
0
 11
7.3817448818897633
 21
-3.688240472440945
 31
0
  0
LINE
  5
1036
330
22
100
AcDbEntity
  8
F.Silkscreen
  6
CONTINUOUS
100
AcDbLine
 10
7.3817448818897633
 20
-3.688240472440945
 30
0
 11
7.3890278740157482
 21
-3.6809574803149605
 31
0
  0
LINE
  5
1037
330
22
100
AcDbEntity
  8
F.Silkscreen
  6
CONTINUOUS
100
AcDbLine
 10
7.3890278740157482
 20
-3.6809574803149605
 30
0
 11
7.3971992125984247
 21
-3.674687440944882
 31
0
  0
LINE
  5
1038
330
22
100
AcDbEntity
  8
F.Silkscreen
  6
CONTINUOUS
100
AcDbLine
 10
7.3971992125984247
 20
-3.674687440944882
 30
0
 11
7.4061190157480317
 21
-3.6695375984251966
 31
0
  0
LINE
  5
1039
330
22
100
AcDbEntity
  8
F.Silkscreen
  6
CONTINUOUS
100
AcDbLine
 10
7.4061190157480317
 20
-3.6695375984251966
 30
0
 11
7.41563468503937
 21
-3.665596062992126
 31
0
  0
LINE
  5
103A
330
22
100
AcDbEntity
  8
F.Silkscreen
  6
CONTINUOUS
100
AcDbLine
 10
7.41563468503937
 20
-3.665596062992126
 30
0
 11
7.4255834251968507
 21
-3.6629302755905511
 31
0
  0
LINE
  5
103B
330
22
100
AcDbEntity
  8
F.Silkscreen
  6
CONTINUOUS
100
AcDbLine
 10
7.4255834251968507
 20
-3.6629302755905511
 30
0
 11
7.4357950393700785
 21
-3.661585905511811
 31
0
  0
LINE
  5
103C
330
22
100
AcDbEntity
  8
F.Silkscreen
  6
CONTINUOUS
100
AcDbLine
 10
7.4357950393700785
 20
-3.661585905511811
 30
0
 11
7.4460947244094484
 21
-3.661585905511811
 31
0
  0
LINE
  5
103D
330
22
100
AcDbEntity
  8
F.Silkscreen
  6
CONTINUOUS
100
AcDbLine
 10
7.4460947244094484
 20
-3.661585905511811
 30
0
 11
7.4563063385826771
 21
-3.6629302755905511
 31
0
  0
LINE
  5
103E
330
22
100
AcDbEntity
  8
F.Silkscreen
  6
CONTINUOUS
100
AcDbLine
 10
6.4951473228346455
 20
-3.7097087007874014
 30
0
 11
6.501208149606299
 21
-3.7122191732283465
 31
0
  0
LINE
  5
103F
330
22
100
AcDbEntity
  8
F.Silkscreen
  6
CONTINUOUS
100
AcDbLine
 10
6.501208149606299
 20
-3.7122191732283465
 30
0
 11
6.5066627559055119
 21
-3.7158638188976378
 31
0
  0
LINE
  5
1040
330
22
100
AcDbEntity
  8
F.Silkscreen
  6
CONTINUOUS
100
AcDbLine
 10
6.5066627559055119
 20
-3.7158638188976378
 30
0
 11
6.5113015354330708
 21
-3.7205025984251967
 31
0
  0
LINE
  5
1041
330
22
100
AcDbEntity
  8
F.Silkscreen
  6
CONTINUOUS
100
AcDbLine
 10
6.5113015354330708
 20
-3.7205025984251967
 30
0
 11
6.5149461811023617
 21
-3.7259572047244092
 31
0
  0
LINE
  5
1042
330
22
100
AcDbEntity
  8
F.Silkscreen
  6
CONTINUOUS
100
AcDbLine
 10
6.5149461811023617
 20
-3.7259572047244092
 30
0
 11
6.5174566535433067
 21
-3.7320180314960627
 31
0
  0
LINE
  5
1043
330
22
100
AcDbEntity
  8
F.Silkscreen
  6
CONTINUOUS
100
AcDbLine
 10
6.5174566535433067
 20
-3.7320180314960627
 30
0
 11
6.5187364960629921
 21
-3.7384521653543308
 31
0
  0
LINE
  5
1044
330
22
100
AcDbEntity
  8
F.Silkscreen
  6
CONTINUOUS
100
AcDbLine
 10
6.5187364960629921
 20
-3.7384521653543308
 30
0
 11
6.5187364960629921
 21
-3.7450124015748032
 31
0
  0
LINE
  5
1045
330
22
100
AcDbEntity
  8
F.Silkscreen
  6
CONTINUOUS
100
AcDbLine
 10
6.5187364960629921
 20
-3.7450124015748032
 30
0
 11
6.5174566535433067
 21
-3.7514465354330708
 31
0
  0
LINE
  5
1046
330
22
100
AcDbEntity
  8
F.Silkscreen
  6
CONTINUOUS
100
AcDbLine
 10
6.5174566535433067
 20
-3.7514465354330708
 30
0
 11
6.5149461811023617
 21
-3.7575073622047244
 31
0
  0
LINE
  5
1047
330
22
100
AcDbEntity
  8
F.Silkscreen
  6
CONTINUOUS
100
AcDbLine
 10
6.5149461811023617
 20
-3.7575073622047244
 30
0
 11
6.5113015354330708
 21
-3.7629619685039368
 31
0
  0
LINE
  5
1048
330
22
100
AcDbEntity
  8
F.Silkscreen
  6
CONTINUOUS
100
AcDbLine
 10
6.5113015354330708
 20
-3.7629619685039368
 30
0
 11
6.5066627559055119
 21
-3.7676007480314961
 31
0
  0
LINE
  5
1049
330
22
100
AcDbEntity
  8
F.Silkscreen
  6
CONTINUOUS
100
AcDbLine
 10
6.5066627559055119
 20
-3.7676007480314961
 30
0
 11
6.501208149606299
 21
-3.7712453937007875
 31
0
  0
LINE
  5
104A
330
22
100
AcDbEntity
  8
F.Silkscreen
  6
CONTINUOUS
100
AcDbLine
 10
6.501208149606299
 20
-3.7712453937007875
 30
0
 11
6.4951473228346455
 21
-3.7737558661417321
 31
0
  0
LINE
  5
104B
330
22
100
AcDbEntity
  8
F.Silkscreen
  6
CONTINUOUS
100
AcDbLine
 10
6.4951473228346455
 20
-3.7737558661417321
 30
0
 11
6.4887131889763774
 21
-3.775035708661417
 31
0
  0
LINE
  5
104C
330
22
100
AcDbEntity
  8
F.Silkscreen
  6
CONTINUOUS
100
AcDbLine
 10
6.4887131889763774
 20
-3.775035708661417
 30
0
 11
6.4821529527559054
 21
-3.775035708661417
 31
0
  0
LINE
  5
104D
330
22
100
AcDbEntity
  8
F.Silkscreen
  6
CONTINUOUS
100
AcDbLine
 10
6.4821529527559054
 20
-3.775035708661417
 30
0
 11
6.4757188188976373
 21
-3.7737558661417321
 31
0
  0
LINE
  5
104E
330
22
100
AcDbEntity
  8
F.Silkscreen
  6
CONTINUOUS
100
AcDbLine
 10
6.4757188188976373
 20
-3.7737558661417321
 30
0
 11
6.4696579921259838
 21
-3.7712453937007875
 31
0
  0
LINE
  5
104F
330
22
100
AcDbEntity
  8
F.Silkscreen
  6
CONTINUOUS
100
AcDbLine
 10
6.4696579921259838
 20
-3.7712453937007875
 30
0
 11
6.4642033858267718
 21
-3.7676007480314961
 31
0
  0
LINE
  5
1050
330
22
100
AcDbEntity
  8
F.Silkscreen
  6
CONTINUOUS
100
AcDbLine
 10
6.4642033858267718
 20
-3.7676007480314961
 30
0
 11
6.459564606299212
 21
-3.7629619685039368
 31
0
  0
LINE
  5
1051
330
22
100
AcDbEntity
  8
F.Silkscreen
  6
CONTINUOUS
100
AcDbLine
 10
6.459564606299212
 20
-3.7629619685039368
 30
0
 11
6.4559199606299211
 21
-3.7575073622047244
 31
0
  0
LINE
  5
1052
330
22
100
AcDbEntity
  8
F.Silkscreen
  6
CONTINUOUS
100
AcDbLine
 10
6.4559199606299211
 20
-3.7575073622047244
 30
0
 11
6.4534094881889761
 21
-3.7514465354330708
 31
0
  0
LINE
  5
1053
330
22
100
AcDbEntity
  8
F.Silkscreen
  6
CONTINUOUS
100
AcDbLine
 10
6.4534094881889761
 20
-3.7514465354330708
 30
0
 11
6.4521296456692916
 21
-3.7450124015748032
 31
0
  0
LINE
  5
1054
330
22
100
AcDbEntity
  8
F.Silkscreen
  6
CONTINUOUS
100
AcDbLine
 10
6.4521296456692916
 20
-3.7450124015748032
 30
0
 11
6.4521296456692916
 21
-3.7384521653543308
 31
0
  0
LINE
  5
1055
330
22
100
AcDbEntity
  8
F.Silkscreen
  6
CONTINUOUS
100
AcDbLine
 10
6.4521296456692916
 20
-3.7384521653543308
 30
0
 11
6.4534094881889761
 21
-3.7320180314960627
 31
0
  0
LINE
  5
1056
330
22
100
AcDbEntity
  8
F.Silkscreen
  6
CONTINUOUS
100
AcDbLine
 10
6.4534094881889761
 20
-3.7320180314960627
 30
0
 11
6.4559199606299211
 21
-3.7259572047244092
 31
0
  0
LINE
  5
1057
330
22
100
AcDbEntity
  8
F.Silkscreen
  6
CONTINUOUS
100
AcDbLine
 10
6.4559199606299211
 20
-3.7259572047244092
 30
0
 11
6.459564606299212
 21
-3.7205025984251967
 31
0
  0
LINE
  5
1058
330
22
100
AcDbEntity
  8
F.Silkscreen
  6
CONTINUOUS
100
AcDbLine
 10
6.459564606299212
 20
-3.7205025984251967
 30
0
 11
6.4642033858267718
 21
-3.7158638188976378
 31
0
  0
LINE
  5
1059
330
22
100
AcDbEntity
  8
F.Silkscreen
  6
CONTINUOUS
100
AcDbLine
 10
6.4642033858267718
 20
-3.7158638188976378
 30
0
 11
6.4696579921259838
 21
-3.7122191732283465
 31
0
  0
LINE
  5
105A
330
22
100
AcDbEntity
  8
F.Silkscreen
  6
CONTINUOUS
100
AcDbLine
 10
6.4696579921259838
 20
-3.7122191732283465
 30
0
 11
6.4757188188976373
 21
-3.7097087007874014
 31
0
  0
LINE
  5
105B
330
22
100
AcDbEntity
  8
F.Silkscreen
  6
CONTINUOUS
100
AcDbLine
 10
6.4757188188976373
 20
-3.7097087007874014
 30
0
 11
6.4821529527559054
 21
-3.7084288582677165
 31
0
  0
LINE
  5
105C
330
22
100
AcDbEntity
  8
F.Silkscreen
  6
CONTINUOUS
100
AcDbLine
 10
6.4821529527559054
 20
-3.7084288582677165
 30
0
 11
6.4887131889763774
 21
-3.7084288582677165
 31
0
  0
LINE
  5
105D
330
22
100
AcDbEntity
  8
F.Silkscreen
  6
CONTINUOUS
100
AcDbLine
 10
6.4887131889763774
 20
-3.7084288582677165
 30
0
 11
6.4951473228346455
 21
-3.7097087007874014
 31
0
  0
LINE
  5
105E
330
22
100
AcDbEntity
  8
F.Silkscreen
  6
CONTINUOUS
100
AcDbLine
 10
6.8951473228346458
 20
-3.7097087007874014
 30
0
 11
6.9012081496062994
 21
-3.7122191732283465
 31
0
  0
LINE
  5
105F
330
22
100
AcDbEntity
  8
F.Silkscreen
  6
CONTINUOUS
100
AcDbLine
 10
6.9012081496062994
 20
-3.7122191732283465
 30
0
 11
6.9066627559055114
 21
-3.7158638188976378
 31
0
  0
LINE
  5
1060
330
22
100
AcDbEntity
  8
F.Silkscreen
  6
CONTINUOUS
100
AcDbLine
 10
6.9066627559055114
 20
-3.7158638188976378
 30
0
 11
6.9113015354330711
 21
-3.7205025984251967
 31
0
  0
LINE
  5
1061
330
22
100
AcDbEntity
  8
F.Silkscreen
  6
CONTINUOUS
100
AcDbLine
 10
6.9113015354330711
 20
-3.7205025984251967
 30
0
 11
6.914946181102362
 21
-3.7259572047244092
 31
0
  0
LINE
  5
1062
330
22
100
AcDbEntity
  8
F.Silkscreen
  6
CONTINUOUS
100
AcDbLine
 10
6.914946181102362
 20
-3.7259572047244092
 30
0
 11
6.9174566535433071
 21
-3.7320180314960627
 31
0
  0
LINE
  5
1063
330
22
100
AcDbEntity
  8
F.Silkscreen
  6
CONTINUOUS
100
AcDbLine
 10
6.9174566535433071
 20
-3.7320180314960627
 30
0
 11
6.9187364960629916
 21
-3.7384521653543308
 31
0
  0
LINE
  5
1064
330
22
100
AcDbEntity
  8
F.Silkscreen
  6
CONTINUOUS
100
AcDbLine
 10
6.9187364960629916
 20
-3.7384521653543308
 30
0
 11
6.9187364960629916
 21
-3.7450124015748032
 31
0
  0
LINE
  5
1065
330
22
100
AcDbEntity
  8
F.Silkscreen
  6
CONTINUOUS
100
AcDbLine
 10
6.9187364960629916
 20
-3.7450124015748032
 30
0
 11
6.9174566535433071
 21
-3.7514465354330708
 31
0
  0
LINE
  5
1066
330
22
100
AcDbEntity
  8
F.Silkscreen
  6
CONTINUOUS
100
AcDbLine
 10
6.9174566535433071
 20
-3.7514465354330708
 30
0
 11
6.914946181102362
 21
-3.7575073622047244
 31
0
  0
LINE
  5
1067
330
22
100
AcDbEntity
  8
F.Silkscreen
  6
CONTINUOUS
100
AcDbLine
 10
6.914946181102362
 20
-3.7575073622047244
 30
0
 11
6.9113015354330711
 21
-3.7629619685039368
 31
0
  0
LINE
  5
1068
330
22
100
AcDbEntity
  8
F.Silkscreen
  6
CONTINUOUS
100
AcDbLine
 10
6.9113015354330711
 20
-3.7629619685039368
 30
0
 11
6.9066627559055114
 21
-3.7676007480314961
 31
0
  0
LINE
  5
1069
330
22
100
AcDbEntity
  8
F.Silkscreen
  6
CONTINUOUS
100
AcDbLine
 10
6.9066627559055114
 20
-3.7676007480314961
 30
0
 11
6.9012081496062994
 21
-3.7712453937007875
 31
0
  0
LINE
  5
106A
330
22
100
AcDbEntity
  8
F.Silkscreen
  6
CONTINUOUS
100
AcDbLine
 10
6.9012081496062994
 20
-3.7712453937007875
 30
0
 11
6.8951473228346458
 21
-3.7737558661417321
 31
0
  0
LINE
  5
106B
330
22
100
AcDbEntity
  8
F.Silkscreen
  6
CONTINUOUS
100
AcDbLine
 10
6.8951473228346458
 20
-3.7737558661417321
 30
0
 11
6.8887131889763777
 21
-3.775035708661417
 31
0
  0
LINE
  5
106C
330
22
100
AcDbEntity
  8
F.Silkscreen
  6
CONTINUOUS
100
AcDbLine
 10
6.8887131889763777
 20
-3.775035708661417
 30
0
 11
6.8821529527559058
 21
-3.775035708661417
 31
0
  0
LINE
  5
106D
330
22
100
AcDbEntity
  8
F.Silkscreen
  6
CONTINUOUS
100
AcDbLine
 10
6.8821529527559058
 20
-3.775035708661417
 30
0
 11
6.8757188188976377
 21
-3.7737558661417321
 31
0
  0
LINE
  5
106E
330
22
100
AcDbEntity
  8
F.Silkscreen
  6
CONTINUOUS
100
AcDbLine
 10
6.8757188188976377
 20
-3.7737558661417321
 30
0
 11
6.8696579921259842
 21
-3.7712453937007875
 31
0
  0
LINE
  5
106F
330
22
100
AcDbEntity
  8
F.Silkscreen
  6
CONTINUOUS
100
AcDbLine
 10
6.8696579921259842
 20
-3.7712453937007875
 30
0
 11
6.8642033858267713
 21
-3.7676007480314961
 31
0
  0
LINE
  5
1070
330
22
100
AcDbEntity
  8
F.Silkscreen
  6
CONTINUOUS
100
AcDbLine
 10
6.8642033858267713
 20
-3.7676007480314961
 30
0
 11
6.8595646062992124
 21
-3.7629619685039368
 31
0
  0
LINE
  5
1071
330
22
100
AcDbEntity
  8
F.Silkscreen
  6
CONTINUOUS
100
AcDbLine
 10
6.8595646062992124
 20
-3.7629619685039368
 30
0
 11
6.8559199606299215
 21
-3.7575073622047244
 31
0
  0
LINE
  5
1072
330
22
100
AcDbEntity
  8
F.Silkscreen
  6
CONTINUOUS
100
AcDbLine
 10
6.8559199606299215
 20
-3.7575073622047244
 30
0
 11
6.8534094881889764
 21
-3.7514465354330708
 31
0
  0
LINE
  5
1073
330
22
100
AcDbEntity
  8
F.Silkscreen
  6
CONTINUOUS
100
AcDbLine
 10
6.8534094881889764
 20
-3.7514465354330708
 30
0
 11
6.8521296456692911
 21
-3.7450124015748032
 31
0
  0
LINE
  5
1074
330
22
100
AcDbEntity
  8
F.Silkscreen
  6
CONTINUOUS
100
AcDbLine
 10
6.8521296456692911
 20
-3.7450124015748032
 30
0
 11
6.8521296456692911
 21
-3.7384521653543308
 31
0
  0
LINE
  5
1075
330
22
100
AcDbEntity
  8
F.Silkscreen
  6
CONTINUOUS
100
AcDbLine
 10
6.8521296456692911
 20
-3.7384521653543308
 30
0
 11
6.8534094881889764
 21
-3.7320180314960627
 31
0
  0
LINE
  5
1076
330
22
100
AcDbEntity
  8
F.Silkscreen
  6
CONTINUOUS
100
AcDbLine
 10
6.8534094881889764
 20
-3.7320180314960627
 30
0
 11
6.8559199606299215
 21
-3.7259572047244092
 31
0
  0
LINE
  5
1077
330
22
100
AcDbEntity
  8
F.Silkscreen
  6
CONTINUOUS
100
AcDbLine
 10
6.8559199606299215
 20
-3.7259572047244092
 30
0
 11
6.8595646062992124
 21
-3.7205025984251967
 31
0
  0
LINE
  5
1078
330
22
100
AcDbEntity
  8
F.Silkscreen
  6
CONTINUOUS
100
AcDbLine
 10
6.8595646062992124
 20
-3.7205025984251967
 30
0
 11
6.8642033858267713
 21
-3.7158638188976378
 31
0
  0
LINE
  5
1079
330
22
100
AcDbEntity
  8
F.Silkscreen
  6
CONTINUOUS
100
AcDbLine
 10
6.8642033858267713
 20
-3.7158638188976378
 30
0
 11
6.8696579921259842
 21
-3.7122191732283465
 31
0
  0
LINE
  5
107A
330
22
100
AcDbEntity
  8
F.Silkscreen
  6
CONTINUOUS
100
AcDbLine
 10
6.8696579921259842
 20
-3.7122191732283465
 30
0
 11
6.8757188188976377
 21
-3.7097087007874014
 31
0
  0
LINE
  5
107B
330
22
100
AcDbEntity
  8
F.Silkscreen
  6
CONTINUOUS
100
AcDbLine
 10
6.8757188188976377
 20
-3.7097087007874014
 30
0
 11
6.8821529527559058
 21
-3.7084288582677165
 31
0
  0
LINE
  5
107C
330
22
100
AcDbEntity
  8
F.Silkscreen
  6
CONTINUOUS
100
AcDbLine
 10
6.8821529527559058
 20
-3.7084288582677165
 30
0
 11
6.8887131889763777
 21
-3.7084288582677165
 31
0
  0
LINE
  5
107D
330
22
100
AcDbEntity
  8
F.Silkscreen
  6
CONTINUOUS
100
AcDbLine
 10
6.8887131889763777
 20
-3.7084288582677165
 30
0
 11
6.8951473228346458
 21
-3.7097087007874014
 31
0
  0
LINE
  5
107E
330
22
100
AcDbEntity
  8
F.Silkscreen
  6
CONTINUOUS
100
AcDbLine
 10
5.7349111023622044
 20
-3.7081338976377953
 30
0
 11
5.7409719291338579
 21
-3.7106443700787399
 31
0
  0
LINE
  5
107F
330
22
100
AcDbEntity
  8
F.Silkscreen
  6
CONTINUOUS
100
AcDbLine
 10
5.7409719291338579
 20
-3.7106443700787399
 30
0
 11
5.7464265354330708
 21
-3.7142890157480313
 31
0
  0
LINE
  5
1080
330
22
100
AcDbEntity
  8
F.Silkscreen
  6
CONTINUOUS
100
AcDbLine
 10
5.7464265354330708
 20
-3.7142890157480313
 30
0
 11
5.7510653149606297
 21
-3.7189277952755906
 31
0
  0
LINE
  5
1081
330
22
100
AcDbEntity
  8
F.Silkscreen
  6
CONTINUOUS
100
AcDbLine
 10
5.7510653149606297
 20
-3.7189277952755906
 30
0
 11
5.7547099606299215
 21
-3.724382401574803
 31
0
  0
LINE
  5
1082
330
22
100
AcDbEntity
  8
F.Silkscreen
  6
CONTINUOUS
100
AcDbLine
 10
5.7547099606299215
 20
-3.724382401574803
 30
0
 11
5.7572204330708656
 21
-3.7304432283464566
 31
0
  0
LINE
  5
1083
330
22
100
AcDbEntity
  8
F.Silkscreen
  6
CONTINUOUS
100
AcDbLine
 10
5.7572204330708656
 20
-3.7304432283464566
 30
0
 11
5.758500275590551
 21
-3.7368773622047242
 31
0
  0
LINE
  5
1084
330
22
100
AcDbEntity
  8
F.Silkscreen
  6
CONTINUOUS
100
AcDbLine
 10
5.758500275590551
 20
-3.7368773622047242
 30
0
 11
5.758500275590551
 21
-3.7434375984251966
 31
0
  0
LINE
  5
1085
330
22
100
AcDbEntity
  8
F.Silkscreen
  6
CONTINUOUS
100
AcDbLine
 10
5.758500275590551
 20
-3.7434375984251966
 30
0
 11
5.7572204330708656
 21
-3.7498717322834643
 31
0
  0
LINE
  5
1086
330
22
100
AcDbEntity
  8
F.Silkscreen
  6
CONTINUOUS
100
AcDbLine
 10
5.7572204330708656
 20
-3.7498717322834643
 30
0
 11
5.7547099606299215
 21
-3.7559325590551178
 31
0
  0
LINE
  5
1087
330
22
100
AcDbEntity
  8
F.Silkscreen
  6
CONTINUOUS
100
AcDbLine
 10
5.7547099606299215
 20
-3.7559325590551178
 30
0
 11
5.7510653149606297
 21
-3.7613871653543307
 31
0
  0
LINE
  5
1088
330
22
100
AcDbEntity
  8
F.Silkscreen
  6
CONTINUOUS
100
AcDbLine
 10
5.7510653149606297
 20
-3.7613871653543307
 30
0
 11
5.7464265354330708
 21
-3.7660259448818896
 31
0
  0
LINE
  5
1089
330
22
100
AcDbEntity
  8
F.Silkscreen
  6
CONTINUOUS
100
AcDbLine
 10
5.7464265354330708
 20
-3.7660259448818896
 30
0
 11
5.7409719291338579
 21
-3.7696705905511809
 31
0
  0
LINE
  5
108A
330
22
100
AcDbEntity
  8
F.Silkscreen
  6
CONTINUOUS
100
AcDbLine
 10
5.7409719291338579
 20
-3.7696705905511809
 30
0
 11
5.7349111023622044
 21
-3.772181062992126
 31
0
  0
LINE
  5
108B
330
22
100
AcDbEntity
  8
F.Silkscreen
  6
CONTINUOUS
100
AcDbLine
 10
5.7349111023622044
 20
-3.772181062992126
 30
0
 11
5.7284769685039372
 21
-3.7734609055118109
 31
0
  0
LINE
  5
108C
330
22
100
AcDbEntity
  8
F.Silkscreen
  6
CONTINUOUS
100
AcDbLine
 10
5.7284769685039372
 20
-3.7734609055118109
 30
0
 11
5.7219167322834643
 21
-3.7734609055118109
 31
0
  0
LINE
  5
108D
330
22
100
AcDbEntity
  8
F.Silkscreen
  6
CONTINUOUS
100
AcDbLine
 10
5.7219167322834643
 20
-3.7734609055118109
 30
0
 11
5.7154825984251971
 21
-3.772181062992126
 31
0
  0
LINE
  5
108E
330
22
100
AcDbEntity
  8
F.Silkscreen
  6
CONTINUOUS
100
AcDbLine
 10
5.7154825984251971
 20
-3.772181062992126
 30
0
 11
5.7094217716535436
 21
-3.7696705905511809
 31
0
  0
LINE
  5
108F
330
22
100
AcDbEntity
  8
F.Silkscreen
  6
CONTINUOUS
100
AcDbLine
 10
5.7094217716535436
 20
-3.7696705905511809
 30
0
 11
5.7039671653543307
 21
-3.7660259448818896
 31
0
  0
LINE
  5
1090
330
22
100
AcDbEntity
  8
F.Silkscreen
  6
CONTINUOUS
100
AcDbLine
 10
5.7039671653543307
 20
-3.7660259448818896
 30
0
 11
5.6993283858267718
 21
-3.7613871653543307
 31
0
  0
LINE
  5
1091
330
22
100
AcDbEntity
  8
F.Silkscreen
  6
CONTINUOUS
100
AcDbLine
 10
5.6993283858267718
 20
-3.7613871653543307
 30
0
 11
5.69568374015748
 21
-3.7559325590551178
 31
0
  0
LINE
  5
1092
330
22
100
AcDbEntity
  8
F.Silkscreen
  6
CONTINUOUS
100
AcDbLine
 10
5.69568374015748
 20
-3.7559325590551178
 30
0
 11
5.693173267716535
 21
-3.7498717322834643
 31
0
  0
LINE
  5
1093
330
22
100
AcDbEntity
  8
F.Silkscreen
  6
CONTINUOUS
100
AcDbLine
 10
5.693173267716535
 20
-3.7498717322834643
 30
0
 11
5.6918934251968505
 21
-3.7434375984251966
 31
0
  0
LINE
  5
1094
330
22
100
AcDbEntity
  8
F.Silkscreen
  6
CONTINUOUS
100
AcDbLine
 10
5.6918934251968505
 20
-3.7434375984251966
 30
0
 11
5.6918934251968505
 21
-3.7368773622047242
 31
0
  0
LINE
  5
1095
330
22
100
AcDbEntity
  8
F.Silkscreen
  6
CONTINUOUS
100
AcDbLine
 10
5.6918934251968505
 20
-3.7368773622047242
 30
0
 11
5.693173267716535
 21
-3.7304432283464566
 31
0
  0
LINE
  5
1096
330
22
100
AcDbEntity
  8
F.Silkscreen
  6
CONTINUOUS
100
AcDbLine
 10
5.693173267716535
 20
-3.7304432283464566
 30
0
 11
5.69568374015748
 21
-3.724382401574803
 31
0
  0
LINE
  5
1097
330
22
100
AcDbEntity
  8
F.Silkscreen
  6
CONTINUOUS
100
AcDbLine
 10
5.69568374015748
 20
-3.724382401574803
 30
0
 11
5.6993283858267718
 21
-3.7189277952755906
 31
0
  0
LINE
  5
1098
330
22
100
AcDbEntity
  8
F.Silkscreen
  6
CONTINUOUS
100
AcDbLine
 10
5.6993283858267718
 20
-3.7189277952755906
 30
0
 11
5.7039671653543307
 21
-3.7142890157480313
 31
0
  0
LINE
  5
1099
330
22
100
AcDbEntity
  8
F.Silkscreen
  6
CONTINUOUS
100
AcDbLine
 10
5.7039671653543307
 20
-3.7142890157480313
 30
0
 11
5.7094217716535436
 21
-3.7106443700787399
 31
0
  0
LINE
  5
109A
330
22
100
AcDbEntity
  8
F.Silkscreen
  6
CONTINUOUS
100
AcDbLine
 10
5.7094217716535436
 20
-3.7106443700787399
 30
0
 11
5.7154825984251971
 21
-3.7081338976377953
 31
0
  0
LINE
  5
109B
330
22
100
AcDbEntity
  8
F.Silkscreen
  6
CONTINUOUS
100
AcDbLine
 10
5.7154825984251971
 20
-3.7081338976377953
 30
0
 11
5.7219167322834643
 21
-3.7068540551181099
 31
0
  0
LINE
  5
109C
330
22
100
AcDbEntity
  8
F.Silkscreen
  6
CONTINUOUS
100
AcDbLine
 10
5.7219167322834643
 20
-3.7068540551181099
 30
0
 11
5.7284769685039372
 21
-3.7068540551181099
 31
0
  0
LINE
  5
109D
330
22
100
AcDbEntity
  8
F.Silkscreen
  6
CONTINUOUS
100
AcDbLine
 10
5.7284769685039372
 20
-3.7068540551181099
 30
0
 11
5.7349111023622044
 21
-3.7081338976377953
 31
0
  0
LINE
  5
109E
330
22
100
AcDbEntity
  8
F.Silkscreen
  6
CONTINUOUS
100
AcDbLine
 10
6.1349111023622047
 20
-3.7081338976377953
 30
0
 11
6.1409719291338583
 21
-3.7106443700787399
 31
0
  0
LINE
  5
109F
330
22
100
AcDbEntity
  8
F.Silkscreen
  6
CONTINUOUS
100
AcDbLine
 10
6.1409719291338583
 20
-3.7106443700787399
 30
0
 11
6.1464265354330712
 21
-3.7142890157480313
 31
0
  0
LINE
  5
10A0
330
22
100
AcDbEntity
  8
F.Silkscreen
  6
CONTINUOUS
100
AcDbLine
 10
6.1464265354330712
 20
-3.7142890157480313
 30
0
 11
6.15106531496063
 21
-3.7189277952755906
 31
0
  0
LINE
  5
10A1
330
22
100
AcDbEntity
  8
F.Silkscreen
  6
CONTINUOUS
100
AcDbLine
 10
6.15106531496063
 20
-3.7189277952755906
 30
0
 11
6.1547099606299209
 21
-3.724382401574803
 31
0
  0
LINE
  5
10A2
330
22
100
AcDbEntity
  8
F.Silkscreen
  6
CONTINUOUS
100
AcDbLine
 10
6.1547099606299209
 20
-3.724382401574803
 30
0
 11
6.157220433070866
 21
-3.7304432283464566
 31
0
  0
LINE
  5
10A3
330
22
100
AcDbEntity
  8
F.Silkscreen
  6
CONTINUOUS
100
AcDbLine
 10
6.157220433070866
 20
-3.7304432283464566
 30
0
 11
6.1585002755905514
 21
-3.7368773622047242
 31
0
  0
LINE
  5
10A4
330
22
100
AcDbEntity
  8
F.Silkscreen
  6
CONTINUOUS
100
AcDbLine
 10
6.1585002755905514
 20
-3.7368773622047242
 30
0
 11
6.1585002755905514
 21
-3.7434375984251966
 31
0
  0
LINE
  5
10A5
330
22
100
AcDbEntity
  8
F.Silkscreen
  6
CONTINUOUS
100
AcDbLine
 10
6.1585002755905514
 20
-3.7434375984251966
 30
0
 11
6.157220433070866
 21
-3.7498717322834643
 31
0
  0
LINE
  5
10A6
330
22
100
AcDbEntity
  8
F.Silkscreen
  6
CONTINUOUS
100
AcDbLine
 10
6.157220433070866
 20
-3.7498717322834643
 30
0
 11
6.1547099606299209
 21
-3.7559325590551178
 31
0
  0
LINE
  5
10A7
330
22
100
AcDbEntity
  8
F.Silkscreen
  6
CONTINUOUS
100
AcDbLine
 10
6.1547099606299209
 20
-3.7559325590551178
 30
0
 11
6.15106531496063
 21
-3.7613871653543307
 31
0
  0
LINE
  5
10A8
330
22
100
AcDbEntity
  8
F.Silkscreen
  6
CONTINUOUS
100
AcDbLine
 10
6.15106531496063
 20
-3.7613871653543307
 30
0
 11
6.1464265354330712
 21
-3.7660259448818896
 31
0
  0
LINE
  5
10A9
330
22
100
AcDbEntity
  8
F.Silkscreen
  6
CONTINUOUS
100
AcDbLine
 10
6.1464265354330712
 20
-3.7660259448818896
 30
0
 11
6.1409719291338583
 21
-3.7696705905511809
 31
0
  0
LINE
  5
10AA
330
22
100
AcDbEntity
  8
F.Silkscreen
  6
CONTINUOUS
100
AcDbLine
 10
6.1409719291338583
 20
-3.7696705905511809
 30
0
 11
6.1349111023622047
 21
-3.772181062992126
 31
0
  0
LINE
  5
10AB
330
22
100
AcDbEntity
  8
F.Silkscreen
  6
CONTINUOUS
100
AcDbLine
 10
6.1349111023622047
 20
-3.772181062992126
 30
0
 11
6.1284769685039366
 21
-3.7734609055118109
 31
0
  0
LINE
  5
10AC
330
22
100
AcDbEntity
  8
F.Silkscreen
  6
CONTINUOUS
100
AcDbLine
 10
6.1284769685039366
 20
-3.7734609055118109
 30
0
 11
6.1219167322834647
 21
-3.7734609055118109
 31
0
  0
LINE
  5
10AD
330
22
100
AcDbEntity
  8
F.Silkscreen
  6
CONTINUOUS
100
AcDbLine
 10
6.1219167322834647
 20
-3.7734609055118109
 30
0
 11
6.1154825984251966
 21
-3.772181062992126
 31
0
  0
LINE
  5
10AE
330
22
100
AcDbEntity
  8
F.Silkscreen
  6
CONTINUOUS
100
AcDbLine
 10
6.1154825984251966
 20
-3.772181062992126
 30
0
 11
6.1094217716535431
 21
-3.7696705905511809
 31
0
  0
LINE
  5
10AF
330
22
100
AcDbEntity
  8
F.Silkscreen
  6
CONTINUOUS
100
AcDbLine
 10
6.1094217716535431
 20
-3.7696705905511809
 30
0
 11
6.1039671653543301
 21
-3.7660259448818896
 31
0
  0
LINE
  5
10B0
330
22
100
AcDbEntity
  8
F.Silkscreen
  6
CONTINUOUS
100
AcDbLine
 10
6.1039671653543301
 20
-3.7660259448818896
 30
0
 11
6.0993283858267713
 21
-3.7613871653543307
 31
0
  0
LINE
  5
10B1
330
22
100
AcDbEntity
  8
F.Silkscreen
  6
CONTINUOUS
100
AcDbLine
 10
6.0993283858267713
 20
-3.7613871653543307
 30
0
 11
6.0956837401574804
 21
-3.7559325590551178
 31
0
  0
LINE
  5
10B2
330
22
100
AcDbEntity
  8
F.Silkscreen
  6
CONTINUOUS
100
AcDbLine
 10
6.0956837401574804
 20
-3.7559325590551178
 30
0
 11
6.0931732677165353
 21
-3.7498717322834643
 31
0
  0
LINE
  5
10B3
330
22
100
AcDbEntity
  8
F.Silkscreen
  6
CONTINUOUS
100
AcDbLine
 10
6.0931732677165353
 20
-3.7498717322834643
 30
0
 11
6.09189342519685
 21
-3.7434375984251966
 31
0
  0
LINE
  5
10B4
330
22
100
AcDbEntity
  8
F.Silkscreen
  6
CONTINUOUS
100
AcDbLine
 10
6.09189342519685
 20
-3.7434375984251966
 30
0
 11
6.09189342519685
 21
-3.7368773622047242
 31
0
  0
LINE
  5
10B5
330
22
100
AcDbEntity
  8
F.Silkscreen
  6
CONTINUOUS
100
AcDbLine
 10
6.09189342519685
 20
-3.7368773622047242
 30
0
 11
6.0931732677165353
 21
-3.7304432283464566
 31
0
  0
LINE
  5
10B6
330
22
100
AcDbEntity
  8
F.Silkscreen
  6
CONTINUOUS
100
AcDbLine
 10
6.0931732677165353
 20
-3.7304432283464566
 30
0
 11
6.0956837401574804
 21
-3.724382401574803
 31
0
  0
LINE
  5
10B7
330
22
100
AcDbEntity
  8
F.Silkscreen
  6
CONTINUOUS
100
AcDbLine
 10
6.0956837401574804
 20
-3.724382401574803
 30
0
 11
6.0993283858267713
 21
-3.7189277952755906
 31
0
  0
LINE
  5
10B8
330
22
100
AcDbEntity
  8
F.Silkscreen
  6
CONTINUOUS
100
AcDbLine
 10
6.0993283858267713
 20
-3.7189277952755906
 30
0
 11
6.1039671653543301
 21
-3.7142890157480313
 31
0
  0
LINE
  5
10B9
330
22
100
AcDbEntity
  8
F.Silkscreen
  6
CONTINUOUS
100
AcDbLine
 10
6.1039671653543301
 20
-3.7142890157480313
 30
0
 11
6.1094217716535431
 21
-3.7106443700787399
 31
0
  0
LINE
  5
10BA
330
22
100
AcDbEntity
  8
F.Silkscreen
  6
CONTINUOUS
100
AcDbLine
 10
6.1094217716535431
 20
-3.7106443700787399
 30
0
 11
6.1154825984251966
 21
-3.7081338976377953
 31
0
  0
LINE
  5
10BB
330
22
100
AcDbEntity
  8
F.Silkscreen
  6
CONTINUOUS
100
AcDbLine
 10
6.1154825984251966
 20
-3.7081338976377953
 30
0
 11
6.1219167322834647
 21
-3.7068540551181099
 31
0
  0
LINE
  5
10BC
330
22
100
AcDbEntity
  8
F.Silkscreen
  6
CONTINUOUS
100
AcDbLine
 10
6.1219167322834647
 20
-3.7068540551181099
 30
0
 11
6.1284769685039366
 21
-3.7068540551181099
 31
0
  0
LINE
  5
10BD
330
22
100
AcDbEntity
  8
F.Silkscreen
  6
CONTINUOUS
100
AcDbLine
 10
6.1284769685039366
 20
-3.7068540551181099
 30
0
 11
6.1349111023622047
 21
-3.7081338976377953
 31
0
  0
LINE
  5
10BE
330
22
100
AcDbEntity
  8
F.Silkscreen
  6
CONTINUOUS
100
AcDbLine
 10
7.2506591338582673
 20
-3.7081338976377953
 30
0
 11
7.2567199606299209
 21
-3.7106443700787399
 31
0
  0
LINE
  5
10BF
330
22
100
AcDbEntity
  8
F.Silkscreen
  6
CONTINUOUS
100
AcDbLine
 10
7.2567199606299209
 20
-3.7106443700787399
 30
0
 11
7.2621745669291338
 21
-3.7142890157480313
 31
0
  0
LINE
  5
10C0
330
22
100
AcDbEntity
  8
F.Silkscreen
  6
CONTINUOUS
100
AcDbLine
 10
7.2621745669291338
 20
-3.7142890157480313
 30
0
 11
7.2668133464566926
 21
-3.7189277952755906
 31
0
  0
LINE
  5
10C1
330
22
100
AcDbEntity
  8
F.Silkscreen
  6
CONTINUOUS
100
AcDbLine
 10
7.2668133464566926
 20
-3.7189277952755906
 30
0
 11
7.2704579921259844
 21
-3.724382401574803
 31
0
  0
LINE
  5
10C2
330
22
100
AcDbEntity
  8
F.Silkscreen
  6
CONTINUOUS
100
AcDbLine
 10
7.2704579921259844
 20
-3.724382401574803
 30
0
 11
7.2729684645669286
 21
-3.7304432283464566
 31
0
  0
LINE
  5
10C3
330
22
100
AcDbEntity
  8
F.Silkscreen
  6
CONTINUOUS
100
AcDbLine
 10
7.2729684645669286
 20
-3.7304432283464566
 30
0
 11
7.274248307086614
 21
-3.7368773622047242
 31
0
  0
LINE
  5
10C4
330
22
100
AcDbEntity
  8
F.Silkscreen
  6
CONTINUOUS
100
AcDbLine
 10
7.274248307086614
 20
-3.7368773622047242
 30
0
 11
7.274248307086614
 21
-3.7434375984251966
 31
0
  0
LINE
  5
10C5
330
22
100
AcDbEntity
  8
F.Silkscreen
  6
CONTINUOUS
100
AcDbLine
 10
7.274248307086614
 20
-3.7434375984251966
 30
0
 11
7.2729684645669286
 21
-3.7498717322834643
 31
0
  0
LINE
  5
10C6
330
22
100
AcDbEntity
  8
F.Silkscreen
  6
CONTINUOUS
100
AcDbLine
 10
7.2729684645669286
 20
-3.7498717322834643
 30
0
 11
7.2704579921259844
 21
-3.7559325590551178
 31
0
  0
LINE
  5
10C7
330
22
100
AcDbEntity
  8
F.Silkscreen
  6
CONTINUOUS
100
AcDbLine
 10
7.2704579921259844
 20
-3.7559325590551178
 30
0
 11
7.2668133464566926
 21
-3.7613871653543307
 31
0
  0
LINE
  5
10C8
330
22
100
AcDbEntity
  8
F.Silkscreen
  6
CONTINUOUS
100
AcDbLine
 10
7.2668133464566926
 20
-3.7613871653543307
 30
0
 11
7.2621745669291338
 21
-3.7660259448818896
 31
0
  0
LINE
  5
10C9
330
22
100
AcDbEntity
  8
F.Silkscreen
  6
CONTINUOUS
100
AcDbLine
 10
7.2621745669291338
 20
-3.7660259448818896
 30
0
 11
7.2567199606299209
 21
-3.7696705905511809
 31
0
  0
LINE
  5
10CA
330
22
100
AcDbEntity
  8
F.Silkscreen
  6
CONTINUOUS
100
AcDbLine
 10
7.2567199606299209
 20
-3.7696705905511809
 30
0
 11
7.2506591338582673
 21
-3.772181062992126
 31
0
  0
LINE
  5
10CB
330
22
100
AcDbEntity
  8
F.Silkscreen
  6
CONTINUOUS
100
AcDbLine
 10
7.2506591338582673
 20
-3.772181062992126
 30
0
 11
7.2442250000000001
 21
-3.7734609055118109
 31
0
  0
LINE
  5
10CC
330
22
100
AcDbEntity
  8
F.Silkscreen
  6
CONTINUOUS
100
AcDbLine
 10
7.2442250000000001
 20
-3.7734609055118109
 30
0
 11
7.2376647637795273
 21
-3.7734609055118109
 31
0
  0
LINE
  5
10CD
330
22
100
AcDbEntity
  8
F.Silkscreen
  6
CONTINUOUS
100
AcDbLine
 10
7.2376647637795273
 20
-3.7734609055118109
 30
0
 11
7.2312306299212601
 21
-3.772181062992126
 31
0
  0
LINE
  5
10CE
330
22
100
AcDbEntity
  8
F.Silkscreen
  6
CONTINUOUS
100
AcDbLine
 10
7.2312306299212601
 20
-3.772181062992126
 30
0
 11
7.2251698031496066
 21
-3.7696705905511809
 31
0
  0
LINE
  5
10CF
330
22
100
AcDbEntity
  8
F.Silkscreen
  6
CONTINUOUS
100
AcDbLine
 10
7.2251698031496066
 20
-3.7696705905511809
 30
0
 11
7.2197151968503936
 21
-3.7660259448818896
 31
0
  0
LINE
  5
10D0
330
22
100
AcDbEntity
  8
F.Silkscreen
  6
CONTINUOUS
100
AcDbLine
 10
7.2197151968503936
 20
-3.7660259448818896
 30
0
 11
7.2150764173228348
 21
-3.7613871653543307
 31
0
  0
LINE
  5
10D1
330
22
100
AcDbEntity
  8
F.Silkscreen
  6
CONTINUOUS
100
AcDbLine
 10
7.2150764173228348
 20
-3.7613871653543307
 30
0
 11
7.211431771653543
 21
-3.7559325590551178
 31
0
  0
LINE
  5
10D2
330
22
100
AcDbEntity
  8
F.Silkscreen
  6
CONTINUOUS
100
AcDbLine
 10
7.211431771653543
 20
-3.7559325590551178
 30
0
 11
7.2089212992125979
 21
-3.7498717322834643
 31
0
  0
LINE
  5
10D3
330
22
100
AcDbEntity
  8
F.Silkscreen
  6
CONTINUOUS
100
AcDbLine
 10
7.2089212992125979
 20
-3.7498717322834643
 30
0
 11
7.2076414566929135
 21
-3.7434375984251966
 31
0
  0
LINE
  5
10D4
330
22
100
AcDbEntity
  8
F.Silkscreen
  6
CONTINUOUS
100
AcDbLine
 10
7.2076414566929135
 20
-3.7434375984251966
 30
0
 11
7.2076414566929135
 21
-3.7368773622047242
 31
0
  0
LINE
  5
10D5
330
22
100
AcDbEntity
  8
F.Silkscreen
  6
CONTINUOUS
100
AcDbLine
 10
7.2076414566929135
 20
-3.7368773622047242
 30
0
 11
7.2089212992125979
 21
-3.7304432283464566
 31
0
  0
LINE
  5
10D6
330
22
100
AcDbEntity
  8
F.Silkscreen
  6
CONTINUOUS
100
AcDbLine
 10
7.2089212992125979
 20
-3.7304432283464566
 30
0
 11
7.211431771653543
 21
-3.724382401574803
 31
0
  0
LINE
  5
10D7
330
22
100
AcDbEntity
  8
F.Silkscreen
  6
CONTINUOUS
100
AcDbLine
 10
7.211431771653543
 20
-3.724382401574803
 30
0
 11
7.2150764173228348
 21
-3.7189277952755906
 31
0
  0
LINE
  5
10D8
330
22
100
AcDbEntity
  8
F.Silkscreen
  6
CONTINUOUS
100
AcDbLine
 10
7.2150764173228348
 20
-3.7189277952755906
 30
0
 11
7.2197151968503936
 21
-3.7142890157480313
 31
0
  0
LINE
  5
10D9
330
22
100
AcDbEntity
  8
F.Silkscreen
  6
CONTINUOUS
100
AcDbLine
 10
7.2197151968503936
 20
-3.7142890157480313
 30
0
 11
7.2251698031496066
 21
-3.7106443700787399
 31
0
  0
LINE
  5
10DA
330
22
100
AcDbEntity
  8
F.Silkscreen
  6
CONTINUOUS
100
AcDbLine
 10
7.2251698031496066
 20
-3.7106443700787399
 30
0
 11
7.2312306299212601
 21
-3.7081338976377953
 31
0
  0
LINE
  5
10DB
330
22
100
AcDbEntity
  8
F.Silkscreen
  6
CONTINUOUS
100
AcDbLine
 10
7.2312306299212601
 20
-3.7081338976377953
 30
0
 11
7.2376647637795273
 21
-3.7068540551181099
 31
0
  0
LINE
  5
10DC
330
22
100
AcDbEntity
  8
F.Silkscreen
  6
CONTINUOUS
100
AcDbLine
 10
7.2376647637795273
 20
-3.7068540551181099
 30
0
 11
7.2442250000000001
 21
-3.7068540551181099
 31
0
  0
LINE
  5
10DD
330
22
100
AcDbEntity
  8
F.Silkscreen
  6
CONTINUOUS
100
AcDbLine
 10
7.2442250000000001
 20
-3.7068540551181099
 30
0
 11
7.2506591338582673
 21
-3.7081338976377953
 31
0
  0
LINE
  5
10DE
330
22
100
AcDbEntity
  8
F.Silkscreen
  6
CONTINUOUS
100
AcDbLine
 10
7.6506591338582677
 20
-3.7081338976377953
 30
0
 11
7.6567199606299212
 21
-3.7106443700787399
 31
0
  0
LINE
  5
10DF
330
22
100
AcDbEntity
  8
F.Silkscreen
  6
CONTINUOUS
100
AcDbLine
 10
7.6567199606299212
 20
-3.7106443700787399
 30
0
 11
7.6621745669291341
 21
-3.7142890157480313
 31
0
  0
LINE
  5
10E0
330
22
100
AcDbEntity
  8
F.Silkscreen
  6
CONTINUOUS
100
AcDbLine
 10
7.6621745669291341
 20
-3.7142890157480313
 30
0
 11
7.666813346456693
 21
-3.7189277952755906
 31
0
  0
LINE
  5
10E1
330
22
100
AcDbEntity
  8
F.Silkscreen
  6
CONTINUOUS
100
AcDbLine
 10
7.666813346456693
 20
-3.7189277952755906
 30
0
 11
7.6704579921259839
 21
-3.724382401574803
 31
0
  0
LINE
  5
10E2
330
22
100
AcDbEntity
  8
F.Silkscreen
  6
CONTINUOUS
100
AcDbLine
 10
7.6704579921259839
 20
-3.724382401574803
 30
0
 11
7.6729684645669289
 21
-3.7304432283464566
 31
0
  0
LINE
  5
10E3
330
22
100
AcDbEntity
  8
F.Silkscreen
  6
CONTINUOUS
100
AcDbLine
 10
7.6729684645669289
 20
-3.7304432283464566
 30
0
 11
7.6742483070866143
 21
-3.7368773622047242
 31
0
  0
LINE
  5
10E4
330
22
100
AcDbEntity
  8
F.Silkscreen
  6
CONTINUOUS
100
AcDbLine
 10
7.6742483070866143
 20
-3.7368773622047242
 30
0
 11
7.6742483070866143
 21
-3.7434375984251966
 31
0
  0
LINE
  5
10E5
330
22
100
AcDbEntity
  8
F.Silkscreen
  6
CONTINUOUS
100
AcDbLine
 10
7.6742483070866143
 20
-3.7434375984251966
 30
0
 11
7.6729684645669289
 21
-3.7498717322834643
 31
0
  0
LINE
  5
10E6
330
22
100
AcDbEntity
  8
F.Silkscreen
  6
CONTINUOUS
100
AcDbLine
 10
7.6729684645669289
 20
-3.7498717322834643
 30
0
 11
7.6704579921259839
 21
-3.7559325590551178
 31
0
  0
LINE
  5
10E7
330
22
100
AcDbEntity
  8
F.Silkscreen
  6
CONTINUOUS
100
AcDbLine
 10
7.6704579921259839
 20
-3.7559325590551178
 30
0
 11
7.666813346456693
 21
-3.7613871653543307
 31
0
  0
LINE
  5
10E8
330
22
100
AcDbEntity
  8
F.Silkscreen
  6
CONTINUOUS
100
AcDbLine
 10
7.666813346456693
 20
-3.7613871653543307
 30
0
 11
7.6621745669291341
 21
-3.7660259448818896
 31
0
  0
LINE
  5
10E9
330
22
100
AcDbEntity
  8
F.Silkscreen
  6
CONTINUOUS
100
AcDbLine
 10
7.6621745669291341
 20
-3.7660259448818896
 30
0
 11
7.6567199606299212
 21
-3.7696705905511809
 31
0
  0
LINE
  5
10EA
330
22
100
AcDbEntity
  8
F.Silkscreen
  6
CONTINUOUS
100
AcDbLine
 10
7.6567199606299212
 20
-3.7696705905511809
 30
0
 11
7.6506591338582677
 21
-3.772181062992126
 31
0
  0
LINE
  5
10EB
330
22
100
AcDbEntity
  8
F.Silkscreen
  6
CONTINUOUS
100
AcDbLine
 10
7.6506591338582677
 20
-3.772181062992126
 30
0
 11
7.6442249999999996
 21
-3.7734609055118109
 31
0
  0
LINE
  5
10EC
330
22
100
AcDbEntity
  8
F.Silkscreen
  6
CONTINUOUS
100
AcDbLine
 10
7.6442249999999996
 20
-3.7734609055118109
 30
0
 11
7.6376647637795276
 21
-3.7734609055118109
 31
0
  0
LINE
  5
10ED
330
22
100
AcDbEntity
  8
F.Silkscreen
  6
CONTINUOUS
100
AcDbLine
 10
7.6376647637795276
 20
-3.7734609055118109
 30
0
 11
7.6312306299212596
 21
-3.772181062992126
 31
0
  0
LINE
  5
10EE
330
22
100
AcDbEntity
  8
F.Silkscreen
  6
CONTINUOUS
100
AcDbLine
 10
7.6312306299212596
 20
-3.772181062992126
 30
0
 11
7.625169803149606
 21
-3.7696705905511809
 31
0
  0
LINE
  5
10EF
330
22
100
AcDbEntity
  8
F.Silkscreen
  6
CONTINUOUS
100
AcDbLine
 10
7.625169803149606
 20
-3.7696705905511809
 30
0
 11
7.6197151968503931
 21
-3.7660259448818896
 31
0
  0
LINE
  5
10F0
330
22
100
AcDbEntity
  8
F.Silkscreen
  6
CONTINUOUS
100
AcDbLine
 10
7.6197151968503931
 20
-3.7660259448818896
 30
0
 11
7.6150764173228342
 21
-3.7613871653543307
 31
0
  0
LINE
  5
10F1
330
22
100
AcDbEntity
  8
F.Silkscreen
  6
CONTINUOUS
100
AcDbLine
 10
7.6150764173228342
 20
-3.7613871653543307
 30
0
 11
7.6114317716535433
 21
-3.7559325590551178
 31
0
  0
LINE
  5
10F2
330
22
100
AcDbEntity
  8
F.Silkscreen
  6
CONTINUOUS
100
AcDbLine
 10
7.6114317716535433
 20
-3.7559325590551178
 30
0
 11
7.6089212992125983
 21
-3.7498717322834643
 31
0
  0
LINE
  5
10F3
330
22
100
AcDbEntity
  8
F.Silkscreen
  6
CONTINUOUS
100
AcDbLine
 10
7.6089212992125983
 20
-3.7498717322834643
 30
0
 11
7.6076414566929129
 21
-3.7434375984251966
 31
0
  0
LINE
  5
10F4
330
22
100
AcDbEntity
  8
F.Silkscreen
  6
CONTINUOUS
100
AcDbLine
 10
7.6076414566929129
 20
-3.7434375984251966
 30
0
 11
7.6076414566929129
 21
-3.7368773622047242
 31
0
  0
LINE
  5
10F5
330
22
100
AcDbEntity
  8
F.Silkscreen
  6
CONTINUOUS
100
AcDbLine
 10
7.6076414566929129
 20
-3.7368773622047242
 30
0
 11
7.6089212992125983
 21
-3.7304432283464566
 31
0
  0
LINE
  5
10F6
330
22
100
AcDbEntity
  8
F.Silkscreen
  6
CONTINUOUS
100
AcDbLine
 10
7.6089212992125983
 20
-3.7304432283464566
 30
0
 11
7.6114317716535433
 21
-3.724382401574803
 31
0
  0
LINE
  5
10F7
330
22
100
AcDbEntity
  8
F.Silkscreen
  6
CONTINUOUS
100
AcDbLine
 10
7.6114317716535433
 20
-3.724382401574803
 30
0
 11
7.6150764173228342
 21
-3.7189277952755906
 31
0
  0
LINE
  5
10F8
330
22
100
AcDbEntity
  8
F.Silkscreen
  6
CONTINUOUS
100
AcDbLine
 10
7.6150764173228342
 20
-3.7189277952755906
 30
0
 11
7.6197151968503931
 21
-3.7142890157480313
 31
0
  0
LINE
  5
10F9
330
22
100
AcDbEntity
  8
F.Silkscreen
  6
CONTINUOUS
100
AcDbLine
 10
7.6197151968503931
 20
-3.7142890157480313
 30
0
 11
7.625169803149606
 21
-3.7106443700787399
 31
0
  0
LINE
  5
10FA
330
22
100
AcDbEntity
  8
F.Silkscreen
  6
CONTINUOUS
100
AcDbLine
 10
7.625169803149606
 20
-3.7106443700787399
 30
0
 11
7.6312306299212596
 21
-3.7081338976377953
 31
0
  0
LINE
  5
10FB
330
22
100
AcDbEntity
  8
F.Silkscreen
  6
CONTINUOUS
100
AcDbLine
 10
7.6312306299212596
 20
-3.7081338976377953
 30
0
 11
7.6376647637795276
 21
-3.7068540551181099
 31
0
  0
LINE
  5
10FC
330
22
100
AcDbEntity
  8
F.Silkscreen
  6
CONTINUOUS
100
AcDbLine
 10
7.6376647637795276
 20
-3.7068540551181099
 30
0
 11
7.6442249999999996
 21
-3.7068540551181099
 31
0
  0
LINE
  5
10FD
330
22
100
AcDbEntity
  8
F.Silkscreen
  6
CONTINUOUS
100
AcDbLine
 10
7.6442249999999996
 20
-3.7068540551181099
 30
0
 11
7.6506591338582677
 21
-3.7081338976377953
 31
0
  0
LINE
  5
10FE
330
22
100
AcDbEntity
  8
F.Silkscreen
  6
CONTINUOUS
100
AcDbLine
 10
6.5455429133858267
 20
-3.5996217716535432
 30
0
 11
6.5520059842519682
 21
-3.6017217716535432
 31
0
  0
LINE
  5
10FF
330
22
100
AcDbEntity
  8
F.Silkscreen
  6
CONTINUOUS
100
AcDbLine
 10
6.5520059842519682
 20
-3.6017217716535432
 30
0
 11
6.5580609448818894
 21
-3.6048069291338583
 31
0
  0
LINE
  5
1100
330
22
100
AcDbEntity
  8
F.Silkscreen
  6
CONTINUOUS
100
AcDbLine
 10
6.5580609448818894
 20
-3.6048069291338583
 30
0
 11
6.5635587795275585
 21
-3.6088012992125984
 31
0
  0
LINE
  5
1101
330
22
100
AcDbEntity
  8
F.Silkscreen
  6
CONTINUOUS
100
AcDbLine
 10
6.5635587795275585
 20
-3.6088012992125984
 30
0
 11
6.5683640551181099
 21
-3.6136065748031494
 31
0
  0
LINE
  5
1102
330
22
100
AcDbEntity
  8
F.Silkscreen
  6
CONTINUOUS
100
AcDbLine
 10
6.5683640551181099
 20
-3.6136065748031494
 30
0
 11
6.5723584251968505
 21
-3.6191044094488189
 31
0
  0
LINE
  5
1103
330
22
100
AcDbEntity
  8
F.Silkscreen
  6
CONTINUOUS
100
AcDbLine
 10
6.5723584251968505
 20
-3.6191044094488189
 30
0
 11
6.5754435826771651
 21
-3.6251593700787401
 31
0
  0
LINE
  5
1104
330
22
100
AcDbEntity
  8
F.Silkscreen
  6
CONTINUOUS
100
AcDbLine
 10
6.5754435826771651
 20
-3.6251593700787401
 30
0
 11
6.5775435826771655
 21
-3.6316224409448816
 31
0
  0
LINE
  5
1105
330
22
100
AcDbEntity
  8
F.Silkscreen
  6
CONTINUOUS
100
AcDbLine
 10
6.5775435826771655
 20
-3.6316224409448816
 30
0
 11
6.5786066535433072
 21
-3.6383344488188976
 31
0
  0
LINE
  5
1106
330
22
100
AcDbEntity
  8
F.Silkscreen
  6
CONTINUOUS
100
AcDbLine
 10
6.5786066535433072
 20
-3.6383344488188976
 30
0
 11
6.5786066535433072
 21
-3.6451301181102362
 31
0
  0
LINE
  5
1107
330
22
100
AcDbEntity
  8
F.Silkscreen
  6
CONTINUOUS
100
AcDbLine
 10
6.5786066535433072
 20
-3.6451301181102362
 30
0
 11
6.5775435826771655
 21
-3.6518421259842517
 31
0
  0
LINE
  5
1108
330
22
100
AcDbEntity
  8
F.Silkscreen
  6
CONTINUOUS
100
AcDbLine
 10
6.5775435826771655
 20
-3.6518421259842517
 30
0
 11
6.5754435826771651
 21
-3.6583051968503937
 31
0
  0
LINE
  5
1109
330
22
100
AcDbEntity
  8
F.Silkscreen
  6
CONTINUOUS
100
AcDbLine
 10
6.5754435826771651
 20
-3.6583051968503937
 30
0
 11
6.5723584251968505
 21
-3.6643601574803149
 31
0
  0
LINE
  5
110A
330
22
100
AcDbEntity
  8
F.Silkscreen
  6
CONTINUOUS
100
AcDbLine
 10
6.5723584251968505
 20
-3.6643601574803149
 30
0
 11
6.5683640551181099
 21
-3.669857992125984
 31
0
  0
LINE
  5
110B
330
22
100
AcDbEntity
  8
F.Silkscreen
  6
CONTINUOUS
100
AcDbLine
 10
6.5683640551181099
 20
-3.669857992125984
 30
0
 11
6.5635587795275585
 21
-3.6746632677165354
 31
0
  0
LINE
  5
110C
330
22
100
AcDbEntity
  8
F.Silkscreen
  6
CONTINUOUS
100
AcDbLine
 10
6.5635587795275585
 20
-3.6746632677165354
 30
0
 11
6.5580609448818894
 21
-3.6786576377952755
 31
0
  0
LINE
  5
110D
330
22
100
AcDbEntity
  8
F.Silkscreen
  6
CONTINUOUS
100
AcDbLine
 10
6.5580609448818894
 20
-3.6786576377952755
 30
0
 11
6.5520059842519682
 21
-3.6817427952755906
 31
0
  0
LINE
  5
110E
330
22
100
AcDbEntity
  8
F.Silkscreen
  6
CONTINUOUS
100
AcDbLine
 10
6.5520059842519682
 20
-3.6817427952755906
 30
0
 11
6.5455429133858267
 21
-3.6838427952755906
 31
0
  0
LINE
  5
110F
330
22
100
AcDbEntity
  8
F.Silkscreen
  6
CONTINUOUS
100
AcDbLine
 10
6.5455429133858267
 20
-3.6838427952755906
 30
0
 11
6.5388309055118112
 21
-3.6849058661417322
 31
0
  0
LINE
  5
1110
330
22
100
AcDbEntity
  8
F.Silkscreen
  6
CONTINUOUS
100
AcDbLine
 10
6.5388309055118112
 20
-3.6849058661417322
 30
0
 11
6.5320352362204721
 21
-3.6849058661417322
 31
0
  0
LINE
  5
1111
330
22
100
AcDbEntity
  8
F.Silkscreen
  6
CONTINUOUS
100
AcDbLine
 10
6.5320352362204721
 20
-3.6849058661417322
 30
0
 11
6.5253232283464566
 21
-3.6838427952755906
 31
0
  0
LINE
  5
1112
330
22
100
AcDbEntity
  8
F.Silkscreen
  6
CONTINUOUS
100
AcDbLine
 10
6.5253232283464566
 20
-3.6838427952755906
 30
0
 11
6.5188601574803151
 21
-3.6817427952755906
 31
0
  0
LINE
  5
1113
330
22
100
AcDbEntity
  8
F.Silkscreen
  6
CONTINUOUS
100
AcDbLine
 10
6.5188601574803151
 20
-3.6817427952755906
 30
0
 11
6.5128051968503939
 21
-3.6786576377952755
 31
0
  0
LINE
  5
1114
330
22
100
AcDbEntity
  8
F.Silkscreen
  6
CONTINUOUS
100
AcDbLine
 10
6.5128051968503939
 20
-3.6786576377952755
 30
0
 11
6.5073073622047239
 21
-3.6746632677165354
 31
0
  0
LINE
  5
1115
330
22
100
AcDbEntity
  8
F.Silkscreen
  6
CONTINUOUS
100
AcDbLine
 10
6.5073073622047239
 20
-3.6746632677165354
 30
0
 11
6.5025020866141734
 21
-3.669857992125984
 31
0
  0
LINE
  5
1116
330
22
100
AcDbEntity
  8
F.Silkscreen
  6
CONTINUOUS
100
AcDbLine
 10
6.5025020866141734
 20
-3.669857992125984
 30
0
 11
6.4985077165354328
 21
-3.6643601574803149
 31
0
  0
LINE
  5
1117
330
22
100
AcDbEntity
  8
F.Silkscreen
  6
CONTINUOUS
100
AcDbLine
 10
6.4985077165354328
 20
-3.6643601574803149
 30
0
 11
6.4954225590551182
 21
-3.6583051968503937
 31
0
  0
LINE
  5
1118
330
22
100
AcDbEntity
  8
F.Silkscreen
  6
CONTINUOUS
100
AcDbLine
 10
6.4954225590551182
 20
-3.6583051968503937
 30
0
 11
6.4933225590551178
 21
-3.6518421259842517
 31
0
  0
LINE
  5
1119
330
22
100
AcDbEntity
  8
F.Silkscreen
  6
CONTINUOUS
100
AcDbLine
 10
6.4933225590551178
 20
-3.6518421259842517
 30
0
 11
6.4922594881889761
 21
-3.6451301181102362
 31
0
  0
LINE
  5
111A
330
22
100
AcDbEntity
  8
F.Silkscreen
  6
CONTINUOUS
100
AcDbLine
 10
6.4922594881889761
 20
-3.6451301181102362
 30
0
 11
6.4922594881889761
 21
-3.6383344488188976
 31
0
  0
LINE
  5
111B
330
22
100
AcDbEntity
  8
F.Silkscreen
  6
CONTINUOUS
100
AcDbLine
 10
6.4922594881889761
 20
-3.6383344488188976
 30
0
 11
6.4933225590551178
 21
-3.6316224409448816
 31
0
  0
LINE
  5
111C
330
22
100
AcDbEntity
  8
F.Silkscreen
  6
CONTINUOUS
100
AcDbLine
 10
6.4933225590551178
 20
-3.6316224409448816
 30
0
 11
6.4954225590551182
 21
-3.6251593700787401
 31
0
  0
LINE
  5
111D
330
22
100
AcDbEntity
  8
F.Silkscreen
  6
CONTINUOUS
100
AcDbLine
 10
6.4954225590551182
 20
-3.6251593700787401
 30
0
 11
6.4985077165354328
 21
-3.6191044094488189
 31
0
  0
LINE
  5
111E
330
22
100
AcDbEntity
  8
F.Silkscreen
  6
CONTINUOUS
100
AcDbLine
 10
6.4985077165354328
 20
-3.6191044094488189
 30
0
 11
6.5025020866141734
 21
-3.6136065748031494
 31
0
  0
LINE
  5
111F
330
22
100
AcDbEntity
  8
F.Silkscreen
  6
CONTINUOUS
100
AcDbLine
 10
6.5025020866141734
 20
-3.6136065748031494
 30
0
 11
6.5073073622047239
 21
-3.6088012992125984
 31
0
  0
LINE
  5
1120
330
22
100
AcDbEntity
  8
F.Silkscreen
  6
CONTINUOUS
100
AcDbLine
 10
6.5073073622047239
 20
-3.6088012992125984
 30
0
 11
6.5128051968503939
 21
-3.6048069291338583
 31
0
  0
LINE
  5
1121
330
22
100
AcDbEntity
  8
F.Silkscreen
  6
CONTINUOUS
100
AcDbLine
 10
6.5128051968503939
 20
-3.6048069291338583
 30
0
 11
6.5188601574803151
 21
-3.6017217716535432
 31
0
  0
LINE
  5
1122
330
22
100
AcDbEntity
  8
F.Silkscreen
  6
CONTINUOUS
100
AcDbLine
 10
6.5188601574803151
 20
-3.6017217716535432
 30
0
 11
6.5253232283464566
 21
-3.5996217716535432
 31
0
  0
LINE
  5
1123
330
22
100
AcDbEntity
  8
F.Silkscreen
  6
CONTINUOUS
100
AcDbLine
 10
6.5253232283464566
 20
-3.5996217716535432
 30
0
 11
6.5320352362204721
 21
-3.5985587007874016
 31
0
  0
LINE
  5
1124
330
22
100
AcDbEntity
  8
F.Silkscreen
  6
CONTINUOUS
100
AcDbLine
 10
6.5320352362204721
 20
-3.5985587007874016
 30
0
 11
6.5388309055118112
 21
-3.5985587007874016
 31
0
  0
LINE
  5
1125
330
22
100
AcDbEntity
  8
F.Silkscreen
  6
CONTINUOUS
100
AcDbLine
 10
6.5388309055118112
 20
-3.5985587007874016
 30
0
 11
6.5455429133858267
 21
-3.5996217716535432
 31
0
  0
LINE
  5
1126
330
22
100
AcDbEntity
  8
F.Silkscreen
  6
CONTINUOUS
100
AcDbLine
 10
5.7853066929133856
 20
-3.5980469685039371
 30
0
 11
5.7917697637795271
 21
-3.6001469685039371
 31
0
  0
LINE
  5
1127
330
22
100
AcDbEntity
  8
F.Silkscreen
  6
CONTINUOUS
100
AcDbLine
 10
5.7917697637795271
 20
-3.6001469685039371
 30
0
 11
5.7978247244094483
 21
-3.6032321259842517
 31
0
  0
LINE
  5
1128
330
22
100
AcDbEntity
  8
F.Silkscreen
  6
CONTINUOUS
100
AcDbLine
 10
5.7978247244094483
 20
-3.6032321259842517
 30
0
 11
5.8033225590551183
 21
-3.6072264960629918
 31
0
  0
LINE
  5
1129
330
22
100
AcDbEntity
  8
F.Silkscreen
  6
CONTINUOUS
100
AcDbLine
 10
5.8033225590551183
 20
-3.6072264960629918
 30
0
 11
5.8081278346456688
 21
-3.6120317716535433
 31
0
  0
LINE
  5
112A
330
22
100
AcDbEntity
  8
F.Silkscreen
  6
CONTINUOUS
100
AcDbLine
 10
5.8081278346456688
 20
-3.6120317716535433
 30
0
 11
5.8121222047244094
 21
-3.6175296062992124
 31
0
  0
LINE
  5
112B
330
22
100
AcDbEntity
  8
F.Silkscreen
  6
CONTINUOUS
100
AcDbLine
 10
5.8121222047244094
 20
-3.6175296062992124
 30
0
 11
5.815207362204724
 21
-3.6235845669291336
 31
0
  0
LINE
  5
112C
330
22
100
AcDbEntity
  8
F.Silkscreen
  6
CONTINUOUS
100
AcDbLine
 10
5.815207362204724
 20
-3.6235845669291336
 30
0
 11
5.8173073622047244
 21
-3.6300476377952755
 31
0
  0
LINE
  5
112D
330
22
100
AcDbEntity
  8
F.Silkscreen
  6
CONTINUOUS
100
AcDbLine
 10
5.8173073622047244
 20
-3.6300476377952755
 30
0
 11
5.8183704330708661
 21
-3.6367596456692914
 31
0
  0
LINE
  5
112E
330
22
100
AcDbEntity
  8
F.Silkscreen
  6
CONTINUOUS
100
AcDbLine
 10
5.8183704330708661
 20
-3.6367596456692914
 30
0
 11
5.8183704330708661
 21
-3.6435553149606297
 31
0
  0
LINE
  5
112F
330
22
100
AcDbEntity
  8
F.Silkscreen
  6
CONTINUOUS
100
AcDbLine
 10
5.8183704330708661
 20
-3.6435553149606297
 30
0
 11
5.8173073622047244
 21
-3.6502673228346456
 31
0
  0
LINE
  5
1130
330
22
100
AcDbEntity
  8
F.Silkscreen
  6
CONTINUOUS
100
AcDbLine
 10
5.8173073622047244
 20
-3.6502673228346456
 30
0
 11
5.815207362204724
 21
-3.6567303937007871
 31
0
  0
LINE
  5
1131
330
22
100
AcDbEntity
  8
F.Silkscreen
  6
CONTINUOUS
100
AcDbLine
 10
5.815207362204724
 20
-3.6567303937007871
 30
0
 11
5.8121222047244094
 21
-3.6627853543307087
 31
0
  0
LINE
  5
1132
330
22
100
AcDbEntity
  8
F.Silkscreen
  6
CONTINUOUS
100
AcDbLine
 10
5.8121222047244094
 20
-3.6627853543307087
 30
0
 11
5.8081278346456688
 21
-3.6682831889763778
 31
0
  0
LINE
  5
1133
330
22
100
AcDbEntity
  8
F.Silkscreen
  6
CONTINUOUS
100
AcDbLine
 10
5.8081278346456688
 20
-3.6682831889763778
 30
0
 11
5.8033225590551183
 21
-3.6730884645669288
 31
0
  0
LINE
  5
1134
330
22
100
AcDbEntity
  8
F.Silkscreen
  6
CONTINUOUS
100
AcDbLine
 10
5.8033225590551183
 20
-3.6730884645669288
 30
0
 11
5.7978247244094483
 21
-3.6770828346456694
 31
0
  0
LINE
  5
1135
330
22
100
AcDbEntity
  8
F.Silkscreen
  6
CONTINUOUS
100
AcDbLine
 10
5.7978247244094483
 20
-3.6770828346456694
 30
0
 11
5.7917697637795271
 21
-3.680167992125984
 31
0
  0
LINE
  5
1136
330
22
100
AcDbEntity
  8
F.Silkscreen
  6
CONTINUOUS
100
AcDbLine
 10
5.7917697637795271
 20
-3.680167992125984
 30
0
 11
5.7853066929133856
 21
-3.682267992125984
 31
0
  0
LINE
  5
1137
330
22
100
AcDbEntity
  8
F.Silkscreen
  6
CONTINUOUS
100
AcDbLine
 10
5.7853066929133856
 20
-3.682267992125984
 30
0
 11
5.7785946850393701
 21
-3.6833310629921261
 31
0
  0
LINE
  5
1138
330
22
100
AcDbEntity
  8
F.Silkscreen
  6
CONTINUOUS
100
AcDbLine
 10
5.7785946850393701
 20
-3.6833310629921261
 30
0
 11
5.771799015748031
 21
-3.6833310629921261
 31
0
  0
LINE
  5
1139
330
22
100
AcDbEntity
  8
F.Silkscreen
  6
CONTINUOUS
100
AcDbLine
 10
5.771799015748031
 20
-3.6833310629921261
 30
0
 11
5.7650870078740155
 21
-3.682267992125984
 31
0
  0
LINE
  5
113A
330
22
100
AcDbEntity
  8
F.Silkscreen
  6
CONTINUOUS
100
AcDbLine
 10
5.7650870078740155
 20
-3.682267992125984
 30
0
 11
5.758623937007874
 21
-3.680167992125984
 31
0
  0
LINE
  5
113B
330
22
100
AcDbEntity
  8
F.Silkscreen
  6
CONTINUOUS
100
AcDbLine
 10
5.758623937007874
 20
-3.680167992125984
 30
0
 11
5.7525689763779528
 21
-3.6770828346456694
 31
0
  0
LINE
  5
113C
330
22
100
AcDbEntity
  8
F.Silkscreen
  6
CONTINUOUS
100
AcDbLine
 10
5.7525689763779528
 20
-3.6770828346456694
 30
0
 11
5.7470711417322837
 21
-3.6730884645669288
 31
0
  0
LINE
  5
113D
330
22
100
AcDbEntity
  8
F.Silkscreen
  6
CONTINUOUS
100
AcDbLine
 10
5.7470711417322837
 20
-3.6730884645669288
 30
0
 11
5.7422658661417323
 21
-3.6682831889763778
 31
0
  0
LINE
  5
113E
330
22
100
AcDbEntity
  8
F.Silkscreen
  6
CONTINUOUS
100
AcDbLine
 10
5.7422658661417323
 20
-3.6682831889763778
 30
0
 11
5.7382714960629917
 21
-3.6627853543307087
 31
0
  0
LINE
  5
113F
330
22
100
AcDbEntity
  8
F.Silkscreen
  6
CONTINUOUS
100
AcDbLine
 10
5.7382714960629917
 20
-3.6627853543307087
 30
0
 11
5.7351863385826771
 21
-3.6567303937007871
 31
0
  0
LINE
  5
1140
330
22
100
AcDbEntity
  8
F.Silkscreen
  6
CONTINUOUS
100
AcDbLine
 10
5.7351863385826771
 20
-3.6567303937007871
 30
0
 11
5.7330863385826767
 21
-3.6502673228346456
 31
0
  0
LINE
  5
1141
330
22
100
AcDbEntity
  8
F.Silkscreen
  6
CONTINUOUS
100
AcDbLine
 10
5.7330863385826767
 20
-3.6502673228346456
 30
0
 11
5.732023267716535
 21
-3.6435553149606297
 31
0
  0
LINE
  5
1142
330
22
100
AcDbEntity
  8
F.Silkscreen
  6
CONTINUOUS
100
AcDbLine
 10
5.732023267716535
 20
-3.6435553149606297
 30
0
 11
5.732023267716535
 21
-3.6367596456692914
 31
0
  0
LINE
  5
1143
330
22
100
AcDbEntity
  8
F.Silkscreen
  6
CONTINUOUS
100
AcDbLine
 10
5.732023267716535
 20
-3.6367596456692914
 30
0
 11
5.7330863385826767
 21
-3.6300476377952755
 31
0
  0
LINE
  5
1144
330
22
100
AcDbEntity
  8
F.Silkscreen
  6
CONTINUOUS
100
AcDbLine
 10
5.7330863385826767
 20
-3.6300476377952755
 30
0
 11
5.7351863385826771
 21
-3.6235845669291336
 31
0
  0
LINE
  5
1145
330
22
100
AcDbEntity
  8
F.Silkscreen
  6
CONTINUOUS
100
AcDbLine
 10
5.7351863385826771
 20
-3.6235845669291336
 30
0
 11
5.7382714960629917
 21
-3.6175296062992124
 31
0
  0
LINE
  5
1146
330
22
100
AcDbEntity
  8
F.Silkscreen
  6
CONTINUOUS
100
AcDbLine
 10
5.7382714960629917
 20
-3.6175296062992124
 30
0
 11
5.7422658661417323
 21
-3.6120317716535433
 31
0
  0
LINE
  5
1147
330
22
100
AcDbEntity
  8
F.Silkscreen
  6
CONTINUOUS
100
AcDbLine
 10
5.7422658661417323
 20
-3.6120317716535433
 30
0
 11
5.7470711417322837
 21
-3.6072264960629918
 31
0
  0
LINE
  5
1148
330
22
100
AcDbEntity
  8
F.Silkscreen
  6
CONTINUOUS
100
AcDbLine
 10
5.7470711417322837
 20
-3.6072264960629918
 30
0
 11
5.7525689763779528
 21
-3.6032321259842517
 31
0
  0
LINE
  5
1149
330
22
100
AcDbEntity
  8
F.Silkscreen
  6
CONTINUOUS
100
AcDbLine
 10
5.7525689763779528
 20
-3.6032321259842517
 30
0
 11
5.758623937007874
 21
-3.6001469685039371
 31
0
  0
LINE
  5
114A
330
22
100
AcDbEntity
  8
F.Silkscreen
  6
CONTINUOUS
100
AcDbLine
 10
5.758623937007874
 20
-3.6001469685039371
 30
0
 11
5.7650870078740155
 21
-3.5980469685039371
 31
0
  0
LINE
  5
114B
330
22
100
AcDbEntity
  8
F.Silkscreen
  6
CONTINUOUS
100
AcDbLine
 10
5.7650870078740155
 20
-3.5980469685039371
 30
0
 11
5.771799015748031
 21
-3.596983897637795
 31
0
  0
LINE
  5
114C
330
22
100
AcDbEntity
  8
F.Silkscreen
  6
CONTINUOUS
100
AcDbLine
 10
5.771799015748031
 20
-3.596983897637795
 30
0
 11
5.7785946850393701
 21
-3.596983897637795
 31
0
  0
LINE
  5
114D
330
22
100
AcDbEntity
  8
F.Silkscreen
  6
CONTINUOUS
100
AcDbLine
 10
5.7785946850393701
 20
-3.596983897637795
 30
0
 11
5.7853066929133856
 21
-3.5980469685039371
 31
0
  0
LINE
  5
114E
330
22
100
AcDbEntity
  8
F.Silkscreen
  6
CONTINUOUS
100
AcDbLine
 10
7.3010547244094486
 20
-3.5980469685039371
 30
0
 11
7.3075177952755901
 21
-3.6001469685039371
 31
0
  0
LINE
  5
114F
330
22
100
AcDbEntity
  8
F.Silkscreen
  6
CONTINUOUS
100
AcDbLine
 10
7.3075177952755901
 20
-3.6001469685039371
 30
0
 11
7.3135727559055113
 21
-3.6032321259842517
 31
0
  0
LINE
  5
1150
330
22
100
AcDbEntity
  8
F.Silkscreen
  6
CONTINUOUS
100
AcDbLine
 10
7.3135727559055113
 20
-3.6032321259842517
 30
0
 11
7.3190705905511813
 21
-3.6072264960629918
 31
0
  0
LINE
  5
1151
330
22
100
AcDbEntity
  8
F.Silkscreen
  6
CONTINUOUS
100
AcDbLine
 10
7.3190705905511813
 20
-3.6072264960629918
 30
0
 11
7.3238758661417318
 21
-3.6120317716535433
 31
0
  0
LINE
  5
1152
330
22
100
AcDbEntity
  8
F.Silkscreen
  6
CONTINUOUS
100
AcDbLine
 10
7.3238758661417318
 20
-3.6120317716535433
 30
0
 11
7.3278702362204724
 21
-3.6175296062992124
 31
0
  0
LINE
  5
1153
330
22
100
AcDbEntity
  8
F.Silkscreen
  6
CONTINUOUS
100
AcDbLine
 10
7.3278702362204724
 20
-3.6175296062992124
 30
0
 11
7.330955393700787
 21
-3.6235845669291336
 31
0
  0
LINE
  5
1154
330
22
100
AcDbEntity
  8
F.Silkscreen
  6
CONTINUOUS
100
AcDbLine
 10
7.330955393700787
 20
-3.6235845669291336
 30
0
 11
7.3330553937007874
 21
-3.6300476377952755
 31
0
  0
LINE
  5
1155
330
22
100
AcDbEntity
  8
F.Silkscreen
  6
CONTINUOUS
100
AcDbLine
 10
7.3330553937007874
 20
-3.6300476377952755
 30
0
 11
7.3341184645669291
 21
-3.6367596456692914
 31
0
  0
LINE
  5
1156
330
22
100
AcDbEntity
  8
F.Silkscreen
  6
CONTINUOUS
100
AcDbLine
 10
7.3341184645669291
 20
-3.6367596456692914
 30
0
 11
7.3341184645669291
 21
-3.6435553149606297
 31
0
  0
LINE
  5
1157
330
22
100
AcDbEntity
  8
F.Silkscreen
  6
CONTINUOUS
100
AcDbLine
 10
7.3341184645669291
 20
-3.6435553149606297
 30
0
 11
7.3330553937007874
 21
-3.6502673228346456
 31
0
  0
LINE
  5
1158
330
22
100
AcDbEntity
  8
F.Silkscreen
  6
CONTINUOUS
100
AcDbLine
 10
7.3330553937007874
 20
-3.6502673228346456
 30
0
 11
7.330955393700787
 21
-3.6567303937007871
 31
0
  0
LINE
  5
1159
330
22
100
AcDbEntity
  8
F.Silkscreen
  6
CONTINUOUS
100
AcDbLine
 10
7.330955393700787
 20
-3.6567303937007871
 30
0
 11
7.3278702362204724
 21
-3.6627853543307087
 31
0
  0
LINE
  5
115A
330
22
100
AcDbEntity
  8
F.Silkscreen
  6
CONTINUOUS
100
AcDbLine
 10
7.3278702362204724
 20
-3.6627853543307087
 30
0
 11
7.3238758661417318
 21
-3.6682831889763778
 31
0
  0
LINE
  5
115B
330
22
100
AcDbEntity
  8
F.Silkscreen
  6
CONTINUOUS
100
AcDbLine
 10
7.3238758661417318
 20
-3.6682831889763778
 30
0
 11
7.3190705905511813
 21
-3.6730884645669288
 31
0
  0
LINE
  5
115C
330
22
100
AcDbEntity
  8
F.Silkscreen
  6
CONTINUOUS
100
AcDbLine
 10
7.3190705905511813
 20
-3.6730884645669288
 30
0
 11
7.3135727559055113
 21
-3.6770828346456694
 31
0
  0
LINE
  5
115D
330
22
100
AcDbEntity
  8
F.Silkscreen
  6
CONTINUOUS
100
AcDbLine
 10
7.3135727559055113
 20
-3.6770828346456694
 30
0
 11
7.3075177952755901
 21
-3.680167992125984
 31
0
  0
LINE
  5
115E
330
22
100
AcDbEntity
  8
F.Silkscreen
  6
CONTINUOUS
100
AcDbLine
 10
7.3075177952755901
 20
-3.680167992125984
 30
0
 11
7.3010547244094486
 21
-3.682267992125984
 31
0
  0
LINE
  5
115F
330
22
100
AcDbEntity
  8
F.Silkscreen
  6
CONTINUOUS
100
AcDbLine
 10
7.3010547244094486
 20
-3.682267992125984
 30
0
 11
7.2943427165354331
 21
-3.6833310629921261
 31
0
  0
LINE
  5
1160
330
22
100
AcDbEntity
  8
F.Silkscreen
  6
CONTINUOUS
100
AcDbLine
 10
7.2943427165354331
 20
-3.6833310629921261
 30
0
 11
7.287547047244094
 21
-3.6833310629921261
 31
0
  0
LINE
  5
1161
330
22
100
AcDbEntity
  8
F.Silkscreen
  6
CONTINUOUS
100
AcDbLine
 10
7.287547047244094
 20
-3.6833310629921261
 30
0
 11
7.2808350393700785
 21
-3.682267992125984
 31
0
  0
LINE
  5
1162
330
22
100
AcDbEntity
  8
F.Silkscreen
  6
CONTINUOUS
100
AcDbLine
 10
7.2808350393700785
 20
-3.682267992125984
 30
0
 11
7.274371968503937
 21
-3.680167992125984
 31
0
  0
LINE
  5
1163
330
22
100
AcDbEntity
  8
F.Silkscreen
  6
CONTINUOUS
100
AcDbLine
 10
7.274371968503937
 20
-3.680167992125984
 30
0
 11
7.2683170078740158
 21
-3.6770828346456694
 31
0
  0
LINE
  5
1164
330
22
100
AcDbEntity
  8
F.Silkscreen
  6
CONTINUOUS
100
AcDbLine
 10
7.2683170078740158
 20
-3.6770828346456694
 30
0
 11
7.2628191732283467
 21
-3.6730884645669288
 31
0
  0
LINE
  5
1165
330
22
100
AcDbEntity
  8
F.Silkscreen
  6
CONTINUOUS
100
AcDbLine
 10
7.2628191732283467
 20
-3.6730884645669288
 30
0
 11
7.2580138976377953
 21
-3.6682831889763778
 31
0
  0
LINE
  5
1166
330
22
100
AcDbEntity
  8
F.Silkscreen
  6
CONTINUOUS
100
AcDbLine
 10
7.2580138976377953
 20
-3.6682831889763778
 30
0
 11
7.2540195275590547
 21
-3.6627853543307087
 31
0
  0
LINE
  5
1167
330
22
100
AcDbEntity
  8
F.Silkscreen
  6
CONTINUOUS
100
AcDbLine
 10
7.2540195275590547
 20
-3.6627853543307087
 30
0
 11
7.2509343700787401
 21
-3.6567303937007871
 31
0
  0
LINE
  5
1168
330
22
100
AcDbEntity
  8
F.Silkscreen
  6
CONTINUOUS
100
AcDbLine
 10
7.2509343700787401
 20
-3.6567303937007871
 30
0
 11
7.2488343700787397
 21
-3.6502673228346456
 31
0
  0
LINE
  5
1169
330
22
100
AcDbEntity
  8
F.Silkscreen
  6
CONTINUOUS
100
AcDbLine
 10
7.2488343700787397
 20
-3.6502673228346456
 30
0
 11
7.247771299212598
 21
-3.6435553149606297
 31
0
  0
LINE
  5
116A
330
22
100
AcDbEntity
  8
F.Silkscreen
  6
CONTINUOUS
100
AcDbLine
 10
7.247771299212598
 20
-3.6435553149606297
 30
0
 11
7.247771299212598
 21
-3.6367596456692914
 31
0
  0
LINE
  5
116B
330
22
100
AcDbEntity
  8
F.Silkscreen
  6
CONTINUOUS
100
AcDbLine
 10
7.247771299212598
 20
-3.6367596456692914
 30
0
 11
7.2488343700787397
 21
-3.6300476377952755
 31
0
  0
LINE
  5
116C
330
22
100
AcDbEntity
  8
F.Silkscreen
  6
CONTINUOUS
100
AcDbLine
 10
7.2488343700787397
 20
-3.6300476377952755
 30
0
 11
7.2509343700787401
 21
-3.6235845669291336
 31
0
  0
LINE
  5
116D
330
22
100
AcDbEntity
  8
F.Silkscreen
  6
CONTINUOUS
100
AcDbLine
 10
7.2509343700787401
 20
-3.6235845669291336
 30
0
 11
7.2540195275590547
 21
-3.6175296062992124
 31
0
  0
LINE
  5
116E
330
22
100
AcDbEntity
  8
F.Silkscreen
  6
CONTINUOUS
100
AcDbLine
 10
7.2540195275590547
 20
-3.6175296062992124
 30
0
 11
7.2580138976377953
 21
-3.6120317716535433
 31
0
  0
LINE
  5
116F
330
22
100
AcDbEntity
  8
F.Silkscreen
  6
CONTINUOUS
100
AcDbLine
 10
7.2580138976377953
 20
-3.6120317716535433
 30
0
 11
7.2628191732283467
 21
-3.6072264960629918
 31
0
  0
LINE
  5
1170
330
22
100
AcDbEntity
  8
F.Silkscreen
  6
CONTINUOUS
100
AcDbLine
 10
7.2628191732283467
 20
-3.6072264960629918
 30
0
 11
7.2683170078740158
 21
-3.6032321259842517
 31
0
  0
LINE
  5
1171
330
22
100
AcDbEntity
  8
F.Silkscreen
  6
CONTINUOUS
100
AcDbLine
 10
7.2683170078740158
 20
-3.6032321259842517
 30
0
 11
7.274371968503937
 21
-3.6001469685039371
 31
0
  0
LINE
  5
1172
330
22
100
AcDbEntity
  8
F.Silkscreen
  6
CONTINUOUS
100
AcDbLine
 10
7.274371968503937
 20
-3.6001469685039371
 30
0
 11
7.2808350393700785
 21
-3.5980469685039371
 31
0
  0
LINE
  5
1173
330
22
100
AcDbEntity
  8
F.Silkscreen
  6
CONTINUOUS
100
AcDbLine
 10
7.2808350393700785
 20
-3.5980469685039371
 30
0
 11
7.287547047244094
 21
-3.596983897637795
 31
0
  0
LINE
  5
1174
330
22
100
AcDbEntity
  8
F.Silkscreen
  6
CONTINUOUS
100
AcDbLine
 10
7.287547047244094
 20
-3.596983897637795
 30
0
 11
7.2943427165354331
 21
-3.596983897637795
 31
0
  0
LINE
  5
1175
330
22
100
AcDbEntity
  8
F.Silkscreen
  6
CONTINUOUS
100
AcDbLine
 10
7.2943427165354331
 20
-3.596983897637795
 30
0
 11
7.3010547244094486
 21
-3.5980469685039371
 31
0
  0
LINE
  5
1176
330
22
100
AcDbEntity
  8
F.Silkscreen
  6
CONTINUOUS
100
AcDbLine
 10
6.7955429133858267
 20
-3.4996217716535432
 30
0
 11
6.8020059842519682
 21
-3.5017217716535431
 31
0
  0
LINE
  5
1177
330
22
100
AcDbEntity
  8
F.Silkscreen
  6
CONTINUOUS
100
AcDbLine
 10
6.8020059842519682
 20
-3.5017217716535431
 30
0
 11
6.8080609448818894
 21
-3.5048069291338582
 31
0
  0
LINE
  5
1178
330
22
100
AcDbEntity
  8
F.Silkscreen
  6
CONTINUOUS
100
AcDbLine
 10
6.8080609448818894
 20
-3.5048069291338582
 30
0
 11
6.8135587795275585
 21
-3.5088012992125983
 31
0
  0
LINE
  5
1179
330
22
100
AcDbEntity
  8
F.Silkscreen
  6
CONTINUOUS
100
AcDbLine
 10
6.8135587795275585
 20
-3.5088012992125983
 30
0
 11
6.8183640551181099
 21
-3.5136065748031493
 31
0
  0
LINE
  5
117A
330
22
100
AcDbEntity
  8
F.Silkscreen
  6
CONTINUOUS
100
AcDbLine
 10
6.8183640551181099
 20
-3.5136065748031493
 30
0
 11
6.8223584251968505
 21
-3.5191044094488189
 31
0
  0
LINE
  5
117B
330
22
100
AcDbEntity
  8
F.Silkscreen
  6
CONTINUOUS
100
AcDbLine
 10
6.8223584251968505
 20
-3.5191044094488189
 30
0
 11
6.8254435826771651
 21
-3.52515937007874
 31
0
  0
LINE
  5
117C
330
22
100
AcDbEntity
  8
F.Silkscreen
  6
CONTINUOUS
100
AcDbLine
 10
6.8254435826771651
 20
-3.52515937007874
 30
0
 11
6.8275435826771655
 21
-3.531622440944882
 31
0
  0
LINE
  5
117D
330
22
100
AcDbEntity
  8
F.Silkscreen
  6
CONTINUOUS
100
AcDbLine
 10
6.8275435826771655
 20
-3.531622440944882
 30
0
 11
6.8286066535433072
 21
-3.5383344488188975
 31
0
  0
LINE
  5
117E
330
22
100
AcDbEntity
  8
F.Silkscreen
  6
CONTINUOUS
100
AcDbLine
 10
6.8286066535433072
 20
-3.5383344488188975
 30
0
 11
6.8286066535433072
 21
-3.5451301181102362
 31
0
  0
LINE
  5
117F
330
22
100
AcDbEntity
  8
F.Silkscreen
  6
CONTINUOUS
100
AcDbLine
 10
6.8286066535433072
 20
-3.5451301181102362
 30
0
 11
6.8275435826771655
 21
-3.5518421259842521
 31
0
  0
LINE
  5
1180
330
22
100
AcDbEntity
  8
F.Silkscreen
  6
CONTINUOUS
100
AcDbLine
 10
6.8275435826771655
 20
-3.5518421259842521
 30
0
 11
6.8254435826771651
 21
-3.5583051968503936
 31
0
  0
LINE
  5
1181
330
22
100
AcDbEntity
  8
F.Silkscreen
  6
CONTINUOUS
100
AcDbLine
 10
6.8254435826771651
 20
-3.5583051968503936
 30
0
 11
6.8223584251968505
 21
-3.5643601574803148
 31
0
  0
LINE
  5
1182
330
22
100
AcDbEntity
  8
F.Silkscreen
  6
CONTINUOUS
100
AcDbLine
 10
6.8223584251968505
 20
-3.5643601574803148
 30
0
 11
6.8183640551181099
 21
-3.5698579921259843
 31
0
  0
LINE
  5
1183
330
22
100
AcDbEntity
  8
F.Silkscreen
  6
CONTINUOUS
100
AcDbLine
 10
6.8183640551181099
 20
-3.5698579921259843
 30
0
 11
6.8135587795275585
 21
-3.5746632677165353
 31
0
  0
LINE
  5
1184
330
22
100
AcDbEntity
  8
F.Silkscreen
  6
CONTINUOUS
100
AcDbLine
 10
6.8135587795275585
 20
-3.5746632677165353
 30
0
 11
6.8080609448818894
 21
-3.5786576377952755
 31
0
  0
LINE
  5
1185
330
22
100
AcDbEntity
  8
F.Silkscreen
  6
CONTINUOUS
100
AcDbLine
 10
6.8080609448818894
 20
-3.5786576377952755
 30
0
 11
6.8020059842519682
 21
-3.5817427952755905
 31
0
  0
LINE
  5
1186
330
22
100
AcDbEntity
  8
F.Silkscreen
  6
CONTINUOUS
100
AcDbLine
 10
6.8020059842519682
 20
-3.5817427952755905
 30
0
 11
6.7955429133858267
 21
-3.5838427952755905
 31
0
  0
LINE
  5
1187
330
22
100
AcDbEntity
  8
F.Silkscreen
  6
CONTINUOUS
100
AcDbLine
 10
6.7955429133858267
 20
-3.5838427952755905
 30
0
 11
6.7888309055118112
 21
-3.5849058661417321
 31
0
  0
LINE
  5
1188
330
22
100
AcDbEntity
  8
F.Silkscreen
  6
CONTINUOUS
100
AcDbLine
 10
6.7888309055118112
 20
-3.5849058661417321
 30
0
 11
6.7820352362204721
 21
-3.5849058661417321
 31
0
  0
LINE
  5
1189
330
22
100
AcDbEntity
  8
F.Silkscreen
  6
CONTINUOUS
100
AcDbLine
 10
6.7820352362204721
 20
-3.5849058661417321
 30
0
 11
6.7753232283464566
 21
-3.5838427952755905
 31
0
  0
LINE
  5
118A
330
22
100
AcDbEntity
  8
F.Silkscreen
  6
CONTINUOUS
100
AcDbLine
 10
6.7753232283464566
 20
-3.5838427952755905
 30
0
 11
6.7688601574803151
 21
-3.5817427952755905
 31
0
  0
LINE
  5
118B
330
22
100
AcDbEntity
  8
F.Silkscreen
  6
CONTINUOUS
100
AcDbLine
 10
6.7688601574803151
 20
-3.5817427952755905
 30
0
 11
6.7628051968503939
 21
-3.5786576377952755
 31
0
  0
LINE
  5
118C
330
22
100
AcDbEntity
  8
F.Silkscreen
  6
CONTINUOUS
100
AcDbLine
 10
6.7628051968503939
 20
-3.5786576377952755
 30
0
 11
6.7573073622047239
 21
-3.5746632677165353
 31
0
  0
LINE
  5
118D
330
22
100
AcDbEntity
  8
F.Silkscreen
  6
CONTINUOUS
100
AcDbLine
 10
6.7573073622047239
 20
-3.5746632677165353
 30
0
 11
6.7525020866141734
 21
-3.5698579921259843
 31
0
  0
LINE
  5
118E
330
22
100
AcDbEntity
  8
F.Silkscreen
  6
CONTINUOUS
100
AcDbLine
 10
6.7525020866141734
 20
-3.5698579921259843
 30
0
 11
6.7485077165354328
 21
-3.5643601574803148
 31
0
  0
LINE
  5
118F
330
22
100
AcDbEntity
  8
F.Silkscreen
  6
CONTINUOUS
100
AcDbLine
 10
6.7485077165354328
 20
-3.5643601574803148
 30
0
 11
6.7454225590551182
 21
-3.5583051968503936
 31
0
  0
LINE
  5
1190
330
22
100
AcDbEntity
  8
F.Silkscreen
  6
CONTINUOUS
100
AcDbLine
 10
6.7454225590551182
 20
-3.5583051968503936
 30
0
 11
6.7433225590551178
 21
-3.5518421259842521
 31
0
  0
LINE
  5
1191
330
22
100
AcDbEntity
  8
F.Silkscreen
  6
CONTINUOUS
100
AcDbLine
 10
6.7433225590551178
 20
-3.5518421259842521
 30
0
 11
6.7422594881889761
 21
-3.5451301181102362
 31
0
  0
LINE
  5
1192
330
22
100
AcDbEntity
  8
F.Silkscreen
  6
CONTINUOUS
100
AcDbLine
 10
6.7422594881889761
 20
-3.5451301181102362
 30
0
 11
6.7422594881889761
 21
-3.5383344488188975
 31
0
  0
LINE
  5
1193
330
22
100
AcDbEntity
  8
F.Silkscreen
  6
CONTINUOUS
100
AcDbLine
 10
6.7422594881889761
 20
-3.5383344488188975
 30
0
 11
6.7433225590551178
 21
-3.531622440944882
 31
0
  0
LINE
  5
1194
330
22
100
AcDbEntity
  8
F.Silkscreen
  6
CONTINUOUS
100
AcDbLine
 10
6.7433225590551178
 20
-3.531622440944882
 30
0
 11
6.7454225590551182
 21
-3.52515937007874
 31
0
  0
LINE
  5
1195
330
22
100
AcDbEntity
  8
F.Silkscreen
  6
CONTINUOUS
100
AcDbLine
 10
6.7454225590551182
 20
-3.52515937007874
 30
0
 11
6.7485077165354328
 21
-3.5191044094488189
 31
0
  0
LINE
  5
1196
330
22
100
AcDbEntity
  8
F.Silkscreen
  6
CONTINUOUS
100
AcDbLine
 10
6.7485077165354328
 20
-3.5191044094488189
 30
0
 11
6.7525020866141734
 21
-3.5136065748031493
 31
0
  0
LINE
  5
1197
330
22
100
AcDbEntity
  8
F.Silkscreen
  6
CONTINUOUS
100
AcDbLine
 10
6.7525020866141734
 20
-3.5136065748031493
 30
0
 11
6.7573073622047239
 21
-3.5088012992125983
 31
0
  0
LINE
  5
1198
330
22
100
AcDbEntity
  8
F.Silkscreen
  6
CONTINUOUS
100
AcDbLine
 10
6.7573073622047239
 20
-3.5088012992125983
 30
0
 11
6.7628051968503939
 21
-3.5048069291338582
 31
0
  0
LINE
  5
1199
330
22
100
AcDbEntity
  8
F.Silkscreen
  6
CONTINUOUS
100
AcDbLine
 10
6.7628051968503939
 20
-3.5048069291338582
 30
0
 11
6.7688601574803151
 21
-3.5017217716535431
 31
0
  0
LINE
  5
119A
330
22
100
AcDbEntity
  8
F.Silkscreen
  6
CONTINUOUS
100
AcDbLine
 10
6.7688601574803151
 20
-3.5017217716535431
 30
0
 11
6.7753232283464566
 21
-3.4996217716535432
 31
0
  0
LINE
  5
119B
330
22
100
AcDbEntity
  8
F.Silkscreen
  6
CONTINUOUS
100
AcDbLine
 10
6.7753232283464566
 20
-3.4996217716535432
 30
0
 11
6.7820352362204721
 21
-3.4985587007874015
 31
0
  0
LINE
  5
119C
330
22
100
AcDbEntity
  8
F.Silkscreen
  6
CONTINUOUS
100
AcDbLine
 10
6.7820352362204721
 20
-3.4985587007874015
 30
0
 11
6.7888309055118112
 21
-3.4985587007874015
 31
0
  0
LINE
  5
119D
330
22
100
AcDbEntity
  8
F.Silkscreen
  6
CONTINUOUS
100
AcDbLine
 10
6.7888309055118112
 20
-3.4985587007874015
 30
0
 11
6.7955429133858267
 21
-3.4996217716535432
 31
0
  0
LINE
  5
119E
330
22
100
AcDbEntity
  8
F.Silkscreen
  6
CONTINUOUS
100
AcDbLine
 10
6.0353066929133856
 20
-3.498046968503937
 30
0
 11
6.0417697637795271
 21
-3.500146968503937
 31
0
  0
LINE
  5
119F
330
22
100
AcDbEntity
  8
F.Silkscreen
  6
CONTINUOUS
100
AcDbLine
 10
6.0417697637795271
 20
-3.500146968503937
 30
0
 11
6.0478247244094483
 21
-3.503232125984252
 31
0
  0
LINE
  5
11A0
330
22
100
AcDbEntity
  8
F.Silkscreen
  6
CONTINUOUS
100
AcDbLine
 10
6.0478247244094483
 20
-3.503232125984252
 30
0
 11
6.0533225590551183
 21
-3.5072264960629922
 31
0
  0
LINE
  5
11A1
330
22
100
AcDbEntity
  8
F.Silkscreen
  6
CONTINUOUS
100
AcDbLine
 10
6.0533225590551183
 20
-3.5072264960629922
 30
0
 11
6.0581278346456688
 21
-3.5120317716535432
 31
0
  0
LINE
  5
11A2
330
22
100
AcDbEntity
  8
F.Silkscreen
  6
CONTINUOUS
100
AcDbLine
 10
6.0581278346456688
 20
-3.5120317716535432
 30
0
 11
6.0621222047244094
 21
-3.5175296062992123
 31
0
  0
LINE
  5
11A3
330
22
100
AcDbEntity
  8
F.Silkscreen
  6
CONTINUOUS
100
AcDbLine
 10
6.0621222047244094
 20
-3.5175296062992123
 30
0
 11
6.065207362204724
 21
-3.5235845669291339
 31
0
  0
LINE
  5
11A4
330
22
100
AcDbEntity
  8
F.Silkscreen
  6
CONTINUOUS
100
AcDbLine
 10
6.065207362204724
 20
-3.5235845669291339
 30
0
 11
6.0673073622047244
 21
-3.5300476377952754
 31
0
  0
LINE
  5
11A5
330
22
100
AcDbEntity
  8
F.Silkscreen
  6
CONTINUOUS
100
AcDbLine
 10
6.0673073622047244
 20
-3.5300476377952754
 30
0
 11
6.0683704330708661
 21
-3.5367596456692914
 31
0
  0
LINE
  5
11A6
330
22
100
AcDbEntity
  8
F.Silkscreen
  6
CONTINUOUS
100
AcDbLine
 10
6.0683704330708661
 20
-3.5367596456692914
 30
0
 11
6.0683704330708661
 21
-3.54355531496063
 31
0
  0
LINE
  5
11A7
330
22
100
AcDbEntity
  8
F.Silkscreen
  6
CONTINUOUS
100
AcDbLine
 10
6.0683704330708661
 20
-3.54355531496063
 30
0
 11
6.0673073622047244
 21
-3.5502673228346455
 31
0
  0
LINE
  5
11A8
330
22
100
AcDbEntity
  8
F.Silkscreen
  6
CONTINUOUS
100
AcDbLine
 10
6.0673073622047244
 20
-3.5502673228346455
 30
0
 11
6.065207362204724
 21
-3.5567303937007875
 31
0
  0
LINE
  5
11A9
330
22
100
AcDbEntity
  8
F.Silkscreen
  6
CONTINUOUS
100
AcDbLine
 10
6.065207362204724
 20
-3.5567303937007875
 30
0
 11
6.0621222047244094
 21
-3.5627853543307086
 31
0
  0
LINE
  5
11AA
330
22
100
AcDbEntity
  8
F.Silkscreen
  6
CONTINUOUS
100
AcDbLine
 10
6.0621222047244094
 20
-3.5627853543307086
 30
0
 11
6.0581278346456688
 21
-3.5682831889763778
 31
0
  0
LINE
  5
11AB
330
22
100
AcDbEntity
  8
F.Silkscreen
  6
CONTINUOUS
100
AcDbLine
 10
6.0581278346456688
 20
-3.5682831889763778
 30
0
 11
6.0533225590551183
 21
-3.5730884645669292
 31
0
  0
LINE
  5
11AC
330
22
100
AcDbEntity
  8
F.Silkscreen
  6
CONTINUOUS
100
AcDbLine
 10
6.0533225590551183
 20
-3.5730884645669292
 30
0
 11
6.0478247244094483
 21
-3.5770828346456693
 31
0
  0
LINE
  5
11AD
330
22
100
AcDbEntity
  8
F.Silkscreen
  6
CONTINUOUS
100
AcDbLine
 10
6.0478247244094483
 20
-3.5770828346456693
 30
0
 11
6.0417697637795271
 21
-3.5801679921259844
 31
0
  0
LINE
  5
11AE
330
22
100
AcDbEntity
  8
F.Silkscreen
  6
CONTINUOUS
100
AcDbLine
 10
6.0417697637795271
 20
-3.5801679921259844
 30
0
 11
6.0353066929133856
 21
-3.5822679921259843
 31
0
  0
LINE
  5
11AF
330
22
100
AcDbEntity
  8
F.Silkscreen
  6
CONTINUOUS
100
AcDbLine
 10
6.0353066929133856
 20
-3.5822679921259843
 30
0
 11
6.0285946850393701
 21
-3.583331062992126
 31
0
  0
LINE
  5
11B0
330
22
100
AcDbEntity
  8
F.Silkscreen
  6
CONTINUOUS
100
AcDbLine
 10
6.0285946850393701
 20
-3.583331062992126
 30
0
 11
6.021799015748031
 21
-3.583331062992126
 31
0
  0
LINE
  5
11B1
330
22
100
AcDbEntity
  8
F.Silkscreen
  6
CONTINUOUS
100
AcDbLine
 10
6.021799015748031
 20
-3.583331062992126
 30
0
 11
6.0150870078740155
 21
-3.5822679921259843
 31
0
  0
LINE
  5
11B2
330
22
100
AcDbEntity
  8
F.Silkscreen
  6
CONTINUOUS
100
AcDbLine
 10
6.0150870078740155
 20
-3.5822679921259843
 30
0
 11
6.008623937007874
 21
-3.5801679921259844
 31
0
  0
LINE
  5
11B3
330
22
100
AcDbEntity
  8
F.Silkscreen
  6
CONTINUOUS
100
AcDbLine
 10
6.008623937007874
 20
-3.5801679921259844
 30
0
 11
6.0025689763779528
 21
-3.5770828346456693
 31
0
  0
LINE
  5
11B4
330
22
100
AcDbEntity
  8
F.Silkscreen
  6
CONTINUOUS
100
AcDbLine
 10
6.0025689763779528
 20
-3.5770828346456693
 30
0
 11
5.9970711417322837
 21
-3.5730884645669292
 31
0
  0
LINE
  5
11B5
330
22
100
AcDbEntity
  8
F.Silkscreen
  6
CONTINUOUS
100
AcDbLine
 10
5.9970711417322837
 20
-3.5730884645669292
 30
0
 11
5.9922658661417323
 21
-3.5682831889763778
 31
0
  0
LINE
  5
11B6
330
22
100
AcDbEntity
  8
F.Silkscreen
  6
CONTINUOUS
100
AcDbLine
 10
5.9922658661417323
 20
-3.5682831889763778
 30
0
 11
5.9882714960629917
 21
-3.5627853543307086
 31
0
  0
LINE
  5
11B7
330
22
100
AcDbEntity
  8
F.Silkscreen
  6
CONTINUOUS
100
AcDbLine
 10
5.9882714960629917
 20
-3.5627853543307086
 30
0
 11
5.9851863385826771
 21
-3.5567303937007875
 31
0
  0
LINE
  5
11B8
330
22
100
AcDbEntity
  8
F.Silkscreen
  6
CONTINUOUS
100
AcDbLine
 10
5.9851863385826771
 20
-3.5567303937007875
 30
0
 11
5.9830863385826767
 21
-3.5502673228346455
 31
0
  0
LINE
  5
11B9
330
22
100
AcDbEntity
  8
F.Silkscreen
  6
CONTINUOUS
100
AcDbLine
 10
5.9830863385826767
 20
-3.5502673228346455
 30
0
 11
5.982023267716535
 21
-3.54355531496063
 31
0
  0
LINE
  5
11BA
330
22
100
AcDbEntity
  8
F.Silkscreen
  6
CONTINUOUS
100
AcDbLine
 10
5.982023267716535
 20
-3.54355531496063
 30
0
 11
5.982023267716535
 21
-3.5367596456692914
 31
0
  0
LINE
  5
11BB
330
22
100
AcDbEntity
  8
F.Silkscreen
  6
CONTINUOUS
100
AcDbLine
 10
5.982023267716535
 20
-3.5367596456692914
 30
0
 11
5.9830863385826767
 21
-3.5300476377952754
 31
0
  0
LINE
  5
11BC
330
22
100
AcDbEntity
  8
F.Silkscreen
  6
CONTINUOUS
100
AcDbLine
 10
5.9830863385826767
 20
-3.5300476377952754
 30
0
 11
5.9851863385826771
 21
-3.5235845669291339
 31
0
  0
LINE
  5
11BD
330
22
100
AcDbEntity
  8
F.Silkscreen
  6
CONTINUOUS
100
AcDbLine
 10
5.9851863385826771
 20
-3.5235845669291339
 30
0
 11
5.9882714960629917
 21
-3.5175296062992123
 31
0
  0
LINE
  5
11BE
330
22
100
AcDbEntity
  8
F.Silkscreen
  6
CONTINUOUS
100
AcDbLine
 10
5.9882714960629917
 20
-3.5175296062992123
 30
0
 11
5.9922658661417323
 21
-3.5120317716535432
 31
0
  0
LINE
  5
11BF
330
22
100
AcDbEntity
  8
F.Silkscreen
  6
CONTINUOUS
100
AcDbLine
 10
5.9922658661417323
 20
-3.5120317716535432
 30
0
 11
5.9970711417322837
 21
-3.5072264960629922
 31
0
  0
LINE
  5
11C0
330
22
100
AcDbEntity
  8
F.Silkscreen
  6
CONTINUOUS
100
AcDbLine
 10
5.9970711417322837
 20
-3.5072264960629922
 30
0
 11
6.0025689763779528
 21
-3.503232125984252
 31
0
  0
LINE
  5
11C1
330
22
100
AcDbEntity
  8
F.Silkscreen
  6
CONTINUOUS
100
AcDbLine
 10
6.0025689763779528
 20
-3.503232125984252
 30
0
 11
6.008623937007874
 21
-3.500146968503937
 31
0
  0
LINE
  5
11C2
330
22
100
AcDbEntity
  8
F.Silkscreen
  6
CONTINUOUS
100
AcDbLine
 10
6.008623937007874
 20
-3.500146968503937
 30
0
 11
6.0150870078740155
 21
-3.498046968503937
 31
0
  0
LINE
  5
11C3
330
22
100
AcDbEntity
  8
F.Silkscreen
  6
CONTINUOUS
100
AcDbLine
 10
6.0150870078740155
 20
-3.498046968503937
 30
0
 11
6.021799015748031
 21
-3.4969838976377954
 31
0
  0
LINE
  5
11C4
330
22
100
AcDbEntity
  8
F.Silkscreen
  6
CONTINUOUS
100
AcDbLine
 10
6.021799015748031
 20
-3.4969838976377954
 30
0
 11
6.0285946850393701
 21
-3.4969838976377954
 31
0
  0
LINE
  5
11C5
330
22
100
AcDbEntity
  8
F.Silkscreen
  6
CONTINUOUS
100
AcDbLine
 10
6.0285946850393701
 20
-3.4969838976377954
 30
0
 11
6.0353066929133856
 21
-3.498046968503937
 31
0
  0
LINE
  5
11C6
330
22
100
AcDbEntity
  8
F.Silkscreen
  6
CONTINUOUS
100
AcDbLine
 10
7.5510547244094486
 20
-3.498046968503937
 30
0
 11
7.5575177952755901
 21
-3.500146968503937
 31
0
  0
LINE
  5
11C7
330
22
100
AcDbEntity
  8
F.Silkscreen
  6
CONTINUOUS
100
AcDbLine
 10
7.5575177952755901
 20
-3.500146968503937
 30
0
 11
7.5635727559055113
 21
-3.503232125984252
 31
0
  0
LINE
  5
11C8
330
22
100
AcDbEntity
  8
F.Silkscreen
  6
CONTINUOUS
100
AcDbLine
 10
7.5635727559055113
 20
-3.503232125984252
 30
0
 11
7.5690705905511813
 21
-3.5072264960629922
 31
0
  0
LINE
  5
11C9
330
22
100
AcDbEntity
  8
F.Silkscreen
  6
CONTINUOUS
100
AcDbLine
 10
7.5690705905511813
 20
-3.5072264960629922
 30
0
 11
7.5738758661417318
 21
-3.5120317716535432
 31
0
  0
LINE
  5
11CA
330
22
100
AcDbEntity
  8
F.Silkscreen
  6
CONTINUOUS
100
AcDbLine
 10
7.5738758661417318
 20
-3.5120317716535432
 30
0
 11
7.5778702362204724
 21
-3.5175296062992123
 31
0
  0
LINE
  5
11CB
330
22
100
AcDbEntity
  8
F.Silkscreen
  6
CONTINUOUS
100
AcDbLine
 10
7.5778702362204724
 20
-3.5175296062992123
 30
0
 11
7.580955393700787
 21
-3.5235845669291339
 31
0
  0
LINE
  5
11CC
330
22
100
AcDbEntity
  8
F.Silkscreen
  6
CONTINUOUS
100
AcDbLine
 10
7.580955393700787
 20
-3.5235845669291339
 30
0
 11
7.5830553937007874
 21
-3.5300476377952754
 31
0
  0
LINE
  5
11CD
330
22
100
AcDbEntity
  8
F.Silkscreen
  6
CONTINUOUS
100
AcDbLine
 10
7.5830553937007874
 20
-3.5300476377952754
 30
0
 11
7.5841184645669291
 21
-3.5367596456692914
 31
0
  0
LINE
  5
11CE
330
22
100
AcDbEntity
  8
F.Silkscreen
  6
CONTINUOUS
100
AcDbLine
 10
7.5841184645669291
 20
-3.5367596456692914
 30
0
 11
7.5841184645669291
 21
-3.54355531496063
 31
0
  0
LINE
  5
11CF
330
22
100
AcDbEntity
  8
F.Silkscreen
  6
CONTINUOUS
100
AcDbLine
 10
7.5841184645669291
 20
-3.54355531496063
 30
0
 11
7.5830553937007874
 21
-3.5502673228346455
 31
0
  0
LINE
  5
11D0
330
22
100
AcDbEntity
  8
F.Silkscreen
  6
CONTINUOUS
100
AcDbLine
 10
7.5830553937007874
 20
-3.5502673228346455
 30
0
 11
7.580955393700787
 21
-3.5567303937007875
 31
0
  0
LINE
  5
11D1
330
22
100
AcDbEntity
  8
F.Silkscreen
  6
CONTINUOUS
100
AcDbLine
 10
7.580955393700787
 20
-3.5567303937007875
 30
0
 11
7.5778702362204724
 21
-3.5627853543307086
 31
0
  0
LINE
  5
11D2
330
22
100
AcDbEntity
  8
F.Silkscreen
  6
CONTINUOUS
100
AcDbLine
 10
7.5778702362204724
 20
-3.5627853543307086
 30
0
 11
7.5738758661417318
 21
-3.5682831889763778
 31
0
  0
LINE
  5
11D3
330
22
100
AcDbEntity
  8
F.Silkscreen
  6
CONTINUOUS
100
AcDbLine
 10
7.5738758661417318
 20
-3.5682831889763778
 30
0
 11
7.5690705905511813
 21
-3.5730884645669292
 31
0
  0
LINE
  5
11D4
330
22
100
AcDbEntity
  8
F.Silkscreen
  6
CONTINUOUS
100
AcDbLine
 10
7.5690705905511813
 20
-3.5730884645669292
 30
0
 11
7.5635727559055113
 21
-3.5770828346456693
 31
0
  0
LINE
  5
11D5
330
22
100
AcDbEntity
  8
F.Silkscreen
  6
CONTINUOUS
100
AcDbLine
 10
7.5635727559055113
 20
-3.5770828346456693
 30
0
 11
7.5575177952755901
 21
-3.5801679921259844
 31
0
  0
LINE
  5
11D6
330
22
100
AcDbEntity
  8
F.Silkscreen
  6
CONTINUOUS
100
AcDbLine
 10
7.5575177952755901
 20
-3.5801679921259844
 30
0
 11
7.5510547244094486
 21
-3.5822679921259843
 31
0
  0
LINE
  5
11D7
330
22
100
AcDbEntity
  8
F.Silkscreen
  6
CONTINUOUS
100
AcDbLine
 10
7.5510547244094486
 20
-3.5822679921259843
 30
0
 11
7.5443427165354331
 21
-3.583331062992126
 31
0
  0
LINE
  5
11D8
330
22
100
AcDbEntity
  8
F.Silkscreen
  6
CONTINUOUS
100
AcDbLine
 10
7.5443427165354331
 20
-3.583331062992126
 30
0
 11
7.537547047244094
 21
-3.583331062992126
 31
0
  0
LINE
  5
11D9
330
22
100
AcDbEntity
  8
F.Silkscreen
  6
CONTINUOUS
100
AcDbLine
 10
7.537547047244094
 20
-3.583331062992126
 30
0
 11
7.5308350393700785
 21
-3.5822679921259843
 31
0
  0
LINE
  5
11DA
330
22
100
AcDbEntity
  8
F.Silkscreen
  6
CONTINUOUS
100
AcDbLine
 10
7.5308350393700785
 20
-3.5822679921259843
 30
0
 11
7.524371968503937
 21
-3.5801679921259844
 31
0
  0
LINE
  5
11DB
330
22
100
AcDbEntity
  8
F.Silkscreen
  6
CONTINUOUS
100
AcDbLine
 10
7.524371968503937
 20
-3.5801679921259844
 30
0
 11
7.5183170078740158
 21
-3.5770828346456693
 31
0
  0
LINE
  5
11DC
330
22
100
AcDbEntity
  8
F.Silkscreen
  6
CONTINUOUS
100
AcDbLine
 10
7.5183170078740158
 20
-3.5770828346456693
 30
0
 11
7.5128191732283467
 21
-3.5730884645669292
 31
0
  0
LINE
  5
11DD
330
22
100
AcDbEntity
  8
F.Silkscreen
  6
CONTINUOUS
100
AcDbLine
 10
7.5128191732283467
 20
-3.5730884645669292
 30
0
 11
7.5080138976377953
 21
-3.5682831889763778
 31
0
  0
LINE
  5
11DE
330
22
100
AcDbEntity
  8
F.Silkscreen
  6
CONTINUOUS
100
AcDbLine
 10
7.5080138976377953
 20
-3.5682831889763778
 30
0
 11
7.5040195275590547
 21
-3.5627853543307086
 31
0
  0
LINE
  5
11DF
330
22
100
AcDbEntity
  8
F.Silkscreen
  6
CONTINUOUS
100
AcDbLine
 10
7.5040195275590547
 20
-3.5627853543307086
 30
0
 11
7.5009343700787401
 21
-3.5567303937007875
 31
0
  0
LINE
  5
11E0
330
22
100
AcDbEntity
  8
F.Silkscreen
  6
CONTINUOUS
100
AcDbLine
 10
7.5009343700787401
 20
-3.5567303937007875
 30
0
 11
7.4988343700787397
 21
-3.5502673228346455
 31
0
  0
LINE
  5
11E1
330
22
100
AcDbEntity
  8
F.Silkscreen
  6
CONTINUOUS
100
AcDbLine
 10
7.4988343700787397
 20
-3.5502673228346455
 30
0
 11
7.497771299212598
 21
-3.54355531496063
 31
0
  0
LINE
  5
11E2
330
22
100
AcDbEntity
  8
F.Silkscreen
  6
CONTINUOUS
100
AcDbLine
 10
7.497771299212598
 20
-3.54355531496063
 30
0
 11
7.497771299212598
 21
-3.5367596456692914
 31
0
  0
LINE
  5
11E3
330
22
100
AcDbEntity
  8
F.Silkscreen
  6
CONTINUOUS
100
AcDbLine
 10
7.497771299212598
 20
-3.5367596456692914
 30
0
 11
7.4988343700787397
 21
-3.5300476377952754
 31
0
  0
LINE
  5
11E4
330
22
100
AcDbEntity
  8
F.Silkscreen
  6
CONTINUOUS
100
AcDbLine
 10
7.4988343700787397
 20
-3.5300476377952754
 30
0
 11
7.5009343700787401
 21
-3.5235845669291339
 31
0
  0
LINE
  5
11E5
330
22
100
AcDbEntity
  8
F.Silkscreen
  6
CONTINUOUS
100
AcDbLine
 10
7.5009343700787401
 20
-3.5235845669291339
 30
0
 11
7.5040195275590547
 21
-3.5175296062992123
 31
0
  0
LINE
  5
11E6
330
22
100
AcDbEntity
  8
F.Silkscreen
  6
CONTINUOUS
100
AcDbLine
 10
7.5040195275590547
 20
-3.5175296062992123
 30
0
 11
7.5080138976377953
 21
-3.5120317716535432
 31
0
  0
LINE
  5
11E7
330
22
100
AcDbEntity
  8
F.Silkscreen
  6
CONTINUOUS
100
AcDbLine
 10
7.5080138976377953
 20
-3.5120317716535432
 30
0
 11
7.5128191732283467
 21
-3.5072264960629922
 31
0
  0
LINE
  5
11E8
330
22
100
AcDbEntity
  8
F.Silkscreen
  6
CONTINUOUS
100
AcDbLine
 10
7.5128191732283467
 20
-3.5072264960629922
 30
0
 11
7.5183170078740158
 21
-3.503232125984252
 31
0
  0
LINE
  5
11E9
330
22
100
AcDbEntity
  8
F.Silkscreen
  6
CONTINUOUS
100
AcDbLine
 10
7.5183170078740158
 20
-3.503232125984252
 30
0
 11
7.524371968503937
 21
-3.500146968503937
 31
0
  0
LINE
  5
11EA
330
22
100
AcDbEntity
  8
F.Silkscreen
  6
CONTINUOUS
100
AcDbLine
 10
7.524371968503937
 20
-3.500146968503937
 30
0
 11
7.5308350393700785
 21
-3.498046968503937
 31
0
  0
LINE
  5
11EB
330
22
100
AcDbEntity
  8
F.Silkscreen
  6
CONTINUOUS
100
AcDbLine
 10
7.5308350393700785
 20
-3.498046968503937
 30
0
 11
7.537547047244094
 21
-3.4969838976377954
 31
0
  0
LINE
  5
11EC
330
22
100
AcDbEntity
  8
F.Silkscreen
  6
CONTINUOUS
100
AcDbLine
 10
7.537547047244094
 20
-3.4969838976377954
 30
0
 11
7.5443427165354331
 21
-3.4969838976377954
 31
0
  0
LINE
  5
11ED
330
22
100
AcDbEntity
  8
F.Silkscreen
  6
CONTINUOUS
100
AcDbLine
 10
7.5443427165354331
 20
-3.4969838976377954
 30
0
 11
7.5510547244094486
 21
-3.498046968503937
 31
0
  0
LINE
  5
11EE
330
22
100
AcDbEntity
  8
F.Silkscreen
  6
CONTINUOUS
100
AcDbLine
 10
4.676508464566929
 20
-3.2044918503937008
 30
0
 11
4.6829425984251971
 21
-3.2057716929133857
 31
0
  0
LINE
  5
11EF
330
22
100
AcDbEntity
  8
F.Silkscreen
  6
CONTINUOUS
100
AcDbLine
 10
4.6829425984251971
 20
-3.2057716929133857
 30
0
 11
4.6890034251968506
 21
-3.2082821653543308
 31
0
  0
LINE
  5
11F0
330
22
100
AcDbEntity
  8
F.Silkscreen
  6
CONTINUOUS
100
AcDbLine
 10
4.6890034251968506
 20
-3.2082821653543308
 30
0
 11
4.6944580314960627
 21
-3.2119268110236221
 31
0
  0
LINE
  5
11F1
330
22
100
AcDbEntity
  8
F.Silkscreen
  6
CONTINUOUS
100
AcDbLine
 10
4.6944580314960627
 20
-3.2119268110236221
 30
0
 11
4.6990968110236215
 21
-3.216565590551181
 31
0
  0
LINE
  5
11F2
330
22
100
AcDbEntity
  8
F.Silkscreen
  6
CONTINUOUS
100
AcDbLine
 10
4.6990968110236215
 20
-3.216565590551181
 30
0
 11
4.7027414566929133
 21
-3.2220201968503934
 31
0
  0
LINE
  5
11F3
330
22
100
AcDbEntity
  8
F.Silkscreen
  6
CONTINUOUS
100
AcDbLine
 10
4.7027414566929133
 20
-3.2220201968503934
 30
0
 11
4.7052519291338584
 21
-3.228081023622047
 31
0
  0
LINE
  5
11F4
330
22
100
AcDbEntity
  8
F.Silkscreen
  6
CONTINUOUS
100
AcDbLine
 10
4.7052519291338584
 20
-3.228081023622047
 30
0
 11
4.7065317716535429
 21
-3.234515157480315
 31
0
  0
LINE
  5
11F5
330
22
100
AcDbEntity
  8
F.Silkscreen
  6
CONTINUOUS
100
AcDbLine
 10
4.7065317716535429
 20
-3.234515157480315
 30
0
 11
4.7065317716535429
 21
-3.2410753937007875
 31
0
  0
LINE
  5
11F6
330
22
100
AcDbEntity
  8
F.Silkscreen
  6
CONTINUOUS
100
AcDbLine
 10
4.7065317716535429
 20
-3.2410753937007875
 30
0
 11
4.7052519291338584
 21
-3.2475095275590551
 31
0
  0
LINE
  5
11F7
330
22
100
AcDbEntity
  8
F.Silkscreen
  6
CONTINUOUS
100
AcDbLine
 10
4.7052519291338584
 20
-3.2475095275590551
 30
0
 11
4.7027414566929133
 21
-3.2535703543307086
 31
0
  0
LINE
  5
11F8
330
22
100
AcDbEntity
  8
F.Silkscreen
  6
CONTINUOUS
100
AcDbLine
 10
4.7027414566929133
 20
-3.2535703543307086
 30
0
 11
4.6990968110236215
 21
-3.2590249606299211
 31
0
  0
LINE
  5
11F9
330
22
100
AcDbEntity
  8
F.Silkscreen
  6
CONTINUOUS
100
AcDbLine
 10
4.6990968110236215
 20
-3.2590249606299211
 30
0
 11
4.6944580314960627
 21
-3.2636637401574804
 31
0
  0
LINE
  5
11FA
330
22
100
AcDbEntity
  8
F.Silkscreen
  6
CONTINUOUS
100
AcDbLine
 10
4.6944580314960627
 20
-3.2636637401574804
 30
0
 11
4.6890034251968506
 21
-3.2673083858267717
 31
0
  0
LINE
  5
11FB
330
22
100
AcDbEntity
  8
F.Silkscreen
  6
CONTINUOUS
100
AcDbLine
 10
4.6890034251968506
 20
-3.2673083858267717
 30
0
 11
4.6829425984251971
 21
-3.2698188582677163
 31
0
  0
LINE
  5
11FC
330
22
100
AcDbEntity
  8
F.Silkscreen
  6
CONTINUOUS
100
AcDbLine
 10
4.6829425984251971
 20
-3.2698188582677163
 30
0
 11
4.676508464566929
 21
-3.2710987007874013
 31
0
  0
LINE
  5
11FD
330
22
100
AcDbEntity
  8
F.Silkscreen
  6
CONTINUOUS
100
AcDbLine
 10
4.676508464566929
 20
-3.2710987007874013
 30
0
 11
4.6732283464566926
 21
-3.2712598425196848
 31
0
  0
LINE
  5
11FE
330
22
100
AcDbEntity
  8
F.Silkscreen
  6
CONTINUOUS
100
AcDbLine
 10
4.6732283464566926
 20
-3.2712598425196848
 30
0
 11
4.5984251968503935
 21
-3.2712598425196848
 31
0
  0
LINE
  5
11FF
330
22
100
AcDbEntity
  8
F.Silkscreen
  6
CONTINUOUS
100
AcDbLine
 10
4.5984251968503935
 20
-3.2712598425196848
 30
0
 11
4.5951450787401571
 21
-3.2710987007874013
 31
0
  0
LINE
  5
1200
330
22
100
AcDbEntity
  8
F.Silkscreen
  6
CONTINUOUS
100
AcDbLine
 10
4.5951450787401571
 20
-3.2710987007874013
 30
0
 11
4.5887109448818899
 21
-3.2698188582677163
 31
0
  0
LINE
  5
1201
330
22
100
AcDbEntity
  8
F.Silkscreen
  6
CONTINUOUS
100
AcDbLine
 10
4.5887109448818899
 20
-3.2698188582677163
 30
0
 11
4.5826501181102364
 21
-3.2673083858267717
 31
0
  0
LINE
  5
1202
330
22
100
AcDbEntity
  8
F.Silkscreen
  6
CONTINUOUS
100
AcDbLine
 10
4.5826501181102364
 20
-3.2673083858267717
 30
0
 11
4.5771955118110235
 21
-3.2636637401574804
 31
0
  0
LINE
  5
1203
330
22
100
AcDbEntity
  8
F.Silkscreen
  6
CONTINUOUS
100
AcDbLine
 10
4.5771955118110235
 20
-3.2636637401574804
 30
0
 11
4.5725567322834646
 21
-3.2590249606299211
 31
0
  0
LINE
  5
1204
330
22
100
AcDbEntity
  8
F.Silkscreen
  6
CONTINUOUS
100
AcDbLine
 10
4.5725567322834646
 20
-3.2590249606299211
 30
0
 11
4.5689120866141728
 21
-3.2535703543307086
 31
0
  0
LINE
  5
1205
330
22
100
AcDbEntity
  8
F.Silkscreen
  6
CONTINUOUS
100
AcDbLine
 10
4.5689120866141728
 20
-3.2535703543307086
 30
0
 11
4.5664016141732287
 21
-3.2475095275590551
 31
0
  0
LINE
  5
1206
330
22
100
AcDbEntity
  8
F.Silkscreen
  6
CONTINUOUS
100
AcDbLine
 10
4.5664016141732287
 20
-3.2475095275590551
 30
0
 11
4.5651217716535433
 21
-3.2410753937007875
 31
0
  0
LINE
  5
1207
330
22
100
AcDbEntity
  8
F.Silkscreen
  6
CONTINUOUS
100
AcDbLine
 10
4.5651217716535433
 20
-3.2410753937007875
 30
0
 11
4.5651217716535433
 21
-3.234515157480315
 31
0
  0
LINE
  5
1208
330
22
100
AcDbEntity
  8
F.Silkscreen
  6
CONTINUOUS
100
AcDbLine
 10
4.5651217716535433
 20
-3.234515157480315
 30
0
 11
4.5664016141732287
 21
-3.228081023622047
 31
0
  0
LINE
  5
1209
330
22
100
AcDbEntity
  8
F.Silkscreen
  6
CONTINUOUS
100
AcDbLine
 10
4.5664016141732287
 20
-3.228081023622047
 30
0
 11
4.5689120866141728
 21
-3.2220201968503934
 31
0
  0
LINE
  5
120A
330
22
100
AcDbEntity
  8
F.Silkscreen
  6
CONTINUOUS
100
AcDbLine
 10
4.5689120866141728
 20
-3.2220201968503934
 30
0
 11
4.5725567322834646
 21
-3.216565590551181
 31
0
  0
LINE
  5
120B
330
22
100
AcDbEntity
  8
F.Silkscreen
  6
CONTINUOUS
100
AcDbLine
 10
4.5725567322834646
 20
-3.216565590551181
 30
0
 11
4.5771955118110235
 21
-3.2119268110236221
 31
0
  0
LINE
  5
120C
330
22
100
AcDbEntity
  8
F.Silkscreen
  6
CONTINUOUS
100
AcDbLine
 10
4.5771955118110235
 20
-3.2119268110236221
 30
0
 11
4.5826501181102364
 21
-3.2082821653543308
 31
0
  0
LINE
  5
120D
330
22
100
AcDbEntity
  8
F.Silkscreen
  6
CONTINUOUS
100
AcDbLine
 10
4.5826501181102364
 20
-3.2082821653543308
 30
0
 11
4.5887109448818899
 21
-3.2057716929133857
 31
0
  0
LINE
  5
120E
330
22
100
AcDbEntity
  8
F.Silkscreen
  6
CONTINUOUS
100
AcDbLine
 10
4.5887109448818899
 20
-3.2057716929133857
 30
0
 11
4.5951450787401571
 21
-3.2044918503937008
 31
0
  0
LINE
  5
120F
330
22
100
AcDbEntity
  8
F.Silkscreen
  6
CONTINUOUS
100
AcDbLine
 10
4.5951450787401571
 20
-3.2044918503937008
 30
0
 11
4.5984251968503935
 21
-3.2043307086614172
 31
0
  0
LINE
  5
1210
330
22
100
AcDbEntity
  8
F.Silkscreen
  6
CONTINUOUS
100
AcDbLine
 10
4.5984251968503935
 20
-3.2043307086614172
 30
0
 11
4.6732283464566926
 21
-3.2043307086614172
 31
0
  0
LINE
  5
1211
330
22
100
AcDbEntity
  8
F.Silkscreen
  6
CONTINUOUS
100
AcDbLine
 10
4.6732283464566926
 20
-3.2043307086614172
 30
0
 11
4.676508464566929
 21
-3.2044918503937008
 31
0
  0
LINE
  5
1212
330
22
100
AcDbEntity
  8
F.Silkscreen
  6
CONTINUOUS
100
AcDbLine
 10
5.3556423228346457
 20
-3.2044918503937008
 30
0
 11
5.3620764566929129
 21
-3.2057716929133857
 31
0
  0
LINE
  5
1213
330
22
100
AcDbEntity
  8
F.Silkscreen
  6
CONTINUOUS
100
AcDbLine
 10
5.3620764566929129
 20
-3.2057716929133857
 30
0
 11
5.3681372834645664
 21
-3.2082821653543308
 31
0
  0
LINE
  5
1214
330
22
100
AcDbEntity
  8
F.Silkscreen
  6
CONTINUOUS
100
AcDbLine
 10
5.3681372834645664
 20
-3.2082821653543308
 30
0
 11
5.3735918897637793
 21
-3.2119268110236221
 31
0
  0
LINE
  5
1215
330
22
100
AcDbEntity
  8
F.Silkscreen
  6
CONTINUOUS
100
AcDbLine
 10
5.3735918897637793
 20
-3.2119268110236221
 30
0
 11
5.3782306692913382
 21
-3.216565590551181
 31
0
  0
LINE
  5
1216
330
22
100
AcDbEntity
  8
F.Silkscreen
  6
CONTINUOUS
100
AcDbLine
 10
5.3782306692913382
 20
-3.216565590551181
 30
0
 11
5.38187531496063
 21
-3.2220201968503934
 31
0
  0
LINE
  5
1217
330
22
100
AcDbEntity
  8
F.Silkscreen
  6
CONTINUOUS
100
AcDbLine
 10
5.38187531496063
 20
-3.2220201968503934
 30
0
 11
5.384385787401575
 21
-3.228081023622047
 31
0
  0
LINE
  5
1218
330
22
100
AcDbEntity
  8
F.Silkscreen
  6
CONTINUOUS
100
AcDbLine
 10
5.384385787401575
 20
-3.228081023622047
 30
0
 11
5.3856656299212595
 21
-3.234515157480315
 31
0
  0
LINE
  5
1219
330
22
100
AcDbEntity
  8
F.Silkscreen
  6
CONTINUOUS
100
AcDbLine
 10
5.3856656299212595
 20
-3.234515157480315
 30
0
 11
5.3856656299212595
 21
-3.2410753937007875
 31
0
  0
LINE
  5
121A
330
22
100
AcDbEntity
  8
F.Silkscreen
  6
CONTINUOUS
100
AcDbLine
 10
5.3856656299212595
 20
-3.2410753937007875
 30
0
 11
5.384385787401575
 21
-3.2475095275590551
 31
0
  0
LINE
  5
121B
330
22
100
AcDbEntity
  8
F.Silkscreen
  6
CONTINUOUS
100
AcDbLine
 10
5.384385787401575
 20
-3.2475095275590551
 30
0
 11
5.38187531496063
 21
-3.2535703543307086
 31
0
  0
LINE
  5
121C
330
22
100
AcDbEntity
  8
F.Silkscreen
  6
CONTINUOUS
100
AcDbLine
 10
5.38187531496063
 20
-3.2535703543307086
 30
0
 11
5.3782306692913382
 21
-3.2590249606299211
 31
0
  0
LINE
  5
121D
330
22
100
AcDbEntity
  8
F.Silkscreen
  6
CONTINUOUS
100
AcDbLine
 10
5.3782306692913382
 20
-3.2590249606299211
 30
0
 11
5.3735918897637793
 21
-3.2636637401574804
 31
0
  0
LINE
  5
121E
330
22
100
AcDbEntity
  8
F.Silkscreen
  6
CONTINUOUS
100
AcDbLine
 10
5.3735918897637793
 20
-3.2636637401574804
 30
0
 11
5.3681372834645664
 21
-3.2673083858267717
 31
0
  0
LINE
  5
121F
330
22
100
AcDbEntity
  8
F.Silkscreen
  6
CONTINUOUS
100
AcDbLine
 10
5.3681372834645664
 20
-3.2673083858267717
 30
0
 11
5.3620764566929129
 21
-3.2698188582677163
 31
0
  0
LINE
  5
1220
330
22
100
AcDbEntity
  8
F.Silkscreen
  6
CONTINUOUS
100
AcDbLine
 10
5.3620764566929129
 20
-3.2698188582677163
 30
0
 11
5.3556423228346457
 21
-3.2710987007874013
 31
0
  0
LINE
  5
1221
330
22
100
AcDbEntity
  8
F.Silkscreen
  6
CONTINUOUS
100
AcDbLine
 10
5.3556423228346457
 20
-3.2710987007874013
 30
0
 11
5.3523622047244093
 21
-3.2712598425196848
 31
0
  0
LINE
  5
1222
330
22
100
AcDbEntity
  8
F.Silkscreen
  6
CONTINUOUS
100
AcDbLine
 10
5.3523622047244093
 20
-3.2712598425196848
 30
0
 11
5.2775590551181102
 21
-3.2712598425196848
 31
0
  0
LINE
  5
1223
330
22
100
AcDbEntity
  8
F.Silkscreen
  6
CONTINUOUS
100
AcDbLine
 10
5.2775590551181102
 20
-3.2712598425196848
 30
0
 11
5.2742789370078738
 21
-3.2710987007874013
 31
0
  0
LINE
  5
1224
330
22
100
AcDbEntity
  8
F.Silkscreen
  6
CONTINUOUS
100
AcDbLine
 10
5.2742789370078738
 20
-3.2710987007874013
 30
0
 11
5.2678448031496066
 21
-3.2698188582677163
 31
0
  0
LINE
  5
1225
330
22
100
AcDbEntity
  8
F.Silkscreen
  6
CONTINUOUS
100
AcDbLine
 10
5.2678448031496066
 20
-3.2698188582677163
 30
0
 11
5.261783976377953
 21
-3.2673083858267717
 31
0
  0
LINE
  5
1226
330
22
100
AcDbEntity
  8
F.Silkscreen
  6
CONTINUOUS
100
AcDbLine
 10
5.261783976377953
 20
-3.2673083858267717
 30
0
 11
5.2563293700787401
 21
-3.2636637401574804
 31
0
  0
LINE
  5
1227
330
22
100
AcDbEntity
  8
F.Silkscreen
  6
CONTINUOUS
100
AcDbLine
 10
5.2563293700787401
 20
-3.2636637401574804
 30
0
 11
5.2516905905511813
 21
-3.2590249606299211
 31
0
  0
LINE
  5
1228
330
22
100
AcDbEntity
  8
F.Silkscreen
  6
CONTINUOUS
100
AcDbLine
 10
5.2516905905511813
 20
-3.2590249606299211
 30
0
 11
5.2480459448818895
 21
-3.2535703543307086
 31
0
  0
LINE
  5
1229
330
22
100
AcDbEntity
  8
F.Silkscreen
  6
CONTINUOUS
100
AcDbLine
 10
5.2480459448818895
 20
-3.2535703543307086
 30
0
 11
5.2455354724409444
 21
-3.2475095275590551
 31
0
  0
LINE
  5
122A
330
22
100
AcDbEntity
  8
F.Silkscreen
  6
CONTINUOUS
100
AcDbLine
 10
5.2455354724409444
 20
-3.2475095275590551
 30
0
 11
5.2442556299212599
 21
-3.2410753937007875
 31
0
  0
LINE
  5
122B
330
22
100
AcDbEntity
  8
F.Silkscreen
  6
CONTINUOUS
100
AcDbLine
 10
5.2442556299212599
 20
-3.2410753937007875
 30
0
 11
5.2442556299212599
 21
-3.234515157480315
 31
0
  0
LINE
  5
122C
330
22
100
AcDbEntity
  8
F.Silkscreen
  6
CONTINUOUS
100
AcDbLine
 10
5.2442556299212599
 20
-3.234515157480315
 30
0
 11
5.2455354724409444
 21
-3.228081023622047
 31
0
  0
LINE
  5
122D
330
22
100
AcDbEntity
  8
F.Silkscreen
  6
CONTINUOUS
100
AcDbLine
 10
5.2455354724409444
 20
-3.228081023622047
 30
0
 11
5.2480459448818895
 21
-3.2220201968503934
 31
0
  0
LINE
  5
122E
330
22
100
AcDbEntity
  8
F.Silkscreen
  6
CONTINUOUS
100
AcDbLine
 10
5.2480459448818895
 20
-3.2220201968503934
 30
0
 11
5.2516905905511813
 21
-3.216565590551181
 31
0
  0
LINE
  5
122F
330
22
100
AcDbEntity
  8
F.Silkscreen
  6
CONTINUOUS
100
AcDbLine
 10
5.2516905905511813
 20
-3.216565590551181
 30
0
 11
5.2563293700787401
 21
-3.2119268110236221
 31
0
  0
LINE
  5
1230
330
22
100
AcDbEntity
  8
F.Silkscreen
  6
CONTINUOUS
100
AcDbLine
 10
5.2563293700787401
 20
-3.2119268110236221
 30
0
 11
5.261783976377953
 21
-3.2082821653543308
 31
0
  0
LINE
  5
1231
330
22
100
AcDbEntity
  8
F.Silkscreen
  6
CONTINUOUS
100
AcDbLine
 10
5.261783976377953
 20
-3.2082821653543308
 30
0
 11
5.2678448031496066
 21
-3.2057716929133857
 31
0
  0
LINE
  5
1232
330
22
100
AcDbEntity
  8
F.Silkscreen
  6
CONTINUOUS
100
AcDbLine
 10
5.2678448031496066
 20
-3.2057716929133857
 30
0
 11
5.2742789370078738
 21
-3.2044918503937008
 31
0
  0
LINE
  5
1233
330
22
100
AcDbEntity
  8
F.Silkscreen
  6
CONTINUOUS
100
AcDbLine
 10
5.2742789370078738
 20
-3.2044918503937008
 30
0
 11
5.2775590551181102
 21
-3.2043307086614172
 31
0
  0
LINE
  5
1234
330
22
100
AcDbEntity
  8
F.Silkscreen
  6
CONTINUOUS
100
AcDbLine
 10
5.2775590551181102
 20
-3.2043307086614172
 30
0
 11
5.3523622047244093
 21
-3.2043307086614172
 31
0
  0
LINE
  5
1235
330
22
100
AcDbEntity
  8
F.Silkscreen
  6
CONTINUOUS
100
AcDbLine
 10
5.3523622047244093
 20
-3.2043307086614172
 30
0
 11
5.3556423228346457
 21
-3.2044918503937008
 31
0
  0
LINE
  5
1236
330
22
100
AcDbEntity
  8
F.Silkscreen
  6
CONTINUOUS
100
AcDbLine
 10
4.676508464566929
 20
-3.1044918503937007
 30
0
 11
4.6829425984251971
 21
-3.1057716929133856
 31
0
  0
LINE
  5
1237
330
22
100
AcDbEntity
  8
F.Silkscreen
  6
CONTINUOUS
100
AcDbLine
 10
4.6829425984251971
 20
-3.1057716929133856
 30
0
 11
4.6890034251968506
 21
-3.1082821653543307
 31
0
  0
LINE
  5
1238
330
22
100
AcDbEntity
  8
F.Silkscreen
  6
CONTINUOUS
100
AcDbLine
 10
4.6890034251968506
 20
-3.1082821653543307
 30
0
 11
4.6944580314960627
 21
-3.111926811023622
 31
0
  0
LINE
  5
1239
330
22
100
AcDbEntity
  8
F.Silkscreen
  6
CONTINUOUS
100
AcDbLine
 10
4.6944580314960627
 20
-3.111926811023622
 30
0
 11
4.6990968110236215
 21
-3.1165655905511809
 31
0
  0
LINE
  5
123A
330
22
100
AcDbEntity
  8
F.Silkscreen
  6
CONTINUOUS
100
AcDbLine
 10
4.6990968110236215
 20
-3.1165655905511809
 30
0
 11
4.7027414566929133
 21
-3.1220201968503938
 31
0
  0
LINE
  5
123B
330
22
100
AcDbEntity
  8
F.Silkscreen
  6
CONTINUOUS
100
AcDbLine
 10
4.7027414566929133
 20
-3.1220201968503938
 30
0
 11
4.7052519291338584
 21
-3.1280810236220473
 31
0
  0
LINE
  5
123C
330
22
100
AcDbEntity
  8
F.Silkscreen
  6
CONTINUOUS
100
AcDbLine
 10
4.7052519291338584
 20
-3.1280810236220473
 30
0
 11
4.7065317716535429
 21
-3.134515157480315
 31
0
  0
LINE
  5
123D
330
22
100
AcDbEntity
  8
F.Silkscreen
  6
CONTINUOUS
100
AcDbLine
 10
4.7065317716535429
 20
-3.134515157480315
 30
0
 11
4.7065317716535429
 21
-3.1410753937007874
 31
0
  0
LINE
  5
123E
330
22
100
AcDbEntity
  8
F.Silkscreen
  6
CONTINUOUS
100
AcDbLine
 10
4.7065317716535429
 20
-3.1410753937007874
 30
0
 11
4.7052519291338584
 21
-3.147509527559055
 31
0
  0
LINE
  5
123F
330
22
100
AcDbEntity
  8
F.Silkscreen
  6
CONTINUOUS
100
AcDbLine
 10
4.7052519291338584
 20
-3.147509527559055
 30
0
 11
4.7027414566929133
 21
-3.1535703543307085
 31
0
  0
LINE
  5
1240
330
22
100
AcDbEntity
  8
F.Silkscreen
  6
CONTINUOUS
100
AcDbLine
 10
4.7027414566929133
 20
-3.1535703543307085
 30
0
 11
4.6990968110236215
 21
-3.159024960629921
 31
0
  0
LINE
  5
1241
330
22
100
AcDbEntity
  8
F.Silkscreen
  6
CONTINUOUS
100
AcDbLine
 10
4.6990968110236215
 20
-3.159024960629921
 30
0
 11
4.6944580314960627
 21
-3.1636637401574803
 31
0
  0
LINE
  5
1242
330
22
100
AcDbEntity
  8
F.Silkscreen
  6
CONTINUOUS
100
AcDbLine
 10
4.6944580314960627
 20
-3.1636637401574803
 30
0
 11
4.6890034251968506
 21
-3.1673083858267717
 31
0
  0
LINE
  5
1243
330
22
100
AcDbEntity
  8
F.Silkscreen
  6
CONTINUOUS
100
AcDbLine
 10
4.6890034251968506
 20
-3.1673083858267717
 30
0
 11
4.6829425984251971
 21
-3.1698188582677163
 31
0
  0
LINE
  5
1244
330
22
100
AcDbEntity
  8
F.Silkscreen
  6
CONTINUOUS
100
AcDbLine
 10
4.6829425984251971
 20
-3.1698188582677163
 30
0
 11
4.676508464566929
 21
-3.1710987007874016
 31
0
  0
LINE
  5
1245
330
22
100
AcDbEntity
  8
F.Silkscreen
  6
CONTINUOUS
100
AcDbLine
 10
4.676508464566929
 20
-3.1710987007874016
 30
0
 11
4.6732283464566926
 21
-3.1712598425196852
 31
0
  0
LINE
  5
1246
330
22
100
AcDbEntity
  8
F.Silkscreen
  6
CONTINUOUS
100
AcDbLine
 10
4.6732283464566926
 20
-3.1712598425196852
 30
0
 11
4.5984251968503935
 21
-3.1712598425196852
 31
0
  0
LINE
  5
1247
330
22
100
AcDbEntity
  8
F.Silkscreen
  6
CONTINUOUS
100
AcDbLine
 10
4.5984251968503935
 20
-3.1712598425196852
 30
0
 11
4.5951450787401571
 21
-3.1710987007874016
 31
0
  0
LINE
  5
1248
330
22
100
AcDbEntity
  8
F.Silkscreen
  6
CONTINUOUS
100
AcDbLine
 10
4.5951450787401571
 20
-3.1710987007874016
 30
0
 11
4.5887109448818899
 21
-3.1698188582677163
 31
0
  0
LINE
  5
1249
330
22
100
AcDbEntity
  8
F.Silkscreen
  6
CONTINUOUS
100
AcDbLine
 10
4.5887109448818899
 20
-3.1698188582677163
 30
0
 11
4.5826501181102364
 21
-3.1673083858267717
 31
0
  0
LINE
  5
124A
330
22
100
AcDbEntity
  8
F.Silkscreen
  6
CONTINUOUS
100
AcDbLine
 10
4.5826501181102364
 20
-3.1673083858267717
 30
0
 11
4.5771955118110235
 21
-3.1636637401574803
 31
0
  0
LINE
  5
124B
330
22
100
AcDbEntity
  8
F.Silkscreen
  6
CONTINUOUS
100
AcDbLine
 10
4.5771955118110235
 20
-3.1636637401574803
 30
0
 11
4.5725567322834646
 21
-3.159024960629921
 31
0
  0
LINE
  5
124C
330
22
100
AcDbEntity
  8
F.Silkscreen
  6
CONTINUOUS
100
AcDbLine
 10
4.5725567322834646
 20
-3.159024960629921
 30
0
 11
4.5689120866141728
 21
-3.1535703543307085
 31
0
  0
LINE
  5
124D
330
22
100
AcDbEntity
  8
F.Silkscreen
  6
CONTINUOUS
100
AcDbLine
 10
4.5689120866141728
 20
-3.1535703543307085
 30
0
 11
4.5664016141732287
 21
-3.147509527559055
 31
0
  0
LINE
  5
124E
330
22
100
AcDbEntity
  8
F.Silkscreen
  6
CONTINUOUS
100
AcDbLine
 10
4.5664016141732287
 20
-3.147509527559055
 30
0
 11
4.5651217716535433
 21
-3.1410753937007874
 31
0
  0
LINE
  5
124F
330
22
100
AcDbEntity
  8
F.Silkscreen
  6
CONTINUOUS
100
AcDbLine
 10
4.5651217716535433
 20
-3.1410753937007874
 30
0
 11
4.5651217716535433
 21
-3.134515157480315
 31
0
  0
LINE
  5
1250
330
22
100
AcDbEntity
  8
F.Silkscreen
  6
CONTINUOUS
100
AcDbLine
 10
4.5651217716535433
 20
-3.134515157480315
 30
0
 11
4.5664016141732287
 21
-3.1280810236220473
 31
0
  0
LINE
  5
1251
330
22
100
AcDbEntity
  8
F.Silkscreen
  6
CONTINUOUS
100
AcDbLine
 10
4.5664016141732287
 20
-3.1280810236220473
 30
0
 11
4.5689120866141728
 21
-3.1220201968503938
 31
0
  0
LINE
  5
1252
330
22
100
AcDbEntity
  8
F.Silkscreen
  6
CONTINUOUS
100
AcDbLine
 10
4.5689120866141728
 20
-3.1220201968503938
 30
0
 11
4.5725567322834646
 21
-3.1165655905511809
 31
0
  0
LINE
  5
1253
330
22
100
AcDbEntity
  8
F.Silkscreen
  6
CONTINUOUS
100
AcDbLine
 10
4.5725567322834646
 20
-3.1165655905511809
 30
0
 11
4.5771955118110235
 21
-3.111926811023622
 31
0
  0
LINE
  5
1254
330
22
100
AcDbEntity
  8
F.Silkscreen
  6
CONTINUOUS
100
AcDbLine
 10
4.5771955118110235
 20
-3.111926811023622
 30
0
 11
4.5826501181102364
 21
-3.1082821653543307
 31
0
  0
LINE
  5
1255
330
22
100
AcDbEntity
  8
F.Silkscreen
  6
CONTINUOUS
100
AcDbLine
 10
4.5826501181102364
 20
-3.1082821653543307
 30
0
 11
4.5887109448818899
 21
-3.1057716929133856
 31
0
  0
LINE
  5
1256
330
22
100
AcDbEntity
  8
F.Silkscreen
  6
CONTINUOUS
100
AcDbLine
 10
4.5887109448818899
 20
-3.1057716929133856
 30
0
 11
4.5951450787401571
 21
-3.1044918503937007
 31
0
  0
LINE
  5
1257
330
22
100
AcDbEntity
  8
F.Silkscreen
  6
CONTINUOUS
100
AcDbLine
 10
4.5951450787401571
 20
-3.1044918503937007
 30
0
 11
4.5984251968503935
 21
-3.1043307086614171
 31
0
  0
LINE
  5
1258
330
22
100
AcDbEntity
  8
F.Silkscreen
  6
CONTINUOUS
100
AcDbLine
 10
4.5984251968503935
 20
-3.1043307086614171
 30
0
 11
4.6732283464566926
 21
-3.1043307086614171
 31
0
  0
LINE
  5
1259
330
22
100
AcDbEntity
  8
F.Silkscreen
  6
CONTINUOUS
100
AcDbLine
 10
4.6732283464566926
 20
-3.1043307086614171
 30
0
 11
4.676508464566929
 21
-3.1044918503937007
 31
0
  0
LINE
  5
125A
330
22
100
AcDbEntity
  8
F.Silkscreen
  6
CONTINUOUS
100
AcDbLine
 10
5.3556423228346457
 20
-3.1044918503937007
 30
0
 11
5.3620764566929129
 21
-3.1057716929133856
 31
0
  0
LINE
  5
125B
330
22
100
AcDbEntity
  8
F.Silkscreen
  6
CONTINUOUS
100
AcDbLine
 10
5.3620764566929129
 20
-3.1057716929133856
 30
0
 11
5.3681372834645664
 21
-3.1082821653543307
 31
0
  0
LINE
  5
125C
330
22
100
AcDbEntity
  8
F.Silkscreen
  6
CONTINUOUS
100
AcDbLine
 10
5.3681372834645664
 20
-3.1082821653543307
 30
0
 11
5.3735918897637793
 21
-3.111926811023622
 31
0
  0
LINE
  5
125D
330
22
100
AcDbEntity
  8
F.Silkscreen
  6
CONTINUOUS
100
AcDbLine
 10
5.3735918897637793
 20
-3.111926811023622
 30
0
 11
5.3782306692913382
 21
-3.1165655905511809
 31
0
  0
LINE
  5
125E
330
22
100
AcDbEntity
  8
F.Silkscreen
  6
CONTINUOUS
100
AcDbLine
 10
5.3782306692913382
 20
-3.1165655905511809
 30
0
 11
5.38187531496063
 21
-3.1220201968503938
 31
0
  0
LINE
  5
125F
330
22
100
AcDbEntity
  8
F.Silkscreen
  6
CONTINUOUS
100
AcDbLine
 10
5.38187531496063
 20
-3.1220201968503938
 30
0
 11
5.384385787401575
 21
-3.1280810236220473
 31
0
  0
LINE
  5
1260
330
22
100
AcDbEntity
  8
F.Silkscreen
  6
CONTINUOUS
100
AcDbLine
 10
5.384385787401575
 20
-3.1280810236220473
 30
0
 11
5.3856656299212595
 21
-3.134515157480315
 31
0
  0
LINE
  5
1261
330
22
100
AcDbEntity
  8
F.Silkscreen
  6
CONTINUOUS
100
AcDbLine
 10
5.3856656299212595
 20
-3.134515157480315
 30
0
 11
5.3856656299212595
 21
-3.1410753937007874
 31
0
  0
LINE
  5
1262
330
22
100
AcDbEntity
  8
F.Silkscreen
  6
CONTINUOUS
100
AcDbLine
 10
5.3856656299212595
 20
-3.1410753937007874
 30
0
 11
5.384385787401575
 21
-3.147509527559055
 31
0
  0
LINE
  5
1263
330
22
100
AcDbEntity
  8
F.Silkscreen
  6
CONTINUOUS
100
AcDbLine
 10
5.384385787401575
 20
-3.147509527559055
 30
0
 11
5.38187531496063
 21
-3.1535703543307085
 31
0
  0
LINE
  5
1264
330
22
100
AcDbEntity
  8
F.Silkscreen
  6
CONTINUOUS
100
AcDbLine
 10
5.38187531496063
 20
-3.1535703543307085
 30
0
 11
5.3782306692913382
 21
-3.159024960629921
 31
0
  0
LINE
  5
1265
330
22
100
AcDbEntity
  8
F.Silkscreen
  6
CONTINUOUS
100
AcDbLine
 10
5.3782306692913382
 20
-3.159024960629921
 30
0
 11
5.3735918897637793
 21
-3.1636637401574803
 31
0
  0
LINE
  5
1266
330
22
100
AcDbEntity
  8
F.Silkscreen
  6
CONTINUOUS
100
AcDbLine
 10
5.3735918897637793
 20
-3.1636637401574803
 30
0
 11
5.3681372834645664
 21
-3.1673083858267717
 31
0
  0
LINE
  5
1267
330
22
100
AcDbEntity
  8
F.Silkscreen
  6
CONTINUOUS
100
AcDbLine
 10
5.3681372834645664
 20
-3.1673083858267717
 30
0
 11
5.3620764566929129
 21
-3.1698188582677163
 31
0
  0
LINE
  5
1268
330
22
100
AcDbEntity
  8
F.Silkscreen
  6
CONTINUOUS
100
AcDbLine
 10
5.3620764566929129
 20
-3.1698188582677163
 30
0
 11
5.3556423228346457
 21
-3.1710987007874016
 31
0
  0
LINE
  5
1269
330
22
100
AcDbEntity
  8
F.Silkscreen
  6
CONTINUOUS
100
AcDbLine
 10
5.3556423228346457
 20
-3.1710987007874016
 30
0
 11
5.3523622047244093
 21
-3.1712598425196852
 31
0
  0
LINE
  5
126A
330
22
100
AcDbEntity
  8
F.Silkscreen
  6
CONTINUOUS
100
AcDbLine
 10
5.3523622047244093
 20
-3.1712598425196852
 30
0
 11
5.2775590551181102
 21
-3.1712598425196852
 31
0
  0
LINE
  5
126B
330
22
100
AcDbEntity
  8
F.Silkscreen
  6
CONTINUOUS
100
AcDbLine
 10
5.2775590551181102
 20
-3.1712598425196852
 30
0
 11
5.2742789370078738
 21
-3.1710987007874016
 31
0
  0
LINE
  5
126C
330
22
100
AcDbEntity
  8
F.Silkscreen
  6
CONTINUOUS
100
AcDbLine
 10
5.2742789370078738
 20
-3.1710987007874016
 30
0
 11
5.2678448031496066
 21
-3.1698188582677163
 31
0
  0
LINE
  5
126D
330
22
100
AcDbEntity
  8
F.Silkscreen
  6
CONTINUOUS
100
AcDbLine
 10
5.2678448031496066
 20
-3.1698188582677163
 30
0
 11
5.261783976377953
 21
-3.1673083858267717
 31
0
  0
LINE
  5
126E
330
22
100
AcDbEntity
  8
F.Silkscreen
  6
CONTINUOUS
100
AcDbLine
 10
5.261783976377953
 20
-3.1673083858267717
 30
0
 11
5.2563293700787401
 21
-3.1636637401574803
 31
0
  0
LINE
  5
126F
330
22
100
AcDbEntity
  8
F.Silkscreen
  6
CONTINUOUS
100
AcDbLine
 10
5.2563293700787401
 20
-3.1636637401574803
 30
0
 11
5.2516905905511813
 21
-3.159024960629921
 31
0
  0
LINE
  5
1270
330
22
100
AcDbEntity
  8
F.Silkscreen
  6
CONTINUOUS
100
AcDbLine
 10
5.2516905905511813
 20
-3.159024960629921
 30
0
 11
5.2480459448818895
 21
-3.1535703543307085
 31
0
  0
LINE
  5
1271
330
22
100
AcDbEntity
  8
F.Silkscreen
  6
CONTINUOUS
100
AcDbLine
 10
5.2480459448818895
 20
-3.1535703543307085
 30
0
 11
5.2455354724409444
 21
-3.147509527559055
 31
0
  0
LINE
  5
1272
330
22
100
AcDbEntity
  8
F.Silkscreen
  6
CONTINUOUS
100
AcDbLine
 10
5.2455354724409444
 20
-3.147509527559055
 30
0
 11
5.2442556299212599
 21
-3.1410753937007874
 31
0
  0
LINE
  5
1273
330
22
100
AcDbEntity
  8
F.Silkscreen
  6
CONTINUOUS
100
AcDbLine
 10
5.2442556299212599
 20
-3.1410753937007874
 30
0
 11
5.2442556299212599
 21
-3.134515157480315
 31
0
  0
LINE
  5
1274
330
22
100
AcDbEntity
  8
F.Silkscreen
  6
CONTINUOUS
100
AcDbLine
 10
5.2442556299212599
 20
-3.134515157480315
 30
0
 11
5.2455354724409444
 21
-3.1280810236220473
 31
0
  0
LINE
  5
1275
330
22
100
AcDbEntity
  8
F.Silkscreen
  6
CONTINUOUS
100
AcDbLine
 10
5.2455354724409444
 20
-3.1280810236220473
 30
0
 11
5.2480459448818895
 21
-3.1220201968503938
 31
0
  0
LINE
  5
1276
330
22
100
AcDbEntity
  8
F.Silkscreen
  6
CONTINUOUS
100
AcDbLine
 10
5.2480459448818895
 20
-3.1220201968503938
 30
0
 11
5.2516905905511813
 21
-3.1165655905511809
 31
0
  0
LINE
  5
1277
330
22
100
AcDbEntity
  8
F.Silkscreen
  6
CONTINUOUS
100
AcDbLine
 10
5.2516905905511813
 20
-3.1165655905511809
 30
0
 11
5.2563293700787401
 21
-3.111926811023622
 31
0
  0
LINE
  5
1278
330
22
100
AcDbEntity
  8
F.Silkscreen
  6
CONTINUOUS
100
AcDbLine
 10
5.2563293700787401
 20
-3.111926811023622
 30
0
 11
5.261783976377953
 21
-3.1082821653543307
 31
0
  0
LINE
  5
1279
330
22
100
AcDbEntity
  8
F.Silkscreen
  6
CONTINUOUS
100
AcDbLine
 10
5.261783976377953
 20
-3.1082821653543307
 30
0
 11
5.2678448031496066
 21
-3.1057716929133856
 31
0
  0
LINE
  5
127A
330
22
100
AcDbEntity
  8
F.Silkscreen
  6
CONTINUOUS
100
AcDbLine
 10
5.2678448031496066
 20
-3.1057716929133856
 30
0
 11
5.2742789370078738
 21
-3.1044918503937007
 31
0
  0
LINE
  5
127B
330
22
100
AcDbEntity
  8
F.Silkscreen
  6
CONTINUOUS
100
AcDbLine
 10
5.2742789370078738
 20
-3.1044918503937007
 30
0
 11
5.2775590551181102
 21
-3.1043307086614171
 31
0
  0
LINE
  5
127C
330
22
100
AcDbEntity
  8
F.Silkscreen
  6
CONTINUOUS
100
AcDbLine
 10
5.2775590551181102
 20
-3.1043307086614171
 30
0
 11
5.3523622047244093
 21
-3.1043307086614171
 31
0
  0
LINE
  5
127D
330
22
100
AcDbEntity
  8
F.Silkscreen
  6
CONTINUOUS
100
AcDbLine
 10
5.3523622047244093
 20
-3.1043307086614171
 30
0
 11
5.3556423228346457
 21
-3.1044918503937007
 31
0
  0
LINE
  5
127E
330
22
100
AcDbEntity
  8
F.Silkscreen
  6
CONTINUOUS
100
AcDbLine
 10
6.7007945275590552
 20
-2.9164735826771655
 30
0
 11
6.7107432677165351
 21
-2.91913937007874
 31
0
  0
LINE
  5
127F
330
22
100
AcDbEntity
  8
F.Silkscreen
  6
CONTINUOUS
100
AcDbLine
 10
6.7107432677165351
 20
-2.91913937007874
 30
0
 11
6.7202589370078742
 21
-2.923080905511811
 31
0
  0
LINE
  5
1280
330
22
100
AcDbEntity
  8
F.Silkscreen
  6
CONTINUOUS
100
AcDbLine
 10
6.7202589370078742
 20
-2.923080905511811
 30
0
 11
6.7291787401574803
 21
-2.928230748031496
 31
0
  0
LINE
  5
1281
330
22
100
AcDbEntity
  8
F.Silkscreen
  6
CONTINUOUS
100
AcDbLine
 10
6.7291787401574803
 20
-2.928230748031496
 30
0
 11
6.7373500787401577
 21
-2.9345007874015749
 31
0
  0
LINE
  5
1282
330
22
100
AcDbEntity
  8
F.Silkscreen
  6
CONTINUOUS
100
AcDbLine
 10
6.7373500787401577
 20
-2.9345007874015749
 30
0
 11
6.7446330708661417
 21
-2.941783779527559
 31
0
  0
LINE
  5
1283
330
22
100
AcDbEntity
  8
F.Silkscreen
  6
CONTINUOUS
100
AcDbLine
 10
6.7446330708661417
 20
-2.941783779527559
 30
0
 11
6.7509031102362203
 21
-2.9499551181102364
 31
0
  0
LINE
  5
1284
330
22
100
AcDbEntity
  8
F.Silkscreen
  6
CONTINUOUS
100
AcDbLine
 10
6.7509031102362203
 20
-2.9499551181102364
 30
0
 11
6.7560529527559057
 21
-2.9588749212598424
 31
0
  0
LINE
  5
1285
330
22
100
AcDbEntity
  8
F.Silkscreen
  6
CONTINUOUS
100
AcDbLine
 10
6.7560529527559057
 20
-2.9588749212598424
 30
0
 11
6.7599944881889762
 21
-2.9683905905511812
 31
0
  0
LINE
  5
1286
330
22
100
AcDbEntity
  8
F.Silkscreen
  6
CONTINUOUS
100
AcDbLine
 10
6.7599944881889762
 20
-2.9683905905511812
 30
0
 11
6.7626602755905507
 21
-2.9783393307086614
 31
0
  0
LINE
  5
1287
330
22
100
AcDbEntity
  8
F.Silkscreen
  6
CONTINUOUS
100
AcDbLine
 10
6.7626602755905507
 20
-2.9783393307086614
 30
0
 11
6.7640046456692913
 21
-2.9885509448818897
 31
0
  0
LINE
  5
1288
330
22
100
AcDbEntity
  8
F.Silkscreen
  6
CONTINUOUS
100
AcDbLine
 10
6.7640046456692913
 20
-2.9885509448818897
 30
0
 11
6.7640046456692913
 21
-2.9988506299212596
 31
0
  0
LINE
  5
1289
330
22
100
AcDbEntity
  8
F.Silkscreen
  6
CONTINUOUS
100
AcDbLine
 10
6.7640046456692913
 20
-2.9988506299212596
 30
0
 11
6.7626602755905507
 21
-3.0090622440944883
 31
0
  0
LINE
  5
128A
330
22
100
AcDbEntity
  8
F.Silkscreen
  6
CONTINUOUS
100
AcDbLine
 10
6.7626602755905507
 20
-3.0090622440944883
 30
0
 11
6.7599944881889762
 21
-3.0190109842519686
 31
0
  0
LINE
  5
128B
330
22
100
AcDbEntity
  8
F.Silkscreen
  6
CONTINUOUS
100
AcDbLine
 10
6.7599944881889762
 20
-3.0190109842519686
 30
0
 11
6.7560529527559057
 21
-3.0285266535433069
 31
0
  0
LINE
  5
128C
330
22
100
AcDbEntity
  8
F.Silkscreen
  6
CONTINUOUS
100
AcDbLine
 10
6.7560529527559057
 20
-3.0285266535433069
 30
0
 11
6.7509031102362203
 21
-3.0374464566929134
 31
0
  0
LINE
  5
128D
330
22
100
AcDbEntity
  8
F.Silkscreen
  6
CONTINUOUS
100
AcDbLine
 10
6.7509031102362203
 20
-3.0374464566929134
 30
0
 11
6.7446330708661417
 21
-3.0456177952755903
 31
0
  0
LINE
  5
128E
330
22
100
AcDbEntity
  8
F.Silkscreen
  6
CONTINUOUS
100
AcDbLine
 10
6.7446330708661417
 20
-3.0456177952755903
 30
0
 11
6.7373500787401577
 21
-3.0529007874015748
 31
0
  0
LINE
  5
128F
330
22
100
AcDbEntity
  8
F.Silkscreen
  6
CONTINUOUS
100
AcDbLine
 10
6.7373500787401577
 20
-3.0529007874015748
 30
0
 11
6.7291787401574803
 21
-3.0591708267716533
 31
0
  0
LINE
  5
1290
330
22
100
AcDbEntity
  8
F.Silkscreen
  6
CONTINUOUS
100
AcDbLine
 10
6.7291787401574803
 20
-3.0591708267716533
 30
0
 11
6.7202589370078742
 21
-3.0643206692913387
 31
0
  0
LINE
  5
1291
330
22
100
AcDbEntity
  8
F.Silkscreen
  6
CONTINUOUS
100
AcDbLine
 10
6.7202589370078742
 20
-3.0643206692913387
 30
0
 11
6.7107432677165351
 21
-3.0682622047244092
 31
0
  0
LINE
  5
1292
330
22
100
AcDbEntity
  8
F.Silkscreen
  6
CONTINUOUS
100
AcDbLine
 10
6.7107432677165351
 20
-3.0682622047244092
 30
0
 11
6.7007945275590552
 21
-3.0709279921259842
 31
0
  0
LINE
  5
1293
330
22
100
AcDbEntity
  8
F.Silkscreen
  6
CONTINUOUS
100
AcDbLine
 10
6.7007945275590552
 20
-3.0709279921259842
 30
0
 11
6.6905829133858266
 21
-3.0722723622047243
 31
0
  0
LINE
  5
1294
330
22
100
AcDbEntity
  8
F.Silkscreen
  6
CONTINUOUS
100
AcDbLine
 10
6.6905829133858266
 20
-3.0722723622047243
 30
0
 11
6.6802832283464566
 21
-3.0722723622047243
 31
0
  0
LINE
  5
1295
330
22
100
AcDbEntity
  8
F.Silkscreen
  6
CONTINUOUS
100
AcDbLine
 10
6.6802832283464566
 20
-3.0722723622047243
 30
0
 11
6.6700716141732279
 21
-3.0709279921259842
 31
0
  0
LINE
  5
1296
330
22
100
AcDbEntity
  8
F.Silkscreen
  6
CONTINUOUS
100
AcDbLine
 10
6.6700716141732279
 20
-3.0709279921259842
 30
0
 11
6.6601228740157481
 21
-3.0682622047244092
 31
0
  0
LINE
  5
1297
330
22
100
AcDbEntity
  8
F.Silkscreen
  6
CONTINUOUS
100
AcDbLine
 10
6.6601228740157481
 20
-3.0682622047244092
 30
0
 11
6.6506072047244089
 21
-3.0643206692913387
 31
0
  0
LINE
  5
1298
330
22
100
AcDbEntity
  8
F.Silkscreen
  6
CONTINUOUS
100
AcDbLine
 10
6.6506072047244089
 20
-3.0643206692913387
 30
0
 11
6.6416874015748029
 21
-3.0591708267716533
 31
0
  0
LINE
  5
1299
330
22
100
AcDbEntity
  8
F.Silkscreen
  6
CONTINUOUS
100
AcDbLine
 10
6.6416874015748029
 20
-3.0591708267716533
 30
0
 11
6.6335160629921255
 21
-3.0529007874015748
 31
0
  0
LINE
  5
129A
330
22
100
AcDbEntity
  8
F.Silkscreen
  6
CONTINUOUS
100
AcDbLine
 10
6.6335160629921255
 20
-3.0529007874015748
 30
0
 11
6.6262330708661414
 21
-3.0456177952755903
 31
0
  0
LINE
  5
129B
330
22
100
AcDbEntity
  8
F.Silkscreen
  6
CONTINUOUS
100
AcDbLine
 10
6.6262330708661414
 20
-3.0456177952755903
 30
0
 11
6.6199630314960629
 21
-3.0374464566929134
 31
0
  0
LINE
  5
129C
330
22
100
AcDbEntity
  8
F.Silkscreen
  6
CONTINUOUS
100
AcDbLine
 10
6.6199630314960629
 20
-3.0374464566929134
 30
0
 11
6.6148131889763775
 21
-3.0285266535433069
 31
0
  0
LINE
  5
129D
330
22
100
AcDbEntity
  8
F.Silkscreen
  6
CONTINUOUS
100
AcDbLine
 10
6.6148131889763775
 20
-3.0285266535433069
 30
0
 11
6.610871653543307
 21
-3.0190109842519686
 31
0
  0
LINE
  5
129E
330
22
100
AcDbEntity
  8
F.Silkscreen
  6
CONTINUOUS
100
AcDbLine
 10
6.610871653543307
 20
-3.0190109842519686
 30
0
 11
6.6082058661417324
 21
-3.0090622440944883
 31
0
  0
LINE
  5
129F
330
22
100
AcDbEntity
  8
F.Silkscreen
  6
CONTINUOUS
100
AcDbLine
 10
6.6082058661417324
 20
-3.0090622440944883
 30
0
 11
6.6068614960629919
 21
-2.9988506299212596
 31
0
  0
LINE
  5
12A0
330
22
100
AcDbEntity
  8
F.Silkscreen
  6
CONTINUOUS
100
AcDbLine
 10
6.6068614960629919
 20
-2.9988506299212596
 30
0
 11
6.6068614960629919
 21
-2.9885509448818897
 31
0
  0
LINE
  5
12A1
330
22
100
AcDbEntity
  8
F.Silkscreen
  6
CONTINUOUS
100
AcDbLine
 10
6.6068614960629919
 20
-2.9885509448818897
 30
0
 11
6.6082058661417324
 21
-2.9783393307086614
 31
0
  0
LINE
  5
12A2
330
22
100
AcDbEntity
  8
F.Silkscreen
  6
CONTINUOUS
100
AcDbLine
 10
6.6082058661417324
 20
-2.9783393307086614
 30
0
 11
6.610871653543307
 21
-2.9683905905511812
 31
0
  0
LINE
  5
12A3
330
22
100
AcDbEntity
  8
F.Silkscreen
  6
CONTINUOUS
100
AcDbLine
 10
6.610871653543307
 20
-2.9683905905511812
 30
0
 11
6.6148131889763775
 21
-2.9588749212598424
 31
0
  0
LINE
  5
12A4
330
22
100
AcDbEntity
  8
F.Silkscreen
  6
CONTINUOUS
100
AcDbLine
 10
6.6148131889763775
 20
-2.9588749212598424
 30
0
 11
6.6199630314960629
 21
-2.9499551181102364
 31
0
  0
LINE
  5
12A5
330
22
100
AcDbEntity
  8
F.Silkscreen
  6
CONTINUOUS
100
AcDbLine
 10
6.6199630314960629
 20
-2.9499551181102364
 30
0
 11
6.6262330708661414
 21
-2.941783779527559
 31
0
  0
LINE
  5
12A6
330
22
100
AcDbEntity
  8
F.Silkscreen
  6
CONTINUOUS
100
AcDbLine
 10
6.6262330708661414
 20
-2.941783779527559
 30
0
 11
6.6335160629921255
 21
-2.9345007874015749
 31
0
  0
LINE
  5
12A7
330
22
100
AcDbEntity
  8
F.Silkscreen
  6
CONTINUOUS
100
AcDbLine
 10
6.6335160629921255
 20
-2.9345007874015749
 30
0
 11
6.6416874015748029
 21
-2.928230748031496
 31
0
  0
LINE
  5
12A8
330
22
100
AcDbEntity
  8
F.Silkscreen
  6
CONTINUOUS
100
AcDbLine
 10
6.6416874015748029
 20
-2.928230748031496
 30
0
 11
6.6506072047244089
 21
-2.923080905511811
 31
0
  0
LINE
  5
12A9
330
22
100
AcDbEntity
  8
F.Silkscreen
  6
CONTINUOUS
100
AcDbLine
 10
6.6506072047244089
 20
-2.923080905511811
 30
0
 11
6.6601228740157481
 21
-2.91913937007874
 31
0
  0
LINE
  5
12AA
330
22
100
AcDbEntity
  8
F.Silkscreen
  6
CONTINUOUS
100
AcDbLine
 10
6.6601228740157481
 20
-2.91913937007874
 30
0
 11
6.6700716141732279
 21
-2.9164735826771655
 31
0
  0
LINE
  5
12AB
330
22
100
AcDbEntity
  8
F.Silkscreen
  6
CONTINUOUS
100
AcDbLine
 10
6.6700716141732279
 20
-2.9164735826771655
 30
0
 11
6.6802832283464566
 21
-2.9151292125984249
 31
0
  0
LINE
  5
12AC
330
22
100
AcDbEntity
  8
F.Silkscreen
  6
CONTINUOUS
100
AcDbLine
 10
6.6802832283464566
 20
-2.9151292125984249
 30
0
 11
6.6905829133858266
 21
-2.9151292125984249
 31
0
  0
LINE
  5
12AD
330
22
100
AcDbEntity
  8
F.Silkscreen
  6
CONTINUOUS
100
AcDbLine
 10
6.6905829133858266
 20
-2.9151292125984249
 30
0
 11
6.7007945275590552
 21
-2.9164735826771655
 31
0
  0
LINE
  5
12AE
330
22
100
AcDbEntity
  8
F.Silkscreen
  6
CONTINUOUS
100
AcDbLine
 10
4.676508464566929
 20
-3.0044918503937006
 30
0
 11
4.6829425984251971
 21
-3.005771692913386
 31
0
  0
LINE
  5
12AF
330
22
100
AcDbEntity
  8
F.Silkscreen
  6
CONTINUOUS
100
AcDbLine
 10
4.6829425984251971
 20
-3.005771692913386
 30
0
 11
4.6890034251968506
 21
-3.0082821653543306
 31
0
  0
LINE
  5
12B0
330
22
100
AcDbEntity
  8
F.Silkscreen
  6
CONTINUOUS
100
AcDbLine
 10
4.6890034251968506
 20
-3.0082821653543306
 30
0
 11
4.6944580314960627
 21
-3.0119268110236219
 31
0
  0
LINE
  5
12B1
330
22
100
AcDbEntity
  8
F.Silkscreen
  6
CONTINUOUS
100
AcDbLine
 10
4.6944580314960627
 20
-3.0119268110236219
 30
0
 11
4.6990968110236215
 21
-3.0165655905511812
 31
0
  0
LINE
  5
12B2
330
22
100
AcDbEntity
  8
F.Silkscreen
  6
CONTINUOUS
100
AcDbLine
 10
4.6990968110236215
 20
-3.0165655905511812
 30
0
 11
4.7027414566929133
 21
-3.0220201968503937
 31
0
  0
LINE
  5
12B3
330
22
100
AcDbEntity
  8
F.Silkscreen
  6
CONTINUOUS
100
AcDbLine
 10
4.7027414566929133
 20
-3.0220201968503937
 30
0
 11
4.7052519291338584
 21
-3.0280810236220472
 31
0
  0
LINE
  5
12B4
330
22
100
AcDbEntity
  8
F.Silkscreen
  6
CONTINUOUS
100
AcDbLine
 10
4.7052519291338584
 20
-3.0280810236220472
 30
0
 11
4.7065317716535429
 21
-3.0345151574803149
 31
0
  0
LINE
  5
12B5
330
22
100
AcDbEntity
  8
F.Silkscreen
  6
CONTINUOUS
100
AcDbLine
 10
4.7065317716535429
 20
-3.0345151574803149
 30
0
 11
4.7065317716535429
 21
-3.0410753937007873
 31
0
  0
LINE
  5
12B6
330
22
100
AcDbEntity
  8
F.Silkscreen
  6
CONTINUOUS
100
AcDbLine
 10
4.7065317716535429
 20
-3.0410753937007873
 30
0
 11
4.7052519291338584
 21
-3.0475095275590549
 31
0
  0
LINE
  5
12B7
330
22
100
AcDbEntity
  8
F.Silkscreen
  6
CONTINUOUS
100
AcDbLine
 10
4.7052519291338584
 20
-3.0475095275590549
 30
0
 11
4.7027414566929133
 21
-3.0535703543307084
 31
0
  0
LINE
  5
12B8
330
22
100
AcDbEntity
  8
F.Silkscreen
  6
CONTINUOUS
100
AcDbLine
 10
4.7027414566929133
 20
-3.0535703543307084
 30
0
 11
4.6990968110236215
 21
-3.0590249606299214
 31
0
  0
LINE
  5
12B9
330
22
100
AcDbEntity
  8
F.Silkscreen
  6
CONTINUOUS
100
AcDbLine
 10
4.6990968110236215
 20
-3.0590249606299214
 30
0
 11
4.6944580314960627
 21
-3.0636637401574802
 31
0
  0
LINE
  5
12BA
330
22
100
AcDbEntity
  8
F.Silkscreen
  6
CONTINUOUS
100
AcDbLine
 10
4.6944580314960627
 20
-3.0636637401574802
 30
0
 11
4.6890034251968506
 21
-3.0673083858267716
 31
0
  0
LINE
  5
12BB
330
22
100
AcDbEntity
  8
F.Silkscreen
  6
CONTINUOUS
100
AcDbLine
 10
4.6890034251968506
 20
-3.0673083858267716
 30
0
 11
4.6829425984251971
 21
-3.0698188582677166
 31
0
  0
LINE
  5
12BC
330
22
100
AcDbEntity
  8
F.Silkscreen
  6
CONTINUOUS
100
AcDbLine
 10
4.6829425984251971
 20
-3.0698188582677166
 30
0
 11
4.676508464566929
 21
-3.0710987007874015
 31
0
  0
LINE
  5
12BD
330
22
100
AcDbEntity
  8
F.Silkscreen
  6
CONTINUOUS
100
AcDbLine
 10
4.676508464566929
 20
-3.0710987007874015
 30
0
 11
4.6732283464566926
 21
-3.0712598425196851
 31
0
  0
LINE
  5
12BE
330
22
100
AcDbEntity
  8
F.Silkscreen
  6
CONTINUOUS
100
AcDbLine
 10
4.6732283464566926
 20
-3.0712598425196851
 30
0
 11
4.5984251968503935
 21
-3.0712598425196851
 31
0
  0
LINE
  5
12BF
330
22
100
AcDbEntity
  8
F.Silkscreen
  6
CONTINUOUS
100
AcDbLine
 10
4.5984251968503935
 20
-3.0712598425196851
 30
0
 11
4.5951450787401571
 21
-3.0710987007874015
 31
0
  0
LINE
  5
12C0
330
22
100
AcDbEntity
  8
F.Silkscreen
  6
CONTINUOUS
100
AcDbLine
 10
4.5951450787401571
 20
-3.0710987007874015
 30
0
 11
4.5887109448818899
 21
-3.0698188582677166
 31
0
  0
LINE
  5
12C1
330
22
100
AcDbEntity
  8
F.Silkscreen
  6
CONTINUOUS
100
AcDbLine
 10
4.5887109448818899
 20
-3.0698188582677166
 30
0
 11
4.5826501181102364
 21
-3.0673083858267716
 31
0
  0
LINE
  5
12C2
330
22
100
AcDbEntity
  8
F.Silkscreen
  6
CONTINUOUS
100
AcDbLine
 10
4.5826501181102364
 20
-3.0673083858267716
 30
0
 11
4.5771955118110235
 21
-3.0636637401574802
 31
0
  0
LINE
  5
12C3
330
22
100
AcDbEntity
  8
F.Silkscreen
  6
CONTINUOUS
100
AcDbLine
 10
4.5771955118110235
 20
-3.0636637401574802
 30
0
 11
4.5725567322834646
 21
-3.0590249606299214
 31
0
  0
LINE
  5
12C4
330
22
100
AcDbEntity
  8
F.Silkscreen
  6
CONTINUOUS
100
AcDbLine
 10
4.5725567322834646
 20
-3.0590249606299214
 30
0
 11
4.5689120866141728
 21
-3.0535703543307084
 31
0
  0
LINE
  5
12C5
330
22
100
AcDbEntity
  8
F.Silkscreen
  6
CONTINUOUS
100
AcDbLine
 10
4.5689120866141728
 20
-3.0535703543307084
 30
0
 11
4.5664016141732287
 21
-3.0475095275590549
 31
0
  0
LINE
  5
12C6
330
22
100
AcDbEntity
  8
F.Silkscreen
  6
CONTINUOUS
100
AcDbLine
 10
4.5664016141732287
 20
-3.0475095275590549
 30
0
 11
4.5651217716535433
 21
-3.0410753937007873
 31
0
  0
LINE
  5
12C7
330
22
100
AcDbEntity
  8
F.Silkscreen
  6
CONTINUOUS
100
AcDbLine
 10
4.5651217716535433
 20
-3.0410753937007873
 30
0
 11
4.5651217716535433
 21
-3.0345151574803149
 31
0
  0
LINE
  5
12C8
330
22
100
AcDbEntity
  8
F.Silkscreen
  6
CONTINUOUS
100
AcDbLine
 10
4.5651217716535433
 20
-3.0345151574803149
 30
0
 11
4.5664016141732287
 21
-3.0280810236220472
 31
0
  0
LINE
  5
12C9
330
22
100
AcDbEntity
  8
F.Silkscreen
  6
CONTINUOUS
100
AcDbLine
 10
4.5664016141732287
 20
-3.0280810236220472
 30
0
 11
4.5689120866141728
 21
-3.0220201968503937
 31
0
  0
LINE
  5
12CA
330
22
100
AcDbEntity
  8
F.Silkscreen
  6
CONTINUOUS
100
AcDbLine
 10
4.5689120866141728
 20
-3.0220201968503937
 30
0
 11
4.5725567322834646
 21
-3.0165655905511812
 31
0
  0
LINE
  5
12CB
330
22
100
AcDbEntity
  8
F.Silkscreen
  6
CONTINUOUS
100
AcDbLine
 10
4.5725567322834646
 20
-3.0165655905511812
 30
0
 11
4.5771955118110235
 21
-3.0119268110236219
 31
0
  0
LINE
  5
12CC
330
22
100
AcDbEntity
  8
F.Silkscreen
  6
CONTINUOUS
100
AcDbLine
 10
4.5771955118110235
 20
-3.0119268110236219
 30
0
 11
4.5826501181102364
 21
-3.0082821653543306
 31
0
  0
LINE
  5
12CD
330
22
100
AcDbEntity
  8
F.Silkscreen
  6
CONTINUOUS
100
AcDbLine
 10
4.5826501181102364
 20
-3.0082821653543306
 30
0
 11
4.5887109448818899
 21
-3.005771692913386
 31
0
  0
LINE
  5
12CE
330
22
100
AcDbEntity
  8
F.Silkscreen
  6
CONTINUOUS
100
AcDbLine
 10
4.5887109448818899
 20
-3.005771692913386
 30
0
 11
4.5951450787401571
 21
-3.0044918503937006
 31
0
  0
LINE
  5
12CF
330
22
100
AcDbEntity
  8
F.Silkscreen
  6
CONTINUOUS
100
AcDbLine
 10
4.5951450787401571
 20
-3.0044918503937006
 30
0
 11
4.5984251968503935
 21
-3.004330708661417
 31
0
  0
LINE
  5
12D0
330
22
100
AcDbEntity
  8
F.Silkscreen
  6
CONTINUOUS
100
AcDbLine
 10
4.5984251968503935
 20
-3.004330708661417
 30
0
 11
4.6732283464566926
 21
-3.004330708661417
 31
0
  0
LINE
  5
12D1
330
22
100
AcDbEntity
  8
F.Silkscreen
  6
CONTINUOUS
100
AcDbLine
 10
4.6732283464566926
 20
-3.004330708661417
 30
0
 11
4.676508464566929
 21
-3.0044918503937006
 31
0
  0
LINE
  5
12D2
330
22
100
AcDbEntity
  8
F.Silkscreen
  6
CONTINUOUS
100
AcDbLine
 10
5.3556423228346457
 20
-3.0044918503937006
 30
0
 11
5.3620764566929129
 21
-3.005771692913386
 31
0
  0
LINE
  5
12D3
330
22
100
AcDbEntity
  8
F.Silkscreen
  6
CONTINUOUS
100
AcDbLine
 10
5.3620764566929129
 20
-3.005771692913386
 30
0
 11
5.3681372834645664
 21
-3.0082821653543306
 31
0
  0
LINE
  5
12D4
330
22
100
AcDbEntity
  8
F.Silkscreen
  6
CONTINUOUS
100
AcDbLine
 10
5.3681372834645664
 20
-3.0082821653543306
 30
0
 11
5.3735918897637793
 21
-3.0119268110236219
 31
0
  0
LINE
  5
12D5
330
22
100
AcDbEntity
  8
F.Silkscreen
  6
CONTINUOUS
100
AcDbLine
 10
5.3735918897637793
 20
-3.0119268110236219
 30
0
 11
5.3782306692913382
 21
-3.0165655905511812
 31
0
  0
LINE
  5
12D6
330
22
100
AcDbEntity
  8
F.Silkscreen
  6
CONTINUOUS
100
AcDbLine
 10
5.3782306692913382
 20
-3.0165655905511812
 30
0
 11
5.38187531496063
 21
-3.0220201968503937
 31
0
  0
LINE
  5
12D7
330
22
100
AcDbEntity
  8
F.Silkscreen
  6
CONTINUOUS
100
AcDbLine
 10
5.38187531496063
 20
-3.0220201968503937
 30
0
 11
5.384385787401575
 21
-3.0280810236220472
 31
0
  0
LINE
  5
12D8
330
22
100
AcDbEntity
  8
F.Silkscreen
  6
CONTINUOUS
100
AcDbLine
 10
5.384385787401575
 20
-3.0280810236220472
 30
0
 11
5.3856656299212595
 21
-3.0345151574803149
 31
0
  0
LINE
  5
12D9
330
22
100
AcDbEntity
  8
F.Silkscreen
  6
CONTINUOUS
100
AcDbLine
 10
5.3856656299212595
 20
-3.0345151574803149
 30
0
 11
5.3856656299212595
 21
-3.0410753937007873
 31
0
  0
LINE
  5
12DA
330
22
100
AcDbEntity
  8
F.Silkscreen
  6
CONTINUOUS
100
AcDbLine
 10
5.3856656299212595
 20
-3.0410753937007873
 30
0
 11
5.384385787401575
 21
-3.0475095275590549
 31
0
  0
LINE
  5
12DB
330
22
100
AcDbEntity
  8
F.Silkscreen
  6
CONTINUOUS
100
AcDbLine
 10
5.384385787401575
 20
-3.0475095275590549
 30
0
 11
5.38187531496063
 21
-3.0535703543307084
 31
0
  0
LINE
  5
12DC
330
22
100
AcDbEntity
  8
F.Silkscreen
  6
CONTINUOUS
100
AcDbLine
 10
5.38187531496063
 20
-3.0535703543307084
 30
0
 11
5.3782306692913382
 21
-3.0590249606299214
 31
0
  0
LINE
  5
12DD
330
22
100
AcDbEntity
  8
F.Silkscreen
  6
CONTINUOUS
100
AcDbLine
 10
5.3782306692913382
 20
-3.0590249606299214
 30
0
 11
5.3735918897637793
 21
-3.0636637401574802
 31
0
  0
LINE
  5
12DE
330
22
100
AcDbEntity
  8
F.Silkscreen
  6
CONTINUOUS
100
AcDbLine
 10
5.3735918897637793
 20
-3.0636637401574802
 30
0
 11
5.3681372834645664
 21
-3.0673083858267716
 31
0
  0
LINE
  5
12DF
330
22
100
AcDbEntity
  8
F.Silkscreen
  6
CONTINUOUS
100
AcDbLine
 10
5.3681372834645664
 20
-3.0673083858267716
 30
0
 11
5.3620764566929129
 21
-3.0698188582677166
 31
0
  0
LINE
  5
12E0
330
22
100
AcDbEntity
  8
F.Silkscreen
  6
CONTINUOUS
100
AcDbLine
 10
5.3620764566929129
 20
-3.0698188582677166
 30
0
 11
5.3556423228346457
 21
-3.0710987007874015
 31
0
  0
LINE
  5
12E1
330
22
100
AcDbEntity
  8
F.Silkscreen
  6
CONTINUOUS
100
AcDbLine
 10
5.3556423228346457
 20
-3.0710987007874015
 30
0
 11
5.3523622047244093
 21
-3.0712598425196851
 31
0
  0
LINE
  5
12E2
330
22
100
AcDbEntity
  8
F.Silkscreen
  6
CONTINUOUS
100
AcDbLine
 10
5.3523622047244093
 20
-3.0712598425196851
 30
0
 11
5.2775590551181102
 21
-3.0712598425196851
 31
0
  0
LINE
  5
12E3
330
22
100
AcDbEntity
  8
F.Silkscreen
  6
CONTINUOUS
100
AcDbLine
 10
5.2775590551181102
 20
-3.0712598425196851
 30
0
 11
5.2742789370078738
 21
-3.0710987007874015
 31
0
  0
LINE
  5
12E4
330
22
100
AcDbEntity
  8
F.Silkscreen
  6
CONTINUOUS
100
AcDbLine
 10
5.2742789370078738
 20
-3.0710987007874015
 30
0
 11
5.2678448031496066
 21
-3.0698188582677166
 31
0
  0
LINE
  5
12E5
330
22
100
AcDbEntity
  8
F.Silkscreen
  6
CONTINUOUS
100
AcDbLine
 10
5.2678448031496066
 20
-3.0698188582677166
 30
0
 11
5.261783976377953
 21
-3.0673083858267716
 31
0
  0
LINE
  5
12E6
330
22
100
AcDbEntity
  8
F.Silkscreen
  6
CONTINUOUS
100
AcDbLine
 10
5.261783976377953
 20
-3.0673083858267716
 30
0
 11
5.2563293700787401
 21
-3.0636637401574802
 31
0
  0
LINE
  5
12E7
330
22
100
AcDbEntity
  8
F.Silkscreen
  6
CONTINUOUS
100
AcDbLine
 10
5.2563293700787401
 20
-3.0636637401574802
 30
0
 11
5.2516905905511813
 21
-3.0590249606299214
 31
0
  0
LINE
  5
12E8
330
22
100
AcDbEntity
  8
F.Silkscreen
  6
CONTINUOUS
100
AcDbLine
 10
5.2516905905511813
 20
-3.0590249606299214
 30
0
 11
5.2480459448818895
 21
-3.0535703543307084
 31
0
  0
LINE
  5
12E9
330
22
100
AcDbEntity
  8
F.Silkscreen
  6
CONTINUOUS
100
AcDbLine
 10
5.2480459448818895
 20
-3.0535703543307084
 30
0
 11
5.2455354724409444
 21
-3.0475095275590549
 31
0
  0
LINE
  5
12EA
330
22
100
AcDbEntity
  8
F.Silkscreen
  6
CONTINUOUS
100
AcDbLine
 10
5.2455354724409444
 20
-3.0475095275590549
 30
0
 11
5.2442556299212599
 21
-3.0410753937007873
 31
0
  0
LINE
  5
12EB
330
22
100
AcDbEntity
  8
F.Silkscreen
  6
CONTINUOUS
100
AcDbLine
 10
5.2442556299212599
 20
-3.0410753937007873
 30
0
 11
5.2442556299212599
 21
-3.0345151574803149
 31
0
  0
LINE
  5
12EC
330
22
100
AcDbEntity
  8
F.Silkscreen
  6
CONTINUOUS
100
AcDbLine
 10
5.2442556299212599
 20
-3.0345151574803149
 30
0
 11
5.2455354724409444
 21
-3.0280810236220472
 31
0
  0
LINE
  5
12ED
330
22
100
AcDbEntity
  8
F.Silkscreen
  6
CONTINUOUS
100
AcDbLine
 10
5.2455354724409444
 20
-3.0280810236220472
 30
0
 11
5.2480459448818895
 21
-3.0220201968503937
 31
0
  0
LINE
  5
12EE
330
22
100
AcDbEntity
  8
F.Silkscreen
  6
CONTINUOUS
100
AcDbLine
 10
5.2480459448818895
 20
-3.0220201968503937
 30
0
 11
5.2516905905511813
 21
-3.0165655905511812
 31
0
  0
LINE
  5
12EF
330
22
100
AcDbEntity
  8
F.Silkscreen
  6
CONTINUOUS
100
AcDbLine
 10
5.2516905905511813
 20
-3.0165655905511812
 30
0
 11
5.2563293700787401
 21
-3.0119268110236219
 31
0
  0
LINE
  5
12F0
330
22
100
AcDbEntity
  8
F.Silkscreen
  6
CONTINUOUS
100
AcDbLine
 10
5.2563293700787401
 20
-3.0119268110236219
 30
0
 11
5.261783976377953
 21
-3.0082821653543306
 31
0
  0
LINE
  5
12F1
330
22
100
AcDbEntity
  8
F.Silkscreen
  6
CONTINUOUS
100
AcDbLine
 10
5.261783976377953
 20
-3.0082821653543306
 30
0
 11
5.2678448031496066
 21
-3.005771692913386
 31
0
  0
LINE
  5
12F2
330
22
100
AcDbEntity
  8
F.Silkscreen
  6
CONTINUOUS
100
AcDbLine
 10
5.2678448031496066
 20
-3.005771692913386
 30
0
 11
5.2742789370078738
 21
-3.0044918503937006
 31
0
  0
LINE
  5
12F3
330
22
100
AcDbEntity
  8
F.Silkscreen
  6
CONTINUOUS
100
AcDbLine
 10
5.2742789370078738
 20
-3.0044918503937006
 30
0
 11
5.2775590551181102
 21
-3.004330708661417
 31
0
  0
LINE
  5
12F4
330
22
100
AcDbEntity
  8
F.Silkscreen
  6
CONTINUOUS
100
AcDbLine
 10
5.2775590551181102
 20
-3.004330708661417
 30
0
 11
5.3523622047244093
 21
-3.004330708661417
 31
0
  0
LINE
  5
12F5
330
22
100
AcDbEntity
  8
F.Silkscreen
  6
CONTINUOUS
100
AcDbLine
 10
5.3523622047244093
 20
-3.004330708661417
 30
0
 11
5.3556423228346457
 21
-3.0044918503937006
 31
0
  0
LINE
  5
12F6
330
22
100
AcDbEntity
  8
F.Silkscreen
  6
CONTINUOUS
100
AcDbLine
 10
6.4951473228346455
 20
-2.9616772047244093
 30
0
 11
6.501208149606299
 21
-2.9641876771653544
 31
0
  0
LINE
  5
12F7
330
22
100
AcDbEntity
  8
F.Silkscreen
  6
CONTINUOUS
100
AcDbLine
 10
6.501208149606299
 20
-2.9641876771653544
 30
0
 11
6.5066627559055119
 21
-2.9678323228346457
 31
0
  0
LINE
  5
12F8
330
22
100
AcDbEntity
  8
F.Silkscreen
  6
CONTINUOUS
100
AcDbLine
 10
6.5066627559055119
 20
-2.9678323228346457
 30
0
 11
6.5113015354330708
 21
-2.9724711023622046
 31
0
  0
LINE
  5
12F9
330
22
100
AcDbEntity
  8
F.Silkscreen
  6
CONTINUOUS
100
AcDbLine
 10
6.5113015354330708
 20
-2.9724711023622046
 30
0
 11
6.5149461811023617
 21
-2.977925708661417
 31
0
  0
LINE
  5
12FA
330
22
100
AcDbEntity
  8
F.Silkscreen
  6
CONTINUOUS
100
AcDbLine
 10
6.5149461811023617
 20
-2.977925708661417
 30
0
 11
6.5174566535433067
 21
-2.983986535433071
 31
0
  0
LINE
  5
12FB
330
22
100
AcDbEntity
  8
F.Silkscreen
  6
CONTINUOUS
100
AcDbLine
 10
6.5174566535433067
 20
-2.983986535433071
 30
0
 11
6.5187364960629921
 21
-2.9904206692913387
 31
0
  0
LINE
  5
12FC
330
22
100
AcDbEntity
  8
F.Silkscreen
  6
CONTINUOUS
100
AcDbLine
 10
6.5187364960629921
 20
-2.9904206692913387
 30
0
 11
6.5187364960629921
 21
-2.9969809055118111
 31
0
  0
LINE
  5
12FD
330
22
100
AcDbEntity
  8
F.Silkscreen
  6
CONTINUOUS
100
AcDbLine
 10
6.5187364960629921
 20
-2.9969809055118111
 30
0
 11
6.5174566535433067
 21
-3.0034150393700787
 31
0
  0
LINE
  5
12FE
330
22
100
AcDbEntity
  8
F.Silkscreen
  6
CONTINUOUS
100
AcDbLine
 10
6.5174566535433067
 20
-3.0034150393700787
 30
0
 11
6.5149461811023617
 21
-3.0094758661417322
 31
0
  0
LINE
  5
12FF
330
22
100
AcDbEntity
  8
F.Silkscreen
  6
CONTINUOUS
100
AcDbLine
 10
6.5149461811023617
 20
-3.0094758661417322
 30
0
 11
6.5113015354330708
 21
-3.0149304724409447
 31
0
  0
LINE
  5
1300
330
22
100
AcDbEntity
  8
F.Silkscreen
  6
CONTINUOUS
100
AcDbLine
 10
6.5113015354330708
 20
-3.0149304724409447
 30
0
 11
6.5066627559055119
 21
-3.019569251968504
 31
0
  0
LINE
  5
1301
330
22
100
AcDbEntity
  8
F.Silkscreen
  6
CONTINUOUS
100
AcDbLine
 10
6.5066627559055119
 20
-3.019569251968504
 30
0
 11
6.501208149606299
 21
-3.0232138976377954
 31
0
  0
LINE
  5
1302
330
22
100
AcDbEntity
  8
F.Silkscreen
  6
CONTINUOUS
100
AcDbLine
 10
6.501208149606299
 20
-3.0232138976377954
 30
0
 11
6.4951473228346455
 21
-3.02572437007874
 31
0
  0
LINE
  5
1303
330
22
100
AcDbEntity
  8
F.Silkscreen
  6
CONTINUOUS
100
AcDbLine
 10
6.4951473228346455
 20
-3.02572437007874
 30
0
 11
6.4887131889763774
 21
-3.0270042125984253
 31
0
  0
LINE
  5
1304
330
22
100
AcDbEntity
  8
F.Silkscreen
  6
CONTINUOUS
100
AcDbLine
 10
6.4887131889763774
 20
-3.0270042125984253
 30
0
 11
6.4821529527559054
 21
-3.0270042125984253
 31
0
  0
LINE
  5
1305
330
22
100
AcDbEntity
  8
F.Silkscreen
  6
CONTINUOUS
100
AcDbLine
 10
6.4821529527559054
 20
-3.0270042125984253
 30
0
 11
6.4757188188976373
 21
-3.02572437007874
 31
0
  0
LINE
  5
1306
330
22
100
AcDbEntity
  8
F.Silkscreen
  6
CONTINUOUS
100
AcDbLine
 10
6.4757188188976373
 20
-3.02572437007874
 30
0
 11
6.4696579921259838
 21
-3.0232138976377954
 31
0
  0
LINE
  5
1307
330
22
100
AcDbEntity
  8
F.Silkscreen
  6
CONTINUOUS
100
AcDbLine
 10
6.4696579921259838
 20
-3.0232138976377954
 30
0
 11
6.4642033858267718
 21
-3.019569251968504
 31
0
  0
LINE
  5
1308
330
22
100
AcDbEntity
  8
F.Silkscreen
  6
CONTINUOUS
100
AcDbLine
 10
6.4642033858267718
 20
-3.019569251968504
 30
0
 11
6.459564606299212
 21
-3.0149304724409447
 31
0
  0
LINE
  5
1309
330
22
100
AcDbEntity
  8
F.Silkscreen
  6
CONTINUOUS
100
AcDbLine
 10
6.459564606299212
 20
-3.0149304724409447
 30
0
 11
6.4559199606299211
 21
-3.0094758661417322
 31
0
  0
LINE
  5
130A
330
22
100
AcDbEntity
  8
F.Silkscreen
  6
CONTINUOUS
100
AcDbLine
 10
6.4559199606299211
 20
-3.0094758661417322
 30
0
 11
6.4534094881889761
 21
-3.0034150393700787
 31
0
  0
LINE
  5
130B
330
22
100
AcDbEntity
  8
F.Silkscreen
  6
CONTINUOUS
100
AcDbLine
 10
6.4534094881889761
 20
-3.0034150393700787
 30
0
 11
6.4521296456692916
 21
-2.9969809055118111
 31
0
  0
LINE
  5
130C
330
22
100
AcDbEntity
  8
F.Silkscreen
  6
CONTINUOUS
100
AcDbLine
 10
6.4521296456692916
 20
-2.9969809055118111
 30
0
 11
6.4521296456692916
 21
-2.9904206692913387
 31
0
  0
LINE
  5
130D
330
22
100
AcDbEntity
  8
F.Silkscreen
  6
CONTINUOUS
100
AcDbLine
 10
6.4521296456692916
 20
-2.9904206692913387
 30
0
 11
6.4534094881889761
 21
-2.983986535433071
 31
0
  0
LINE
  5
130E
330
22
100
AcDbEntity
  8
F.Silkscreen
  6
CONTINUOUS
100
AcDbLine
 10
6.4534094881889761
 20
-2.983986535433071
 30
0
 11
6.4559199606299211
 21
-2.977925708661417
 31
0
  0
LINE
  5
130F
330
22
100
AcDbEntity
  8
F.Silkscreen
  6
CONTINUOUS
100
AcDbLine
 10
6.4559199606299211
 20
-2.977925708661417
 30
0
 11
6.459564606299212
 21
-2.9724711023622046
 31
0
  0
LINE
  5
1310
330
22
100
AcDbEntity
  8
F.Silkscreen
  6
CONTINUOUS
100
AcDbLine
 10
6.459564606299212
 20
-2.9724711023622046
 30
0
 11
6.4642033858267718
 21
-2.9678323228346457
 31
0
  0
LINE
  5
1311
330
22
100
AcDbEntity
  8
F.Silkscreen
  6
CONTINUOUS
100
AcDbLine
 10
6.4642033858267718
 20
-2.9678323228346457
 30
0
 11
6.4696579921259838
 21
-2.9641876771653544
 31
0
  0
LINE
  5
1312
330
22
100
AcDbEntity
  8
F.Silkscreen
  6
CONTINUOUS
100
AcDbLine
 10
6.4696579921259838
 20
-2.9641876771653544
 30
0
 11
6.4757188188976373
 21
-2.9616772047244093
 31
0
  0
LINE
  5
1313
330
22
100
AcDbEntity
  8
F.Silkscreen
  6
CONTINUOUS
100
AcDbLine
 10
6.4757188188976373
 20
-2.9616772047244093
 30
0
 11
6.4821529527559054
 21
-2.9603973622047244
 31
0
  0
LINE
  5
1314
330
22
100
AcDbEntity
  8
F.Silkscreen
  6
CONTINUOUS
100
AcDbLine
 10
6.4821529527559054
 20
-2.9603973622047244
 30
0
 11
6.4887131889763774
 21
-2.9603973622047244
 31
0
  0
LINE
  5
1315
330
22
100
AcDbEntity
  8
F.Silkscreen
  6
CONTINUOUS
100
AcDbLine
 10
6.4887131889763774
 20
-2.9603973622047244
 30
0
 11
6.4951473228346455
 21
-2.9616772047244093
 31
0
  0
LINE
  5
1316
330
22
100
AcDbEntity
  8
F.Silkscreen
  6
CONTINUOUS
100
AcDbLine
 10
6.8951473228346458
 20
-2.9616772047244093
 30
0
 11
6.9012081496062994
 21
-2.9641876771653544
 31
0
  0
LINE
  5
1317
330
22
100
AcDbEntity
  8
F.Silkscreen
  6
CONTINUOUS
100
AcDbLine
 10
6.9012081496062994
 20
-2.9641876771653544
 30
0
 11
6.9066627559055114
 21
-2.9678323228346457
 31
0
  0
LINE
  5
1318
330
22
100
AcDbEntity
  8
F.Silkscreen
  6
CONTINUOUS
100
AcDbLine
 10
6.9066627559055114
 20
-2.9678323228346457
 30
0
 11
6.9113015354330711
 21
-2.9724711023622046
 31
0
  0
LINE
  5
1319
330
22
100
AcDbEntity
  8
F.Silkscreen
  6
CONTINUOUS
100
AcDbLine
 10
6.9113015354330711
 20
-2.9724711023622046
 30
0
 11
6.914946181102362
 21
-2.977925708661417
 31
0
  0
LINE
  5
131A
330
22
100
AcDbEntity
  8
F.Silkscreen
  6
CONTINUOUS
100
AcDbLine
 10
6.914946181102362
 20
-2.977925708661417
 30
0
 11
6.9174566535433071
 21
-2.983986535433071
 31
0
  0
LINE
  5
131B
330
22
100
AcDbEntity
  8
F.Silkscreen
  6
CONTINUOUS
100
AcDbLine
 10
6.9174566535433071
 20
-2.983986535433071
 30
0
 11
6.9187364960629916
 21
-2.9904206692913387
 31
0
  0
LINE
  5
131C
330
22
100
AcDbEntity
  8
F.Silkscreen
  6
CONTINUOUS
100
AcDbLine
 10
6.9187364960629916
 20
-2.9904206692913387
 30
0
 11
6.9187364960629916
 21
-2.9969809055118111
 31
0
  0
LINE
  5
131D
330
22
100
AcDbEntity
  8
F.Silkscreen
  6
CONTINUOUS
100
AcDbLine
 10
6.9187364960629916
 20
-2.9969809055118111
 30
0
 11
6.9174566535433071
 21
-3.0034150393700787
 31
0
  0
LINE
  5
131E
330
22
100
AcDbEntity
  8
F.Silkscreen
  6
CONTINUOUS
100
AcDbLine
 10
6.9174566535433071
 20
-3.0034150393700787
 30
0
 11
6.914946181102362
 21
-3.0094758661417322
 31
0
  0
LINE
  5
131F
330
22
100
AcDbEntity
  8
F.Silkscreen
  6
CONTINUOUS
100
AcDbLine
 10
6.914946181102362
 20
-3.0094758661417322
 30
0
 11
6.9113015354330711
 21
-3.0149304724409447
 31
0
  0
LINE
  5
1320
330
22
100
AcDbEntity
  8
F.Silkscreen
  6
CONTINUOUS
100
AcDbLine
 10
6.9113015354330711
 20
-3.0149304724409447
 30
0
 11
6.9066627559055114
 21
-3.019569251968504
 31
0
  0
LINE
  5
1321
330
22
100
AcDbEntity
  8
F.Silkscreen
  6
CONTINUOUS
100
AcDbLine
 10
6.9066627559055114
 20
-3.019569251968504
 30
0
 11
6.9012081496062994
 21
-3.0232138976377954
 31
0
  0
LINE
  5
1322
330
22
100
AcDbEntity
  8
F.Silkscreen
  6
CONTINUOUS
100
AcDbLine
 10
6.9012081496062994
 20
-3.0232138976377954
 30
0
 11
6.8951473228346458
 21
-3.02572437007874
 31
0
  0
LINE
  5
1323
330
22
100
AcDbEntity
  8
F.Silkscreen
  6
CONTINUOUS
100
AcDbLine
 10
6.8951473228346458
 20
-3.02572437007874
 30
0
 11
6.8887131889763777
 21
-3.0270042125984253
 31
0
  0
LINE
  5
1324
330
22
100
AcDbEntity
  8
F.Silkscreen
  6
CONTINUOUS
100
AcDbLine
 10
6.8887131889763777
 20
-3.0270042125984253
 30
0
 11
6.8821529527559058
 21
-3.0270042125984253
 31
0
  0
LINE
  5
1325
330
22
100
AcDbEntity
  8
F.Silkscreen
  6
CONTINUOUS
100
AcDbLine
 10
6.8821529527559058
 20
-3.0270042125984253
 30
0
 11
6.8757188188976377
 21
-3.02572437007874
 31
0
  0
LINE
  5
1326
330
22
100
AcDbEntity
  8
F.Silkscreen
  6
CONTINUOUS
100
AcDbLine
 10
6.8757188188976377
 20
-3.02572437007874
 30
0
 11
6.8696579921259842
 21
-3.0232138976377954
 31
0
  0
LINE
  5
1327
330
22
100
AcDbEntity
  8
F.Silkscreen
  6
CONTINUOUS
100
AcDbLine
 10
6.8696579921259842
 20
-3.0232138976377954
 30
0
 11
6.8642033858267713
 21
-3.019569251968504
 31
0
  0
LINE
  5
1328
330
22
100
AcDbEntity
  8
F.Silkscreen
  6
CONTINUOUS
100
AcDbLine
 10
6.8642033858267713
 20
-3.019569251968504
 30
0
 11
6.8595646062992124
 21
-3.0149304724409447
 31
0
  0
LINE
  5
1329
330
22
100
AcDbEntity
  8
F.Silkscreen
  6
CONTINUOUS
100
AcDbLine
 10
6.8595646062992124
 20
-3.0149304724409447
 30
0
 11
6.8559199606299215
 21
-3.0094758661417322
 31
0
  0
LINE
  5
132A
330
22
100
AcDbEntity
  8
F.Silkscreen
  6
CONTINUOUS
100
AcDbLine
 10
6.8559199606299215
 20
-3.0094758661417322
 30
0
 11
6.8534094881889764
 21
-3.0034150393700787
 31
0
  0
LINE
  5
132B
330
22
100
AcDbEntity
  8
F.Silkscreen
  6
CONTINUOUS
100
AcDbLine
 10
6.8534094881889764
 20
-3.0034150393700787
 30
0
 11
6.8521296456692911
 21
-2.9969809055118111
 31
0
  0
LINE
  5
132C
330
22
100
AcDbEntity
  8
F.Silkscreen
  6
CONTINUOUS
100
AcDbLine
 10
6.8521296456692911
 20
-2.9969809055118111
 30
0
 11
6.8521296456692911
 21
-2.9904206692913387
 31
0
  0
LINE
  5
132D
330
22
100
AcDbEntity
  8
F.Silkscreen
  6
CONTINUOUS
100
AcDbLine
 10
6.8521296456692911
 20
-2.9904206692913387
 30
0
 11
6.8534094881889764
 21
-2.983986535433071
 31
0
  0
LINE
  5
132E
330
22
100
AcDbEntity
  8
F.Silkscreen
  6
CONTINUOUS
100
AcDbLine
 10
6.8534094881889764
 20
-2.983986535433071
 30
0
 11
6.8559199606299215
 21
-2.977925708661417
 31
0
  0
LINE
  5
132F
330
22
100
AcDbEntity
  8
F.Silkscreen
  6
CONTINUOUS
100
AcDbLine
 10
6.8559199606299215
 20
-2.977925708661417
 30
0
 11
6.8595646062992124
 21
-2.9724711023622046
 31
0
  0
LINE
  5
1330
330
22
100
AcDbEntity
  8
F.Silkscreen
  6
CONTINUOUS
100
AcDbLine
 10
6.8595646062992124
 20
-2.9724711023622046
 30
0
 11
6.8642033858267713
 21
-2.9678323228346457
 31
0
  0
LINE
  5
1331
330
22
100
AcDbEntity
  8
F.Silkscreen
  6
CONTINUOUS
100
AcDbLine
 10
6.8642033858267713
 20
-2.9678323228346457
 30
0
 11
6.8696579921259842
 21
-2.9641876771653544
 31
0
  0
LINE
  5
1332
330
22
100
AcDbEntity
  8
F.Silkscreen
  6
CONTINUOUS
100
AcDbLine
 10
6.8696579921259842
 20
-2.9641876771653544
 30
0
 11
6.8757188188976377
 21
-2.9616772047244093
 31
0
  0
LINE
  5
1333
330
22
100
AcDbEntity
  8
F.Silkscreen
  6
CONTINUOUS
100
AcDbLine
 10
6.8757188188976377
 20
-2.9616772047244093
 30
0
 11
6.8821529527559058
 21
-2.9603973622047244
 31
0
  0
LINE
  5
1334
330
22
100
AcDbEntity
  8
F.Silkscreen
  6
CONTINUOUS
100
AcDbLine
 10
6.8821529527559058
 20
-2.9603973622047244
 30
0
 11
6.8887131889763777
 21
-2.9603973622047244
 31
0
  0
LINE
  5
1335
330
22
100
AcDbEntity
  8
F.Silkscreen
  6
CONTINUOUS
100
AcDbLine
 10
6.8887131889763777
 20
-2.9603973622047244
 30
0
 11
6.8951473228346458
 21
-2.9616772047244093
 31
0
  0
LINE
  5
1336
330
22
100
AcDbEntity
  8
F.Silkscreen
  6
CONTINUOUS
100
AcDbLine
 10
4.676508464566929
 20
-2.9044918503937005
 30
0
 11
4.6829425984251971
 21
-2.9057716929133859
 31
0
  0
LINE
  5
1337
330
22
100
AcDbEntity
  8
F.Silkscreen
  6
CONTINUOUS
100
AcDbLine
 10
4.6829425984251971
 20
-2.9057716929133859
 30
0
 11
4.6890034251968506
 21
-2.9082821653543305
 31
0
  0
LINE
  5
1338
330
22
100
AcDbEntity
  8
F.Silkscreen
  6
CONTINUOUS
100
AcDbLine
 10
4.6890034251968506
 20
-2.9082821653543305
 30
0
 11
4.6944580314960627
 21
-2.9119268110236218
 31
0
  0
LINE
  5
1339
330
22
100
AcDbEntity
  8
F.Silkscreen
  6
CONTINUOUS
100
AcDbLine
 10
4.6944580314960627
 20
-2.9119268110236218
 30
0
 11
4.6990968110236215
 21
-2.9165655905511811
 31
0
  0
LINE
  5
133A
330
22
100
AcDbEntity
  8
F.Silkscreen
  6
CONTINUOUS
100
AcDbLine
 10
4.6990968110236215
 20
-2.9165655905511811
 30
0
 11
4.7027414566929133
 21
-2.9220201968503936
 31
0
  0
LINE
  5
133B
330
22
100
AcDbEntity
  8
F.Silkscreen
  6
CONTINUOUS
100
AcDbLine
 10
4.7027414566929133
 20
-2.9220201968503936
 30
0
 11
4.7052519291338584
 21
-2.9280810236220471
 31
0
  0
LINE
  5
133C
330
22
100
AcDbEntity
  8
F.Silkscreen
  6
CONTINUOUS
100
AcDbLine
 10
4.7052519291338584
 20
-2.9280810236220471
 30
0
 11
4.7065317716535429
 21
-2.9345151574803148
 31
0
  0
LINE
  5
133D
330
22
100
AcDbEntity
  8
F.Silkscreen
  6
CONTINUOUS
100
AcDbLine
 10
4.7065317716535429
 20
-2.9345151574803148
 30
0
 11
4.7065317716535429
 21
-2.9410753937007872
 31
0
  0
LINE
  5
133E
330
22
100
AcDbEntity
  8
F.Silkscreen
  6
CONTINUOUS
100
AcDbLine
 10
4.7065317716535429
 20
-2.9410753937007872
 30
0
 11
4.7052519291338584
 21
-2.9475095275590553
 31
0
  0
LINE
  5
133F
330
22
100
AcDbEntity
  8
F.Silkscreen
  6
CONTINUOUS
100
AcDbLine
 10
4.7052519291338584
 20
-2.9475095275590553
 30
0
 11
4.7027414566929133
 21
-2.9535703543307088
 31
0
  0
LINE
  5
1340
330
22
100
AcDbEntity
  8
F.Silkscreen
  6
CONTINUOUS
100
AcDbLine
 10
4.7027414566929133
 20
-2.9535703543307088
 30
0
 11
4.6990968110236215
 21
-2.9590249606299213
 31
0
  0
LINE
  5
1341
330
22
100
AcDbEntity
  8
F.Silkscreen
  6
CONTINUOUS
100
AcDbLine
 10
4.6990968110236215
 20
-2.9590249606299213
 30
0
 11
4.6944580314960627
 21
-2.9636637401574801
 31
0
  0
LINE
  5
1342
330
22
100
AcDbEntity
  8
F.Silkscreen
  6
CONTINUOUS
100
AcDbLine
 10
4.6944580314960627
 20
-2.9636637401574801
 30
0
 11
4.6890034251968506
 21
-2.9673083858267715
 31
0
  0
LINE
  5
1343
330
22
100
AcDbEntity
  8
F.Silkscreen
  6
CONTINUOUS
100
AcDbLine
 10
4.6890034251968506
 20
-2.9673083858267715
 30
0
 11
4.6829425984251971
 21
-2.9698188582677165
 31
0
  0
LINE
  5
1344
330
22
100
AcDbEntity
  8
F.Silkscreen
  6
CONTINUOUS
100
AcDbLine
 10
4.6829425984251971
 20
-2.9698188582677165
 30
0
 11
4.676508464566929
 21
-2.9710987007874015
 31
0
  0
LINE
  5
1345
330
22
100
AcDbEntity
  8
F.Silkscreen
  6
CONTINUOUS
100
AcDbLine
 10
4.676508464566929
 20
-2.9710987007874015
 30
0
 11
4.6732283464566926
 21
-2.971259842519685
 31
0
  0
LINE
  5
1346
330
22
100
AcDbEntity
  8
F.Silkscreen
  6
CONTINUOUS
100
AcDbLine
 10
4.6732283464566926
 20
-2.971259842519685
 30
0
 11
4.5984251968503935
 21
-2.971259842519685
 31
0
  0
LINE
  5
1347
330
22
100
AcDbEntity
  8
F.Silkscreen
  6
CONTINUOUS
100
AcDbLine
 10
4.5984251968503935
 20
-2.971259842519685
 30
0
 11
4.5951450787401571
 21
-2.9710987007874015
 31
0
  0
LINE
  5
1348
330
22
100
AcDbEntity
  8
F.Silkscreen
  6
CONTINUOUS
100
AcDbLine
 10
4.5951450787401571
 20
-2.9710987007874015
 30
0
 11
4.5887109448818899
 21
-2.9698188582677165
 31
0
  0
LINE
  5
1349
330
22
100
AcDbEntity
  8
F.Silkscreen
  6
CONTINUOUS
100
AcDbLine
 10
4.5887109448818899
 20
-2.9698188582677165
 30
0
 11
4.5826501181102364
 21
-2.9673083858267715
 31
0
  0
LINE
  5
134A
330
22
100
AcDbEntity
  8
F.Silkscreen
  6
CONTINUOUS
100
AcDbLine
 10
4.5826501181102364
 20
-2.9673083858267715
 30
0
 11
4.5771955118110235
 21
-2.9636637401574801
 31
0
  0
LINE
  5
134B
330
22
100
AcDbEntity
  8
F.Silkscreen
  6
CONTINUOUS
100
AcDbLine
 10
4.5771955118110235
 20
-2.9636637401574801
 30
0
 11
4.5725567322834646
 21
-2.9590249606299213
 31
0
  0
LINE
  5
134C
330
22
100
AcDbEntity
  8
F.Silkscreen
  6
CONTINUOUS
100
AcDbLine
 10
4.5725567322834646
 20
-2.9590249606299213
 30
0
 11
4.5689120866141728
 21
-2.9535703543307088
 31
0
  0
LINE
  5
134D
330
22
100
AcDbEntity
  8
F.Silkscreen
  6
CONTINUOUS
100
AcDbLine
 10
4.5689120866141728
 20
-2.9535703543307088
 30
0
 11
4.5664016141732287
 21
-2.9475095275590553
 31
0
  0
LINE
  5
134E
330
22
100
AcDbEntity
  8
F.Silkscreen
  6
CONTINUOUS
100
AcDbLine
 10
4.5664016141732287
 20
-2.9475095275590553
 30
0
 11
4.5651217716535433
 21
-2.9410753937007872
 31
0
  0
LINE
  5
134F
330
22
100
AcDbEntity
  8
F.Silkscreen
  6
CONTINUOUS
100
AcDbLine
 10
4.5651217716535433
 20
-2.9410753937007872
 30
0
 11
4.5651217716535433
 21
-2.9345151574803148
 31
0
  0
LINE
  5
1350
330
22
100
AcDbEntity
  8
F.Silkscreen
  6
CONTINUOUS
100
AcDbLine
 10
4.5651217716535433
 20
-2.9345151574803148
 30
0
 11
4.5664016141732287
 21
-2.9280810236220471
 31
0
  0
LINE
  5
1351
330
22
100
AcDbEntity
  8
F.Silkscreen
  6
CONTINUOUS
100
AcDbLine
 10
4.5664016141732287
 20
-2.9280810236220471
 30
0
 11
4.5689120866141728
 21
-2.9220201968503936
 31
0
  0
LINE
  5
1352
330
22
100
AcDbEntity
  8
F.Silkscreen
  6
CONTINUOUS
100
AcDbLine
 10
4.5689120866141728
 20
-2.9220201968503936
 30
0
 11
4.5725567322834646
 21
-2.9165655905511811
 31
0
  0
LINE
  5
1353
330
22
100
AcDbEntity
  8
F.Silkscreen
  6
CONTINUOUS
100
AcDbLine
 10
4.5725567322834646
 20
-2.9165655905511811
 30
0
 11
4.5771955118110235
 21
-2.9119268110236218
 31
0
  0
LINE
  5
1354
330
22
100
AcDbEntity
  8
F.Silkscreen
  6
CONTINUOUS
100
AcDbLine
 10
4.5771955118110235
 20
-2.9119268110236218
 30
0
 11
4.5826501181102364
 21
-2.9082821653543305
 31
0
  0
LINE
  5
1355
330
22
100
AcDbEntity
  8
F.Silkscreen
  6
CONTINUOUS
100
AcDbLine
 10
4.5826501181102364
 20
-2.9082821653543305
 30
0
 11
4.5887109448818899
 21
-2.9057716929133859
 31
0
  0
LINE
  5
1356
330
22
100
AcDbEntity
  8
F.Silkscreen
  6
CONTINUOUS
100
AcDbLine
 10
4.5887109448818899
 20
-2.9057716929133859
 30
0
 11
4.5951450787401571
 21
-2.9044918503937005
 31
0
  0
LINE
  5
1357
330
22
100
AcDbEntity
  8
F.Silkscreen
  6
CONTINUOUS
100
AcDbLine
 10
4.5951450787401571
 20
-2.9044918503937005
 30
0
 11
4.5984251968503935
 21
-2.9043307086614174
 31
0
  0
LINE
  5
1358
330
22
100
AcDbEntity
  8
F.Silkscreen
  6
CONTINUOUS
100
AcDbLine
 10
4.5984251968503935
 20
-2.9043307086614174
 30
0
 11
4.6732283464566926
 21
-2.9043307086614174
 31
0
  0
LINE
  5
1359
330
22
100
AcDbEntity
  8
F.Silkscreen
  6
CONTINUOUS
100
AcDbLine
 10
4.6732283464566926
 20
-2.9043307086614174
 30
0
 11
4.676508464566929
 21
-2.9044918503937005
 31
0
  0
LINE
  5
135A
330
22
100
AcDbEntity
  8
F.Silkscreen
  6
CONTINUOUS
100
AcDbLine
 10
5.3576108267716531
 20
-2.9044918503937005
 30
0
 11
5.3640449606299212
 21
-2.9057716929133859
 31
0
  0
LINE
  5
135B
330
22
100
AcDbEntity
  8
F.Silkscreen
  6
CONTINUOUS
100
AcDbLine
 10
5.3640449606299212
 20
-2.9057716929133859
 30
0
 11
5.3701057874015747
 21
-2.9082821653543305
 31
0
  0
LINE
  5
135C
330
22
100
AcDbEntity
  8
F.Silkscreen
  6
CONTINUOUS
100
AcDbLine
 10
5.3701057874015747
 20
-2.9082821653543305
 30
0
 11
5.3755603937007876
 21
-2.9119268110236218
 31
0
  0
LINE
  5
135D
330
22
100
AcDbEntity
  8
F.Silkscreen
  6
CONTINUOUS
100
AcDbLine
 10
5.3755603937007876
 20
-2.9119268110236218
 30
0
 11
5.3801991732283465
 21
-2.9165655905511811
 31
0
  0
LINE
  5
135E
330
22
100
AcDbEntity
  8
F.Silkscreen
  6
CONTINUOUS
100
AcDbLine
 10
5.3801991732283465
 20
-2.9165655905511811
 30
0
 11
5.3838438188976374
 21
-2.9220201968503936
 31
0
  0
LINE
  5
135F
330
22
100
AcDbEntity
  8
F.Silkscreen
  6
CONTINUOUS
100
AcDbLine
 10
5.3838438188976374
 20
-2.9220201968503936
 30
0
 11
5.3863542913385825
 21
-2.9280810236220471
 31
0
  0
LINE
  5
1360
330
22
100
AcDbEntity
  8
F.Silkscreen
  6
CONTINUOUS
100
AcDbLine
 10
5.3863542913385825
 20
-2.9280810236220471
 30
0
 11
5.3876341338582678
 21
-2.9345151574803148
 31
0
  0
LINE
  5
1361
330
22
100
AcDbEntity
  8
F.Silkscreen
  6
CONTINUOUS
100
AcDbLine
 10
5.3876341338582678
 20
-2.9345151574803148
 30
0
 11
5.3876341338582678
 21
-2.9410753937007872
 31
0
  0
LINE
  5
1362
330
22
100
AcDbEntity
  8
F.Silkscreen
  6
CONTINUOUS
100
AcDbLine
 10
5.3876341338582678
 20
-2.9410753937007872
 30
0
 11
5.3863542913385825
 21
-2.9475095275590553
 31
0
  0
LINE
  5
1363
330
22
100
AcDbEntity
  8
F.Silkscreen
  6
CONTINUOUS
100
AcDbLine
 10
5.3863542913385825
 20
-2.9475095275590553
 30
0
 11
5.3838438188976374
 21
-2.9535703543307088
 31
0
  0
LINE
  5
1364
330
22
100
AcDbEntity
  8
F.Silkscreen
  6
CONTINUOUS
100
AcDbLine
 10
5.3838438188976374
 20
-2.9535703543307088
 30
0
 11
5.3801991732283465
 21
-2.9590249606299213
 31
0
  0
LINE
  5
1365
330
22
100
AcDbEntity
  8
F.Silkscreen
  6
CONTINUOUS
100
AcDbLine
 10
5.3801991732283465
 20
-2.9590249606299213
 30
0
 11
5.3755603937007876
 21
-2.9636637401574801
 31
0
  0
LINE
  5
1366
330
22
100
AcDbEntity
  8
F.Silkscreen
  6
CONTINUOUS
100
AcDbLine
 10
5.3755603937007876
 20
-2.9636637401574801
 30
0
 11
5.3701057874015747
 21
-2.9673083858267715
 31
0
  0
LINE
  5
1367
330
22
100
AcDbEntity
  8
F.Silkscreen
  6
CONTINUOUS
100
AcDbLine
 10
5.3701057874015747
 20
-2.9673083858267715
 30
0
 11
5.3640449606299212
 21
-2.9698188582677165
 31
0
  0
LINE
  5
1368
330
22
100
AcDbEntity
  8
F.Silkscreen
  6
CONTINUOUS
100
AcDbLine
 10
5.3640449606299212
 20
-2.9698188582677165
 30
0
 11
5.3576108267716531
 21
-2.9710987007874015
 31
0
  0
LINE
  5
1369
330
22
100
AcDbEntity
  8
F.Silkscreen
  6
CONTINUOUS
100
AcDbLine
 10
5.3576108267716531
 20
-2.9710987007874015
 30
0
 11
5.3543307086614176
 21
-2.971259842519685
 31
0
  0
LINE
  5
136A
330
22
100
AcDbEntity
  8
F.Silkscreen
  6
CONTINUOUS
100
AcDbLine
 10
5.3543307086614176
 20
-2.971259842519685
 30
0
 11
5.2755905511811019
 21
-2.971259842519685
 31
0
  0
LINE
  5
136B
330
22
100
AcDbEntity
  8
F.Silkscreen
  6
CONTINUOUS
100
AcDbLine
 10
5.2755905511811019
 20
-2.971259842519685
 30
0
 11
5.2723104330708663
 21
-2.9710987007874015
 31
0
  0
LINE
  5
136C
330
22
100
AcDbEntity
  8
F.Silkscreen
  6
CONTINUOUS
100
AcDbLine
 10
5.2723104330708663
 20
-2.9710987007874015
 30
0
 11
5.2658762992125983
 21
-2.9698188582677165
 31
0
  0
LINE
  5
136D
330
22
100
AcDbEntity
  8
F.Silkscreen
  6
CONTINUOUS
100
AcDbLine
 10
5.2658762992125983
 20
-2.9698188582677165
 30
0
 11
5.2598154724409447
 21
-2.9673083858267715
 31
0
  0
LINE
  5
136E
330
22
100
AcDbEntity
  8
F.Silkscreen
  6
CONTINUOUS
100
AcDbLine
 10
5.2598154724409447
 20
-2.9673083858267715
 30
0
 11
5.2543608661417318
 21
-2.9636637401574801
 31
0
  0
LINE
  5
136F
330
22
100
AcDbEntity
  8
F.Silkscreen
  6
CONTINUOUS
100
AcDbLine
 10
5.2543608661417318
 20
-2.9636637401574801
 30
0
 11
5.2497220866141729
 21
-2.9590249606299213
 31
0
  0
LINE
  5
1370
330
22
100
AcDbEntity
  8
F.Silkscreen
  6
CONTINUOUS
100
AcDbLine
 10
5.2497220866141729
 20
-2.9590249606299213
 30
0
 11
5.246077440944882
 21
-2.9535703543307088
 31
0
  0
LINE
  5
1371
330
22
100
AcDbEntity
  8
F.Silkscreen
  6
CONTINUOUS
100
AcDbLine
 10
5.246077440944882
 20
-2.9535703543307088
 30
0
 11
5.243566968503937
 21
-2.9475095275590553
 31
0
  0
LINE
  5
1372
330
22
100
AcDbEntity
  8
F.Silkscreen
  6
CONTINUOUS
100
AcDbLine
 10
5.243566968503937
 20
-2.9475095275590553
 30
0
 11
5.2422871259842516
 21
-2.9410753937007872
 31
0
  0
LINE
  5
1373
330
22
100
AcDbEntity
  8
F.Silkscreen
  6
CONTINUOUS
100
AcDbLine
 10
5.2422871259842516
 20
-2.9410753937007872
 30
0
 11
5.2422871259842516
 21
-2.9345151574803148
 31
0
  0
LINE
  5
1374
330
22
100
AcDbEntity
  8
F.Silkscreen
  6
CONTINUOUS
100
AcDbLine
 10
5.2422871259842516
 20
-2.9345151574803148
 30
0
 11
5.243566968503937
 21
-2.9280810236220471
 31
0
  0
LINE
  5
1375
330
22
100
AcDbEntity
  8
F.Silkscreen
  6
CONTINUOUS
100
AcDbLine
 10
5.243566968503937
 20
-2.9280810236220471
 30
0
 11
5.246077440944882
 21
-2.9220201968503936
 31
0
  0
LINE
  5
1376
330
22
100
AcDbEntity
  8
F.Silkscreen
  6
CONTINUOUS
100
AcDbLine
 10
5.246077440944882
 20
-2.9220201968503936
 30
0
 11
5.2497220866141729
 21
-2.9165655905511811
 31
0
  0
LINE
  5
1377
330
22
100
AcDbEntity
  8
F.Silkscreen
  6
CONTINUOUS
100
AcDbLine
 10
5.2497220866141729
 20
-2.9165655905511811
 30
0
 11
5.2543608661417318
 21
-2.9119268110236218
 31
0
  0
LINE
  5
1378
330
22
100
AcDbEntity
  8
F.Silkscreen
  6
CONTINUOUS
100
AcDbLine
 10
5.2543608661417318
 20
-2.9119268110236218
 30
0
 11
5.2598154724409447
 21
-2.9082821653543305
 31
0
  0
LINE
  5
1379
330
22
100
AcDbEntity
  8
F.Silkscreen
  6
CONTINUOUS
100
AcDbLine
 10
5.2598154724409447
 20
-2.9082821653543305
 30
0
 11
5.2658762992125983
 21
-2.9057716929133859
 31
0
  0
LINE
  5
137A
330
22
100
AcDbEntity
  8
F.Silkscreen
  6
CONTINUOUS
100
AcDbLine
 10
5.2658762992125983
 20
-2.9057716929133859
 30
0
 11
5.2723104330708663
 21
-2.9044918503937005
 31
0
  0
LINE
  5
137B
330
22
100
AcDbEntity
  8
F.Silkscreen
  6
CONTINUOUS
100
AcDbLine
 10
5.2723104330708663
 20
-2.9044918503937005
 30
0
 11
5.2755905511811019
 21
-2.9043307086614174
 31
0
  0
LINE
  5
137C
330
22
100
AcDbEntity
  8
F.Silkscreen
  6
CONTINUOUS
100
AcDbLine
 10
5.2755905511811019
 20
-2.9043307086614174
 30
0
 11
5.3543307086614176
 21
-2.9043307086614174
 31
0
  0
LINE
  5
137D
330
22
100
AcDbEntity
  8
F.Silkscreen
  6
CONTINUOUS
100
AcDbLine
 10
5.3543307086614176
 20
-2.9043307086614174
 30
0
 11
5.3576108267716531
 21
-2.9044918503937005
 31
0
  0
LINE
  5
137E
330
22
100
AcDbEntity
  8
F.Silkscreen
  6
CONTINUOUS
100
AcDbLine
 10
6.5455429133858267
 20
-2.8515902755905511
 30
0
 11
6.5520059842519682
 21
-2.8536902755905511
 31
0
  0
LINE
  5
137F
330
22
100
AcDbEntity
  8
F.Silkscreen
  6
CONTINUOUS
100
AcDbLine
 10
6.5520059842519682
 20
-2.8536902755905511
 30
0
 11
6.5580609448818894
 21
-2.8567754330708661
 31
0
  0
LINE
  5
1380
330
22
100
AcDbEntity
  8
F.Silkscreen
  6
CONTINUOUS
100
AcDbLine
 10
6.5580609448818894
 20
-2.8567754330708661
 30
0
 11
6.5635587795275585
 21
-2.8607698031496063
 31
0
  0
LINE
  5
1381
330
22
100
AcDbEntity
  8
F.Silkscreen
  6
CONTINUOUS
100
AcDbLine
 10
6.5635587795275585
 20
-2.8607698031496063
 30
0
 11
6.5683640551181099
 21
-2.8655750787401573
 31
0
  0
LINE
  5
1382
330
22
100
AcDbEntity
  8
F.Silkscreen
  6
CONTINUOUS
100
AcDbLine
 10
6.5683640551181099
 20
-2.8655750787401573
 30
0
 11
6.5723584251968505
 21
-2.8710729133858268
 31
0
  0
LINE
  5
1383
330
22
100
AcDbEntity
  8
F.Silkscreen
  6
CONTINUOUS
100
AcDbLine
 10
6.5723584251968505
 20
-2.8710729133858268
 30
0
 11
6.5754435826771651
 21
-2.877127874015748
 31
0
  0
LINE
  5
1384
330
22
100
AcDbEntity
  8
F.Silkscreen
  6
CONTINUOUS
100
AcDbLine
 10
6.5754435826771651
 20
-2.877127874015748
 30
0
 11
6.5775435826771655
 21
-2.8835909448818895
 31
0
  0
LINE
  5
1385
330
22
100
AcDbEntity
  8
F.Silkscreen
  6
CONTINUOUS
100
AcDbLine
 10
6.5775435826771655
 20
-2.8835909448818895
 30
0
 11
6.5786066535433072
 21
-2.8903029527559054
 31
0
  0
LINE
  5
1386
330
22
100
AcDbEntity
  8
F.Silkscreen
  6
CONTINUOUS
100
AcDbLine
 10
6.5786066535433072
 20
-2.8903029527559054
 30
0
 11
6.5786066535433072
 21
-2.8970986220472441
 31
0
  0
LINE
  5
1387
330
22
100
AcDbEntity
  8
F.Silkscreen
  6
CONTINUOUS
100
AcDbLine
 10
6.5786066535433072
 20
-2.8970986220472441
 30
0
 11
6.5775435826771655
 21
-2.9038106299212596
 31
0
  0
LINE
  5
1388
330
22
100
AcDbEntity
  8
F.Silkscreen
  6
CONTINUOUS
100
AcDbLine
 10
6.5775435826771655
 20
-2.9038106299212596
 30
0
 11
6.5754435826771651
 21
-2.9102737007874016
 31
0
  0
LINE
  5
1389
330
22
100
AcDbEntity
  8
F.Silkscreen
  6
CONTINUOUS
100
AcDbLine
 10
6.5754435826771651
 20
-2.9102737007874016
 30
0
 11
6.5723584251968505
 21
-2.9163286614173227
 31
0
  0
LINE
  5
138A
330
22
100
AcDbEntity
  8
F.Silkscreen
  6
CONTINUOUS
100
AcDbLine
 10
6.5723584251968505
 20
-2.9163286614173227
 30
0
 11
6.5683640551181099
 21
-2.9218264960629923
 31
0
  0
LINE
  5
138B
330
22
100
AcDbEntity
  8
F.Silkscreen
  6
CONTINUOUS
100
AcDbLine
 10
6.5683640551181099
 20
-2.9218264960629923
 30
0
 11
6.5635587795275585
 21
-2.9266317716535433
 31
0
  0
LINE
  5
138C
330
22
100
AcDbEntity
  8
F.Silkscreen
  6
CONTINUOUS
100
AcDbLine
 10
6.5635587795275585
 20
-2.9266317716535433
 30
0
 11
6.5580609448818894
 21
-2.9306261417322834
 31
0
  0
LINE
  5
138D
330
22
100
AcDbEntity
  8
F.Silkscreen
  6
CONTINUOUS
100
AcDbLine
 10
6.5580609448818894
 20
-2.9306261417322834
 30
0
 11
6.5520059842519682
 21
-2.9337112992125984
 31
0
  0
LINE
  5
138E
330
22
100
AcDbEntity
  8
F.Silkscreen
  6
CONTINUOUS
100
AcDbLine
 10
6.5520059842519682
 20
-2.9337112992125984
 30
0
 11
6.5455429133858267
 21
-2.9358112992125984
 31
0
  0
LINE
  5
138F
330
22
100
AcDbEntity
  8
F.Silkscreen
  6
CONTINUOUS
100
AcDbLine
 10
6.5455429133858267
 20
-2.9358112992125984
 30
0
 11
6.5388309055118112
 21
-2.9368743700787401
 31
0
  0
LINE
  5
1390
330
22
100
AcDbEntity
  8
F.Silkscreen
  6
CONTINUOUS
100
AcDbLine
 10
6.5388309055118112
 20
-2.9368743700787401
 30
0
 11
6.5320352362204721
 21
-2.9368743700787401
 31
0
  0
LINE
  5
1391
330
22
100
AcDbEntity
  8
F.Silkscreen
  6
CONTINUOUS
100
AcDbLine
 10
6.5320352362204721
 20
-2.9368743700787401
 30
0
 11
6.5253232283464566
 21
-2.9358112992125984
 31
0
  0
LINE
  5
1392
330
22
100
AcDbEntity
  8
F.Silkscreen
  6
CONTINUOUS
100
AcDbLine
 10
6.5253232283464566
 20
-2.9358112992125984
 30
0
 11
6.5188601574803151
 21
-2.9337112992125984
 31
0
  0
LINE
  5
1393
330
22
100
AcDbEntity
  8
F.Silkscreen
  6
CONTINUOUS
100
AcDbLine
 10
6.5188601574803151
 20
-2.9337112992125984
 30
0
 11
6.5128051968503939
 21
-2.9306261417322834
 31
0
  0
LINE
  5
1394
330
22
100
AcDbEntity
  8
F.Silkscreen
  6
CONTINUOUS
100
AcDbLine
 10
6.5128051968503939
 20
-2.9306261417322834
 30
0
 11
6.5073073622047239
 21
-2.9266317716535433
 31
0
  0
LINE
  5
1395
330
22
100
AcDbEntity
  8
F.Silkscreen
  6
CONTINUOUS
100
AcDbLine
 10
6.5073073622047239
 20
-2.9266317716535433
 30
0
 11
6.5025020866141734
 21
-2.9218264960629923
 31
0
  0
LINE
  5
1396
330
22
100
AcDbEntity
  8
F.Silkscreen
  6
CONTINUOUS
100
AcDbLine
 10
6.5025020866141734
 20
-2.9218264960629923
 30
0
 11
6.4985077165354328
 21
-2.9163286614173227
 31
0
  0
LINE
  5
1397
330
22
100
AcDbEntity
  8
F.Silkscreen
  6
CONTINUOUS
100
AcDbLine
 10
6.4985077165354328
 20
-2.9163286614173227
 30
0
 11
6.4954225590551182
 21
-2.9102737007874016
 31
0
  0
LINE
  5
1398
330
22
100
AcDbEntity
  8
F.Silkscreen
  6
CONTINUOUS
100
AcDbLine
 10
6.4954225590551182
 20
-2.9102737007874016
 30
0
 11
6.4933225590551178
 21
-2.9038106299212596
 31
0
  0
LINE
  5
1399
330
22
100
AcDbEntity
  8
F.Silkscreen
  6
CONTINUOUS
100
AcDbLine
 10
6.4933225590551178
 20
-2.9038106299212596
 30
0
 11
6.4922594881889761
 21
-2.8970986220472441
 31
0
  0
LINE
  5
139A
330
22
100
AcDbEntity
  8
F.Silkscreen
  6
CONTINUOUS
100
AcDbLine
 10
6.4922594881889761
 20
-2.8970986220472441
 30
0
 11
6.4922594881889761
 21
-2.8903029527559054
 31
0
  0
LINE
  5
139B
330
22
100
AcDbEntity
  8
F.Silkscreen
  6
CONTINUOUS
100
AcDbLine
 10
6.4922594881889761
 20
-2.8903029527559054
 30
0
 11
6.4933225590551178
 21
-2.8835909448818895
 31
0
  0
LINE
  5
139C
330
22
100
AcDbEntity
  8
F.Silkscreen
  6
CONTINUOUS
100
AcDbLine
 10
6.4933225590551178
 20
-2.8835909448818895
 30
0
 11
6.4954225590551182
 21
-2.877127874015748
 31
0
  0
LINE
  5
139D
330
22
100
AcDbEntity
  8
F.Silkscreen
  6
CONTINUOUS
100
AcDbLine
 10
6.4954225590551182
 20
-2.877127874015748
 30
0
 11
6.4985077165354328
 21
-2.8710729133858268
 31
0
  0
LINE
  5
139E
330
22
100
AcDbEntity
  8
F.Silkscreen
  6
CONTINUOUS
100
AcDbLine
 10
6.4985077165354328
 20
-2.8710729133858268
 30
0
 11
6.5025020866141734
 21
-2.8655750787401573
 31
0
  0
LINE
  5
139F
330
22
100
AcDbEntity
  8
F.Silkscreen
  6
CONTINUOUS
100
AcDbLine
 10
6.5025020866141734
 20
-2.8655750787401573
 30
0
 11
6.5073073622047239
 21
-2.8607698031496063
 31
0
  0
LINE
  5
13A0
330
22
100
AcDbEntity
  8
F.Silkscreen
  6
CONTINUOUS
100
AcDbLine
 10
6.5073073622047239
 20
-2.8607698031496063
 30
0
 11
6.5128051968503939
 21
-2.8567754330708661
 31
0
  0
LINE
  5
13A1
330
22
100
AcDbEntity
  8
F.Silkscreen
  6
CONTINUOUS
100
AcDbLine
 10
6.5128051968503939
 20
-2.8567754330708661
 30
0
 11
6.5188601574803151
 21
-2.8536902755905511
 31
0
  0
LINE
  5
13A2
330
22
100
AcDbEntity
  8
F.Silkscreen
  6
CONTINUOUS
100
AcDbLine
 10
6.5188601574803151
 20
-2.8536902755905511
 30
0
 11
6.5253232283464566
 21
-2.8515902755905511
 31
0
  0
LINE
  5
13A3
330
22
100
AcDbEntity
  8
F.Silkscreen
  6
CONTINUOUS
100
AcDbLine
 10
6.5253232283464566
 20
-2.8515902755905511
 30
0
 11
6.5320352362204721
 21
-2.8505272047244095
 31
0
  0
LINE
  5
13A4
330
22
100
AcDbEntity
  8
F.Silkscreen
  6
CONTINUOUS
100
AcDbLine
 10
6.5320352362204721
 20
-2.8505272047244095
 30
0
 11
6.5388309055118112
 21
-2.8505272047244095
 31
0
  0
LINE
  5
13A5
330
22
100
AcDbEntity
  8
F.Silkscreen
  6
CONTINUOUS
100
AcDbLine
 10
6.5388309055118112
 20
-2.8505272047244095
 30
0
 11
6.5455429133858267
 21
-2.8515902755905511
 31
0
  0
LINE
  5
13A6
330
22
100
AcDbEntity
  8
F.Silkscreen
  6
CONTINUOUS
100
AcDbLine
 10
4.676508464566929
 20
-2.8044918503937009
 30
0
 11
4.6829425984251971
 21
-2.8057716929133858
 31
0
  0
LINE
  5
13A7
330
22
100
AcDbEntity
  8
F.Silkscreen
  6
CONTINUOUS
100
AcDbLine
 10
4.6829425984251971
 20
-2.8057716929133858
 30
0
 11
4.6890034251968506
 21
-2.8082821653543308
 31
0
  0
LINE
  5
13A8
330
22
100
AcDbEntity
  8
F.Silkscreen
  6
CONTINUOUS
100
AcDbLine
 10
4.6890034251968506
 20
-2.8082821653543308
 30
0
 11
4.6944580314960627
 21
-2.8119268110236222
 31
0
  0
LINE
  5
13A9
330
22
100
AcDbEntity
  8
F.Silkscreen
  6
CONTINUOUS
100
AcDbLine
 10
4.6944580314960627
 20
-2.8119268110236222
 30
0
 11
4.6990968110236215
 21
-2.8165655905511811
 31
0
  0
LINE
  5
13AA
330
22
100
AcDbEntity
  8
F.Silkscreen
  6
CONTINUOUS
100
AcDbLine
 10
4.6990968110236215
 20
-2.8165655905511811
 30
0
 11
4.7027414566929133
 21
-2.8220201968503935
 31
0
  0
LINE
  5
13AB
330
22
100
AcDbEntity
  8
F.Silkscreen
  6
CONTINUOUS
100
AcDbLine
 10
4.7027414566929133
 20
-2.8220201968503935
 30
0
 11
4.7052519291338584
 21
-2.8280810236220471
 31
0
  0
LINE
  5
13AC
330
22
100
AcDbEntity
  8
F.Silkscreen
  6
CONTINUOUS
100
AcDbLine
 10
4.7052519291338584
 20
-2.8280810236220471
 30
0
 11
4.7065317716535429
 21
-2.8345151574803147
 31
0
  0
LINE
  5
13AD
330
22
100
AcDbEntity
  8
F.Silkscreen
  6
CONTINUOUS
100
AcDbLine
 10
4.7065317716535429
 20
-2.8345151574803147
 30
0
 11
4.7065317716535429
 21
-2.8410753937007875
 31
0
  0
LINE
  5
13AE
330
22
100
AcDbEntity
  8
F.Silkscreen
  6
CONTINUOUS
100
AcDbLine
 10
4.7065317716535429
 20
-2.8410753937007875
 30
0
 11
4.7052519291338584
 21
-2.8475095275590552
 31
0
  0
LINE
  5
13AF
330
22
100
AcDbEntity
  8
F.Silkscreen
  6
CONTINUOUS
100
AcDbLine
 10
4.7052519291338584
 20
-2.8475095275590552
 30
0
 11
4.7027414566929133
 21
-2.8535703543307087
 31
0
  0
LINE
  5
13B0
330
22
100
AcDbEntity
  8
F.Silkscreen
  6
CONTINUOUS
100
AcDbLine
 10
4.7027414566929133
 20
-2.8535703543307087
 30
0
 11
4.6990968110236215
 21
-2.8590249606299212
 31
0
  0
LINE
  5
13B1
330
22
100
AcDbEntity
  8
F.Silkscreen
  6
CONTINUOUS
100
AcDbLine
 10
4.6990968110236215
 20
-2.8590249606299212
 30
0
 11
4.6944580314960627
 21
-2.86366374015748
 31
0
  0
LINE
  5
13B2
330
22
100
AcDbEntity
  8
F.Silkscreen
  6
CONTINUOUS
100
AcDbLine
 10
4.6944580314960627
 20
-2.86366374015748
 30
0
 11
4.6890034251968506
 21
-2.8673083858267714
 31
0
  0
LINE
  5
13B3
330
22
100
AcDbEntity
  8
F.Silkscreen
  6
CONTINUOUS
100
AcDbLine
 10
4.6890034251968506
 20
-2.8673083858267714
 30
0
 11
4.6829425984251971
 21
-2.8698188582677164
 31
0
  0
LINE
  5
13B4
330
22
100
AcDbEntity
  8
F.Silkscreen
  6
CONTINUOUS
100
AcDbLine
 10
4.6829425984251971
 20
-2.8698188582677164
 30
0
 11
4.676508464566929
 21
-2.8710987007874014
 31
0
  0
LINE
  5
13B5
330
22
100
AcDbEntity
  8
F.Silkscreen
  6
CONTINUOUS
100
AcDbLine
 10
4.676508464566929
 20
-2.8710987007874014
 30
0
 11
4.6732283464566926
 21
-2.8712598425196849
 31
0
  0
LINE
  5
13B6
330
22
100
AcDbEntity
  8
F.Silkscreen
  6
CONTINUOUS
100
AcDbLine
 10
4.6732283464566926
 20
-2.8712598425196849
 30
0
 11
4.5984251968503935
 21
-2.8712598425196849
 31
0
  0
LINE
  5
13B7
330
22
100
AcDbEntity
  8
F.Silkscreen
  6
CONTINUOUS
100
AcDbLine
 10
4.5984251968503935
 20
-2.8712598425196849
 30
0
 11
4.5951450787401571
 21
-2.8710987007874014
 31
0
  0
LINE
  5
13B8
330
22
100
AcDbEntity
  8
F.Silkscreen
  6
CONTINUOUS
100
AcDbLine
 10
4.5951450787401571
 20
-2.8710987007874014
 30
0
 11
4.5887109448818899
 21
-2.8698188582677164
 31
0
  0
LINE
  5
13B9
330
22
100
AcDbEntity
  8
F.Silkscreen
  6
CONTINUOUS
100
AcDbLine
 10
4.5887109448818899
 20
-2.8698188582677164
 30
0
 11
4.5826501181102364
 21
-2.8673083858267714
 31
0
  0
LINE
  5
13BA
330
22
100
AcDbEntity
  8
F.Silkscreen
  6
CONTINUOUS
100
AcDbLine
 10
4.5826501181102364
 20
-2.8673083858267714
 30
0
 11
4.5771955118110235
 21
-2.86366374015748
 31
0
  0
LINE
  5
13BB
330
22
100
AcDbEntity
  8
F.Silkscreen
  6
CONTINUOUS
100
AcDbLine
 10
4.5771955118110235
 20
-2.86366374015748
 30
0
 11
4.5725567322834646
 21
-2.8590249606299212
 31
0
  0
LINE
  5
13BC
330
22
100
AcDbEntity
  8
F.Silkscreen
  6
CONTINUOUS
100
AcDbLine
 10
4.5725567322834646
 20
-2.8590249606299212
 30
0
 11
4.5689120866141728
 21
-2.8535703543307087
 31
0
  0
LINE
  5
13BD
330
22
100
AcDbEntity
  8
F.Silkscreen
  6
CONTINUOUS
100
AcDbLine
 10
4.5689120866141728
 20
-2.8535703543307087
 30
0
 11
4.5664016141732287
 21
-2.8475095275590552
 31
0
  0
LINE
  5
13BE
330
22
100
AcDbEntity
  8
F.Silkscreen
  6
CONTINUOUS
100
AcDbLine
 10
4.5664016141732287
 20
-2.8475095275590552
 30
0
 11
4.5651217716535433
 21
-2.8410753937007875
 31
0
  0
LINE
  5
13BF
330
22
100
AcDbEntity
  8
F.Silkscreen
  6
CONTINUOUS
100
AcDbLine
 10
4.5651217716535433
 20
-2.8410753937007875
 30
0
 11
4.5651217716535433
 21
-2.8345151574803147
 31
0
  0
LINE
  5
13C0
330
22
100
AcDbEntity
  8
F.Silkscreen
  6
CONTINUOUS
100
AcDbLine
 10
4.5651217716535433
 20
-2.8345151574803147
 30
0
 11
4.5664016141732287
 21
-2.8280810236220471
 31
0
  0
LINE
  5
13C1
330
22
100
AcDbEntity
  8
F.Silkscreen
  6
CONTINUOUS
100
AcDbLine
 10
4.5664016141732287
 20
-2.8280810236220471
 30
0
 11
4.5689120866141728
 21
-2.8220201968503935
 31
0
  0
LINE
  5
13C2
330
22
100
AcDbEntity
  8
F.Silkscreen
  6
CONTINUOUS
100
AcDbLine
 10
4.5689120866141728
 20
-2.8220201968503935
 30
0
 11
4.5725567322834646
 21
-2.8165655905511811
 31
0
  0
LINE
  5
13C3
330
22
100
AcDbEntity
  8
F.Silkscreen
  6
CONTINUOUS
100
AcDbLine
 10
4.5725567322834646
 20
-2.8165655905511811
 30
0
 11
4.5771955118110235
 21
-2.8119268110236222
 31
0
  0
LINE
  5
13C4
330
22
100
AcDbEntity
  8
F.Silkscreen
  6
CONTINUOUS
100
AcDbLine
 10
4.5771955118110235
 20
-2.8119268110236222
 30
0
 11
4.5826501181102364
 21
-2.8082821653543308
 31
0
  0
LINE
  5
13C5
330
22
100
AcDbEntity
  8
F.Silkscreen
  6
CONTINUOUS
100
AcDbLine
 10
4.5826501181102364
 20
-2.8082821653543308
 30
0
 11
4.5887109448818899
 21
-2.8057716929133858
 31
0
  0
LINE
  5
13C6
330
22
100
AcDbEntity
  8
F.Silkscreen
  6
CONTINUOUS
100
AcDbLine
 10
4.5887109448818899
 20
-2.8057716929133858
 30
0
 11
4.5951450787401571
 21
-2.8044918503937009
 31
0
  0
LINE
  5
13C7
330
22
100
AcDbEntity
  8
F.Silkscreen
  6
CONTINUOUS
100
AcDbLine
 10
4.5951450787401571
 20
-2.8044918503937009
 30
0
 11
4.5984251968503935
 21
-2.8043307086614173
 31
0
  0
LINE
  5
13C8
330
22
100
AcDbEntity
  8
F.Silkscreen
  6
CONTINUOUS
100
AcDbLine
 10
4.5984251968503935
 20
-2.8043307086614173
 30
0
 11
4.6732283464566926
 21
-2.8043307086614173
 31
0
  0
LINE
  5
13C9
330
22
100
AcDbEntity
  8
F.Silkscreen
  6
CONTINUOUS
100
AcDbLine
 10
4.6732283464566926
 20
-2.8043307086614173
 30
0
 11
4.676508464566929
 21
-2.8044918503937009
 31
0
  0
LINE
  5
13CA
330
22
100
AcDbEntity
  8
F.Silkscreen
  6
CONTINUOUS
100
AcDbLine
 10
5.3576108267716531
 20
-2.8044918503937009
 30
0
 11
5.3640449606299212
 21
-2.8057716929133858
 31
0
  0
LINE
  5
13CB
330
22
100
AcDbEntity
  8
F.Silkscreen
  6
CONTINUOUS
100
AcDbLine
 10
5.3640449606299212
 20
-2.8057716929133858
 30
0
 11
5.3701057874015747
 21
-2.8082821653543308
 31
0
  0
LINE
  5
13CC
330
22
100
AcDbEntity
  8
F.Silkscreen
  6
CONTINUOUS
100
AcDbLine
 10
5.3701057874015747
 20
-2.8082821653543308
 30
0
 11
5.3755603937007876
 21
-2.8119268110236222
 31
0
  0
LINE
  5
13CD
330
22
100
AcDbEntity
  8
F.Silkscreen
  6
CONTINUOUS
100
AcDbLine
 10
5.3755603937007876
 20
-2.8119268110236222
 30
0
 11
5.3801991732283465
 21
-2.8165655905511811
 31
0
  0
LINE
  5
13CE
330
22
100
AcDbEntity
  8
F.Silkscreen
  6
CONTINUOUS
100
AcDbLine
 10
5.3801991732283465
 20
-2.8165655905511811
 30
0
 11
5.3838438188976374
 21
-2.8220201968503935
 31
0
  0
LINE
  5
13CF
330
22
100
AcDbEntity
  8
F.Silkscreen
  6
CONTINUOUS
100
AcDbLine
 10
5.3838438188976374
 20
-2.8220201968503935
 30
0
 11
5.3863542913385825
 21
-2.8280810236220471
 31
0
  0
LINE
  5
13D0
330
22
100
AcDbEntity
  8
F.Silkscreen
  6
CONTINUOUS
100
AcDbLine
 10
5.3863542913385825
 20
-2.8280810236220471
 30
0
 11
5.3876341338582678
 21
-2.8345151574803147
 31
0
  0
LINE
  5
13D1
330
22
100
AcDbEntity
  8
F.Silkscreen
  6
CONTINUOUS
100
AcDbLine
 10
5.3876341338582678
 20
-2.8345151574803147
 30
0
 11
5.3876341338582678
 21
-2.8410753937007875
 31
0
  0
LINE
  5
13D2
330
22
100
AcDbEntity
  8
F.Silkscreen
  6
CONTINUOUS
100
AcDbLine
 10
5.3876341338582678
 20
-2.8410753937007875
 30
0
 11
5.3863542913385825
 21
-2.8475095275590552
 31
0
  0
LINE
  5
13D3
330
22
100
AcDbEntity
  8
F.Silkscreen
  6
CONTINUOUS
100
AcDbLine
 10
5.3863542913385825
 20
-2.8475095275590552
 30
0
 11
5.3838438188976374
 21
-2.8535703543307087
 31
0
  0
LINE
  5
13D4
330
22
100
AcDbEntity
  8
F.Silkscreen
  6
CONTINUOUS
100
AcDbLine
 10
5.3838438188976374
 20
-2.8535703543307087
 30
0
 11
5.3801991732283465
 21
-2.8590249606299212
 31
0
  0
LINE
  5
13D5
330
22
100
AcDbEntity
  8
F.Silkscreen
  6
CONTINUOUS
100
AcDbLine
 10
5.3801991732283465
 20
-2.8590249606299212
 30
0
 11
5.3755603937007876
 21
-2.86366374015748
 31
0
  0
LINE
  5
13D6
330
22
100
AcDbEntity
  8
F.Silkscreen
  6
CONTINUOUS
100
AcDbLine
 10
5.3755603937007876
 20
-2.86366374015748
 30
0
 11
5.3701057874015747
 21
-2.8673083858267714
 31
0
  0
LINE
  5
13D7
330
22
100
AcDbEntity
  8
F.Silkscreen
  6
CONTINUOUS
100
AcDbLine
 10
5.3701057874015747
 20
-2.8673083858267714
 30
0
 11
5.3640449606299212
 21
-2.8698188582677164
 31
0
  0
LINE
  5
13D8
330
22
100
AcDbEntity
  8
F.Silkscreen
  6
CONTINUOUS
100
AcDbLine
 10
5.3640449606299212
 20
-2.8698188582677164
 30
0
 11
5.3576108267716531
 21
-2.8710987007874014
 31
0
  0
LINE
  5
13D9
330
22
100
AcDbEntity
  8
F.Silkscreen
  6
CONTINUOUS
100
AcDbLine
 10
5.3576108267716531
 20
-2.8710987007874014
 30
0
 11
5.3543307086614176
 21
-2.8712598425196849
 31
0
  0
LINE
  5
13DA
330
22
100
AcDbEntity
  8
F.Silkscreen
  6
CONTINUOUS
100
AcDbLine
 10
5.3543307086614176
 20
-2.8712598425196849
 30
0
 11
5.2755905511811019
 21
-2.8712598425196849
 31
0
  0
LINE
  5
13DB
330
22
100
AcDbEntity
  8
F.Silkscreen
  6
CONTINUOUS
100
AcDbLine
 10
5.2755905511811019
 20
-2.8712598425196849
 30
0
 11
5.2723104330708663
 21
-2.8710987007874014
 31
0
  0
LINE
  5
13DC
330
22
100
AcDbEntity
  8
F.Silkscreen
  6
CONTINUOUS
100
AcDbLine
 10
5.2723104330708663
 20
-2.8710987007874014
 30
0
 11
5.2658762992125983
 21
-2.8698188582677164
 31
0
  0
LINE
  5
13DD
330
22
100
AcDbEntity
  8
F.Silkscreen
  6
CONTINUOUS
100
AcDbLine
 10
5.2658762992125983
 20
-2.8698188582677164
 30
0
 11
5.2598154724409447
 21
-2.8673083858267714
 31
0
  0
LINE
  5
13DE
330
22
100
AcDbEntity
  8
F.Silkscreen
  6
CONTINUOUS
100
AcDbLine
 10
5.2598154724409447
 20
-2.8673083858267714
 30
0
 11
5.2543608661417318
 21
-2.86366374015748
 31
0
  0
LINE
  5
13DF
330
22
100
AcDbEntity
  8
F.Silkscreen
  6
CONTINUOUS
100
AcDbLine
 10
5.2543608661417318
 20
-2.86366374015748
 30
0
 11
5.2497220866141729
 21
-2.8590249606299212
 31
0
  0
LINE
  5
13E0
330
22
100
AcDbEntity
  8
F.Silkscreen
  6
CONTINUOUS
100
AcDbLine
 10
5.2497220866141729
 20
-2.8590249606299212
 30
0
 11
5.246077440944882
 21
-2.8535703543307087
 31
0
  0
LINE
  5
13E1
330
22
100
AcDbEntity
  8
F.Silkscreen
  6
CONTINUOUS
100
AcDbLine
 10
5.246077440944882
 20
-2.8535703543307087
 30
0
 11
5.243566968503937
 21
-2.8475095275590552
 31
0
  0
LINE
  5
13E2
330
22
100
AcDbEntity
  8
F.Silkscreen
  6
CONTINUOUS
100
AcDbLine
 10
5.243566968503937
 20
-2.8475095275590552
 30
0
 11
5.2422871259842516
 21
-2.8410753937007875
 31
0
  0
LINE
  5
13E3
330
22
100
AcDbEntity
  8
F.Silkscreen
  6
CONTINUOUS
100
AcDbLine
 10
5.2422871259842516
 20
-2.8410753937007875
 30
0
 11
5.2422871259842516
 21
-2.8345151574803147
 31
0
  0
LINE
  5
13E4
330
22
100
AcDbEntity
  8
F.Silkscreen
  6
CONTINUOUS
100
AcDbLine
 10
5.2422871259842516
 20
-2.8345151574803147
 30
0
 11
5.243566968503937
 21
-2.8280810236220471
 31
0
  0
LINE
  5
13E5
330
22
100
AcDbEntity
  8
F.Silkscreen
  6
CONTINUOUS
100
AcDbLine
 10
5.243566968503937
 20
-2.8280810236220471
 30
0
 11
5.246077440944882
 21
-2.8220201968503935
 31
0
  0
LINE
  5
13E6
330
22
100
AcDbEntity
  8
F.Silkscreen
  6
CONTINUOUS
100
AcDbLine
 10
5.246077440944882
 20
-2.8220201968503935
 30
0
 11
5.2497220866141729
 21
-2.8165655905511811
 31
0
  0
LINE
  5
13E7
330
22
100
AcDbEntity
  8
F.Silkscreen
  6
CONTINUOUS
100
AcDbLine
 10
5.2497220866141729
 20
-2.8165655905511811
 30
0
 11
5.2543608661417318
 21
-2.8119268110236222
 31
0
  0
LINE
  5
13E8
330
22
100
AcDbEntity
  8
F.Silkscreen
  6
CONTINUOUS
100
AcDbLine
 10
5.2543608661417318
 20
-2.8119268110236222
 30
0
 11
5.2598154724409447
 21
-2.8082821653543308
 31
0
  0
LINE
  5
13E9
330
22
100
AcDbEntity
  8
F.Silkscreen
  6
CONTINUOUS
100
AcDbLine
 10
5.2598154724409447
 20
-2.8082821653543308
 30
0
 11
5.2658762992125983
 21
-2.8057716929133858
 31
0
  0
LINE
  5
13EA
330
22
100
AcDbEntity
  8
F.Silkscreen
  6
CONTINUOUS
100
AcDbLine
 10
5.2658762992125983
 20
-2.8057716929133858
 30
0
 11
5.2723104330708663
 21
-2.8044918503937009
 31
0
  0
LINE
  5
13EB
330
22
100
AcDbEntity
  8
F.Silkscreen
  6
CONTINUOUS
100
AcDbLine
 10
5.2723104330708663
 20
-2.8044918503937009
 30
0
 11
5.2755905511811019
 21
-2.8043307086614173
 31
0
  0
LINE
  5
13EC
330
22
100
AcDbEntity
  8
F.Silkscreen
  6
CONTINUOUS
100
AcDbLine
 10
5.2755905511811019
 20
-2.8043307086614173
 30
0
 11
5.3543307086614176
 21
-2.8043307086614173
 31
0
  0
LINE
  5
13ED
330
22
100
AcDbEntity
  8
F.Silkscreen
  6
CONTINUOUS
100
AcDbLine
 10
5.3543307086614176
 20
-2.8043307086614173
 30
0
 11
5.3576108267716531
 21
-2.8044918503937009
 31
0
  0
LINE
  5
13EE
330
22
100
AcDbEntity
  8
F.Silkscreen
  6
CONTINUOUS
100
AcDbLine
 10
6.7955429133858267
 20
-2.751590275590551
 30
0
 11
6.8020059842519682
 21
-2.753690275590551
 31
0
  0
LINE
  5
13EF
330
22
100
AcDbEntity
  8
F.Silkscreen
  6
CONTINUOUS
100
AcDbLine
 10
6.8020059842519682
 20
-2.753690275590551
 30
0
 11
6.8080609448818894
 21
-2.756775433070866
 31
0
  0
LINE
  5
13F0
330
22
100
AcDbEntity
  8
F.Silkscreen
  6
CONTINUOUS
100
AcDbLine
 10
6.8080609448818894
 20
-2.756775433070866
 30
0
 11
6.8135587795275585
 21
-2.7607698031496062
 31
0
  0
LINE
  5
13F1
330
22
100
AcDbEntity
  8
F.Silkscreen
  6
CONTINUOUS
100
AcDbLine
 10
6.8135587795275585
 20
-2.7607698031496062
 30
0
 11
6.8183640551181099
 21
-2.7655750787401576
 31
0
  0
LINE
  5
13F2
330
22
100
AcDbEntity
  8
F.Silkscreen
  6
CONTINUOUS
100
AcDbLine
 10
6.8183640551181099
 20
-2.7655750787401576
 30
0
 11
6.8223584251968505
 21
-2.7710729133858267
 31
0
  0
LINE
  5
13F3
330
22
100
AcDbEntity
  8
F.Silkscreen
  6
CONTINUOUS
100
AcDbLine
 10
6.8223584251968505
 20
-2.7710729133858267
 30
0
 11
6.8254435826771651
 21
-2.7771278740157479
 31
0
  0
LINE
  5
13F4
330
22
100
AcDbEntity
  8
F.Silkscreen
  6
CONTINUOUS
100
AcDbLine
 10
6.8254435826771651
 20
-2.7771278740157479
 30
0
 11
6.8275435826771655
 21
-2.7835909448818899
 31
0
  0
LINE
  5
13F5
330
22
100
AcDbEntity
  8
F.Silkscreen
  6
CONTINUOUS
100
AcDbLine
 10
6.8275435826771655
 20
-2.7835909448818899
 30
0
 11
6.8286066535433072
 21
-2.7903029527559053
 31
0
  0
LINE
  5
13F6
330
22
100
AcDbEntity
  8
F.Silkscreen
  6
CONTINUOUS
100
AcDbLine
 10
6.8286066535433072
 20
-2.7903029527559053
 30
0
 11
6.8286066535433072
 21
-2.797098622047244
 31
0
  0
LINE
  5
13F7
330
22
100
AcDbEntity
  8
F.Silkscreen
  6
CONTINUOUS
100
AcDbLine
 10
6.8286066535433072
 20
-2.797098622047244
 30
0
 11
6.8275435826771655
 21
-2.80381062992126
 31
0
  0
LINE
  5
13F8
330
22
100
AcDbEntity
  8
F.Silkscreen
  6
CONTINUOUS
100
AcDbLine
 10
6.8275435826771655
 20
-2.80381062992126
 30
0
 11
6.8254435826771651
 21
-2.8102737007874015
 31
0
  0
LINE
  5
13F9
330
22
100
AcDbEntity
  8
F.Silkscreen
  6
CONTINUOUS
100
AcDbLine
 10
6.8254435826771651
 20
-2.8102737007874015
 30
0
 11
6.8223584251968505
 21
-2.8163286614173226
 31
0
  0
LINE
  5
13FA
330
22
100
AcDbEntity
  8
F.Silkscreen
  6
CONTINUOUS
100
AcDbLine
 10
6.8223584251968505
 20
-2.8163286614173226
 30
0
 11
6.8183640551181099
 21
-2.8218264960629922
 31
0
  0
LINE
  5
13FB
330
22
100
AcDbEntity
  8
F.Silkscreen
  6
CONTINUOUS
100
AcDbLine
 10
6.8183640551181099
 20
-2.8218264960629922
 30
0
 11
6.8135587795275585
 21
-2.8266317716535432
 31
0
  0
LINE
  5
13FC
330
22
100
AcDbEntity
  8
F.Silkscreen
  6
CONTINUOUS
100
AcDbLine
 10
6.8135587795275585
 20
-2.8266317716535432
 30
0
 11
6.8080609448818894
 21
-2.8306261417322833
 31
0
  0
LINE
  5
13FD
330
22
100
AcDbEntity
  8
F.Silkscreen
  6
CONTINUOUS
100
AcDbLine
 10
6.8080609448818894
 20
-2.8306261417322833
 30
0
 11
6.8020059842519682
 21
-2.8337112992125983
 31
0
  0
LINE
  5
13FE
330
22
100
AcDbEntity
  8
F.Silkscreen
  6
CONTINUOUS
100
AcDbLine
 10
6.8020059842519682
 20
-2.8337112992125983
 30
0
 11
6.7955429133858267
 21
-2.8358112992125983
 31
0
  0
LINE
  5
13FF
330
22
100
AcDbEntity
  8
F.Silkscreen
  6
CONTINUOUS
100
AcDbLine
 10
6.7955429133858267
 20
-2.8358112992125983
 30
0
 11
6.7888309055118112
 21
-2.83687437007874
 31
0
  0
LINE
  5
1400
330
22
100
AcDbEntity
  8
F.Silkscreen
  6
CONTINUOUS
100
AcDbLine
 10
6.7888309055118112
 20
-2.83687437007874
 30
0
 11
6.7820352362204721
 21
-2.83687437007874
 31
0
  0
LINE
  5
1401
330
22
100
AcDbEntity
  8
F.Silkscreen
  6
CONTINUOUS
100
AcDbLine
 10
6.7820352362204721
 20
-2.83687437007874
 30
0
 11
6.7753232283464566
 21
-2.8358112992125983
 31
0
  0
LINE
  5
1402
330
22
100
AcDbEntity
  8
F.Silkscreen
  6
CONTINUOUS
100
AcDbLine
 10
6.7753232283464566
 20
-2.8358112992125983
 30
0
 11
6.7688601574803151
 21
-2.8337112992125983
 31
0
  0
LINE
  5
1403
330
22
100
AcDbEntity
  8
F.Silkscreen
  6
CONTINUOUS
100
AcDbLine
 10
6.7688601574803151
 20
-2.8337112992125983
 30
0
 11
6.7628051968503939
 21
-2.8306261417322833
 31
0
  0
LINE
  5
1404
330
22
100
AcDbEntity
  8
F.Silkscreen
  6
CONTINUOUS
100
AcDbLine
 10
6.7628051968503939
 20
-2.8306261417322833
 30
0
 11
6.7573073622047239
 21
-2.8266317716535432
 31
0
  0
LINE
  5
1405
330
22
100
AcDbEntity
  8
F.Silkscreen
  6
CONTINUOUS
100
AcDbLine
 10
6.7573073622047239
 20
-2.8266317716535432
 30
0
 11
6.7525020866141734
 21
-2.8218264960629922
 31
0
  0
LINE
  5
1406
330
22
100
AcDbEntity
  8
F.Silkscreen
  6
CONTINUOUS
100
AcDbLine
 10
6.7525020866141734
 20
-2.8218264960629922
 30
0
 11
6.7485077165354328
 21
-2.8163286614173226
 31
0
  0
LINE
  5
1407
330
22
100
AcDbEntity
  8
F.Silkscreen
  6
CONTINUOUS
100
AcDbLine
 10
6.7485077165354328
 20
-2.8163286614173226
 30
0
 11
6.7454225590551182
 21
-2.8102737007874015
 31
0
  0
LINE
  5
1408
330
22
100
AcDbEntity
  8
F.Silkscreen
  6
CONTINUOUS
100
AcDbLine
 10
6.7454225590551182
 20
-2.8102737007874015
 30
0
 11
6.7433225590551178
 21
-2.80381062992126
 31
0
  0
LINE
  5
1409
330
22
100
AcDbEntity
  8
F.Silkscreen
  6
CONTINUOUS
100
AcDbLine
 10
6.7433225590551178
 20
-2.80381062992126
 30
0
 11
6.7422594881889761
 21
-2.797098622047244
 31
0
  0
LINE
  5
140A
330
22
100
AcDbEntity
  8
F.Silkscreen
  6
CONTINUOUS
100
AcDbLine
 10
6.7422594881889761
 20
-2.797098622047244
 30
0
 11
6.7422594881889761
 21
-2.7903029527559053
 31
0
  0
LINE
  5
140B
330
22
100
AcDbEntity
  8
F.Silkscreen
  6
CONTINUOUS
100
AcDbLine
 10
6.7422594881889761
 20
-2.7903029527559053
 30
0
 11
6.7433225590551178
 21
-2.7835909448818899
 31
0
  0
LINE
  5
140C
330
22
100
AcDbEntity
  8
F.Silkscreen
  6
CONTINUOUS
100
AcDbLine
 10
6.7433225590551178
 20
-2.7835909448818899
 30
0
 11
6.7454225590551182
 21
-2.7771278740157479
 31
0
  0
LINE
  5
140D
330
22
100
AcDbEntity
  8
F.Silkscreen
  6
CONTINUOUS
100
AcDbLine
 10
6.7454225590551182
 20
-2.7771278740157479
 30
0
 11
6.7485077165354328
 21
-2.7710729133858267
 31
0
  0
LINE
  5
140E
330
22
100
AcDbEntity
  8
F.Silkscreen
  6
CONTINUOUS
100
AcDbLine
 10
6.7485077165354328
 20
-2.7710729133858267
 30
0
 11
6.7525020866141734
 21
-2.7655750787401576
 31
0
  0
LINE
  5
140F
330
22
100
AcDbEntity
  8
F.Silkscreen
  6
CONTINUOUS
100
AcDbLine
 10
6.7525020866141734
 20
-2.7655750787401576
 30
0
 11
6.7573073622047239
 21
-2.7607698031496062
 31
0
  0
LINE
  5
1410
330
22
100
AcDbEntity
  8
F.Silkscreen
  6
CONTINUOUS
100
AcDbLine
 10
6.7573073622047239
 20
-2.7607698031496062
 30
0
 11
6.7628051968503939
 21
-2.756775433070866
 31
0
  0
LINE
  5
1411
330
22
100
AcDbEntity
  8
F.Silkscreen
  6
CONTINUOUS
100
AcDbLine
 10
6.7628051968503939
 20
-2.756775433070866
 30
0
 11
6.7688601574803151
 21
-2.753690275590551
 31
0
  0
LINE
  5
1412
330
22
100
AcDbEntity
  8
F.Silkscreen
  6
CONTINUOUS
100
AcDbLine
 10
6.7688601574803151
 20
-2.753690275590551
 30
0
 11
6.7753232283464566
 21
-2.751590275590551
 31
0
  0
LINE
  5
1413
330
22
100
AcDbEntity
  8
F.Silkscreen
  6
CONTINUOUS
100
AcDbLine
 10
6.7753232283464566
 20
-2.751590275590551
 30
0
 11
6.7820352362204721
 21
-2.7505272047244094
 31
0
  0
LINE
  5
1414
330
22
100
AcDbEntity
  8
F.Silkscreen
  6
CONTINUOUS
100
AcDbLine
 10
6.7820352362204721
 20
-2.7505272047244094
 30
0
 11
6.7888309055118112
 21
-2.7505272047244094
 31
0
  0
LINE
  5
1415
330
22
100
AcDbEntity
  8
F.Silkscreen
  6
CONTINUOUS
100
AcDbLine
 10
6.7888309055118112
 20
-2.7505272047244094
 30
0
 11
6.7955429133858267
 21
-2.751590275590551
 31
0
  0
LINE
  5
1416
330
22
100
AcDbEntity
  8
F.Silkscreen
  6
CONTINUOUS
100
AcDbLine
 10
4.676508464566929
 20
-2.7044918503937008
 30
0
 11
4.6829425984251971
 21
-2.7057716929133857
 31
0
  0
LINE
  5
1417
330
22
100
AcDbEntity
  8
F.Silkscreen
  6
CONTINUOUS
100
AcDbLine
 10
4.6829425984251971
 20
-2.7057716929133857
 30
0
 11
4.6890034251968506
 21
-2.7082821653543308
 31
0
  0
LINE
  5
1418
330
22
100
AcDbEntity
  8
F.Silkscreen
  6
CONTINUOUS
100
AcDbLine
 10
4.6890034251968506
 20
-2.7082821653543308
 30
0
 11
4.6944580314960627
 21
-2.7119268110236221
 31
0
  0
LINE
  5
1419
330
22
100
AcDbEntity
  8
F.Silkscreen
  6
CONTINUOUS
100
AcDbLine
 10
4.6944580314960627
 20
-2.7119268110236221
 30
0
 11
4.6990968110236215
 21
-2.716565590551181
 31
0
  0
LINE
  5
141A
330
22
100
AcDbEntity
  8
F.Silkscreen
  6
CONTINUOUS
100
AcDbLine
 10
4.6990968110236215
 20
-2.716565590551181
 30
0
 11
4.7027414566929133
 21
-2.7220201968503934
 31
0
  0
LINE
  5
141B
330
22
100
AcDbEntity
  8
F.Silkscreen
  6
CONTINUOUS
100
AcDbLine
 10
4.7027414566929133
 20
-2.7220201968503934
 30
0
 11
4.7052519291338584
 21
-2.728081023622047
 31
0
  0
LINE
  5
141C
330
22
100
AcDbEntity
  8
F.Silkscreen
  6
CONTINUOUS
100
AcDbLine
 10
4.7052519291338584
 20
-2.728081023622047
 30
0
 11
4.7065317716535429
 21
-2.734515157480315
 31
0
  0
LINE
  5
141D
330
22
100
AcDbEntity
  8
F.Silkscreen
  6
CONTINUOUS
100
AcDbLine
 10
4.7065317716535429
 20
-2.734515157480315
 30
0
 11
4.7065317716535429
 21
-2.7410753937007875
 31
0
  0
LINE
  5
141E
330
22
100
AcDbEntity
  8
F.Silkscreen
  6
CONTINUOUS
100
AcDbLine
 10
4.7065317716535429
 20
-2.7410753937007875
 30
0
 11
4.7052519291338584
 21
-2.7475095275590551
 31
0
  0
LINE
  5
141F
330
22
100
AcDbEntity
  8
F.Silkscreen
  6
CONTINUOUS
100
AcDbLine
 10
4.7052519291338584
 20
-2.7475095275590551
 30
0
 11
4.7027414566929133
 21
-2.7535703543307086
 31
0
  0
LINE
  5
1420
330
22
100
AcDbEntity
  8
F.Silkscreen
  6
CONTINUOUS
100
AcDbLine
 10
4.7027414566929133
 20
-2.7535703543307086
 30
0
 11
4.6990968110236215
 21
-2.7590249606299211
 31
0
  0
LINE
  5
1421
330
22
100
AcDbEntity
  8
F.Silkscreen
  6
CONTINUOUS
100
AcDbLine
 10
4.6990968110236215
 20
-2.7590249606299211
 30
0
 11
4.6944580314960627
 21
-2.7636637401574804
 31
0
  0
LINE
  5
1422
330
22
100
AcDbEntity
  8
F.Silkscreen
  6
CONTINUOUS
100
AcDbLine
 10
4.6944580314960627
 20
-2.7636637401574804
 30
0
 11
4.6890034251968506
 21
-2.7673083858267717
 31
0
  0
LINE
  5
1423
330
22
100
AcDbEntity
  8
F.Silkscreen
  6
CONTINUOUS
100
AcDbLine
 10
4.6890034251968506
 20
-2.7673083858267717
 30
0
 11
4.6829425984251971
 21
-2.7698188582677163
 31
0
  0
LINE
  5
1424
330
22
100
AcDbEntity
  8
F.Silkscreen
  6
CONTINUOUS
100
AcDbLine
 10
4.6829425984251971
 20
-2.7698188582677163
 30
0
 11
4.676508464566929
 21
-2.7710987007874017
 31
0
  0
LINE
  5
1425
330
22
100
AcDbEntity
  8
F.Silkscreen
  6
CONTINUOUS
100
AcDbLine
 10
4.676508464566929
 20
-2.7710987007874017
 30
0
 11
4.6732283464566926
 21
-2.7712598425196848
 31
0
  0
LINE
  5
1426
330
22
100
AcDbEntity
  8
F.Silkscreen
  6
CONTINUOUS
100
AcDbLine
 10
4.6732283464566926
 20
-2.7712598425196848
 30
0
 11
4.5984251968503935
 21
-2.7712598425196848
 31
0
  0
LINE
  5
1427
330
22
100
AcDbEntity
  8
F.Silkscreen
  6
CONTINUOUS
100
AcDbLine
 10
4.5984251968503935
 20
-2.7712598425196848
 30
0
 11
4.5951450787401571
 21
-2.7710987007874017
 31
0
  0
LINE
  5
1428
330
22
100
AcDbEntity
  8
F.Silkscreen
  6
CONTINUOUS
100
AcDbLine
 10
4.5951450787401571
 20
-2.7710987007874017
 30
0
 11
4.5887109448818899
 21
-2.7698188582677163
 31
0
  0
LINE
  5
1429
330
22
100
AcDbEntity
  8
F.Silkscreen
  6
CONTINUOUS
100
AcDbLine
 10
4.5887109448818899
 20
-2.7698188582677163
 30
0
 11
4.5826501181102364
 21
-2.7673083858267717
 31
0
  0
LINE
  5
142A
330
22
100
AcDbEntity
  8
F.Silkscreen
  6
CONTINUOUS
100
AcDbLine
 10
4.5826501181102364
 20
-2.7673083858267717
 30
0
 11
4.5771955118110235
 21
-2.7636637401574804
 31
0
  0
LINE
  5
142B
330
22
100
AcDbEntity
  8
F.Silkscreen
  6
CONTINUOUS
100
AcDbLine
 10
4.5771955118110235
 20
-2.7636637401574804
 30
0
 11
4.5725567322834646
 21
-2.7590249606299211
 31
0
  0
LINE
  5
142C
330
22
100
AcDbEntity
  8
F.Silkscreen
  6
CONTINUOUS
100
AcDbLine
 10
4.5725567322834646
 20
-2.7590249606299211
 30
0
 11
4.5689120866141728
 21
-2.7535703543307086
 31
0
  0
LINE
  5
142D
330
22
100
AcDbEntity
  8
F.Silkscreen
  6
CONTINUOUS
100
AcDbLine
 10
4.5689120866141728
 20
-2.7535703543307086
 30
0
 11
4.5664016141732287
 21
-2.7475095275590551
 31
0
  0
LINE
  5
142E
330
22
100
AcDbEntity
  8
F.Silkscreen
  6
CONTINUOUS
100
AcDbLine
 10
4.5664016141732287
 20
-2.7475095275590551
 30
0
 11
4.5651217716535433
 21
-2.7410753937007875
 31
0
  0
LINE
  5
142F
330
22
100
AcDbEntity
  8
F.Silkscreen
  6
CONTINUOUS
100
AcDbLine
 10
4.5651217716535433
 20
-2.7410753937007875
 30
0
 11
4.5651217716535433
 21
-2.734515157480315
 31
0
  0
LINE
  5
1430
330
22
100
AcDbEntity
  8
F.Silkscreen
  6
CONTINUOUS
100
AcDbLine
 10
4.5651217716535433
 20
-2.734515157480315
 30
0
 11
4.5664016141732287
 21
-2.728081023622047
 31
0
  0
LINE
  5
1431
330
22
100
AcDbEntity
  8
F.Silkscreen
  6
CONTINUOUS
100
AcDbLine
 10
4.5664016141732287
 20
-2.728081023622047
 30
0
 11
4.5689120866141728
 21
-2.7220201968503934
 31
0
  0
LINE
  5
1432
330
22
100
AcDbEntity
  8
F.Silkscreen
  6
CONTINUOUS
100
AcDbLine
 10
4.5689120866141728
 20
-2.7220201968503934
 30
0
 11
4.5725567322834646
 21
-2.716565590551181
 31
0
  0
LINE
  5
1433
330
22
100
AcDbEntity
  8
F.Silkscreen
  6
CONTINUOUS
100
AcDbLine
 10
4.5725567322834646
 20
-2.716565590551181
 30
0
 11
4.5771955118110235
 21
-2.7119268110236221
 31
0
  0
LINE
  5
1434
330
22
100
AcDbEntity
  8
F.Silkscreen
  6
CONTINUOUS
100
AcDbLine
 10
4.5771955118110235
 20
-2.7119268110236221
 30
0
 11
4.5826501181102364
 21
-2.7082821653543308
 31
0
  0
LINE
  5
1435
330
22
100
AcDbEntity
  8
F.Silkscreen
  6
CONTINUOUS
100
AcDbLine
 10
4.5826501181102364
 20
-2.7082821653543308
 30
0
 11
4.5887109448818899
 21
-2.7057716929133857
 31
0
  0
LINE
  5
1436
330
22
100
AcDbEntity
  8
F.Silkscreen
  6
CONTINUOUS
100
AcDbLine
 10
4.5887109448818899
 20
-2.7057716929133857
 30
0
 11
4.5951450787401571
 21
-2.7044918503937008
 31
0
  0
LINE
  5
1437
330
22
100
AcDbEntity
  8
F.Silkscreen
  6
CONTINUOUS
100
AcDbLine
 10
4.5951450787401571
 20
-2.7044918503937008
 30
0
 11
4.5984251968503935
 21
-2.7043307086614172
 31
0
  0
LINE
  5
1438
330
22
100
AcDbEntity
  8
F.Silkscreen
  6
CONTINUOUS
100
AcDbLine
 10
4.5984251968503935
 20
-2.7043307086614172
 30
0
 11
4.6732283464566926
 21
-2.7043307086614172
 31
0
  0
LINE
  5
1439
330
22
100
AcDbEntity
  8
F.Silkscreen
  6
CONTINUOUS
100
AcDbLine
 10
4.6732283464566926
 20
-2.7043307086614172
 30
0
 11
4.676508464566929
 21
-2.7044918503937008
 31
0
  0
LINE
  5
143A
330
22
100
AcDbEntity
  8
F.Silkscreen
  6
CONTINUOUS
100
AcDbLine
 10
5.3576108267716531
 20
-2.7044918503937008
 30
0
 11
5.3640449606299212
 21
-2.7057716929133857
 31
0
  0
LINE
  5
143B
330
22
100
AcDbEntity
  8
F.Silkscreen
  6
CONTINUOUS
100
AcDbLine
 10
5.3640449606299212
 20
-2.7057716929133857
 30
0
 11
5.3701057874015747
 21
-2.7082821653543308
 31
0
  0
LINE
  5
143C
330
22
100
AcDbEntity
  8
F.Silkscreen
  6
CONTINUOUS
100
AcDbLine
 10
5.3701057874015747
 20
-2.7082821653543308
 30
0
 11
5.3755603937007876
 21
-2.7119268110236221
 31
0
  0
LINE
  5
143D
330
22
100
AcDbEntity
  8
F.Silkscreen
  6
CONTINUOUS
100
AcDbLine
 10
5.3755603937007876
 20
-2.7119268110236221
 30
0
 11
5.3801991732283465
 21
-2.716565590551181
 31
0
  0
LINE
  5
143E
330
22
100
AcDbEntity
  8
F.Silkscreen
  6
CONTINUOUS
100
AcDbLine
 10
5.3801991732283465
 20
-2.716565590551181
 30
0
 11
5.3838438188976374
 21
-2.7220201968503934
 31
0
  0
LINE
  5
143F
330
22
100
AcDbEntity
  8
F.Silkscreen
  6
CONTINUOUS
100
AcDbLine
 10
5.3838438188976374
 20
-2.7220201968503934
 30
0
 11
5.3863542913385825
 21
-2.728081023622047
 31
0
  0
LINE
  5
1440
330
22
100
AcDbEntity
  8
F.Silkscreen
  6
CONTINUOUS
100
AcDbLine
 10
5.3863542913385825
 20
-2.728081023622047
 30
0
 11
5.3876341338582678
 21
-2.734515157480315
 31
0
  0
LINE
  5
1441
330
22
100
AcDbEntity
  8
F.Silkscreen
  6
CONTINUOUS
100
AcDbLine
 10
5.3876341338582678
 20
-2.734515157480315
 30
0
 11
5.3876341338582678
 21
-2.7410753937007875
 31
0
  0
LINE
  5
1442
330
22
100
AcDbEntity
  8
F.Silkscreen
  6
CONTINUOUS
100
AcDbLine
 10
5.3876341338582678
 20
-2.7410753937007875
 30
0
 11
5.3863542913385825
 21
-2.7475095275590551
 31
0
  0
LINE
  5
1443
330
22
100
AcDbEntity
  8
F.Silkscreen
  6
CONTINUOUS
100
AcDbLine
 10
5.3863542913385825
 20
-2.7475095275590551
 30
0
 11
5.3838438188976374
 21
-2.7535703543307086
 31
0
  0
LINE
  5
1444
330
22
100
AcDbEntity
  8
F.Silkscreen
  6
CONTINUOUS
100
AcDbLine
 10
5.3838438188976374
 20
-2.7535703543307086
 30
0
 11
5.3801991732283465
 21
-2.7590249606299211
 31
0
  0
LINE
  5
1445
330
22
100
AcDbEntity
  8
F.Silkscreen
  6
CONTINUOUS
100
AcDbLine
 10
5.3801991732283465
 20
-2.7590249606299211
 30
0
 11
5.3755603937007876
 21
-2.7636637401574804
 31
0
  0
LINE
  5
1446
330
22
100
AcDbEntity
  8
F.Silkscreen
  6
CONTINUOUS
100
AcDbLine
 10
5.3755603937007876
 20
-2.7636637401574804
 30
0
 11
5.3701057874015747
 21
-2.7673083858267717
 31
0
  0
LINE
  5
1447
330
22
100
AcDbEntity
  8
F.Silkscreen
  6
CONTINUOUS
100
AcDbLine
 10
5.3701057874015747
 20
-2.7673083858267717
 30
0
 11
5.3640449606299212
 21
-2.7698188582677163
 31
0
  0
LINE
  5
1448
330
22
100
AcDbEntity
  8
F.Silkscreen
  6
CONTINUOUS
100
AcDbLine
 10
5.3640449606299212
 20
-2.7698188582677163
 30
0
 11
5.3576108267716531
 21
-2.7710987007874017
 31
0
  0
LINE
  5
1449
330
22
100
AcDbEntity
  8
F.Silkscreen
  6
CONTINUOUS
100
AcDbLine
 10
5.3576108267716531
 20
-2.7710987007874017
 30
0
 11
5.3543307086614176
 21
-2.7712598425196848
 31
0
  0
LINE
  5
144A
330
22
100
AcDbEntity
  8
F.Silkscreen
  6
CONTINUOUS
100
AcDbLine
 10
5.3543307086614176
 20
-2.7712598425196848
 30
0
 11
5.2755905511811019
 21
-2.7712598425196848
 31
0
  0
LINE
  5
144B
330
22
100
AcDbEntity
  8
F.Silkscreen
  6
CONTINUOUS
100
AcDbLine
 10
5.2755905511811019
 20
-2.7712598425196848
 30
0
 11
5.2723104330708663
 21
-2.7710987007874017
 31
0
  0
LINE
  5
144C
330
22
100
AcDbEntity
  8
F.Silkscreen
  6
CONTINUOUS
100
AcDbLine
 10
5.2723104330708663
 20
-2.7710987007874017
 30
0
 11
5.2658762992125983
 21
-2.7698188582677163
 31
0
  0
LINE
  5
144D
330
22
100
AcDbEntity
  8
F.Silkscreen
  6
CONTINUOUS
100
AcDbLine
 10
5.2658762992125983
 20
-2.7698188582677163
 30
0
 11
5.2598154724409447
 21
-2.7673083858267717
 31
0
  0
LINE
  5
144E
330
22
100
AcDbEntity
  8
F.Silkscreen
  6
CONTINUOUS
100
AcDbLine
 10
5.2598154724409447
 20
-2.7673083858267717
 30
0
 11
5.2543608661417318
 21
-2.7636637401574804
 31
0
  0
LINE
  5
144F
330
22
100
AcDbEntity
  8
F.Silkscreen
  6
CONTINUOUS
100
AcDbLine
 10
5.2543608661417318
 20
-2.7636637401574804
 30
0
 11
5.2497220866141729
 21
-2.7590249606299211
 31
0
  0
LINE
  5
1450
330
22
100
AcDbEntity
  8
F.Silkscreen
  6
CONTINUOUS
100
AcDbLine
 10
5.2497220866141729
 20
-2.7590249606299211
 30
0
 11
5.246077440944882
 21
-2.7535703543307086
 31
0
  0
LINE
  5
1451
330
22
100
AcDbEntity
  8
F.Silkscreen
  6
CONTINUOUS
100
AcDbLine
 10
5.246077440944882
 20
-2.7535703543307086
 30
0
 11
5.243566968503937
 21
-2.7475095275590551
 31
0
  0
LINE
  5
1452
330
22
100
AcDbEntity
  8
F.Silkscreen
  6
CONTINUOUS
100
AcDbLine
 10
5.243566968503937
 20
-2.7475095275590551
 30
0
 11
5.2422871259842516
 21
-2.7410753937007875
 31
0
  0
LINE
  5
1453
330
22
100
AcDbEntity
  8
F.Silkscreen
  6
CONTINUOUS
100
AcDbLine
 10
5.2422871259842516
 20
-2.7410753937007875
 30
0
 11
5.2422871259842516
 21
-2.734515157480315
 31
0
  0
LINE
  5
1454
330
22
100
AcDbEntity
  8
F.Silkscreen
  6
CONTINUOUS
100
AcDbLine
 10
5.2422871259842516
 20
-2.734515157480315
 30
0
 11
5.243566968503937
 21
-2.728081023622047
 31
0
  0
LINE
  5
1455
330
22
100
AcDbEntity
  8
F.Silkscreen
  6
CONTINUOUS
100
AcDbLine
 10
5.243566968503937
 20
-2.728081023622047
 30
0
 11
5.246077440944882
 21
-2.7220201968503934
 31
0
  0
LINE
  5
1456
330
22
100
AcDbEntity
  8
F.Silkscreen
  6
CONTINUOUS
100
AcDbLine
 10
5.246077440944882
 20
-2.7220201968503934
 30
0
 11
5.2497220866141729
 21
-2.716565590551181
 31
0
  0
LINE
  5
1457
330
22
100
AcDbEntity
  8
F.Silkscreen
  6
CONTINUOUS
100
AcDbLine
 10
5.2497220866141729
 20
-2.716565590551181
 30
0
 11
5.2543608661417318
 21
-2.7119268110236221
 31
0
  0
LINE
  5
1458
330
22
100
AcDbEntity
  8
F.Silkscreen
  6
CONTINUOUS
100
AcDbLine
 10
5.2543608661417318
 20
-2.7119268110236221
 30
0
 11
5.2598154724409447
 21
-2.7082821653543308
 31
0
  0
LINE
  5
1459
330
22
100
AcDbEntity
  8
F.Silkscreen
  6
CONTINUOUS
100
AcDbLine
 10
5.2598154724409447
 20
-2.7082821653543308
 30
0
 11
5.2658762992125983
 21
-2.7057716929133857
 31
0
  0
LINE
  5
145A
330
22
100
AcDbEntity
  8
F.Silkscreen
  6
CONTINUOUS
100
AcDbLine
 10
5.2658762992125983
 20
-2.7057716929133857
 30
0
 11
5.2723104330708663
 21
-2.7044918503937008
 31
0
  0
LINE
  5
145B
330
22
100
AcDbEntity
  8
F.Silkscreen
  6
CONTINUOUS
100
AcDbLine
 10
5.2723104330708663
 20
-2.7044918503937008
 30
0
 11
5.2755905511811019
 21
-2.7043307086614172
 31
0
  0
LINE
  5
145C
330
22
100
AcDbEntity
  8
F.Silkscreen
  6
CONTINUOUS
100
AcDbLine
 10
5.2755905511811019
 20
-2.7043307086614172
 30
0
 11
5.3543307086614176
 21
-2.7043307086614172
 31
0
  0
LINE
  5
145D
330
22
100
AcDbEntity
  8
F.Silkscreen
  6
CONTINUOUS
100
AcDbLine
 10
5.3543307086614176
 20
-2.7043307086614172
 30
0
 11
5.3576108267716531
 21
-2.7044918503937008
 31
0
  0
LINE
  5
145E
330
22
100
AcDbEntity
  8
F.Silkscreen
  6
CONTINUOUS
100
AcDbLine
 10
4.7047244094488185
 20
-2.6712598425196852
 30
0
 11
4.5669291338582676
 21
-2.6712598425196852
 31
0
  0
LINE
  5
145F
330
22
100
AcDbEntity
  8
F.Silkscreen
  6
CONTINUOUS
100
AcDbLine
 10
4.5669291338582676
 20
-2.6712598425196852
 30
0
 11
4.5669291338582676
 21
-2.6043307086614171
 31
0
  0
LINE
  5
1460
330
22
100
AcDbEntity
  8
F.Silkscreen
  6
CONTINUOUS
100
AcDbLine
 10
4.5669291338582676
 20
-2.6043307086614171
 30
0
 11
4.7047244094488185
 21
-2.6043307086614171
 31
0
  0
LINE
  5
1461
330
22
100
AcDbEntity
  8
F.Silkscreen
  6
CONTINUOUS
100
AcDbLine
 10
4.7047244094488185
 20
-2.6043307086614171
 30
0
 11
4.7047244094488185
 21
-2.6712598425196852
 31
0
  0
LINE
  5
1462
330
22
100
AcDbEntity
  8
F.Silkscreen
  6
CONTINUOUS
100
AcDbLine
 10
5.3576108267716531
 20
-2.6044918503937007
 30
0
 11
5.3640449606299212
 21
-2.6057716929133856
 31
0
  0
LINE
  5
1463
330
22
100
AcDbEntity
  8
F.Silkscreen
  6
CONTINUOUS
100
AcDbLine
 10
5.3640449606299212
 20
-2.6057716929133856
 30
0
 11
5.3701057874015747
 21
-2.6082821653543307
 31
0
  0
LINE
  5
1464
330
22
100
AcDbEntity
  8
F.Silkscreen
  6
CONTINUOUS
100
AcDbLine
 10
5.3701057874015747
 20
-2.6082821653543307
 30
0
 11
5.3755603937007876
 21
-2.611926811023622
 31
0
  0
LINE
  5
1465
330
22
100
AcDbEntity
  8
F.Silkscreen
  6
CONTINUOUS
100
AcDbLine
 10
5.3755603937007876
 20
-2.611926811023622
 30
0
 11
5.3801991732283465
 21
-2.6165655905511809
 31
0
  0
LINE
  5
1466
330
22
100
AcDbEntity
  8
F.Silkscreen
  6
CONTINUOUS
100
AcDbLine
 10
5.3801991732283465
 20
-2.6165655905511809
 30
0
 11
5.3838438188976374
 21
-2.6220201968503938
 31
0
  0
LINE
  5
1467
330
22
100
AcDbEntity
  8
F.Silkscreen
  6
CONTINUOUS
100
AcDbLine
 10
5.3838438188976374
 20
-2.6220201968503938
 30
0
 11
5.3863542913385825
 21
-2.6280810236220473
 31
0
  0
LINE
  5
1468
330
22
100
AcDbEntity
  8
F.Silkscreen
  6
CONTINUOUS
100
AcDbLine
 10
5.3863542913385825
 20
-2.6280810236220473
 30
0
 11
5.3876341338582678
 21
-2.634515157480315
 31
0
  0
LINE
  5
1469
330
22
100
AcDbEntity
  8
F.Silkscreen
  6
CONTINUOUS
100
AcDbLine
 10
5.3876341338582678
 20
-2.634515157480315
 30
0
 11
5.3876341338582678
 21
-2.6410753937007874
 31
0
  0
LINE
  5
146A
330
22
100
AcDbEntity
  8
F.Silkscreen
  6
CONTINUOUS
100
AcDbLine
 10
5.3876341338582678
 20
-2.6410753937007874
 30
0
 11
5.3863542913385825
 21
-2.647509527559055
 31
0
  0
LINE
  5
146B
330
22
100
AcDbEntity
  8
F.Silkscreen
  6
CONTINUOUS
100
AcDbLine
 10
5.3863542913385825
 20
-2.647509527559055
 30
0
 11
5.3838438188976374
 21
-2.6535703543307085
 31
0
  0
LINE
  5
146C
330
22
100
AcDbEntity
  8
F.Silkscreen
  6
CONTINUOUS
100
AcDbLine
 10
5.3838438188976374
 20
-2.6535703543307085
 30
0
 11
5.3801991732283465
 21
-2.659024960629921
 31
0
  0
LINE
  5
146D
330
22
100
AcDbEntity
  8
F.Silkscreen
  6
CONTINUOUS
100
AcDbLine
 10
5.3801991732283465
 20
-2.659024960629921
 30
0
 11
5.3755603937007876
 21
-2.6636637401574803
 31
0
  0
LINE
  5
146E
330
22
100
AcDbEntity
  8
F.Silkscreen
  6
CONTINUOUS
100
AcDbLine
 10
5.3755603937007876
 20
-2.6636637401574803
 30
0
 11
5.3701057874015747
 21
-2.6673083858267717
 31
0
  0
LINE
  5
146F
330
22
100
AcDbEntity
  8
F.Silkscreen
  6
CONTINUOUS
100
AcDbLine
 10
5.3701057874015747
 20
-2.6673083858267717
 30
0
 11
5.3640449606299212
 21
-2.6698188582677163
 31
0
  0
LINE
  5
1470
330
22
100
AcDbEntity
  8
F.Silkscreen
  6
CONTINUOUS
100
AcDbLine
 10
5.3640449606299212
 20
-2.6698188582677163
 30
0
 11
5.3576108267716531
 21
-2.6710987007874016
 31
0
  0
LINE
  5
1471
330
22
100
AcDbEntity
  8
F.Silkscreen
  6
CONTINUOUS
100
AcDbLine
 10
5.3576108267716531
 20
-2.6710987007874016
 30
0
 11
5.3543307086614176
 21
-2.6712598425196852
 31
0
  0
LINE
  5
1472
330
22
100
AcDbEntity
  8
F.Silkscreen
  6
CONTINUOUS
100
AcDbLine
 10
5.3543307086614176
 20
-2.6712598425196852
 30
0
 11
5.2755905511811019
 21
-2.6712598425196852
 31
0
  0
LINE
  5
1473
330
22
100
AcDbEntity
  8
F.Silkscreen
  6
CONTINUOUS
100
AcDbLine
 10
5.2755905511811019
 20
-2.6712598425196852
 30
0
 11
5.2723104330708663
 21
-2.6710987007874016
 31
0
  0
LINE
  5
1474
330
22
100
AcDbEntity
  8
F.Silkscreen
  6
CONTINUOUS
100
AcDbLine
 10
5.2723104330708663
 20
-2.6710987007874016
 30
0
 11
5.2658762992125983
 21
-2.6698188582677163
 31
0
  0
LINE
  5
1475
330
22
100
AcDbEntity
  8
F.Silkscreen
  6
CONTINUOUS
100
AcDbLine
 10
5.2658762992125983
 20
-2.6698188582677163
 30
0
 11
5.2598154724409447
 21
-2.6673083858267717
 31
0
  0
LINE
  5
1476
330
22
100
AcDbEntity
  8
F.Silkscreen
  6
CONTINUOUS
100
AcDbLine
 10
5.2598154724409447
 20
-2.6673083858267717
 30
0
 11
5.2543608661417318
 21
-2.6636637401574803
 31
0
  0
LINE
  5
1477
330
22
100
AcDbEntity
  8
F.Silkscreen
  6
CONTINUOUS
100
AcDbLine
 10
5.2543608661417318
 20
-2.6636637401574803
 30
0
 11
5.2497220866141729
 21
-2.659024960629921
 31
0
  0
LINE
  5
1478
330
22
100
AcDbEntity
  8
F.Silkscreen
  6
CONTINUOUS
100
AcDbLine
 10
5.2497220866141729
 20
-2.659024960629921
 30
0
 11
5.246077440944882
 21
-2.6535703543307085
 31
0
  0
LINE
  5
1479
330
22
100
AcDbEntity
  8
F.Silkscreen
  6
CONTINUOUS
100
AcDbLine
 10
5.246077440944882
 20
-2.6535703543307085
 30
0
 11
5.243566968503937
 21
-2.647509527559055
 31
0
  0
LINE
  5
147A
330
22
100
AcDbEntity
  8
F.Silkscreen
  6
CONTINUOUS
100
AcDbLine
 10
5.243566968503937
 20
-2.647509527559055
 30
0
 11
5.2422871259842516
 21
-2.6410753937007874
 31
0
  0
LINE
  5
147B
330
22
100
AcDbEntity
  8
F.Silkscreen
  6
CONTINUOUS
100
AcDbLine
 10
5.2422871259842516
 20
-2.6410753937007874
 30
0
 11
5.2422871259842516
 21
-2.634515157480315
 31
0
  0
LINE
  5
147C
330
22
100
AcDbEntity
  8
F.Silkscreen
  6
CONTINUOUS
100
AcDbLine
 10
5.2422871259842516
 20
-2.634515157480315
 30
0
 11
5.243566968503937
 21
-2.6280810236220473
 31
0
  0
LINE
  5
147D
330
22
100
AcDbEntity
  8
F.Silkscreen
  6
CONTINUOUS
100
AcDbLine
 10
5.243566968503937
 20
-2.6280810236220473
 30
0
 11
5.246077440944882
 21
-2.6220201968503938
 31
0
  0
LINE
  5
147E
330
22
100
AcDbEntity
  8
F.Silkscreen
  6
CONTINUOUS
100
AcDbLine
 10
5.246077440944882
 20
-2.6220201968503938
 30
0
 11
5.2497220866141729
 21
-2.6165655905511809
 31
0
  0
LINE
  5
147F
330
22
100
AcDbEntity
  8
F.Silkscreen
  6
CONTINUOUS
100
AcDbLine
 10
5.2497220866141729
 20
-2.6165655905511809
 30
0
 11
5.2543608661417318
 21
-2.611926811023622
 31
0
  0
LINE
  5
1480
330
22
100
AcDbEntity
  8
F.Silkscreen
  6
CONTINUOUS
100
AcDbLine
 10
5.2543608661417318
 20
-2.611926811023622
 30
0
 11
5.2598154724409447
 21
-2.6082821653543307
 31
0
  0
LINE
  5
1481
330
22
100
AcDbEntity
  8
F.Silkscreen
  6
CONTINUOUS
100
AcDbLine
 10
5.2598154724409447
 20
-2.6082821653543307
 30
0
 11
5.2658762992125983
 21
-2.6057716929133856
 31
0
  0
LINE
  5
1482
330
22
100
AcDbEntity
  8
F.Silkscreen
  6
CONTINUOUS
100
AcDbLine
 10
5.2658762992125983
 20
-2.6057716929133856
 30
0
 11
5.2723104330708663
 21
-2.6044918503937007
 31
0
  0
LINE
  5
1483
330
22
100
AcDbEntity
  8
F.Silkscreen
  6
CONTINUOUS
100
AcDbLine
 10
5.2723104330708663
 20
-2.6044918503937007
 30
0
 11
5.2755905511811019
 21
-2.6043307086614171
 31
0
  0
LINE
  5
1484
330
22
100
AcDbEntity
  8
F.Silkscreen
  6
CONTINUOUS
100
AcDbLine
 10
5.2755905511811019
 20
-2.6043307086614171
 30
0
 11
5.3543307086614176
 21
-2.6043307086614171
 31
0
  0
LINE
  5
1485
330
22
100
AcDbEntity
  8
F.Silkscreen
  6
CONTINUOUS
100
AcDbLine
 10
5.3543307086614176
 20
-2.6043307086614171
 30
0
 11
5.3576108267716531
 21
-2.6044918503937007
 31
0
  0
ENDSEC
  0
SECTION
  2
OBJECTS
  0
DICTIONARY
  5
28
330
0
100
AcDbDictionary
281
1
  3
ACAD_GROUP
350
1486
  3
ACAD_LAYOUT
350
29
  3
ACAD_PLOTSTYLENAME
350
11
  0
DICTIONARY
  5
1486
330
28
100
AcDbDictionary
281
1
  0
ACDBDICTIONARYWDFLT
  5
11
330
28
100
AcDbDictionary
281
1
  3
Normal
350
10
100
AcDbDictionaryWithDefault
340
10
  0
ACDBPLACEHOLDER
  5
10
330
11
  0
DICTIONARY
  5
29
330
28
100
AcDbDictionary
281
1
  3
Model
350
25
  3
Layout1
350
26
  3
Layout2
350
27
  0
LAYOUT
  5
25
330
29
100
AcDbPlotSettings
  1

  2
none_device
  4
A3
  6

 40
0.0
 41
0.0
 42
0.0
 43
0.0
 44
420.0
 45
297.0
 46
0.0
 47
0.0
 48
0.0
 49
0.0
140
0.0
141
0.0
142
1.0
143
1.0
 70
1024
 72
1
 73
0
 74
5
  7

 75
16
 76
0
 77
2
 78
300
147
1.0
148
0.0
149
0.0
100
AcDbLayout
  1
Model
 70
1
 71
0
 10
0.0
 20
0.0
 11
420.0
 21
297.0
 12
0.0
 22
0.0
 32
0.0
 14
1e+20
 24
1e+20
 34
1e+20
 15
-1e+20
 25
-1e+20
 35
-1e+20
146
0.0
 13
0.0
 23
0.0
 33
0.0
 16
1.0
 26
0.0
 36
0.0
 17
0.0
 27
1.0
 37
0.0
 76
0
330
22
  0
LAYOUT
  5
26
330
29
100
AcDbPlotSettings
  1

  2
none_device
  4
A3
  6

 40
0.0
 41
0.0
 42
0.0
 43
0.0
 44
420.0
 45
297.0
 46
0.0
 47
0.0
 48
0.0
 49
0.0
140
0.0
141
0.0
142
1.0
143
1.0
 70
0
 72
1
 73
0
 74
5
  7

 75
16
 76
0
 77
2
 78
300
147
1.0
148
0.0
149
0.0
100
AcDbLayout
  1
Layout1
 70
1
 71
1
 10
0.0
 20
0.0
 11
420.0
 21
297.0
 12
0.0
 22
0.0
 32
0.0
 14
1e+20
 24
1e+20
 34
1e+20
 15
-1e+20
 25
-1e+20
 35
-1e+20
146
0.0
 13
0.0
 23
0.0
 33
0.0
 16
1.0
 26
0.0
 36
0.0
 17
0.0
 27
1.0
 37
0.0
 76
0
330
23
  0
LAYOUT
  5
27
330
29
100
AcDbPlotSettings
  1

  2
none_device
  4
A3
  6

 40
0.0
 41
0.0
 42
0.0
 43
0.0
 44
420.0
 45
297.0
 46
0.0
 47
0.0
 48
0.0
 49
0.0
140
0.0
141
0.0
142
1.0
143
1.0
 70
0
 72
1
 73
0
 74
5
  7

 75
16
 76
0
 77
2
 78
300
147
1.0
148
0.0
149
0.0
100
AcDbLayout
  1
Layout2
 70
1
 71
2
 10
0.0
 20
0.0
 11
420.0
 21
297.0
 12
0.0
 22
0.0
 32
0.0
 14
1e+20
 24
1e+20
 34
1e+20
 15
-1e+20
 25
-1e+20
 35
-1e+20
146
0.0
 13
0.0
 23
0.0
 33
0.0
 16
1.0
 26
0.0
 36
0.0
 17
0.0
 27
1.0
 37
0.0
 76
0
330
24
  0
ENDSEC
  0
EOF
