  0
SECTION
  2
HEADER
  9
$ACADVER
  1
AC1018
  9
$HANDSEED
  5
FFFFFFFF
  9
$ANGBASE
  50
0.0
  9
$ANGDIR
  70
1
  9
$MEASUREMENT
  70
0
  9
$INSUNITS
  70
1
  0
ENDSEC
  0
SECTION
  2
TABLES
  0
TABLE
  2
APPID
  5
1
330
0
100
AcDbSymbolTable
 70
1
  0
APPID
  5
2
330
1
100
AcDbSymbolTableRecord
100
AcDbRegAppTableRecord
  2
ACAD
 70
0
  0
ENDTAB
  0
TABLE
  2
LTYPE
  5
3
330
0
100
AcDbSymbolTable
 70
6
  0
LTYPE
  5
4
330
3
100
AcDbSymbolTableRecord
100
AcDbLinetypeTableRecord
  2
ByBlock
 70
0
  3

 72
65
 73
0
 40
0
  0
LTYPE
  5
5
330
3
100
AcDbSymbolTableRecord
100
AcDbLinetypeTableRecord
  2
ByLayer
 70
0
  3

 72
65
 73
0
 40
0
  0
LTYPE
  5
6
330
3
100
AcDbSymbolTableRecord
100
AcDbLinetypeTableRecord
  2
CONTINUOUS
 70
0
  3
Solid line
 72
65
 73
0
 40
0
  0
LTYPE
  5
7
330
3
100
AcDbSymbolTableRecord
100
AcDbLinetypeTableRecord
  2
DASHDOT
 70
0
  3
Dash Dot ____ _ ____ _
 72
65
 73
4
 40
2
 49
1.25
 74
0
 49
-0.25
 74
0
 49
0.25
 74
0
 49
-0.25
 74
0
  0
LTYPE
  5
8
330
3
100
AcDbSymbolTableRecord
100
AcDbLinetypeTableRecord
  2
DASHED
 70
0
  3
Dashed __ __ __ __ __
 72
65
 73
2
 40
0.75
 49
0.5
 74
0
 49
-0.25
 74
0
  0
LTYPE
  5
9
330
3
100
AcDbSymbolTableRecord
100
AcDbLinetypeTableRecord
  2
DOTTED
 70
0
  3
Dotted .  .  .  .
 72
65
 73
2
 40
0.2
 49
0.0
 74
0
 49
-0.2
 74
0
  0
ENDTAB
  0
TABLE
  2
STYLE
  5
A
330
0
100
AcDbSymbolTable
 70
4
  0
STYLE
  5
B
330
A
100
AcDbSymbolTableRecord
100
AcDbTextStyleTableRecord
  2
KICAD
 70
0
 40
0
 41
1
 42
1
 50
0
 71
0
  3
isocp.shx
  0
STYLE
  5
C
330
A
100
AcDbSymbolTableRecord
100
AcDbTextStyleTableRecord
  2
KICADB
 70
0
 40
0
 41
1
 42
1
 50
0
 71
0
  3
isocp.shx
  0
STYLE
  5
D
330
A
100
AcDbSymbolTableRecord
100
AcDbTextStyleTableRecord
  2
KICADI
 70
0
 40
0
 41
1
 42
1
 50
15
 71
0
  3
isocp.shx
  0
STYLE
  5
E
330
A
100
AcDbSymbolTableRecord
100
AcDbTextStyleTableRecord
  2
KICADBI
 70
0
 40
0
 41
1
 42
1
 50
15
 71
0
  3
isocp.shx
  0
ENDTAB
  0
TABLE
  2
LAYER
  5
F
330
0
100
AcDbSymbolTable
 70
10
  0
LAYER
  5
12
330
F
100
AcDbSymbolTableRecord
100
AcDbLayerTableRecord
  2
0
 70
0
 62
7
  6
CONTINUOUS
390
10
  0
LAYER
  5
13
330
F
100
AcDbSymbolTableRecord
100
AcDbLayerTableRecord
  2
F.Cu
 70
0
 62
13
420
13120564
  6
CONTINUOUS
390
10
  0
LAYER
  5
14
330
F
100
AcDbSymbolTableRecord
100
AcDbLayerTableRecord
  2
B.Cu
 70
0
 62
153
420
5078980
  6
CONTINUOUS
390
10
  0
LAYER
  5
15
330
F
100
AcDbSymbolTableRecord
100
AcDbLayerTableRecord
  2
F.Paste
 70
0
 62
253
420
11837594
  6
CONTINUOUS
390
10
  0
LAYER
  5
16
330
F
100
AcDbSymbolTableRecord
100
AcDbLayerTableRecord
  2
B.Paste
 70
0
 62
132
420
49858
  6
CONTINUOUS
390
10
  0
LAYER
  5
17
330
F
100
AcDbSymbolTableRecord
100
AcDbLayerTableRecord
  2
F.Silkscreen
 70
0
 62
41
420
15920545
  6
CONTINUOUS
390
10
  0
LAYER
  5
18
330
F
100
AcDbSymbolTableRecord
100
AcDbLayerTableRecord
  2
B.Silkscreen
 70
0
 62
31
420
15250087
  6
CONTINUOUS
390
10
  0
LAYER
  5
19
330
F
100
AcDbSymbolTableRecord
100
AcDbLayerTableRecord
  2
F.Mask
 70
0
 62
201
420
14181631
  6
CONTINUOUS
390
10
  0
LAYER
  5
1A
330
F
100
AcDbSymbolTableRecord
100
AcDbLayerTableRecord
  2
B.Mask
 70
0
 62
4
420
196590
  6
CONTINUOUS
390
10
  0
LAYER
  5
1B
330
F
100
AcDbSymbolTableRecord
100
AcDbLayerTableRecord
  2
Edge.Cuts
 70
0
 62
254
420
13685453
  6
CONTINUOUS
390
10
  0
ENDTAB
  0
TABLE
  2
VPORT
  5
1C
330
0
100
AcDbSymbolTable
 70
0
  0
ENDTAB
  0
TABLE
  2
VIEW
  5
1D
330
0
100
AcDbSymbolTable
 70
0
  0
ENDTAB
  0
TABLE
  2
UCS
  5
1E
330
0
100
AcDbSymbolTable
 70
0
  0
ENDTAB
  0
TABLE
  2
DIMSTYLE
  5
1F
330
0
100
AcDbSymbolTable
 70
1
100
AcDbDimStyleTable
 71
0
  0
DIMSTYLE
105
20
330
1F
100
AcDbSymbolTableRecord
100
AcDbDimStyleTableRecord
  2
Standard
 70
0
  0
ENDTAB
  0
TABLE
  2
BLOCK_RECORD
  5
21
330
0
100
AcDbSymbolTable
 70
3
  0
BLOCK_RECORD
  5
22
330
21
100
AcDbSymbolTableRecord
100
AcDbBlockTableRecord
  2
*Model_Space
340
25
 70
0
280
1
281
0
  0
BLOCK_RECORD
  5
23
330
21
100
AcDbSymbolTableRecord
100
AcDbBlockTableRecord
  2
*Paper_Space
340
26
 70
0
280
1
281
0
  0
BLOCK_RECORD
  5
24
330
21
100
AcDbSymbolTableRecord
100
AcDbBlockTableRecord
  2
*Paper_Space0
340
27
 70
0
280
1
281
0
  0
ENDTAB
  0
ENDSEC
  0
SECTION
  2
BLOCKS
  0
BLOCK
  5
2B
330
22
100
AcDbEntity
  8
0
100
AcDbBlockBegin
  2
*Model_Space
 70
0
 10
0.0
 20
0.0
 30
0.0
  3
*Model_Space
  1

  0
ENDBLK
  5
2A
330
22
100
AcDbEntity
  8
0
100
AcDbBlockEnd
  0
BLOCK
  5
2D
330
23
100
AcDbEntity
 67
1
  8
0
100
AcDbBlockBegin
  2
*Paper_Space
 70
0
 10
0.0
 20
0.0
 30
0.0
  3
*Paper_Space
  1

  0
ENDBLK
  5
2C
330
23
100
AcDbEntity
 67
1
  8
0
100
AcDbBlockEnd
  0
BLOCK
  5
2F
330
24
100
AcDbEntity
 67
1
  8
0
100
AcDbBlockBegin
  2
*Paper_Space0
 70
0
 10
0.0
 20
0.0
 30
0.0
  3
*Paper_Space0
  1

  0
ENDBLK
  5
2E
330
24
100
AcDbEntity
 67
1
  8
0
100
AcDbBlockEnd
  0
ENDSEC
  0
SECTION
  2
ENTITIES
  0
LINE
  5
30
330
22
100
AcDbEntity
  8
F.Paste
  6
CONTINUOUS
100
AcDbLine
 10
6.5455429133858267
 20
-3.5996217716535432
 30
0
 11
6.5520059842519682
 21
-3.6017217716535432
 31
0
  0
LINE
  5
31
330
22
100
AcDbEntity
  8
F.Paste
  6
CONTINUOUS
100
AcDbLine
 10
6.5520059842519682
 20
-3.6017217716535432
 30
0
 11
6.5580609448818894
 21
-3.6048069291338583
 31
0
  0
LINE
  5
32
330
22
100
AcDbEntity
  8
F.Paste
  6
CONTINUOUS
100
AcDbLine
 10
6.5580609448818894
 20
-3.6048069291338583
 30
0
 11
6.5635587795275585
 21
-3.6088012992125984
 31
0
  0
LINE
  5
33
330
22
100
AcDbEntity
  8
F.Paste
  6
CONTINUOUS
100
AcDbLine
 10
6.5635587795275585
 20
-3.6088012992125984
 30
0
 11
6.5683640551181099
 21
-3.6136065748031494
 31
0
  0
LINE
  5
34
330
22
100
AcDbEntity
  8
F.Paste
  6
CONTINUOUS
100
AcDbLine
 10
6.5683640551181099
 20
-3.6136065748031494
 30
0
 11
6.5723584251968505
 21
-3.6191044094488189
 31
0
  0
LINE
  5
35
330
22
100
AcDbEntity
  8
F.Paste
  6
CONTINUOUS
100
AcDbLine
 10
6.5723584251968505
 20
-3.6191044094488189
 30
0
 11
6.5754435826771651
 21
-3.6251593700787401
 31
0
  0
LINE
  5
36
330
22
100
AcDbEntity
  8
F.Paste
  6
CONTINUOUS
100
AcDbLine
 10
6.5754435826771651
 20
-3.6251593700787401
 30
0
 11
6.5775435826771655
 21
-3.6316224409448816
 31
0
  0
LINE
  5
37
330
22
100
AcDbEntity
  8
F.Paste
  6
CONTINUOUS
100
AcDbLine
 10
6.5775435826771655
 20
-3.6316224409448816
 30
0
 11
6.5786066535433072
 21
-3.6383344488188976
 31
0
  0
LINE
  5
38
330
22
100
AcDbEntity
  8
F.Paste
  6
CONTINUOUS
100
AcDbLine
 10
6.5786066535433072
 20
-3.6383344488188976
 30
0
 11
6.5786066535433072
 21
-3.6451301181102362
 31
0
  0
LINE
  5
39
330
22
100
AcDbEntity
  8
F.Paste
  6
CONTINUOUS
100
AcDbLine
 10
6.5786066535433072
 20
-3.6451301181102362
 30
0
 11
6.5775435826771655
 21
-3.6518421259842517
 31
0
  0
LINE
  5
3A
330
22
100
AcDbEntity
  8
F.Paste
  6
CONTINUOUS
100
AcDbLine
 10
6.5775435826771655
 20
-3.6518421259842517
 30
0
 11
6.5754435826771651
 21
-3.6583051968503937
 31
0
  0
LINE
  5
3B
330
22
100
AcDbEntity
  8
F.Paste
  6
CONTINUOUS
100
AcDbLine
 10
6.5754435826771651
 20
-3.6583051968503937
 30
0
 11
6.5723584251968505
 21
-3.6643601574803149
 31
0
  0
LINE
  5
3C
330
22
100
AcDbEntity
  8
F.Paste
  6
CONTINUOUS
100
AcDbLine
 10
6.5723584251968505
 20
-3.6643601574803149
 30
0
 11
6.5683640551181099
 21
-3.669857992125984
 31
0
  0
LINE
  5
3D
330
22
100
AcDbEntity
  8
F.Paste
  6
CONTINUOUS
100
AcDbLine
 10
6.5683640551181099
 20
-3.669857992125984
 30
0
 11
6.5635587795275585
 21
-3.6746632677165354
 31
0
  0
LINE
  5
3E
330
22
100
AcDbEntity
  8
F.Paste
  6
CONTINUOUS
100
AcDbLine
 10
6.5635587795275585
 20
-3.6746632677165354
 30
0
 11
6.5580609448818894
 21
-3.6786576377952755
 31
0
  0
LINE
  5
3F
330
22
100
AcDbEntity
  8
F.Paste
  6
CONTINUOUS
100
AcDbLine
 10
6.5580609448818894
 20
-3.6786576377952755
 30
0
 11
6.5520059842519682
 21
-3.6817427952755906
 31
0
  0
LINE
  5
40
330
22
100
AcDbEntity
  8
F.Paste
  6
CONTINUOUS
100
AcDbLine
 10
6.5520059842519682
 20
-3.6817427952755906
 30
0
 11
6.5455429133858267
 21
-3.6838427952755906
 31
0
  0
LINE
  5
41
330
22
100
AcDbEntity
  8
F.Paste
  6
CONTINUOUS
100
AcDbLine
 10
6.5455429133858267
 20
-3.6838427952755906
 30
0
 11
6.5388309055118112
 21
-3.6849058661417322
 31
0
  0
LINE
  5
42
330
22
100
AcDbEntity
  8
F.Paste
  6
CONTINUOUS
100
AcDbLine
 10
6.5388309055118112
 20
-3.6849058661417322
 30
0
 11
6.5320352362204721
 21
-3.6849058661417322
 31
0
  0
LINE
  5
43
330
22
100
AcDbEntity
  8
F.Paste
  6
CONTINUOUS
100
AcDbLine
 10
6.5320352362204721
 20
-3.6849058661417322
 30
0
 11
6.5253232283464566
 21
-3.6838427952755906
 31
0
  0
LINE
  5
44
330
22
100
AcDbEntity
  8
F.Paste
  6
CONTINUOUS
100
AcDbLine
 10
6.5253232283464566
 20
-3.6838427952755906
 30
0
 11
6.5188601574803151
 21
-3.6817427952755906
 31
0
  0
LINE
  5
45
330
22
100
AcDbEntity
  8
F.Paste
  6
CONTINUOUS
100
AcDbLine
 10
6.5188601574803151
 20
-3.6817427952755906
 30
0
 11
6.5128051968503939
 21
-3.6786576377952755
 31
0
  0
LINE
  5
46
330
22
100
AcDbEntity
  8
F.Paste
  6
CONTINUOUS
100
AcDbLine
 10
6.5128051968503939
 20
-3.6786576377952755
 30
0
 11
6.5073073622047239
 21
-3.6746632677165354
 31
0
  0
LINE
  5
47
330
22
100
AcDbEntity
  8
F.Paste
  6
CONTINUOUS
100
AcDbLine
 10
6.5073073622047239
 20
-3.6746632677165354
 30
0
 11
6.5025020866141734
 21
-3.669857992125984
 31
0
  0
LINE
  5
48
330
22
100
AcDbEntity
  8
F.Paste
  6
CONTINUOUS
100
AcDbLine
 10
6.5025020866141734
 20
-3.669857992125984
 30
0
 11
6.4985077165354328
 21
-3.6643601574803149
 31
0
  0
LINE
  5
49
330
22
100
AcDbEntity
  8
F.Paste
  6
CONTINUOUS
100
AcDbLine
 10
6.4985077165354328
 20
-3.6643601574803149
 30
0
 11
6.4954225590551182
 21
-3.6583051968503937
 31
0
  0
LINE
  5
4A
330
22
100
AcDbEntity
  8
F.Paste
  6
CONTINUOUS
100
AcDbLine
 10
6.4954225590551182
 20
-3.6583051968503937
 30
0
 11
6.4933225590551178
 21
-3.6518421259842517
 31
0
  0
LINE
  5
4B
330
22
100
AcDbEntity
  8
F.Paste
  6
CONTINUOUS
100
AcDbLine
 10
6.4933225590551178
 20
-3.6518421259842517
 30
0
 11
6.4922594881889761
 21
-3.6451301181102362
 31
0
  0
LINE
  5
4C
330
22
100
AcDbEntity
  8
F.Paste
  6
CONTINUOUS
100
AcDbLine
 10
6.4922594881889761
 20
-3.6451301181102362
 30
0
 11
6.4922594881889761
 21
-3.6383344488188976
 31
0
  0
LINE
  5
4D
330
22
100
AcDbEntity
  8
F.Paste
  6
CONTINUOUS
100
AcDbLine
 10
6.4922594881889761
 20
-3.6383344488188976
 30
0
 11
6.4933225590551178
 21
-3.6316224409448816
 31
0
  0
LINE
  5
4E
330
22
100
AcDbEntity
  8
F.Paste
  6
CONTINUOUS
100
AcDbLine
 10
6.4933225590551178
 20
-3.6316224409448816
 30
0
 11
6.4954225590551182
 21
-3.6251593700787401
 31
0
  0
LINE
  5
4F
330
22
100
AcDbEntity
  8
F.Paste
  6
CONTINUOUS
100
AcDbLine
 10
6.4954225590551182
 20
-3.6251593700787401
 30
0
 11
6.4985077165354328
 21
-3.6191044094488189
 31
0
  0
LINE
  5
50
330
22
100
AcDbEntity
  8
F.Paste
  6
CONTINUOUS
100
AcDbLine
 10
6.4985077165354328
 20
-3.6191044094488189
 30
0
 11
6.5025020866141734
 21
-3.6136065748031494
 31
0
  0
LINE
  5
51
330
22
100
AcDbEntity
  8
F.Paste
  6
CONTINUOUS
100
AcDbLine
 10
6.5025020866141734
 20
-3.6136065748031494
 30
0
 11
6.5073073622047239
 21
-3.6088012992125984
 31
0
  0
LINE
  5
52
330
22
100
AcDbEntity
  8
F.Paste
  6
CONTINUOUS
100
AcDbLine
 10
6.5073073622047239
 20
-3.6088012992125984
 30
0
 11
6.5128051968503939
 21
-3.6048069291338583
 31
0
  0
LINE
  5
53
330
22
100
AcDbEntity
  8
F.Paste
  6
CONTINUOUS
100
AcDbLine
 10
6.5128051968503939
 20
-3.6048069291338583
 30
0
 11
6.5188601574803151
 21
-3.6017217716535432
 31
0
  0
LINE
  5
54
330
22
100
AcDbEntity
  8
F.Paste
  6
CONTINUOUS
100
AcDbLine
 10
6.5188601574803151
 20
-3.6017217716535432
 30
0
 11
6.5253232283464566
 21
-3.5996217716535432
 31
0
  0
LINE
  5
55
330
22
100
AcDbEntity
  8
F.Paste
  6
CONTINUOUS
100
AcDbLine
 10
6.5253232283464566
 20
-3.5996217716535432
 30
0
 11
6.5320352362204721
 21
-3.5985587007874016
 31
0
  0
LINE
  5
56
330
22
100
AcDbEntity
  8
F.Paste
  6
CONTINUOUS
100
AcDbLine
 10
6.5320352362204721
 20
-3.5985587007874016
 30
0
 11
6.5388309055118112
 21
-3.5985587007874016
 31
0
  0
LINE
  5
57
330
22
100
AcDbEntity
  8
F.Paste
  6
CONTINUOUS
100
AcDbLine
 10
6.5388309055118112
 20
-3.5985587007874016
 30
0
 11
6.5455429133858267
 21
-3.5996217716535432
 31
0
  0
LINE
  5
58
330
22
100
AcDbEntity
  8
F.Paste
  6
CONTINUOUS
100
AcDbLine
 10
5.7853066929133856
 20
-3.5980469685039371
 30
0
 11
5.7917697637795271
 21
-3.6001469685039371
 31
0
  0
LINE
  5
59
330
22
100
AcDbEntity
  8
F.Paste
  6
CONTINUOUS
100
AcDbLine
 10
5.7917697637795271
 20
-3.6001469685039371
 30
0
 11
5.7978247244094483
 21
-3.6032321259842517
 31
0
  0
LINE
  5
5A
330
22
100
AcDbEntity
  8
F.Paste
  6
CONTINUOUS
100
AcDbLine
 10
5.7978247244094483
 20
-3.6032321259842517
 30
0
 11
5.8033225590551183
 21
-3.6072264960629918
 31
0
  0
LINE
  5
5B
330
22
100
AcDbEntity
  8
F.Paste
  6
CONTINUOUS
100
AcDbLine
 10
5.8033225590551183
 20
-3.6072264960629918
 30
0
 11
5.8081278346456688
 21
-3.6120317716535433
 31
0
  0
LINE
  5
5C
330
22
100
AcDbEntity
  8
F.Paste
  6
CONTINUOUS
100
AcDbLine
 10
5.8081278346456688
 20
-3.6120317716535433
 30
0
 11
5.8121222047244094
 21
-3.6175296062992124
 31
0
  0
LINE
  5
5D
330
22
100
AcDbEntity
  8
F.Paste
  6
CONTINUOUS
100
AcDbLine
 10
5.8121222047244094
 20
-3.6175296062992124
 30
0
 11
5.815207362204724
 21
-3.6235845669291336
 31
0
  0
LINE
  5
5E
330
22
100
AcDbEntity
  8
F.Paste
  6
CONTINUOUS
100
AcDbLine
 10
5.815207362204724
 20
-3.6235845669291336
 30
0
 11
5.8173073622047244
 21
-3.6300476377952755
 31
0
  0
LINE
  5
5F
330
22
100
AcDbEntity
  8
F.Paste
  6
CONTINUOUS
100
AcDbLine
 10
5.8173073622047244
 20
-3.6300476377952755
 30
0
 11
5.8183704330708661
 21
-3.6367596456692914
 31
0
  0
LINE
  5
60
330
22
100
AcDbEntity
  8
F.Paste
  6
CONTINUOUS
100
AcDbLine
 10
5.8183704330708661
 20
-3.6367596456692914
 30
0
 11
5.8183704330708661
 21
-3.6435553149606297
 31
0
  0
LINE
  5
61
330
22
100
AcDbEntity
  8
F.Paste
  6
CONTINUOUS
100
AcDbLine
 10
5.8183704330708661
 20
-3.6435553149606297
 30
0
 11
5.8173073622047244
 21
-3.6502673228346456
 31
0
  0
LINE
  5
62
330
22
100
AcDbEntity
  8
F.Paste
  6
CONTINUOUS
100
AcDbLine
 10
5.8173073622047244
 20
-3.6502673228346456
 30
0
 11
5.815207362204724
 21
-3.6567303937007871
 31
0
  0
LINE
  5
63
330
22
100
AcDbEntity
  8
F.Paste
  6
CONTINUOUS
100
AcDbLine
 10
5.815207362204724
 20
-3.6567303937007871
 30
0
 11
5.8121222047244094
 21
-3.6627853543307087
 31
0
  0
LINE
  5
64
330
22
100
AcDbEntity
  8
F.Paste
  6
CONTINUOUS
100
AcDbLine
 10
5.8121222047244094
 20
-3.6627853543307087
 30
0
 11
5.8081278346456688
 21
-3.6682831889763778
 31
0
  0
LINE
  5
65
330
22
100
AcDbEntity
  8
F.Paste
  6
CONTINUOUS
100
AcDbLine
 10
5.8081278346456688
 20
-3.6682831889763778
 30
0
 11
5.8033225590551183
 21
-3.6730884645669288
 31
0
  0
LINE
  5
66
330
22
100
AcDbEntity
  8
F.Paste
  6
CONTINUOUS
100
AcDbLine
 10
5.8033225590551183
 20
-3.6730884645669288
 30
0
 11
5.7978247244094483
 21
-3.6770828346456694
 31
0
  0
LINE
  5
67
330
22
100
AcDbEntity
  8
F.Paste
  6
CONTINUOUS
100
AcDbLine
 10
5.7978247244094483
 20
-3.6770828346456694
 30
0
 11
5.7917697637795271
 21
-3.680167992125984
 31
0
  0
LINE
  5
68
330
22
100
AcDbEntity
  8
F.Paste
  6
CONTINUOUS
100
AcDbLine
 10
5.7917697637795271
 20
-3.680167992125984
 30
0
 11
5.7853066929133856
 21
-3.682267992125984
 31
0
  0
LINE
  5
69
330
22
100
AcDbEntity
  8
F.Paste
  6
CONTINUOUS
100
AcDbLine
 10
5.7853066929133856
 20
-3.682267992125984
 30
0
 11
5.7785946850393701
 21
-3.6833310629921261
 31
0
  0
LINE
  5
6A
330
22
100
AcDbEntity
  8
F.Paste
  6
CONTINUOUS
100
AcDbLine
 10
5.7785946850393701
 20
-3.6833310629921261
 30
0
 11
5.771799015748031
 21
-3.6833310629921261
 31
0
  0
LINE
  5
6B
330
22
100
AcDbEntity
  8
F.Paste
  6
CONTINUOUS
100
AcDbLine
 10
5.771799015748031
 20
-3.6833310629921261
 30
0
 11
5.7650870078740155
 21
-3.682267992125984
 31
0
  0
LINE
  5
6C
330
22
100
AcDbEntity
  8
F.Paste
  6
CONTINUOUS
100
AcDbLine
 10
5.7650870078740155
 20
-3.682267992125984
 30
0
 11
5.758623937007874
 21
-3.680167992125984
 31
0
  0
LINE
  5
6D
330
22
100
AcDbEntity
  8
F.Paste
  6
CONTINUOUS
100
AcDbLine
 10
5.758623937007874
 20
-3.680167992125984
 30
0
 11
5.7525689763779528
 21
-3.6770828346456694
 31
0
  0
LINE
  5
6E
330
22
100
AcDbEntity
  8
F.Paste
  6
CONTINUOUS
100
AcDbLine
 10
5.7525689763779528
 20
-3.6770828346456694
 30
0
 11
5.7470711417322837
 21
-3.6730884645669288
 31
0
  0
LINE
  5
6F
330
22
100
AcDbEntity
  8
F.Paste
  6
CONTINUOUS
100
AcDbLine
 10
5.7470711417322837
 20
-3.6730884645669288
 30
0
 11
5.7422658661417323
 21
-3.6682831889763778
 31
0
  0
LINE
  5
70
330
22
100
AcDbEntity
  8
F.Paste
  6
CONTINUOUS
100
AcDbLine
 10
5.7422658661417323
 20
-3.6682831889763778
 30
0
 11
5.7382714960629917
 21
-3.6627853543307087
 31
0
  0
LINE
  5
71
330
22
100
AcDbEntity
  8
F.Paste
  6
CONTINUOUS
100
AcDbLine
 10
5.7382714960629917
 20
-3.6627853543307087
 30
0
 11
5.7351863385826771
 21
-3.6567303937007871
 31
0
  0
LINE
  5
72
330
22
100
AcDbEntity
  8
F.Paste
  6
CONTINUOUS
100
AcDbLine
 10
5.7351863385826771
 20
-3.6567303937007871
 30
0
 11
5.7330863385826767
 21
-3.6502673228346456
 31
0
  0
LINE
  5
73
330
22
100
AcDbEntity
  8
F.Paste
  6
CONTINUOUS
100
AcDbLine
 10
5.7330863385826767
 20
-3.6502673228346456
 30
0
 11
5.732023267716535
 21
-3.6435553149606297
 31
0
  0
LINE
  5
74
330
22
100
AcDbEntity
  8
F.Paste
  6
CONTINUOUS
100
AcDbLine
 10
5.732023267716535
 20
-3.6435553149606297
 30
0
 11
5.732023267716535
 21
-3.6367596456692914
 31
0
  0
LINE
  5
75
330
22
100
AcDbEntity
  8
F.Paste
  6
CONTINUOUS
100
AcDbLine
 10
5.732023267716535
 20
-3.6367596456692914
 30
0
 11
5.7330863385826767
 21
-3.6300476377952755
 31
0
  0
LINE
  5
76
330
22
100
AcDbEntity
  8
F.Paste
  6
CONTINUOUS
100
AcDbLine
 10
5.7330863385826767
 20
-3.6300476377952755
 30
0
 11
5.7351863385826771
 21
-3.6235845669291336
 31
0
  0
LINE
  5
77
330
22
100
AcDbEntity
  8
F.Paste
  6
CONTINUOUS
100
AcDbLine
 10
5.7351863385826771
 20
-3.6235845669291336
 30
0
 11
5.7382714960629917
 21
-3.6175296062992124
 31
0
  0
LINE
  5
78
330
22
100
AcDbEntity
  8
F.Paste
  6
CONTINUOUS
100
AcDbLine
 10
5.7382714960629917
 20
-3.6175296062992124
 30
0
 11
5.7422658661417323
 21
-3.6120317716535433
 31
0
  0
LINE
  5
79
330
22
100
AcDbEntity
  8
F.Paste
  6
CONTINUOUS
100
AcDbLine
 10
5.7422658661417323
 20
-3.6120317716535433
 30
0
 11
5.7470711417322837
 21
-3.6072264960629918
 31
0
  0
LINE
  5
7A
330
22
100
AcDbEntity
  8
F.Paste
  6
CONTINUOUS
100
AcDbLine
 10
5.7470711417322837
 20
-3.6072264960629918
 30
0
 11
5.7525689763779528
 21
-3.6032321259842517
 31
0
  0
LINE
  5
7B
330
22
100
AcDbEntity
  8
F.Paste
  6
CONTINUOUS
100
AcDbLine
 10
5.7525689763779528
 20
-3.6032321259842517
 30
0
 11
5.758623937007874
 21
-3.6001469685039371
 31
0
  0
LINE
  5
7C
330
22
100
AcDbEntity
  8
F.Paste
  6
CONTINUOUS
100
AcDbLine
 10
5.758623937007874
 20
-3.6001469685039371
 30
0
 11
5.7650870078740155
 21
-3.5980469685039371
 31
0
  0
LINE
  5
7D
330
22
100
AcDbEntity
  8
F.Paste
  6
CONTINUOUS
100
AcDbLine
 10
5.7650870078740155
 20
-3.5980469685039371
 30
0
 11
5.771799015748031
 21
-3.596983897637795
 31
0
  0
LINE
  5
7E
330
22
100
AcDbEntity
  8
F.Paste
  6
CONTINUOUS
100
AcDbLine
 10
5.771799015748031
 20
-3.596983897637795
 30
0
 11
5.7785946850393701
 21
-3.596983897637795
 31
0
  0
LINE
  5
7F
330
22
100
AcDbEntity
  8
F.Paste
  6
CONTINUOUS
100
AcDbLine
 10
5.7785946850393701
 20
-3.596983897637795
 30
0
 11
5.7853066929133856
 21
-3.5980469685039371
 31
0
  0
LINE
  5
80
330
22
100
AcDbEntity
  8
F.Paste
  6
CONTINUOUS
100
AcDbLine
 10
7.3010547244094486
 20
-3.5980469685039371
 30
0
 11
7.3075177952755901
 21
-3.6001469685039371
 31
0
  0
LINE
  5
81
330
22
100
AcDbEntity
  8
F.Paste
  6
CONTINUOUS
100
AcDbLine
 10
7.3075177952755901
 20
-3.6001469685039371
 30
0
 11
7.3135727559055113
 21
-3.6032321259842517
 31
0
  0
LINE
  5
82
330
22
100
AcDbEntity
  8
F.Paste
  6
CONTINUOUS
100
AcDbLine
 10
7.3135727559055113
 20
-3.6032321259842517
 30
0
 11
7.3190705905511813
 21
-3.6072264960629918
 31
0
  0
LINE
  5
83
330
22
100
AcDbEntity
  8
F.Paste
  6
CONTINUOUS
100
AcDbLine
 10
7.3190705905511813
 20
-3.6072264960629918
 30
0
 11
7.3238758661417318
 21
-3.6120317716535433
 31
0
  0
LINE
  5
84
330
22
100
AcDbEntity
  8
F.Paste
  6
CONTINUOUS
100
AcDbLine
 10
7.3238758661417318
 20
-3.6120317716535433
 30
0
 11
7.3278702362204724
 21
-3.6175296062992124
 31
0
  0
LINE
  5
85
330
22
100
AcDbEntity
  8
F.Paste
  6
CONTINUOUS
100
AcDbLine
 10
7.3278702362204724
 20
-3.6175296062992124
 30
0
 11
7.330955393700787
 21
-3.6235845669291336
 31
0
  0
LINE
  5
86
330
22
100
AcDbEntity
  8
F.Paste
  6
CONTINUOUS
100
AcDbLine
 10
7.330955393700787
 20
-3.6235845669291336
 30
0
 11
7.3330553937007874
 21
-3.6300476377952755
 31
0
  0
LINE
  5
87
330
22
100
AcDbEntity
  8
F.Paste
  6
CONTINUOUS
100
AcDbLine
 10
7.3330553937007874
 20
-3.6300476377952755
 30
0
 11
7.3341184645669291
 21
-3.6367596456692914
 31
0
  0
LINE
  5
88
330
22
100
AcDbEntity
  8
F.Paste
  6
CONTINUOUS
100
AcDbLine
 10
7.3341184645669291
 20
-3.6367596456692914
 30
0
 11
7.3341184645669291
 21
-3.6435553149606297
 31
0
  0
LINE
  5
89
330
22
100
AcDbEntity
  8
F.Paste
  6
CONTINUOUS
100
AcDbLine
 10
7.3341184645669291
 20
-3.6435553149606297
 30
0
 11
7.3330553937007874
 21
-3.6502673228346456
 31
0
  0
LINE
  5
8A
330
22
100
AcDbEntity
  8
F.Paste
  6
CONTINUOUS
100
AcDbLine
 10
7.3330553937007874
 20
-3.6502673228346456
 30
0
 11
7.330955393700787
 21
-3.6567303937007871
 31
0
  0
LINE
  5
8B
330
22
100
AcDbEntity
  8
F.Paste
  6
CONTINUOUS
100
AcDbLine
 10
7.330955393700787
 20
-3.6567303937007871
 30
0
 11
7.3278702362204724
 21
-3.6627853543307087
 31
0
  0
LINE
  5
8C
330
22
100
AcDbEntity
  8
F.Paste
  6
CONTINUOUS
100
AcDbLine
 10
7.3278702362204724
 20
-3.6627853543307087
 30
0
 11
7.3238758661417318
 21
-3.6682831889763778
 31
0
  0
LINE
  5
8D
330
22
100
AcDbEntity
  8
F.Paste
  6
CONTINUOUS
100
AcDbLine
 10
7.3238758661417318
 20
-3.6682831889763778
 30
0
 11
7.3190705905511813
 21
-3.6730884645669288
 31
0
  0
LINE
  5
8E
330
22
100
AcDbEntity
  8
F.Paste
  6
CONTINUOUS
100
AcDbLine
 10
7.3190705905511813
 20
-3.6730884645669288
 30
0
 11
7.3135727559055113
 21
-3.6770828346456694
 31
0
  0
LINE
  5
8F
330
22
100
AcDbEntity
  8
F.Paste
  6
CONTINUOUS
100
AcDbLine
 10
7.3135727559055113
 20
-3.6770828346456694
 30
0
 11
7.3075177952755901
 21
-3.680167992125984
 31
0
  0
LINE
  5
90
330
22
100
AcDbEntity
  8
F.Paste
  6
CONTINUOUS
100
AcDbLine
 10
7.3075177952755901
 20
-3.680167992125984
 30
0
 11
7.3010547244094486
 21
-3.682267992125984
 31
0
  0
LINE
  5
91
330
22
100
AcDbEntity
  8
F.Paste
  6
CONTINUOUS
100
AcDbLine
 10
7.3010547244094486
 20
-3.682267992125984
 30
0
 11
7.2943427165354331
 21
-3.6833310629921261
 31
0
  0
LINE
  5
92
330
22
100
AcDbEntity
  8
F.Paste
  6
CONTINUOUS
100
AcDbLine
 10
7.2943427165354331
 20
-3.6833310629921261
 30
0
 11
7.287547047244094
 21
-3.6833310629921261
 31
0
  0
LINE
  5
93
330
22
100
AcDbEntity
  8
F.Paste
  6
CONTINUOUS
100
AcDbLine
 10
7.287547047244094
 20
-3.6833310629921261
 30
0
 11
7.2808350393700785
 21
-3.682267992125984
 31
0
  0
LINE
  5
94
330
22
100
AcDbEntity
  8
F.Paste
  6
CONTINUOUS
100
AcDbLine
 10
7.2808350393700785
 20
-3.682267992125984
 30
0
 11
7.274371968503937
 21
-3.680167992125984
 31
0
  0
LINE
  5
95
330
22
100
AcDbEntity
  8
F.Paste
  6
CONTINUOUS
100
AcDbLine
 10
7.274371968503937
 20
-3.680167992125984
 30
0
 11
7.2683170078740158
 21
-3.6770828346456694
 31
0
  0
LINE
  5
96
330
22
100
AcDbEntity
  8
F.Paste
  6
CONTINUOUS
100
AcDbLine
 10
7.2683170078740158
 20
-3.6770828346456694
 30
0
 11
7.2628191732283467
 21
-3.6730884645669288
 31
0
  0
LINE
  5
97
330
22
100
AcDbEntity
  8
F.Paste
  6
CONTINUOUS
100
AcDbLine
 10
7.2628191732283467
 20
-3.6730884645669288
 30
0
 11
7.2580138976377953
 21
-3.6682831889763778
 31
0
  0
LINE
  5
98
330
22
100
AcDbEntity
  8
F.Paste
  6
CONTINUOUS
100
AcDbLine
 10
7.2580138976377953
 20
-3.6682831889763778
 30
0
 11
7.2540195275590547
 21
-3.6627853543307087
 31
0
  0
LINE
  5
99
330
22
100
AcDbEntity
  8
F.Paste
  6
CONTINUOUS
100
AcDbLine
 10
7.2540195275590547
 20
-3.6627853543307087
 30
0
 11
7.2509343700787401
 21
-3.6567303937007871
 31
0
  0
LINE
  5
9A
330
22
100
AcDbEntity
  8
F.Paste
  6
CONTINUOUS
100
AcDbLine
 10
7.2509343700787401
 20
-3.6567303937007871
 30
0
 11
7.2488343700787397
 21
-3.6502673228346456
 31
0
  0
LINE
  5
9B
330
22
100
AcDbEntity
  8
F.Paste
  6
CONTINUOUS
100
AcDbLine
 10
7.2488343700787397
 20
-3.6502673228346456
 30
0
 11
7.247771299212598
 21
-3.6435553149606297
 31
0
  0
LINE
  5
9C
330
22
100
AcDbEntity
  8
F.Paste
  6
CONTINUOUS
100
AcDbLine
 10
7.247771299212598
 20
-3.6435553149606297
 30
0
 11
7.247771299212598
 21
-3.6367596456692914
 31
0
  0
LINE
  5
9D
330
22
100
AcDbEntity
  8
F.Paste
  6
CONTINUOUS
100
AcDbLine
 10
7.247771299212598
 20
-3.6367596456692914
 30
0
 11
7.2488343700787397
 21
-3.6300476377952755
 31
0
  0
LINE
  5
9E
330
22
100
AcDbEntity
  8
F.Paste
  6
CONTINUOUS
100
AcDbLine
 10
7.2488343700787397
 20
-3.6300476377952755
 30
0
 11
7.2509343700787401
 21
-3.6235845669291336
 31
0
  0
LINE
  5
9F
330
22
100
AcDbEntity
  8
F.Paste
  6
CONTINUOUS
100
AcDbLine
 10
7.2509343700787401
 20
-3.6235845669291336
 30
0
 11
7.2540195275590547
 21
-3.6175296062992124
 31
0
  0
LINE
  5
A0
330
22
100
AcDbEntity
  8
F.Paste
  6
CONTINUOUS
100
AcDbLine
 10
7.2540195275590547
 20
-3.6175296062992124
 30
0
 11
7.2580138976377953
 21
-3.6120317716535433
 31
0
  0
LINE
  5
A1
330
22
100
AcDbEntity
  8
F.Paste
  6
CONTINUOUS
100
AcDbLine
 10
7.2580138976377953
 20
-3.6120317716535433
 30
0
 11
7.2628191732283467
 21
-3.6072264960629918
 31
0
  0
LINE
  5
A2
330
22
100
AcDbEntity
  8
F.Paste
  6
CONTINUOUS
100
AcDbLine
 10
7.2628191732283467
 20
-3.6072264960629918
 30
0
 11
7.2683170078740158
 21
-3.6032321259842517
 31
0
  0
LINE
  5
A3
330
22
100
AcDbEntity
  8
F.Paste
  6
CONTINUOUS
100
AcDbLine
 10
7.2683170078740158
 20
-3.6032321259842517
 30
0
 11
7.274371968503937
 21
-3.6001469685039371
 31
0
  0
LINE
  5
A4
330
22
100
AcDbEntity
  8
F.Paste
  6
CONTINUOUS
100
AcDbLine
 10
7.274371968503937
 20
-3.6001469685039371
 30
0
 11
7.2808350393700785
 21
-3.5980469685039371
 31
0
  0
LINE
  5
A5
330
22
100
AcDbEntity
  8
F.Paste
  6
CONTINUOUS
100
AcDbLine
 10
7.2808350393700785
 20
-3.5980469685039371
 30
0
 11
7.287547047244094
 21
-3.596983897637795
 31
0
  0
LINE
  5
A6
330
22
100
AcDbEntity
  8
F.Paste
  6
CONTINUOUS
100
AcDbLine
 10
7.287547047244094
 20
-3.596983897637795
 30
0
 11
7.2943427165354331
 21
-3.596983897637795
 31
0
  0
LINE
  5
A7
330
22
100
AcDbEntity
  8
F.Paste
  6
CONTINUOUS
100
AcDbLine
 10
7.2943427165354331
 20
-3.596983897637795
 30
0
 11
7.3010547244094486
 21
-3.5980469685039371
 31
0
  0
LINE
  5
A8
330
22
100
AcDbEntity
  8
F.Paste
  6
CONTINUOUS
100
AcDbLine
 10
5.3556423228346457
 20
-3.1044918503937007
 30
0
 11
5.3620764566929129
 21
-3.1057716929133856
 31
0
  0
LINE
  5
A9
330
22
100
AcDbEntity
  8
F.Paste
  6
CONTINUOUS
100
AcDbLine
 10
5.3620764566929129
 20
-3.1057716929133856
 30
0
 11
5.3681372834645664
 21
-3.1082821653543307
 31
0
  0
LINE
  5
AA
330
22
100
AcDbEntity
  8
F.Paste
  6
CONTINUOUS
100
AcDbLine
 10
5.3681372834645664
 20
-3.1082821653543307
 30
0
 11
5.3735918897637793
 21
-3.111926811023622
 31
0
  0
LINE
  5
AB
330
22
100
AcDbEntity
  8
F.Paste
  6
CONTINUOUS
100
AcDbLine
 10
5.3735918897637793
 20
-3.111926811023622
 30
0
 11
5.3782306692913382
 21
-3.1165655905511809
 31
0
  0
LINE
  5
AC
330
22
100
AcDbEntity
  8
F.Paste
  6
CONTINUOUS
100
AcDbLine
 10
5.3782306692913382
 20
-3.1165655905511809
 30
0
 11
5.38187531496063
 21
-3.1220201968503938
 31
0
  0
LINE
  5
AD
330
22
100
AcDbEntity
  8
F.Paste
  6
CONTINUOUS
100
AcDbLine
 10
5.38187531496063
 20
-3.1220201968503938
 30
0
 11
5.384385787401575
 21
-3.1280810236220473
 31
0
  0
LINE
  5
AE
330
22
100
AcDbEntity
  8
F.Paste
  6
CONTINUOUS
100
AcDbLine
 10
5.384385787401575
 20
-3.1280810236220473
 30
0
 11
5.3855349606299212
 21
-3.1338582677165352
 31
0
  0
LINE
  5
AF
330
22
100
AcDbEntity
  8
F.Paste
  6
CONTINUOUS
100
AcDbLine
 10
5.3855349606299212
 20
-3.1338582677165352
 30
0
 11
6.3814960629921256
 21
-3.1338582677165352
 31
0
  0
LINE
  5
B0
330
22
100
AcDbEntity
  8
F.Paste
  6
CONTINUOUS
100
AcDbLine
 10
6.3814960629921256
 20
-3.1338582677165352
 30
0
 11
6.3822641338582677
 21
-3.1339338976377951
 31
0
  0
LINE
  5
B1
330
22
100
AcDbEntity
  8
F.Paste
  6
CONTINUOUS
100
AcDbLine
 10
6.3822641338582677
 20
-3.1339338976377951
 30
0
 11
6.3836833464566931
 21
-3.1345217716535432
 31
0
  0
LINE
  5
B2
330
22
100
AcDbEntity
  8
F.Paste
  6
CONTINUOUS
100
AcDbLine
 10
6.3836833464566931
 20
-3.1345217716535432
 30
0
 11
6.3842799606299208
 21
-3.1350113779527558
 31
0
  0
LINE
  5
B3
330
22
100
AcDbEntity
  8
F.Paste
  6
CONTINUOUS
100
AcDbLine
 10
6.3842799606299208
 20
-3.1350113779527558
 30
0
 11
6.757748976377953
 21
-3.5084803937007871
 31
0
  0
LINE
  5
B4
330
22
100
AcDbEntity
  8
F.Paste
  6
CONTINUOUS
100
AcDbLine
 10
6.757748976377953
 20
-3.5084803937007871
 30
0
 11
6.7628051968503939
 21
-3.5048069291338582
 31
0
  0
LINE
  5
B5
330
22
100
AcDbEntity
  8
F.Paste
  6
CONTINUOUS
100
AcDbLine
 10
6.7628051968503939
 20
-3.5048069291338582
 30
0
 11
6.7688601574803151
 21
-3.5017217716535431
 31
0
  0
LINE
  5
B6
330
22
100
AcDbEntity
  8
F.Paste
  6
CONTINUOUS
100
AcDbLine
 10
6.7688601574803151
 20
-3.5017217716535431
 30
0
 11
6.7753232283464566
 21
-3.4996217716535432
 31
0
  0
LINE
  5
B7
330
22
100
AcDbEntity
  8
F.Paste
  6
CONTINUOUS
100
AcDbLine
 10
6.7753232283464566
 20
-3.4996217716535432
 30
0
 11
6.7820352362204721
 21
-3.4985587007874015
 31
0
  0
LINE
  5
B8
330
22
100
AcDbEntity
  8
F.Paste
  6
CONTINUOUS
100
AcDbLine
 10
6.7820352362204721
 20
-3.4985587007874015
 30
0
 11
6.7888309055118112
 21
-3.4985587007874015
 31
0
  0
LINE
  5
B9
330
22
100
AcDbEntity
  8
F.Paste
  6
CONTINUOUS
100
AcDbLine
 10
6.7888309055118112
 20
-3.4985587007874015
 30
0
 11
6.7955429133858267
 21
-3.4996217716535432
 31
0
  0
LINE
  5
BA
330
22
100
AcDbEntity
  8
F.Paste
  6
CONTINUOUS
100
AcDbLine
 10
6.7955429133858267
 20
-3.4996217716535432
 30
0
 11
6.8020059842519682
 21
-3.5017217716535431
 31
0
  0
LINE
  5
BB
330
22
100
AcDbEntity
  8
F.Paste
  6
CONTINUOUS
100
AcDbLine
 10
6.8020059842519682
 20
-3.5017217716535431
 30
0
 11
6.8080609448818894
 21
-3.5048069291338582
 31
0
  0
LINE
  5
BC
330
22
100
AcDbEntity
  8
F.Paste
  6
CONTINUOUS
100
AcDbLine
 10
6.8080609448818894
 20
-3.5048069291338582
 30
0
 11
6.8135587795275585
 21
-3.5088012992125983
 31
0
  0
LINE
  5
BD
330
22
100
AcDbEntity
  8
F.Paste
  6
CONTINUOUS
100
AcDbLine
 10
6.8135587795275585
 20
-3.5088012992125983
 30
0
 11
6.8183640551181099
 21
-3.5136065748031493
 31
0
  0
LINE
  5
BE
330
22
100
AcDbEntity
  8
F.Paste
  6
CONTINUOUS
100
AcDbLine
 10
6.8183640551181099
 20
-3.5136065748031493
 30
0
 11
6.8223584251968505
 21
-3.5191044094488189
 31
0
  0
LINE
  5
BF
330
22
100
AcDbEntity
  8
F.Paste
  6
CONTINUOUS
100
AcDbLine
 10
6.8223584251968505
 20
-3.5191044094488189
 30
0
 11
6.8254435826771651
 21
-3.52515937007874
 31
0
  0
LINE
  5
C0
330
22
100
AcDbEntity
  8
F.Paste
  6
CONTINUOUS
100
AcDbLine
 10
6.8254435826771651
 20
-3.52515937007874
 30
0
 11
6.8275435826771655
 21
-3.531622440944882
 31
0
  0
LINE
  5
C1
330
22
100
AcDbEntity
  8
F.Paste
  6
CONTINUOUS
100
AcDbLine
 10
6.8275435826771655
 20
-3.531622440944882
 30
0
 11
6.8286066535433072
 21
-3.5383344488188975
 31
0
  0
LINE
  5
C2
330
22
100
AcDbEntity
  8
F.Paste
  6
CONTINUOUS
100
AcDbLine
 10
6.8286066535433072
 20
-3.5383344488188975
 30
0
 11
6.8286066535433072
 21
-3.5451301181102362
 31
0
  0
LINE
  5
C3
330
22
100
AcDbEntity
  8
F.Paste
  6
CONTINUOUS
100
AcDbLine
 10
6.8286066535433072
 20
-3.5451301181102362
 30
0
 11
6.8275435826771655
 21
-3.5518421259842521
 31
0
  0
LINE
  5
C4
330
22
100
AcDbEntity
  8
F.Paste
  6
CONTINUOUS
100
AcDbLine
 10
6.8275435826771655
 20
-3.5518421259842521
 30
0
 11
6.8254435826771651
 21
-3.5583051968503936
 31
0
  0
LINE
  5
C5
330
22
100
AcDbEntity
  8
F.Paste
  6
CONTINUOUS
100
AcDbLine
 10
6.8254435826771651
 20
-3.5583051968503936
 30
0
 11
6.8223584251968505
 21
-3.5643601574803148
 31
0
  0
LINE
  5
C6
330
22
100
AcDbEntity
  8
F.Paste
  6
CONTINUOUS
100
AcDbLine
 10
6.8223584251968505
 20
-3.5643601574803148
 30
0
 11
6.8183640551181099
 21
-3.5698579921259843
 31
0
  0
LINE
  5
C7
330
22
100
AcDbEntity
  8
F.Paste
  6
CONTINUOUS
100
AcDbLine
 10
6.8183640551181099
 20
-3.5698579921259843
 30
0
 11
6.8135587795275585
 21
-3.5746632677165353
 31
0
  0
LINE
  5
C8
330
22
100
AcDbEntity
  8
F.Paste
  6
CONTINUOUS
100
AcDbLine
 10
6.8135587795275585
 20
-3.5746632677165353
 30
0
 11
6.8080609448818894
 21
-3.5786576377952755
 31
0
  0
LINE
  5
C9
330
22
100
AcDbEntity
  8
F.Paste
  6
CONTINUOUS
100
AcDbLine
 10
6.8080609448818894
 20
-3.5786576377952755
 30
0
 11
6.8020059842519682
 21
-3.5817427952755905
 31
0
  0
LINE
  5
CA
330
22
100
AcDbEntity
  8
F.Paste
  6
CONTINUOUS
100
AcDbLine
 10
6.8020059842519682
 20
-3.5817427952755905
 30
0
 11
6.7955429133858267
 21
-3.5838427952755905
 31
0
  0
LINE
  5
CB
330
22
100
AcDbEntity
  8
F.Paste
  6
CONTINUOUS
100
AcDbLine
 10
6.7955429133858267
 20
-3.5838427952755905
 30
0
 11
6.7888309055118112
 21
-3.5849058661417321
 31
0
  0
LINE
  5
CC
330
22
100
AcDbEntity
  8
F.Paste
  6
CONTINUOUS
100
AcDbLine
 10
6.7888309055118112
 20
-3.5849058661417321
 30
0
 11
6.7820352362204721
 21
-3.5849058661417321
 31
0
  0
LINE
  5
CD
330
22
100
AcDbEntity
  8
F.Paste
  6
CONTINUOUS
100
AcDbLine
 10
6.7820352362204721
 20
-3.5849058661417321
 30
0
 11
6.7753232283464566
 21
-3.5838427952755905
 31
0
  0
LINE
  5
CE
330
22
100
AcDbEntity
  8
F.Paste
  6
CONTINUOUS
100
AcDbLine
 10
6.7753232283464566
 20
-3.5838427952755905
 30
0
 11
6.7688601574803151
 21
-3.5817427952755905
 31
0
  0
LINE
  5
CF
330
22
100
AcDbEntity
  8
F.Paste
  6
CONTINUOUS
100
AcDbLine
 10
6.7688601574803151
 20
-3.5817427952755905
 30
0
 11
6.7628051968503939
 21
-3.5786576377952755
 31
0
  0
LINE
  5
D0
330
22
100
AcDbEntity
  8
F.Paste
  6
CONTINUOUS
100
AcDbLine
 10
6.7628051968503939
 20
-3.5786576377952755
 30
0
 11
6.7573073622047239
 21
-3.5746632677165353
 31
0
  0
LINE
  5
D1
330
22
100
AcDbEntity
  8
F.Paste
  6
CONTINUOUS
100
AcDbLine
 10
6.7573073622047239
 20
-3.5746632677165353
 30
0
 11
6.7525020866141734
 21
-3.5698579921259843
 31
0
  0
LINE
  5
D2
330
22
100
AcDbEntity
  8
F.Paste
  6
CONTINUOUS
100
AcDbLine
 10
6.7525020866141734
 20
-3.5698579921259843
 30
0
 11
6.7485077165354328
 21
-3.5643601574803148
 31
0
  0
LINE
  5
D3
330
22
100
AcDbEntity
  8
F.Paste
  6
CONTINUOUS
100
AcDbLine
 10
6.7485077165354328
 20
-3.5643601574803148
 30
0
 11
6.7454225590551182
 21
-3.5583051968503936
 31
0
  0
LINE
  5
D4
330
22
100
AcDbEntity
  8
F.Paste
  6
CONTINUOUS
100
AcDbLine
 10
6.7454225590551182
 20
-3.5583051968503936
 30
0
 11
6.7433225590551178
 21
-3.5518421259842521
 31
0
  0
LINE
  5
D5
330
22
100
AcDbEntity
  8
F.Paste
  6
CONTINUOUS
100
AcDbLine
 10
6.7433225590551178
 20
-3.5518421259842521
 30
0
 11
6.7422594881889761
 21
-3.5451301181102362
 31
0
  0
LINE
  5
D6
330
22
100
AcDbEntity
  8
F.Paste
  6
CONTINUOUS
100
AcDbLine
 10
6.7422594881889761
 20
-3.5451301181102362
 30
0
 11
6.7422594881889761
 21
-3.5383344488188975
 31
0
  0
LINE
  5
D7
330
22
100
AcDbEntity
  8
F.Paste
  6
CONTINUOUS
100
AcDbLine
 10
6.7422594881889761
 20
-3.5383344488188975
 30
0
 11
6.7433225590551178
 21
-3.531622440944882
 31
0
  0
LINE
  5
D8
330
22
100
AcDbEntity
  8
F.Paste
  6
CONTINUOUS
100
AcDbLine
 10
6.7433225590551178
 20
-3.531622440944882
 30
0
 11
6.7454225590551182
 21
-3.52515937007874
 31
0
  0
LINE
  5
D9
330
22
100
AcDbEntity
  8
F.Paste
  6
CONTINUOUS
100
AcDbLine
 10
6.7454225590551182
 20
-3.52515937007874
 30
0
 11
6.7485077165354328
 21
-3.5191044094488189
 31
0
  0
LINE
  5
DA
330
22
100
AcDbEntity
  8
F.Paste
  6
CONTINUOUS
100
AcDbLine
 10
6.7485077165354328
 20
-3.5191044094488189
 30
0
 11
6.7521811811023618
 21
-3.5140481889763779
 31
0
  0
LINE
  5
DB
330
22
100
AcDbEntity
  8
F.Paste
  6
CONTINUOUS
100
AcDbLine
 10
6.7521811811023618
 20
-3.5140481889763779
 30
0
 11
6.3798652755905509
 21
-3.1417322834645667
 31
0
  0
LINE
  5
DC
330
22
100
AcDbEntity
  8
F.Paste
  6
CONTINUOUS
100
AcDbLine
 10
6.3798652755905509
 20
-3.1417322834645667
 30
0
 11
5.3855349606299212
 21
-3.1417322834645667
 31
0
  0
LINE
  5
DD
330
22
100
AcDbEntity
  8
F.Paste
  6
CONTINUOUS
100
AcDbLine
 10
5.3855349606299212
 20
-3.1417322834645667
 30
0
 11
5.384385787401575
 21
-3.147509527559055
 31
0
  0
LINE
  5
DE
330
22
100
AcDbEntity
  8
F.Paste
  6
CONTINUOUS
100
AcDbLine
 10
5.384385787401575
 20
-3.147509527559055
 30
0
 11
5.38187531496063
 21
-3.1535703543307085
 31
0
  0
LINE
  5
DF
330
22
100
AcDbEntity
  8
F.Paste
  6
CONTINUOUS
100
AcDbLine
 10
5.38187531496063
 20
-3.1535703543307085
 30
0
 11
5.3782306692913382
 21
-3.159024960629921
 31
0
  0
LINE
  5
E0
330
22
100
AcDbEntity
  8
F.Paste
  6
CONTINUOUS
100
AcDbLine
 10
5.3782306692913382
 20
-3.159024960629921
 30
0
 11
5.3735918897637793
 21
-3.1636637401574803
 31
0
  0
LINE
  5
E1
330
22
100
AcDbEntity
  8
F.Paste
  6
CONTINUOUS
100
AcDbLine
 10
5.3735918897637793
 20
-3.1636637401574803
 30
0
 11
5.3681372834645664
 21
-3.1673083858267717
 31
0
  0
LINE
  5
E2
330
22
100
AcDbEntity
  8
F.Paste
  6
CONTINUOUS
100
AcDbLine
 10
5.3681372834645664
 20
-3.1673083858267717
 30
0
 11
5.3620764566929129
 21
-3.1698188582677163
 31
0
  0
LINE
  5
E3
330
22
100
AcDbEntity
  8
F.Paste
  6
CONTINUOUS
100
AcDbLine
 10
5.3620764566929129
 20
-3.1698188582677163
 30
0
 11
5.3556423228346457
 21
-3.1710987007874016
 31
0
  0
LINE
  5
E4
330
22
100
AcDbEntity
  8
F.Paste
  6
CONTINUOUS
100
AcDbLine
 10
5.3556423228346457
 20
-3.1710987007874016
 30
0
 11
5.3523622047244093
 21
-3.1712598425196852
 31
0
  0
LINE
  5
E5
330
22
100
AcDbEntity
  8
F.Paste
  6
CONTINUOUS
100
AcDbLine
 10
5.3523622047244093
 20
-3.1712598425196852
 30
0
 11
5.2775590551181102
 21
-3.1712598425196852
 31
0
  0
LINE
  5
E6
330
22
100
AcDbEntity
  8
F.Paste
  6
CONTINUOUS
100
AcDbLine
 10
5.2775590551181102
 20
-3.1712598425196852
 30
0
 11
5.2742789370078738
 21
-3.1710987007874016
 31
0
  0
LINE
  5
E7
330
22
100
AcDbEntity
  8
F.Paste
  6
CONTINUOUS
100
AcDbLine
 10
5.2742789370078738
 20
-3.1710987007874016
 30
0
 11
5.2678448031496066
 21
-3.1698188582677163
 31
0
  0
LINE
  5
E8
330
22
100
AcDbEntity
  8
F.Paste
  6
CONTINUOUS
100
AcDbLine
 10
5.2678448031496066
 20
-3.1698188582677163
 30
0
 11
5.261783976377953
 21
-3.1673083858267717
 31
0
  0
LINE
  5
E9
330
22
100
AcDbEntity
  8
F.Paste
  6
CONTINUOUS
100
AcDbLine
 10
5.261783976377953
 20
-3.1673083858267717
 30
0
 11
5.2563293700787401
 21
-3.1636637401574803
 31
0
  0
LINE
  5
EA
330
22
100
AcDbEntity
  8
F.Paste
  6
CONTINUOUS
100
AcDbLine
 10
5.2563293700787401
 20
-3.1636637401574803
 30
0
 11
5.2516905905511813
 21
-3.159024960629921
 31
0
  0
LINE
  5
EB
330
22
100
AcDbEntity
  8
F.Paste
  6
CONTINUOUS
100
AcDbLine
 10
5.2516905905511813
 20
-3.159024960629921
 30
0
 11
5.2480459448818895
 21
-3.1535703543307085
 31
0
  0
LINE
  5
EC
330
22
100
AcDbEntity
  8
F.Paste
  6
CONTINUOUS
100
AcDbLine
 10
5.2480459448818895
 20
-3.1535703543307085
 30
0
 11
5.2455354724409444
 21
-3.147509527559055
 31
0
  0
LINE
  5
ED
330
22
100
AcDbEntity
  8
F.Paste
  6
CONTINUOUS
100
AcDbLine
 10
5.2455354724409444
 20
-3.147509527559055
 30
0
 11
5.2442556299212599
 21
-3.1410753937007874
 31
0
  0
LINE
  5
EE
330
22
100
AcDbEntity
  8
F.Paste
  6
CONTINUOUS
100
AcDbLine
 10
5.2442556299212599
 20
-3.1410753937007874
 30
0
 11
5.2442556299212599
 21
-3.134515157480315
 31
0
  0
LINE
  5
EF
330
22
100
AcDbEntity
  8
F.Paste
  6
CONTINUOUS
100
AcDbLine
 10
5.2442556299212599
 20
-3.134515157480315
 30
0
 11
5.2455354724409444
 21
-3.1280810236220473
 31
0
  0
LINE
  5
F0
330
22
100
AcDbEntity
  8
F.Paste
  6
CONTINUOUS
100
AcDbLine
 10
5.2455354724409444
 20
-3.1280810236220473
 30
0
 11
5.2480459448818895
 21
-3.1220201968503938
 31
0
  0
LINE
  5
F1
330
22
100
AcDbEntity
  8
F.Paste
  6
CONTINUOUS
100
AcDbLine
 10
5.2480459448818895
 20
-3.1220201968503938
 30
0
 11
5.2516905905511813
 21
-3.1165655905511809
 31
0
  0
LINE
  5
F2
330
22
100
AcDbEntity
  8
F.Paste
  6
CONTINUOUS
100
AcDbLine
 10
5.2516905905511813
 20
-3.1165655905511809
 30
0
 11
5.2563293700787401
 21
-3.111926811023622
 31
0
  0
LINE
  5
F3
330
22
100
AcDbEntity
  8
F.Paste
  6
CONTINUOUS
100
AcDbLine
 10
5.2563293700787401
 20
-3.111926811023622
 30
0
 11
5.261783976377953
 21
-3.1082821653543307
 31
0
  0
LINE
  5
F4
330
22
100
AcDbEntity
  8
F.Paste
  6
CONTINUOUS
100
AcDbLine
 10
5.261783976377953
 20
-3.1082821653543307
 30
0
 11
5.2678448031496066
 21
-3.1057716929133856
 31
0
  0
LINE
  5
F5
330
22
100
AcDbEntity
  8
F.Paste
  6
CONTINUOUS
100
AcDbLine
 10
5.2678448031496066
 20
-3.1057716929133856
 30
0
 11
5.2742789370078738
 21
-3.1044918503937007
 31
0
  0
LINE
  5
F6
330
22
100
AcDbEntity
  8
F.Paste
  6
CONTINUOUS
100
AcDbLine
 10
5.2742789370078738
 20
-3.1044918503937007
 30
0
 11
5.2775590551181102
 21
-3.1043307086614171
 31
0
  0
LINE
  5
F7
330
22
100
AcDbEntity
  8
F.Paste
  6
CONTINUOUS
100
AcDbLine
 10
5.2775590551181102
 20
-3.1043307086614171
 30
0
 11
5.3523622047244093
 21
-3.1043307086614171
 31
0
  0
LINE
  5
F8
330
22
100
AcDbEntity
  8
F.Paste
  6
CONTINUOUS
100
AcDbLine
 10
5.3523622047244093
 20
-3.1043307086614171
 30
0
 11
5.3556423228346457
 21
-3.1044918503937007
 31
0
  0
LINE
  5
F9
330
22
100
AcDbEntity
  8
F.Paste
  6
CONTINUOUS
100
AcDbLine
 10
5.3556423228346457
 20
-3.0044918503937006
 30
0
 11
5.3620764566929129
 21
-3.005771692913386
 31
0
  0
LINE
  5
FA
330
22
100
AcDbEntity
  8
F.Paste
  6
CONTINUOUS
100
AcDbLine
 10
5.3620764566929129
 20
-3.005771692913386
 30
0
 11
5.3681372834645664
 21
-3.0082821653543306
 31
0
  0
LINE
  5
FB
330
22
100
AcDbEntity
  8
F.Paste
  6
CONTINUOUS
100
AcDbLine
 10
5.3681372834645664
 20
-3.0082821653543306
 30
0
 11
5.3735918897637793
 21
-3.0119268110236219
 31
0
  0
LINE
  5
FC
330
22
100
AcDbEntity
  8
F.Paste
  6
CONTINUOUS
100
AcDbLine
 10
5.3735918897637793
 20
-3.0119268110236219
 30
0
 11
5.3782306692913382
 21
-3.0165655905511812
 31
0
  0
LINE
  5
FD
330
22
100
AcDbEntity
  8
F.Paste
  6
CONTINUOUS
100
AcDbLine
 10
5.3782306692913382
 20
-3.0165655905511812
 30
0
 11
5.38187531496063
 21
-3.0220201968503937
 31
0
  0
LINE
  5
FE
330
22
100
AcDbEntity
  8
F.Paste
  6
CONTINUOUS
100
AcDbLine
 10
5.38187531496063
 20
-3.0220201968503937
 30
0
 11
5.384385787401575
 21
-3.0280810236220472
 31
0
  0
LINE
  5
FF
330
22
100
AcDbEntity
  8
F.Paste
  6
CONTINUOUS
100
AcDbLine
 10
5.384385787401575
 20
-3.0280810236220472
 30
0
 11
5.3856656299212595
 21
-3.0345151574803149
 31
0
  0
LINE
  5
100
330
22
100
AcDbEntity
  8
F.Paste
  6
CONTINUOUS
100
AcDbLine
 10
5.3856656299212595
 20
-3.0345151574803149
 30
0
 11
5.3856656299212595
 21
-3.0410753937007873
 31
0
  0
LINE
  5
101
330
22
100
AcDbEntity
  8
F.Paste
  6
CONTINUOUS
100
AcDbLine
 10
5.3856656299212595
 20
-3.0410753937007873
 30
0
 11
5.384385787401575
 21
-3.0475095275590549
 31
0
  0
LINE
  5
102
330
22
100
AcDbEntity
  8
F.Paste
  6
CONTINUOUS
100
AcDbLine
 10
5.384385787401575
 20
-3.0475095275590549
 30
0
 11
5.38187531496063
 21
-3.0535703543307084
 31
0
  0
LINE
  5
103
330
22
100
AcDbEntity
  8
F.Paste
  6
CONTINUOUS
100
AcDbLine
 10
5.38187531496063
 20
-3.0535703543307084
 30
0
 11
5.3782306692913382
 21
-3.0590249606299214
 31
0
  0
LINE
  5
104
330
22
100
AcDbEntity
  8
F.Paste
  6
CONTINUOUS
100
AcDbLine
 10
5.3782306692913382
 20
-3.0590249606299214
 30
0
 11
5.3735918897637793
 21
-3.0636637401574802
 31
0
  0
LINE
  5
105
330
22
100
AcDbEntity
  8
F.Paste
  6
CONTINUOUS
100
AcDbLine
 10
5.3735918897637793
 20
-3.0636637401574802
 30
0
 11
5.3681372834645664
 21
-3.0673083858267716
 31
0
  0
LINE
  5
106
330
22
100
AcDbEntity
  8
F.Paste
  6
CONTINUOUS
100
AcDbLine
 10
5.3681372834645664
 20
-3.0673083858267716
 30
0
 11
5.3620764566929129
 21
-3.0698188582677166
 31
0
  0
LINE
  5
107
330
22
100
AcDbEntity
  8
F.Paste
  6
CONTINUOUS
100
AcDbLine
 10
5.3620764566929129
 20
-3.0698188582677166
 30
0
 11
5.3556423228346457
 21
-3.0710987007874015
 31
0
  0
LINE
  5
108
330
22
100
AcDbEntity
  8
F.Paste
  6
CONTINUOUS
100
AcDbLine
 10
5.3556423228346457
 20
-3.0710987007874015
 30
0
 11
5.3523622047244093
 21
-3.0712598425196851
 31
0
  0
LINE
  5
109
330
22
100
AcDbEntity
  8
F.Paste
  6
CONTINUOUS
100
AcDbLine
 10
5.3523622047244093
 20
-3.0712598425196851
 30
0
 11
5.2775590551181102
 21
-3.0712598425196851
 31
0
  0
LINE
  5
10A
330
22
100
AcDbEntity
  8
F.Paste
  6
CONTINUOUS
100
AcDbLine
 10
5.2775590551181102
 20
-3.0712598425196851
 30
0
 11
5.2742789370078738
 21
-3.0710987007874015
 31
0
  0
LINE
  5
10B
330
22
100
AcDbEntity
  8
F.Paste
  6
CONTINUOUS
100
AcDbLine
 10
5.2742789370078738
 20
-3.0710987007874015
 30
0
 11
5.2678448031496066
 21
-3.0698188582677166
 31
0
  0
LINE
  5
10C
330
22
100
AcDbEntity
  8
F.Paste
  6
CONTINUOUS
100
AcDbLine
 10
5.2678448031496066
 20
-3.0698188582677166
 30
0
 11
5.261783976377953
 21
-3.0673083858267716
 31
0
  0
LINE
  5
10D
330
22
100
AcDbEntity
  8
F.Paste
  6
CONTINUOUS
100
AcDbLine
 10
5.261783976377953
 20
-3.0673083858267716
 30
0
 11
5.2563293700787401
 21
-3.0636637401574802
 31
0
  0
LINE
  5
10E
330
22
100
AcDbEntity
  8
F.Paste
  6
CONTINUOUS
100
AcDbLine
 10
5.2563293700787401
 20
-3.0636637401574802
 30
0
 11
5.2558096062992128
 21
-3.0631439763779529
 31
0
  0
LINE
  5
10F
330
22
100
AcDbEntity
  8
F.Paste
  6
CONTINUOUS
100
AcDbLine
 10
5.2558096062992128
 20
-3.0631439763779529
 30
0
 11
5.2362204724409445
 21
-3.0827331496062991
 31
0
  0
LINE
  5
110
330
22
100
AcDbEntity
  8
F.Paste
  6
CONTINUOUS
100
AcDbLine
 10
5.2362204724409445
 20
-3.0827331496062991
 30
0
 11
5.2362204724409445
 21
-3.1549182677165355
 31
0
  0
LINE
  5
111
330
22
100
AcDbEntity
  8
F.Paste
  6
CONTINUOUS
100
AcDbLine
 10
5.2362204724409445
 20
-3.1549182677165355
 30
0
 11
5.2604360236220469
 21
-3.1791338582677167
 31
0
  0
LINE
  5
112
330
22
100
AcDbEntity
  8
F.Paste
  6
CONTINUOUS
100
AcDbLine
 10
5.2604360236220469
 20
-3.1791338582677167
 30
0
 11
5.6681102362204721
 21
-3.1791338582677167
 31
0
  0
LINE
  5
113
330
22
100
AcDbEntity
  8
F.Paste
  6
CONTINUOUS
100
AcDbLine
 10
5.6681102362204721
 20
-3.1791338582677167
 30
0
 11
5.6688783070866142
 21
-3.1792094881889761
 31
0
  0
LINE
  5
114
330
22
100
AcDbEntity
  8
F.Paste
  6
CONTINUOUS
100
AcDbLine
 10
5.6688783070866142
 20
-3.1792094881889761
 30
0
 11
5.6702975196850396
 21
-3.1797973622047242
 31
0
  0
LINE
  5
115
330
22
100
AcDbEntity
  8
F.Paste
  6
CONTINUOUS
100
AcDbLine
 10
5.6702975196850396
 20
-3.1797973622047242
 30
0
 11
5.6708941338582672
 21
-3.1802869685039368
 31
0
  0
LINE
  5
116
330
22
100
AcDbEntity
  8
F.Paste
  6
CONTINUOUS
100
AcDbLine
 10
5.6708941338582672
 20
-3.1802869685039368
 30
0
 11
5.9975127559055119
 21
-3.506905590551181
 31
0
  0
LINE
  5
117
330
22
100
AcDbEntity
  8
F.Paste
  6
CONTINUOUS
100
AcDbLine
 10
5.9975127559055119
 20
-3.506905590551181
 30
0
 11
6.0025689763779528
 21
-3.503232125984252
 31
0
  0
LINE
  5
118
330
22
100
AcDbEntity
  8
F.Paste
  6
CONTINUOUS
100
AcDbLine
 10
6.0025689763779528
 20
-3.503232125984252
 30
0
 11
6.008623937007874
 21
-3.500146968503937
 31
0
  0
LINE
  5
119
330
22
100
AcDbEntity
  8
F.Paste
  6
CONTINUOUS
100
AcDbLine
 10
6.008623937007874
 20
-3.500146968503937
 30
0
 11
6.0150870078740155
 21
-3.498046968503937
 31
0
  0
LINE
  5
11A
330
22
100
AcDbEntity
  8
F.Paste
  6
CONTINUOUS
100
AcDbLine
 10
6.0150870078740155
 20
-3.498046968503937
 30
0
 11
6.021799015748031
 21
-3.4969838976377954
 31
0
  0
LINE
  5
11B
330
22
100
AcDbEntity
  8
F.Paste
  6
CONTINUOUS
100
AcDbLine
 10
6.021799015748031
 20
-3.4969838976377954
 30
0
 11
6.0285946850393701
 21
-3.4969838976377954
 31
0
  0
LINE
  5
11C
330
22
100
AcDbEntity
  8
F.Paste
  6
CONTINUOUS
100
AcDbLine
 10
6.0285946850393701
 20
-3.4969838976377954
 30
0
 11
6.0353066929133856
 21
-3.498046968503937
 31
0
  0
LINE
  5
11D
330
22
100
AcDbEntity
  8
F.Paste
  6
CONTINUOUS
100
AcDbLine
 10
6.0353066929133856
 20
-3.498046968503937
 30
0
 11
6.0417697637795271
 21
-3.500146968503937
 31
0
  0
LINE
  5
11E
330
22
100
AcDbEntity
  8
F.Paste
  6
CONTINUOUS
100
AcDbLine
 10
6.0417697637795271
 20
-3.500146968503937
 30
0
 11
6.0478247244094483
 21
-3.503232125984252
 31
0
  0
LINE
  5
11F
330
22
100
AcDbEntity
  8
F.Paste
  6
CONTINUOUS
100
AcDbLine
 10
6.0478247244094483
 20
-3.503232125984252
 30
0
 11
6.0533225590551183
 21
-3.5072264960629922
 31
0
  0
LINE
  5
120
330
22
100
AcDbEntity
  8
F.Paste
  6
CONTINUOUS
100
AcDbLine
 10
6.0533225590551183
 20
-3.5072264960629922
 30
0
 11
6.0581278346456688
 21
-3.5120317716535432
 31
0
  0
LINE
  5
121
330
22
100
AcDbEntity
  8
F.Paste
  6
CONTINUOUS
100
AcDbLine
 10
6.0581278346456688
 20
-3.5120317716535432
 30
0
 11
6.0621222047244094
 21
-3.5175296062992123
 31
0
  0
LINE
  5
122
330
22
100
AcDbEntity
  8
F.Paste
  6
CONTINUOUS
100
AcDbLine
 10
6.0621222047244094
 20
-3.5175296062992123
 30
0
 11
6.065207362204724
 21
-3.5235845669291339
 31
0
  0
LINE
  5
123
330
22
100
AcDbEntity
  8
F.Paste
  6
CONTINUOUS
100
AcDbLine
 10
6.065207362204724
 20
-3.5235845669291339
 30
0
 11
6.0673073622047244
 21
-3.5300476377952754
 31
0
  0
LINE
  5
124
330
22
100
AcDbEntity
  8
F.Paste
  6
CONTINUOUS
100
AcDbLine
 10
6.0673073622047244
 20
-3.5300476377952754
 30
0
 11
6.0683704330708661
 21
-3.5367596456692914
 31
0
  0
LINE
  5
125
330
22
100
AcDbEntity
  8
F.Paste
  6
CONTINUOUS
100
AcDbLine
 10
6.0683704330708661
 20
-3.5367596456692914
 30
0
 11
6.0683704330708661
 21
-3.54355531496063
 31
0
  0
LINE
  5
126
330
22
100
AcDbEntity
  8
F.Paste
  6
CONTINUOUS
100
AcDbLine
 10
6.0683704330708661
 20
-3.54355531496063
 30
0
 11
6.0673073622047244
 21
-3.5502673228346455
 31
0
  0
LINE
  5
127
330
22
100
AcDbEntity
  8
F.Paste
  6
CONTINUOUS
100
AcDbLine
 10
6.0673073622047244
 20
-3.5502673228346455
 30
0
 11
6.065207362204724
 21
-3.5567303937007875
 31
0
  0
LINE
  5
128
330
22
100
AcDbEntity
  8
F.Paste
  6
CONTINUOUS
100
AcDbLine
 10
6.065207362204724
 20
-3.5567303937007875
 30
0
 11
6.0621222047244094
 21
-3.5627853543307086
 31
0
  0
LINE
  5
129
330
22
100
AcDbEntity
  8
F.Paste
  6
CONTINUOUS
100
AcDbLine
 10
6.0621222047244094
 20
-3.5627853543307086
 30
0
 11
6.0581278346456688
 21
-3.5682831889763778
 31
0
  0
LINE
  5
12A
330
22
100
AcDbEntity
  8
F.Paste
  6
CONTINUOUS
100
AcDbLine
 10
6.0581278346456688
 20
-3.5682831889763778
 30
0
 11
6.0533225590551183
 21
-3.5730884645669292
 31
0
  0
LINE
  5
12B
330
22
100
AcDbEntity
  8
F.Paste
  6
CONTINUOUS
100
AcDbLine
 10
6.0533225590551183
 20
-3.5730884645669292
 30
0
 11
6.0478247244094483
 21
-3.5770828346456693
 31
0
  0
LINE
  5
12C
330
22
100
AcDbEntity
  8
F.Paste
  6
CONTINUOUS
100
AcDbLine
 10
6.0478247244094483
 20
-3.5770828346456693
 30
0
 11
6.0417697637795271
 21
-3.5801679921259844
 31
0
  0
LINE
  5
12D
330
22
100
AcDbEntity
  8
F.Paste
  6
CONTINUOUS
100
AcDbLine
 10
6.0417697637795271
 20
-3.5801679921259844
 30
0
 11
6.0353066929133856
 21
-3.5822679921259843
 31
0
  0
LINE
  5
12E
330
22
100
AcDbEntity
  8
F.Paste
  6
CONTINUOUS
100
AcDbLine
 10
6.0353066929133856
 20
-3.5822679921259843
 30
0
 11
6.0285946850393701
 21
-3.583331062992126
 31
0
  0
LINE
  5
12F
330
22
100
AcDbEntity
  8
F.Paste
  6
CONTINUOUS
100
AcDbLine
 10
6.0285946850393701
 20
-3.583331062992126
 30
0
 11
6.021799015748031
 21
-3.583331062992126
 31
0
  0
LINE
  5
130
330
22
100
AcDbEntity
  8
F.Paste
  6
CONTINUOUS
100
AcDbLine
 10
6.021799015748031
 20
-3.583331062992126
 30
0
 11
6.0150870078740155
 21
-3.5822679921259843
 31
0
  0
LINE
  5
131
330
22
100
AcDbEntity
  8
F.Paste
  6
CONTINUOUS
100
AcDbLine
 10
6.0150870078740155
 20
-3.5822679921259843
 30
0
 11
6.008623937007874
 21
-3.5801679921259844
 31
0
  0
LINE
  5
132
330
22
100
AcDbEntity
  8
F.Paste
  6
CONTINUOUS
100
AcDbLine
 10
6.008623937007874
 20
-3.5801679921259844
 30
0
 11
6.0025689763779528
 21
-3.5770828346456693
 31
0
  0
LINE
  5
133
330
22
100
AcDbEntity
  8
F.Paste
  6
CONTINUOUS
100
AcDbLine
 10
6.0025689763779528
 20
-3.5770828346456693
 30
0
 11
5.9970711417322837
 21
-3.5730884645669292
 31
0
  0
LINE
  5
134
330
22
100
AcDbEntity
  8
F.Paste
  6
CONTINUOUS
100
AcDbLine
 10
5.9970711417322837
 20
-3.5730884645669292
 30
0
 11
5.9922658661417323
 21
-3.5682831889763778
 31
0
  0
LINE
  5
135
330
22
100
AcDbEntity
  8
F.Paste
  6
CONTINUOUS
100
AcDbLine
 10
5.9922658661417323
 20
-3.5682831889763778
 30
0
 11
5.9882714960629917
 21
-3.5627853543307086
 31
0
  0
LINE
  5
136
330
22
100
AcDbEntity
  8
F.Paste
  6
CONTINUOUS
100
AcDbLine
 10
5.9882714960629917
 20
-3.5627853543307086
 30
0
 11
5.9851863385826771
 21
-3.5567303937007875
 31
0
  0
LINE
  5
137
330
22
100
AcDbEntity
  8
F.Paste
  6
CONTINUOUS
100
AcDbLine
 10
5.9851863385826771
 20
-3.5567303937007875
 30
0
 11
5.9830863385826767
 21
-3.5502673228346455
 31
0
  0
LINE
  5
138
330
22
100
AcDbEntity
  8
F.Paste
  6
CONTINUOUS
100
AcDbLine
 10
5.9830863385826767
 20
-3.5502673228346455
 30
0
 11
5.982023267716535
 21
-3.54355531496063
 31
0
  0
LINE
  5
139
330
22
100
AcDbEntity
  8
F.Paste
  6
CONTINUOUS
100
AcDbLine
 10
5.982023267716535
 20
-3.54355531496063
 30
0
 11
5.982023267716535
 21
-3.5367596456692914
 31
0
  0
LINE
  5
13A
330
22
100
AcDbEntity
  8
F.Paste
  6
CONTINUOUS
100
AcDbLine
 10
5.982023267716535
 20
-3.5367596456692914
 30
0
 11
5.9830863385826767
 21
-3.5300476377952754
 31
0
  0
LINE
  5
13B
330
22
100
AcDbEntity
  8
F.Paste
  6
CONTINUOUS
100
AcDbLine
 10
5.9830863385826767
 20
-3.5300476377952754
 30
0
 11
5.9851863385826771
 21
-3.5235845669291339
 31
0
  0
LINE
  5
13C
330
22
100
AcDbEntity
  8
F.Paste
  6
CONTINUOUS
100
AcDbLine
 10
5.9851863385826771
 20
-3.5235845669291339
 30
0
 11
5.9882714960629917
 21
-3.5175296062992123
 31
0
  0
LINE
  5
13D
330
22
100
AcDbEntity
  8
F.Paste
  6
CONTINUOUS
100
AcDbLine
 10
5.9882714960629917
 20
-3.5175296062992123
 30
0
 11
5.9919449606299215
 21
-3.5124733858267714
 31
0
  0
LINE
  5
13E
330
22
100
AcDbEntity
  8
F.Paste
  6
CONTINUOUS
100
AcDbLine
 10
5.9919449606299215
 20
-3.5124733858267714
 30
0
 11
5.6664794488188974
 21
-3.1870078740157481
 31
0
  0
LINE
  5
13F
330
22
100
AcDbEntity
  8
F.Paste
  6
CONTINUOUS
100
AcDbLine
 10
5.6664794488188974
 20
-3.1870078740157481
 30
0
 11
5.258805275590551
 21
-3.1870078740157481
 31
0
  0
LINE
  5
140
330
22
100
AcDbEntity
  8
F.Paste
  6
CONTINUOUS
100
AcDbLine
 10
5.258805275590551
 20
-3.1870078740157481
 30
0
 11
5.2580372047244097
 21
-3.1869322440944883
 31
0
  0
LINE
  5
141
330
22
100
AcDbEntity
  8
F.Paste
  6
CONTINUOUS
100
AcDbLine
 10
5.2580372047244097
 20
-3.1869322440944883
 30
0
 11
5.2566179921259844
 21
-3.1863444094488189
 31
0
  0
LINE
  5
142
330
22
100
AcDbEntity
  8
F.Paste
  6
CONTINUOUS
100
AcDbLine
 10
5.2566179921259844
 20
-3.1863444094488189
 30
0
 11
5.2560214173228346
 21
-3.1858547637795276
 31
0
  0
LINE
  5
143
330
22
100
AcDbEntity
  8
F.Paste
  6
CONTINUOUS
100
AcDbLine
 10
5.2560214173228346
 20
-3.1858547637795276
 30
0
 11
5.2294995669291335
 21
-3.1593329527559053
 31
0
  0
LINE
  5
144
330
22
100
AcDbEntity
  8
F.Paste
  6
CONTINUOUS
100
AcDbLine
 10
5.2294995669291335
 20
-3.1593329527559053
 30
0
 11
5.229009960629921
 21
-3.1587363385826772
 31
0
  0
LINE
  5
145
330
22
100
AcDbEntity
  8
F.Paste
  6
CONTINUOUS
100
AcDbLine
 10
5.229009960629921
 20
-3.1587363385826772
 30
0
 11
5.2284220866141728
 21
-3.1573171259842518
 31
0
  0
LINE
  5
146
330
22
100
AcDbEntity
  8
F.Paste
  6
CONTINUOUS
100
AcDbLine
 10
5.2284220866141728
 20
-3.1573171259842518
 30
0
 11
5.228346456692913
 21
-3.1565490551181101
 31
0
  0
LINE
  5
147
330
22
100
AcDbEntity
  8
F.Paste
  6
CONTINUOUS
100
AcDbLine
 10
5.228346456692913
 20
-3.1565490551181101
 30
0
 11
5.228346456692913
 21
-3.0811023622047244
 31
0
  0
LINE
  5
148
330
22
100
AcDbEntity
  8
F.Paste
  6
CONTINUOUS
100
AcDbLine
 10
5.228346456692913
 20
-3.0811023622047244
 30
0
 11
5.2284220866141728
 21
-3.0803342913385827
 31
0
  0
LINE
  5
149
330
22
100
AcDbEntity
  8
F.Paste
  6
CONTINUOUS
100
AcDbLine
 10
5.2284220866141728
 20
-3.0803342913385827
 30
0
 11
5.229009960629921
 21
-3.0789150787401574
 31
0
  0
LINE
  5
14A
330
22
100
AcDbEntity
  8
F.Paste
  6
CONTINUOUS
100
AcDbLine
 10
5.229009960629921
 20
-3.0789150787401574
 30
0
 11
5.2294995669291335
 21
-3.0783184645669293
 31
0
  0
LINE
  5
14B
330
22
100
AcDbEntity
  8
F.Paste
  6
CONTINUOUS
100
AcDbLine
 10
5.2294995669291335
 20
-3.0783184645669293
 30
0
 11
5.2505299999999995
 21
-3.0572879921259841
 31
0
  0
LINE
  5
14C
330
22
100
AcDbEntity
  8
F.Paste
  6
CONTINUOUS
100
AcDbLine
 10
5.2505299999999995
 20
-3.0572879921259841
 30
0
 11
5.2480459448818895
 21
-3.0535703543307084
 31
0
  0
LINE
  5
14D
330
22
100
AcDbEntity
  8
F.Paste
  6
CONTINUOUS
100
AcDbLine
 10
5.2480459448818895
 20
-3.0535703543307084
 30
0
 11
5.2455354724409444
 21
-3.0475095275590549
 31
0
  0
LINE
  5
14E
330
22
100
AcDbEntity
  8
F.Paste
  6
CONTINUOUS
100
AcDbLine
 10
5.2455354724409444
 20
-3.0475095275590549
 30
0
 11
5.2442556299212599
 21
-3.0410753937007873
 31
0
  0
LINE
  5
14F
330
22
100
AcDbEntity
  8
F.Paste
  6
CONTINUOUS
100
AcDbLine
 10
5.2442556299212599
 20
-3.0410753937007873
 30
0
 11
5.2442556299212599
 21
-3.0345151574803149
 31
0
  0
LINE
  5
150
330
22
100
AcDbEntity
  8
F.Paste
  6
CONTINUOUS
100
AcDbLine
 10
5.2442556299212599
 20
-3.0345151574803149
 30
0
 11
5.2455354724409444
 21
-3.0280810236220472
 31
0
  0
LINE
  5
151
330
22
100
AcDbEntity
  8
F.Paste
  6
CONTINUOUS
100
AcDbLine
 10
5.2455354724409444
 20
-3.0280810236220472
 30
0
 11
5.2480459448818895
 21
-3.0220201968503937
 31
0
  0
LINE
  5
152
330
22
100
AcDbEntity
  8
F.Paste
  6
CONTINUOUS
100
AcDbLine
 10
5.2480459448818895
 20
-3.0220201968503937
 30
0
 11
5.2516905905511813
 21
-3.0165655905511812
 31
0
  0
LINE
  5
153
330
22
100
AcDbEntity
  8
F.Paste
  6
CONTINUOUS
100
AcDbLine
 10
5.2516905905511813
 20
-3.0165655905511812
 30
0
 11
5.2563293700787401
 21
-3.0119268110236219
 31
0
  0
LINE
  5
154
330
22
100
AcDbEntity
  8
F.Paste
  6
CONTINUOUS
100
AcDbLine
 10
5.2563293700787401
 20
-3.0119268110236219
 30
0
 11
5.261783976377953
 21
-3.0082821653543306
 31
0
  0
LINE
  5
155
330
22
100
AcDbEntity
  8
F.Paste
  6
CONTINUOUS
100
AcDbLine
 10
5.261783976377953
 20
-3.0082821653543306
 30
0
 11
5.2678448031496066
 21
-3.005771692913386
 31
0
  0
LINE
  5
156
330
22
100
AcDbEntity
  8
F.Paste
  6
CONTINUOUS
100
AcDbLine
 10
5.2678448031496066
 20
-3.005771692913386
 30
0
 11
5.2742789370078738
 21
-3.0044918503937006
 31
0
  0
LINE
  5
157
330
22
100
AcDbEntity
  8
F.Paste
  6
CONTINUOUS
100
AcDbLine
 10
5.2742789370078738
 20
-3.0044918503937006
 30
0
 11
5.2775590551181102
 21
-3.004330708661417
 31
0
  0
LINE
  5
158
330
22
100
AcDbEntity
  8
F.Paste
  6
CONTINUOUS
100
AcDbLine
 10
5.2775590551181102
 20
-3.004330708661417
 30
0
 11
5.3523622047244093
 21
-3.004330708661417
 31
0
  0
LINE
  5
159
330
22
100
AcDbEntity
  8
F.Paste
  6
CONTINUOUS
100
AcDbLine
 10
5.3523622047244093
 20
-3.004330708661417
 30
0
 11
5.3556423228346457
 21
-3.0044918503937006
 31
0
  0
LINE
  5
15A
330
22
100
AcDbEntity
  8
F.Paste
  6
CONTINUOUS
100
AcDbLine
 10
6.8090318110236216
 20
-2.7347212992125982
 30
0
 11
6.810451023622047
 21
-2.7353091732283463
 31
0
  0
LINE
  5
15B
330
22
100
AcDbEntity
  8
F.Paste
  6
CONTINUOUS
100
AcDbLine
 10
6.810451023622047
 20
-2.7353091732283463
 30
0
 11
6.8110476377952756
 21
-2.7357987795275589
 31
0
  0
LINE
  5
15C
330
22
100
AcDbEntity
  8
F.Paste
  6
CONTINUOUS
100
AcDbLine
 10
6.8110476377952756
 20
-2.7357987795275589
 30
0
 11
7.5437287795275587
 21
-3.4684799212598425
 31
0
  0
LINE
  5
15D
330
22
100
AcDbEntity
  8
F.Paste
  6
CONTINUOUS
100
AcDbLine
 10
7.5437287795275587
 20
-3.4684799212598425
 30
0
 11
7.5442183858267713
 21
-3.4690764960629918
 31
0
  0
LINE
  5
15E
330
22
100
AcDbEntity
  8
F.Paste
  6
CONTINUOUS
100
AcDbLine
 10
7.5442183858267713
 20
-3.4690764960629918
 30
0
 11
7.5442183858267713
 21
-3.4690765354330706
 31
0
  0
LINE
  5
15F
330
22
100
AcDbEntity
  8
F.Paste
  6
CONTINUOUS
100
AcDbLine
 10
7.5442183858267713
 20
-3.4690765354330706
 30
0
 11
7.5448062598425194
 21
-3.470495748031496
 31
0
  0
LINE
  5
160
330
22
100
AcDbEntity
  8
F.Paste
  6
CONTINUOUS
100
AcDbLine
 10
7.5448062598425194
 20
-3.470495748031496
 30
0
 11
7.5448818897637793
 21
-3.4712638188976377
 31
0
  0
LINE
  5
161
330
22
100
AcDbEntity
  8
F.Paste
  6
CONTINUOUS
100
AcDbLine
 10
7.5448818897637793
 20
-3.4712638188976377
 30
0
 11
7.5448818897637793
 21
-3.4970692913385828
 31
0
  0
LINE
  5
162
330
22
100
AcDbEntity
  8
F.Paste
  6
CONTINUOUS
100
AcDbLine
 10
7.5448818897637793
 20
-3.4970692913385828
 30
0
 11
7.5510547244094486
 21
-3.498046968503937
 31
0
  0
LINE
  5
163
330
22
100
AcDbEntity
  8
F.Paste
  6
CONTINUOUS
100
AcDbLine
 10
7.5510547244094486
 20
-3.498046968503937
 30
0
 11
7.5575177952755901
 21
-3.500146968503937
 31
0
  0
LINE
  5
164
330
22
100
AcDbEntity
  8
F.Paste
  6
CONTINUOUS
100
AcDbLine
 10
7.5575177952755901
 20
-3.500146968503937
 30
0
 11
7.5635727559055113
 21
-3.503232125984252
 31
0
  0
LINE
  5
165
330
22
100
AcDbEntity
  8
F.Paste
  6
CONTINUOUS
100
AcDbLine
 10
7.5635727559055113
 20
-3.503232125984252
 30
0
 11
7.5690705905511813
 21
-3.5072264960629922
 31
0
  0
LINE
  5
166
330
22
100
AcDbEntity
  8
F.Paste
  6
CONTINUOUS
100
AcDbLine
 10
7.5690705905511813
 20
-3.5072264960629922
 30
0
 11
7.5738758661417318
 21
-3.5120317716535432
 31
0
  0
LINE
  5
167
330
22
100
AcDbEntity
  8
F.Paste
  6
CONTINUOUS
100
AcDbLine
 10
7.5738758661417318
 20
-3.5120317716535432
 30
0
 11
7.5778702362204724
 21
-3.5175296062992123
 31
0
  0
LINE
  5
168
330
22
100
AcDbEntity
  8
F.Paste
  6
CONTINUOUS
100
AcDbLine
 10
7.5778702362204724
 20
-3.5175296062992123
 30
0
 11
7.580955393700787
 21
-3.5235845669291339
 31
0
  0
LINE
  5
169
330
22
100
AcDbEntity
  8
F.Paste
  6
CONTINUOUS
100
AcDbLine
 10
7.580955393700787
 20
-3.5235845669291339
 30
0
 11
7.5830553937007874
 21
-3.5300476377952754
 31
0
  0
LINE
  5
16A
330
22
100
AcDbEntity
  8
F.Paste
  6
CONTINUOUS
100
AcDbLine
 10
7.5830553937007874
 20
-3.5300476377952754
 30
0
 11
7.5841184645669291
 21
-3.5367596456692914
 31
0
  0
LINE
  5
16B
330
22
100
AcDbEntity
  8
F.Paste
  6
CONTINUOUS
100
AcDbLine
 10
7.5841184645669291
 20
-3.5367596456692914
 30
0
 11
7.5841184645669291
 21
-3.54355531496063
 31
0
  0
LINE
  5
16C
330
22
100
AcDbEntity
  8
F.Paste
  6
CONTINUOUS
100
AcDbLine
 10
7.5841184645669291
 20
-3.54355531496063
 30
0
 11
7.5830553937007874
 21
-3.5502673228346455
 31
0
  0
LINE
  5
16D
330
22
100
AcDbEntity
  8
F.Paste
  6
CONTINUOUS
100
AcDbLine
 10
7.5830553937007874
 20
-3.5502673228346455
 30
0
 11
7.580955393700787
 21
-3.5567303937007875
 31
0
  0
LINE
  5
16E
330
22
100
AcDbEntity
  8
F.Paste
  6
CONTINUOUS
100
AcDbLine
 10
7.580955393700787
 20
-3.5567303937007875
 30
0
 11
7.5778702362204724
 21
-3.5627853543307086
 31
0
  0
LINE
  5
16F
330
22
100
AcDbEntity
  8
F.Paste
  6
CONTINUOUS
100
AcDbLine
 10
7.5778702362204724
 20
-3.5627853543307086
 30
0
 11
7.5738758661417318
 21
-3.5682831889763778
 31
0
  0
LINE
  5
170
330
22
100
AcDbEntity
  8
F.Paste
  6
CONTINUOUS
100
AcDbLine
 10
7.5738758661417318
 20
-3.5682831889763778
 30
0
 11
7.5690705905511813
 21
-3.5730884645669292
 31
0
  0
LINE
  5
171
330
22
100
AcDbEntity
  8
F.Paste
  6
CONTINUOUS
100
AcDbLine
 10
7.5690705905511813
 20
-3.5730884645669292
 30
0
 11
7.5635727559055113
 21
-3.5770828346456693
 31
0
  0
LINE
  5
172
330
22
100
AcDbEntity
  8
F.Paste
  6
CONTINUOUS
100
AcDbLine
 10
7.5635727559055113
 20
-3.5770828346456693
 30
0
 11
7.5575177952755901
 21
-3.5801679921259844
 31
0
  0
LINE
  5
173
330
22
100
AcDbEntity
  8
F.Paste
  6
CONTINUOUS
100
AcDbLine
 10
7.5575177952755901
 20
-3.5801679921259844
 30
0
 11
7.5510547244094486
 21
-3.5822679921259843
 31
0
  0
LINE
  5
174
330
22
100
AcDbEntity
  8
F.Paste
  6
CONTINUOUS
100
AcDbLine
 10
7.5510547244094486
 20
-3.5822679921259843
 30
0
 11
7.5443427165354331
 21
-3.583331062992126
 31
0
  0
LINE
  5
175
330
22
100
AcDbEntity
  8
F.Paste
  6
CONTINUOUS
100
AcDbLine
 10
7.5443427165354331
 20
-3.583331062992126
 30
0
 11
7.537547047244094
 21
-3.583331062992126
 31
0
  0
LINE
  5
176
330
22
100
AcDbEntity
  8
F.Paste
  6
CONTINUOUS
100
AcDbLine
 10
7.537547047244094
 20
-3.583331062992126
 30
0
 11
7.5308350393700785
 21
-3.5822679921259843
 31
0
  0
LINE
  5
177
330
22
100
AcDbEntity
  8
F.Paste
  6
CONTINUOUS
100
AcDbLine
 10
7.5308350393700785
 20
-3.5822679921259843
 30
0
 11
7.524371968503937
 21
-3.5801679921259844
 31
0
  0
LINE
  5
178
330
22
100
AcDbEntity
  8
F.Paste
  6
CONTINUOUS
100
AcDbLine
 10
7.524371968503937
 20
-3.5801679921259844
 30
0
 11
7.5183170078740158
 21
-3.5770828346456693
 31
0
  0
LINE
  5
179
330
22
100
AcDbEntity
  8
F.Paste
  6
CONTINUOUS
100
AcDbLine
 10
7.5183170078740158
 20
-3.5770828346456693
 30
0
 11
7.5128191732283467
 21
-3.5730884645669292
 31
0
  0
LINE
  5
17A
330
22
100
AcDbEntity
  8
F.Paste
  6
CONTINUOUS
100
AcDbLine
 10
7.5128191732283467
 20
-3.5730884645669292
 30
0
 11
7.5080138976377953
 21
-3.5682831889763778
 31
0
  0
LINE
  5
17B
330
22
100
AcDbEntity
  8
F.Paste
  6
CONTINUOUS
100
AcDbLine
 10
7.5080138976377953
 20
-3.5682831889763778
 30
0
 11
7.5040195275590547
 21
-3.5627853543307086
 31
0
  0
LINE
  5
17C
330
22
100
AcDbEntity
  8
F.Paste
  6
CONTINUOUS
100
AcDbLine
 10
7.5040195275590547
 20
-3.5627853543307086
 30
0
 11
7.5009343700787401
 21
-3.5567303937007875
 31
0
  0
LINE
  5
17D
330
22
100
AcDbEntity
  8
F.Paste
  6
CONTINUOUS
100
AcDbLine
 10
7.5009343700787401
 20
-3.5567303937007875
 30
0
 11
7.4988343700787397
 21
-3.5502673228346455
 31
0
  0
LINE
  5
17E
330
22
100
AcDbEntity
  8
F.Paste
  6
CONTINUOUS
100
AcDbLine
 10
7.4988343700787397
 20
-3.5502673228346455
 30
0
 11
7.497771299212598
 21
-3.54355531496063
 31
0
  0
LINE
  5
17F
330
22
100
AcDbEntity
  8
F.Paste
  6
CONTINUOUS
100
AcDbLine
 10
7.497771299212598
 20
-3.54355531496063
 30
0
 11
7.497771299212598
 21
-3.5367596456692914
 31
0
  0
LINE
  5
180
330
22
100
AcDbEntity
  8
F.Paste
  6
CONTINUOUS
100
AcDbLine
 10
7.497771299212598
 20
-3.5367596456692914
 30
0
 11
7.4988343700787397
 21
-3.5300476377952754
 31
0
  0
LINE
  5
181
330
22
100
AcDbEntity
  8
F.Paste
  6
CONTINUOUS
100
AcDbLine
 10
7.4988343700787397
 20
-3.5300476377952754
 30
0
 11
7.5009343700787401
 21
-3.5235845669291339
 31
0
  0
LINE
  5
182
330
22
100
AcDbEntity
  8
F.Paste
  6
CONTINUOUS
100
AcDbLine
 10
7.5009343700787401
 20
-3.5235845669291339
 30
0
 11
7.5040195275590547
 21
-3.5175296062992123
 31
0
  0
LINE
  5
183
330
22
100
AcDbEntity
  8
F.Paste
  6
CONTINUOUS
100
AcDbLine
 10
7.5040195275590547
 20
-3.5175296062992123
 30
0
 11
7.5080138976377953
 21
-3.5120317716535432
 31
0
  0
LINE
  5
184
330
22
100
AcDbEntity
  8
F.Paste
  6
CONTINUOUS
100
AcDbLine
 10
7.5080138976377953
 20
-3.5120317716535432
 30
0
 11
7.5128191732283467
 21
-3.5072264960629922
 31
0
  0
LINE
  5
185
330
22
100
AcDbEntity
  8
F.Paste
  6
CONTINUOUS
100
AcDbLine
 10
7.5128191732283467
 20
-3.5072264960629922
 30
0
 11
7.5183170078740158
 21
-3.503232125984252
 31
0
  0
LINE
  5
186
330
22
100
AcDbEntity
  8
F.Paste
  6
CONTINUOUS
100
AcDbLine
 10
7.5183170078740158
 20
-3.503232125984252
 30
0
 11
7.524371968503937
 21
-3.500146968503937
 31
0
  0
LINE
  5
187
330
22
100
AcDbEntity
  8
F.Paste
  6
CONTINUOUS
100
AcDbLine
 10
7.524371968503937
 20
-3.500146968503937
 30
0
 11
7.5308350393700785
 21
-3.498046968503937
 31
0
  0
LINE
  5
188
330
22
100
AcDbEntity
  8
F.Paste
  6
CONTINUOUS
100
AcDbLine
 10
7.5308350393700785
 20
-3.498046968503937
 30
0
 11
7.5370078740157478
 21
-3.4970692913385828
 31
0
  0
LINE
  5
189
330
22
100
AcDbEntity
  8
F.Paste
  6
CONTINUOUS
100
AcDbLine
 10
7.5370078740157478
 20
-3.4970692913385828
 30
0
 11
7.5370078740157478
 21
-3.4728946062992123
 31
0
  0
LINE
  5
18A
330
22
100
AcDbEntity
  8
F.Paste
  6
CONTINUOUS
100
AcDbLine
 10
7.5370078740157478
 20
-3.4728946062992123
 30
0
 11
6.8066329527559057
 21
-2.7425196850393698
 31
0
  0
LINE
  5
18B
330
22
100
AcDbEntity
  8
F.Paste
  6
CONTINUOUS
100
AcDbLine
 10
6.8066329527559057
 20
-2.7425196850393698
 30
0
 11
5.4192034645669294
 21
-2.7425196850393698
 31
0
  0
LINE
  5
18C
330
22
100
AcDbEntity
  8
F.Paste
  6
CONTINUOUS
100
AcDbLine
 10
5.4192034645669294
 20
-2.7425196850393698
 30
0
 11
5.3572490551181104
 21
-2.80447405511811
 31
0
  0
LINE
  5
18D
330
22
100
AcDbEntity
  8
F.Paste
  6
CONTINUOUS
100
AcDbLine
 10
5.3572490551181104
 20
-2.80447405511811
 30
0
 11
5.3576108267716531
 21
-2.8044918503937009
 31
0
  0
LINE
  5
18E
330
22
100
AcDbEntity
  8
F.Paste
  6
CONTINUOUS
100
AcDbLine
 10
5.3576108267716531
 20
-2.8044918503937009
 30
0
 11
5.3640449606299212
 21
-2.8057716929133858
 31
0
  0
LINE
  5
18F
330
22
100
AcDbEntity
  8
F.Paste
  6
CONTINUOUS
100
AcDbLine
 10
5.3640449606299212
 20
-2.8057716929133858
 30
0
 11
5.3701057874015747
 21
-2.8082821653543308
 31
0
  0
LINE
  5
190
330
22
100
AcDbEntity
  8
F.Paste
  6
CONTINUOUS
100
AcDbLine
 10
5.3701057874015747
 20
-2.8082821653543308
 30
0
 11
5.3755603937007876
 21
-2.8119268110236222
 31
0
  0
LINE
  5
191
330
22
100
AcDbEntity
  8
F.Paste
  6
CONTINUOUS
100
AcDbLine
 10
5.3755603937007876
 20
-2.8119268110236222
 30
0
 11
5.3801991732283465
 21
-2.8165655905511811
 31
0
  0
LINE
  5
192
330
22
100
AcDbEntity
  8
F.Paste
  6
CONTINUOUS
100
AcDbLine
 10
5.3801991732283465
 20
-2.8165655905511811
 30
0
 11
5.3838438188976374
 21
-2.8220201968503935
 31
0
  0
LINE
  5
193
330
22
100
AcDbEntity
  8
F.Paste
  6
CONTINUOUS
100
AcDbLine
 10
5.3838438188976374
 20
-2.8220201968503935
 30
0
 11
5.3863542913385825
 21
-2.8280810236220471
 31
0
  0
LINE
  5
194
330
22
100
AcDbEntity
  8
F.Paste
  6
CONTINUOUS
100
AcDbLine
 10
5.3863542913385825
 20
-2.8280810236220471
 30
0
 11
5.3876341338582678
 21
-2.8345151574803147
 31
0
  0
LINE
  5
195
330
22
100
AcDbEntity
  8
F.Paste
  6
CONTINUOUS
100
AcDbLine
 10
5.3876341338582678
 20
-2.8345151574803147
 30
0
 11
5.3876341338582678
 21
-2.8410753937007875
 31
0
  0
LINE
  5
196
330
22
100
AcDbEntity
  8
F.Paste
  6
CONTINUOUS
100
AcDbLine
 10
5.3876341338582678
 20
-2.8410753937007875
 30
0
 11
5.3863542913385825
 21
-2.8475095275590552
 31
0
  0
LINE
  5
197
330
22
100
AcDbEntity
  8
F.Paste
  6
CONTINUOUS
100
AcDbLine
 10
5.3863542913385825
 20
-2.8475095275590552
 30
0
 11
5.3838438188976374
 21
-2.8535703543307087
 31
0
  0
LINE
  5
198
330
22
100
AcDbEntity
  8
F.Paste
  6
CONTINUOUS
100
AcDbLine
 10
5.3838438188976374
 20
-2.8535703543307087
 30
0
 11
5.3801991732283465
 21
-2.8590249606299212
 31
0
  0
LINE
  5
199
330
22
100
AcDbEntity
  8
F.Paste
  6
CONTINUOUS
100
AcDbLine
 10
5.3801991732283465
 20
-2.8590249606299212
 30
0
 11
5.3755603937007876
 21
-2.86366374015748
 31
0
  0
LINE
  5
19A
330
22
100
AcDbEntity
  8
F.Paste
  6
CONTINUOUS
100
AcDbLine
 10
5.3755603937007876
 20
-2.86366374015748
 30
0
 11
5.3701057874015747
 21
-2.8673083858267714
 31
0
  0
LINE
  5
19B
330
22
100
AcDbEntity
  8
F.Paste
  6
CONTINUOUS
100
AcDbLine
 10
5.3701057874015747
 20
-2.8673083858267714
 30
0
 11
5.3640449606299212
 21
-2.8698188582677164
 31
0
  0
LINE
  5
19C
330
22
100
AcDbEntity
  8
F.Paste
  6
CONTINUOUS
100
AcDbLine
 10
5.3640449606299212
 20
-2.8698188582677164
 30
0
 11
5.3576108267716531
 21
-2.8710987007874014
 31
0
  0
LINE
  5
19D
330
22
100
AcDbEntity
  8
F.Paste
  6
CONTINUOUS
100
AcDbLine
 10
5.3576108267716531
 20
-2.8710987007874014
 30
0
 11
5.3543307086614176
 21
-2.8712598425196849
 31
0
  0
LINE
  5
19E
330
22
100
AcDbEntity
  8
F.Paste
  6
CONTINUOUS
100
AcDbLine
 10
5.3543307086614176
 20
-2.8712598425196849
 30
0
 11
5.2755905511811019
 21
-2.8712598425196849
 31
0
  0
LINE
  5
19F
330
22
100
AcDbEntity
  8
F.Paste
  6
CONTINUOUS
100
AcDbLine
 10
5.2755905511811019
 20
-2.8712598425196849
 30
0
 11
5.2723104330708663
 21
-2.8710987007874014
 31
0
  0
LINE
  5
1A0
330
22
100
AcDbEntity
  8
F.Paste
  6
CONTINUOUS
100
AcDbLine
 10
5.2723104330708663
 20
-2.8710987007874014
 30
0
 11
5.2658762992125983
 21
-2.8698188582677164
 31
0
  0
LINE
  5
1A1
330
22
100
AcDbEntity
  8
F.Paste
  6
CONTINUOUS
100
AcDbLine
 10
5.2658762992125983
 20
-2.8698188582677164
 30
0
 11
5.2598154724409447
 21
-2.8673083858267714
 31
0
  0
LINE
  5
1A2
330
22
100
AcDbEntity
  8
F.Paste
  6
CONTINUOUS
100
AcDbLine
 10
5.2598154724409447
 20
-2.8673083858267714
 30
0
 11
5.2543608661417318
 21
-2.86366374015748
 31
0
  0
LINE
  5
1A3
330
22
100
AcDbEntity
  8
F.Paste
  6
CONTINUOUS
100
AcDbLine
 10
5.2543608661417318
 20
-2.86366374015748
 30
0
 11
5.2497220866141729
 21
-2.8590249606299212
 31
0
  0
LINE
  5
1A4
330
22
100
AcDbEntity
  8
F.Paste
  6
CONTINUOUS
100
AcDbLine
 10
5.2497220866141729
 20
-2.8590249606299212
 30
0
 11
5.246077440944882
 21
-2.8535703543307087
 31
0
  0
LINE
  5
1A5
330
22
100
AcDbEntity
  8
F.Paste
  6
CONTINUOUS
100
AcDbLine
 10
5.246077440944882
 20
-2.8535703543307087
 30
0
 11
5.243566968503937
 21
-2.8475095275590552
 31
0
  0
LINE
  5
1A6
330
22
100
AcDbEntity
  8
F.Paste
  6
CONTINUOUS
100
AcDbLine
 10
5.243566968503937
 20
-2.8475095275590552
 30
0
 11
5.2422871259842516
 21
-2.8410753937007875
 31
0
  0
LINE
  5
1A7
330
22
100
AcDbEntity
  8
F.Paste
  6
CONTINUOUS
100
AcDbLine
 10
5.2422871259842516
 20
-2.8410753937007875
 30
0
 11
5.2422871259842516
 21
-2.8345151574803147
 31
0
  0
LINE
  5
1A8
330
22
100
AcDbEntity
  8
F.Paste
  6
CONTINUOUS
100
AcDbLine
 10
5.2422871259842516
 20
-2.8345151574803147
 30
0
 11
5.243566968503937
 21
-2.8280810236220471
 31
0
  0
LINE
  5
1A9
330
22
100
AcDbEntity
  8
F.Paste
  6
CONTINUOUS
100
AcDbLine
 10
5.243566968503937
 20
-2.8280810236220471
 30
0
 11
5.246077440944882
 21
-2.8220201968503935
 31
0
  0
LINE
  5
1AA
330
22
100
AcDbEntity
  8
F.Paste
  6
CONTINUOUS
100
AcDbLine
 10
5.246077440944882
 20
-2.8220201968503935
 30
0
 11
5.2497220866141729
 21
-2.8165655905511811
 31
0
  0
LINE
  5
1AB
330
22
100
AcDbEntity
  8
F.Paste
  6
CONTINUOUS
100
AcDbLine
 10
5.2497220866141729
 20
-2.8165655905511811
 30
0
 11
5.2543608661417318
 21
-2.8119268110236222
 31
0
  0
LINE
  5
1AC
330
22
100
AcDbEntity
  8
F.Paste
  6
CONTINUOUS
100
AcDbLine
 10
5.2543608661417318
 20
-2.8119268110236222
 30
0
 11
5.2598154724409447
 21
-2.8082821653543308
 31
0
  0
LINE
  5
1AD
330
22
100
AcDbEntity
  8
F.Paste
  6
CONTINUOUS
100
AcDbLine
 10
5.2598154724409447
 20
-2.8082821653543308
 30
0
 11
5.2658762992125983
 21
-2.8057716929133858
 31
0
  0
LINE
  5
1AE
330
22
100
AcDbEntity
  8
F.Paste
  6
CONTINUOUS
100
AcDbLine
 10
5.2658762992125983
 20
-2.8057716929133858
 30
0
 11
5.2723104330708663
 21
-2.8044918503937009
 31
0
  0
LINE
  5
1AF
330
22
100
AcDbEntity
  8
F.Paste
  6
CONTINUOUS
100
AcDbLine
 10
5.2723104330708663
 20
-2.8044918503937009
 30
0
 11
5.2755905511811019
 21
-2.8043307086614173
 31
0
  0
LINE
  5
1B0
330
22
100
AcDbEntity
  8
F.Paste
  6
CONTINUOUS
100
AcDbLine
 10
5.2755905511811019
 20
-2.8043307086614173
 30
0
 11
5.3462568503937007
 21
-2.8043307086614173
 31
0
  0
LINE
  5
1B1
330
22
100
AcDbEntity
  8
F.Paste
  6
CONTINUOUS
100
AcDbLine
 10
5.3462568503937007
 20
-2.8043307086614173
 30
0
 11
5.4147887795275587
 21
-2.7357987795275589
 31
0
  0
LINE
  5
1B2
330
22
100
AcDbEntity
  8
F.Paste
  6
CONTINUOUS
100
AcDbLine
 10
5.4147887795275587
 20
-2.7357987795275589
 30
0
 11
5.4153853543307084
 21
-2.7353091732283463
 31
0
  0
LINE
  5
1B3
330
22
100
AcDbEntity
  8
F.Paste
  6
CONTINUOUS
100
AcDbLine
 10
5.4153853543307084
 20
-2.7353091732283463
 30
0
 11
5.4158010236220475
 21
-2.7351369685039368
 31
0
  0
LINE
  5
1B4
330
22
100
AcDbEntity
  8
F.Paste
  6
CONTINUOUS
100
AcDbLine
 10
5.4158010236220475
 20
-2.7351369685039368
 30
0
 11
5.4168046062992126
 21
-2.7347212992125982
 31
0
  0
LINE
  5
1B5
330
22
100
AcDbEntity
  8
F.Paste
  6
CONTINUOUS
100
AcDbLine
 10
5.4168046062992126
 20
-2.7347212992125982
 30
0
 11
5.4175726771653538
 21
-2.7346456692913383
 31
0
  0
LINE
  5
1B6
330
22
100
AcDbEntity
  8
F.Paste
  6
CONTINUOUS
100
AcDbLine
 10
5.4175726771653538
 20
-2.7346456692913383
 30
0
 11
6.8082637401574804
 21
-2.7346456692913383
 31
0
  0
LINE
  5
1B7
330
22
100
AcDbEntity
  8
F.Paste
  6
CONTINUOUS
100
AcDbLine
 10
6.8082637401574804
 20
-2.7346456692913383
 30
0
 11
6.8090318110236216
 21
-2.7347212992125982
 31
0
  0
LINE
  5
1B8
330
22
100
AcDbEntity
  8
F.Paste
  6
CONTINUOUS
100
AcDbLine
 10
4.676508464566929
 20
-3.2044918503937008
 30
0
 11
4.6829425984251971
 21
-3.2057716929133857
 31
0
  0
LINE
  5
1B9
330
22
100
AcDbEntity
  8
F.Paste
  6
CONTINUOUS
100
AcDbLine
 10
4.6829425984251971
 20
-3.2057716929133857
 30
0
 11
4.6890034251968506
 21
-3.2082821653543308
 31
0
  0
LINE
  5
1BA
330
22
100
AcDbEntity
  8
F.Paste
  6
CONTINUOUS
100
AcDbLine
 10
4.6890034251968506
 20
-3.2082821653543308
 30
0
 11
4.6944580314960627
 21
-3.2119268110236221
 31
0
  0
LINE
  5
1BB
330
22
100
AcDbEntity
  8
F.Paste
  6
CONTINUOUS
100
AcDbLine
 10
4.6944580314960627
 20
-3.2119268110236221
 30
0
 11
4.6990968110236215
 21
-3.216565590551181
 31
0
  0
LINE
  5
1BC
330
22
100
AcDbEntity
  8
F.Paste
  6
CONTINUOUS
100
AcDbLine
 10
4.6990968110236215
 20
-3.216565590551181
 30
0
 11
4.7027414566929133
 21
-3.2220201968503934
 31
0
  0
LINE
  5
1BD
330
22
100
AcDbEntity
  8
F.Paste
  6
CONTINUOUS
100
AcDbLine
 10
4.7027414566929133
 20
-3.2220201968503934
 30
0
 11
4.7052519291338584
 21
-3.228081023622047
 31
0
  0
LINE
  5
1BE
330
22
100
AcDbEntity
  8
F.Paste
  6
CONTINUOUS
100
AcDbLine
 10
4.7052519291338584
 20
-3.228081023622047
 30
0
 11
4.7065317716535429
 21
-3.234515157480315
 31
0
  0
LINE
  5
1BF
330
22
100
AcDbEntity
  8
F.Paste
  6
CONTINUOUS
100
AcDbLine
 10
4.7065317716535429
 20
-3.234515157480315
 30
0
 11
4.7065317716535429
 21
-3.2410753937007875
 31
0
  0
LINE
  5
1C0
330
22
100
AcDbEntity
  8
F.Paste
  6
CONTINUOUS
100
AcDbLine
 10
4.7065317716535429
 20
-3.2410753937007875
 30
0
 11
4.7052519291338584
 21
-3.2475095275590551
 31
0
  0
LINE
  5
1C1
330
22
100
AcDbEntity
  8
F.Paste
  6
CONTINUOUS
100
AcDbLine
 10
4.7052519291338584
 20
-3.2475095275590551
 30
0
 11
4.7027414566929133
 21
-3.2535703543307086
 31
0
  0
LINE
  5
1C2
330
22
100
AcDbEntity
  8
F.Paste
  6
CONTINUOUS
100
AcDbLine
 10
4.7027414566929133
 20
-3.2535703543307086
 30
0
 11
4.6990968110236215
 21
-3.2590249606299211
 31
0
  0
LINE
  5
1C3
330
22
100
AcDbEntity
  8
F.Paste
  6
CONTINUOUS
100
AcDbLine
 10
4.6990968110236215
 20
-3.2590249606299211
 30
0
 11
4.6944580314960627
 21
-3.2636637401574804
 31
0
  0
LINE
  5
1C4
330
22
100
AcDbEntity
  8
F.Paste
  6
CONTINUOUS
100
AcDbLine
 10
4.6944580314960627
 20
-3.2636637401574804
 30
0
 11
4.6890034251968506
 21
-3.2673083858267717
 31
0
  0
LINE
  5
1C5
330
22
100
AcDbEntity
  8
F.Paste
  6
CONTINUOUS
100
AcDbLine
 10
4.6890034251968506
 20
-3.2673083858267717
 30
0
 11
4.6829425984251971
 21
-3.2698188582677163
 31
0
  0
LINE
  5
1C6
330
22
100
AcDbEntity
  8
F.Paste
  6
CONTINUOUS
100
AcDbLine
 10
4.6829425984251971
 20
-3.2698188582677163
 30
0
 11
4.676508464566929
 21
-3.2710987007874013
 31
0
  0
LINE
  5
1C7
330
22
100
AcDbEntity
  8
F.Paste
  6
CONTINUOUS
100
AcDbLine
 10
4.676508464566929
 20
-3.2710987007874013
 30
0
 11
4.6732283464566926
 21
-3.2712598425196848
 31
0
  0
LINE
  5
1C8
330
22
100
AcDbEntity
  8
F.Paste
  6
CONTINUOUS
100
AcDbLine
 10
4.6732283464566926
 20
-3.2712598425196848
 30
0
 11
4.5984251968503935
 21
-3.2712598425196848
 31
0
  0
LINE
  5
1C9
330
22
100
AcDbEntity
  8
F.Paste
  6
CONTINUOUS
100
AcDbLine
 10
4.5984251968503935
 20
-3.2712598425196848
 30
0
 11
4.5951450787401571
 21
-3.2710987007874013
 31
0
  0
LINE
  5
1CA
330
22
100
AcDbEntity
  8
F.Paste
  6
CONTINUOUS
100
AcDbLine
 10
4.5951450787401571
 20
-3.2710987007874013
 30
0
 11
4.5887109448818899
 21
-3.2698188582677163
 31
0
  0
LINE
  5
1CB
330
22
100
AcDbEntity
  8
F.Paste
  6
CONTINUOUS
100
AcDbLine
 10
4.5887109448818899
 20
-3.2698188582677163
 30
0
 11
4.5826501181102364
 21
-3.2673083858267717
 31
0
  0
LINE
  5
1CC
330
22
100
AcDbEntity
  8
F.Paste
  6
CONTINUOUS
100
AcDbLine
 10
4.5826501181102364
 20
-3.2673083858267717
 30
0
 11
4.5771955118110235
 21
-3.2636637401574804
 31
0
  0
LINE
  5
1CD
330
22
100
AcDbEntity
  8
F.Paste
  6
CONTINUOUS
100
AcDbLine
 10
4.5771955118110235
 20
-3.2636637401574804
 30
0
 11
4.5725567322834646
 21
-3.2590249606299211
 31
0
  0
LINE
  5
1CE
330
22
100
AcDbEntity
  8
F.Paste
  6
CONTINUOUS
100
AcDbLine
 10
4.5725567322834646
 20
-3.2590249606299211
 30
0
 11
4.5689120866141728
 21
-3.2535703543307086
 31
0
  0
LINE
  5
1CF
330
22
100
AcDbEntity
  8
F.Paste
  6
CONTINUOUS
100
AcDbLine
 10
4.5689120866141728
 20
-3.2535703543307086
 30
0
 11
4.5664016141732287
 21
-3.2475095275590551
 31
0
  0
LINE
  5
1D0
330
22
100
AcDbEntity
  8
F.Paste
  6
CONTINUOUS
100
AcDbLine
 10
4.5664016141732287
 20
-3.2475095275590551
 30
0
 11
4.5651217716535433
 21
-3.2410753937007875
 31
0
  0
LINE
  5
1D1
330
22
100
AcDbEntity
  8
F.Paste
  6
CONTINUOUS
100
AcDbLine
 10
4.5651217716535433
 20
-3.2410753937007875
 30
0
 11
4.5651217716535433
 21
-3.234515157480315
 31
0
  0
LINE
  5
1D2
330
22
100
AcDbEntity
  8
F.Paste
  6
CONTINUOUS
100
AcDbLine
 10
4.5651217716535433
 20
-3.234515157480315
 30
0
 11
4.5664016141732287
 21
-3.228081023622047
 31
0
  0
LINE
  5
1D3
330
22
100
AcDbEntity
  8
F.Paste
  6
CONTINUOUS
100
AcDbLine
 10
4.5664016141732287
 20
-3.228081023622047
 30
0
 11
4.5689120866141728
 21
-3.2220201968503934
 31
0
  0
LINE
  5
1D4
330
22
100
AcDbEntity
  8
F.Paste
  6
CONTINUOUS
100
AcDbLine
 10
4.5689120866141728
 20
-3.2220201968503934
 30
0
 11
4.5725567322834646
 21
-3.216565590551181
 31
0
  0
LINE
  5
1D5
330
22
100
AcDbEntity
  8
F.Paste
  6
CONTINUOUS
100
AcDbLine
 10
4.5725567322834646
 20
-3.216565590551181
 30
0
 11
4.5771955118110235
 21
-3.2119268110236221
 31
0
  0
LINE
  5
1D6
330
22
100
AcDbEntity
  8
F.Paste
  6
CONTINUOUS
100
AcDbLine
 10
4.5771955118110235
 20
-3.2119268110236221
 30
0
 11
4.5826501181102364
 21
-3.2082821653543308
 31
0
  0
LINE
  5
1D7
330
22
100
AcDbEntity
  8
F.Paste
  6
CONTINUOUS
100
AcDbLine
 10
4.5826501181102364
 20
-3.2082821653543308
 30
0
 11
4.5887109448818899
 21
-3.2057716929133857
 31
0
  0
LINE
  5
1D8
330
22
100
AcDbEntity
  8
F.Paste
  6
CONTINUOUS
100
AcDbLine
 10
4.5887109448818899
 20
-3.2057716929133857
 30
0
 11
4.5951450787401571
 21
-3.2044918503937008
 31
0
  0
LINE
  5
1D9
330
22
100
AcDbEntity
  8
F.Paste
  6
CONTINUOUS
100
AcDbLine
 10
4.5951450787401571
 20
-3.2044918503937008
 30
0
 11
4.5984251968503935
 21
-3.2043307086614172
 31
0
  0
LINE
  5
1DA
330
22
100
AcDbEntity
  8
F.Paste
  6
CONTINUOUS
100
AcDbLine
 10
4.5984251968503935
 20
-3.2043307086614172
 30
0
 11
4.6732283464566926
 21
-3.2043307086614172
 31
0
  0
LINE
  5
1DB
330
22
100
AcDbEntity
  8
F.Paste
  6
CONTINUOUS
100
AcDbLine
 10
4.6732283464566926
 20
-3.2043307086614172
 30
0
 11
4.676508464566929
 21
-3.2044918503937008
 31
0
  0
LINE
  5
1DC
330
22
100
AcDbEntity
  8
F.Paste
  6
CONTINUOUS
100
AcDbLine
 10
5.3556423228346457
 20
-3.2044918503937008
 30
0
 11
5.3620764566929129
 21
-3.2057716929133857
 31
0
  0
LINE
  5
1DD
330
22
100
AcDbEntity
  8
F.Paste
  6
CONTINUOUS
100
AcDbLine
 10
5.3620764566929129
 20
-3.2057716929133857
 30
0
 11
5.3681372834645664
 21
-3.2082821653543308
 31
0
  0
LINE
  5
1DE
330
22
100
AcDbEntity
  8
F.Paste
  6
CONTINUOUS
100
AcDbLine
 10
5.3681372834645664
 20
-3.2082821653543308
 30
0
 11
5.3735918897637793
 21
-3.2119268110236221
 31
0
  0
LINE
  5
1DF
330
22
100
AcDbEntity
  8
F.Paste
  6
CONTINUOUS
100
AcDbLine
 10
5.3735918897637793
 20
-3.2119268110236221
 30
0
 11
5.3782306692913382
 21
-3.216565590551181
 31
0
  0
LINE
  5
1E0
330
22
100
AcDbEntity
  8
F.Paste
  6
CONTINUOUS
100
AcDbLine
 10
5.3782306692913382
 20
-3.216565590551181
 30
0
 11
5.38187531496063
 21
-3.2220201968503934
 31
0
  0
LINE
  5
1E1
330
22
100
AcDbEntity
  8
F.Paste
  6
CONTINUOUS
100
AcDbLine
 10
5.38187531496063
 20
-3.2220201968503934
 30
0
 11
5.384385787401575
 21
-3.228081023622047
 31
0
  0
LINE
  5
1E2
330
22
100
AcDbEntity
  8
F.Paste
  6
CONTINUOUS
100
AcDbLine
 10
5.384385787401575
 20
-3.228081023622047
 30
0
 11
5.3856656299212595
 21
-3.234515157480315
 31
0
  0
LINE
  5
1E3
330
22
100
AcDbEntity
  8
F.Paste
  6
CONTINUOUS
100
AcDbLine
 10
5.3856656299212595
 20
-3.234515157480315
 30
0
 11
5.3856656299212595
 21
-3.2410753937007875
 31
0
  0
LINE
  5
1E4
330
22
100
AcDbEntity
  8
F.Paste
  6
CONTINUOUS
100
AcDbLine
 10
5.3856656299212595
 20
-3.2410753937007875
 30
0
 11
5.384385787401575
 21
-3.2475095275590551
 31
0
  0
LINE
  5
1E5
330
22
100
AcDbEntity
  8
F.Paste
  6
CONTINUOUS
100
AcDbLine
 10
5.384385787401575
 20
-3.2475095275590551
 30
0
 11
5.38187531496063
 21
-3.2535703543307086
 31
0
  0
LINE
  5
1E6
330
22
100
AcDbEntity
  8
F.Paste
  6
CONTINUOUS
100
AcDbLine
 10
5.38187531496063
 20
-3.2535703543307086
 30
0
 11
5.3782306692913382
 21
-3.2590249606299211
 31
0
  0
LINE
  5
1E7
330
22
100
AcDbEntity
  8
F.Paste
  6
CONTINUOUS
100
AcDbLine
 10
5.3782306692913382
 20
-3.2590249606299211
 30
0
 11
5.3735918897637793
 21
-3.2636637401574804
 31
0
  0
LINE
  5
1E8
330
22
100
AcDbEntity
  8
F.Paste
  6
CONTINUOUS
100
AcDbLine
 10
5.3735918897637793
 20
-3.2636637401574804
 30
0
 11
5.3681372834645664
 21
-3.2673083858267717
 31
0
  0
LINE
  5
1E9
330
22
100
AcDbEntity
  8
F.Paste
  6
CONTINUOUS
100
AcDbLine
 10
5.3681372834645664
 20
-3.2673083858267717
 30
0
 11
5.3620764566929129
 21
-3.2698188582677163
 31
0
  0
LINE
  5
1EA
330
22
100
AcDbEntity
  8
F.Paste
  6
CONTINUOUS
100
AcDbLine
 10
5.3620764566929129
 20
-3.2698188582677163
 30
0
 11
5.3556423228346457
 21
-3.2710987007874013
 31
0
  0
LINE
  5
1EB
330
22
100
AcDbEntity
  8
F.Paste
  6
CONTINUOUS
100
AcDbLine
 10
5.3556423228346457
 20
-3.2710987007874013
 30
0
 11
5.3523622047244093
 21
-3.2712598425196848
 31
0
  0
LINE
  5
1EC
330
22
100
AcDbEntity
  8
F.Paste
  6
CONTINUOUS
100
AcDbLine
 10
5.3523622047244093
 20
-3.2712598425196848
 30
0
 11
5.2775590551181102
 21
-3.2712598425196848
 31
0
  0
LINE
  5
1ED
330
22
100
AcDbEntity
  8
F.Paste
  6
CONTINUOUS
100
AcDbLine
 10
5.2775590551181102
 20
-3.2712598425196848
 30
0
 11
5.2742789370078738
 21
-3.2710987007874013
 31
0
  0
LINE
  5
1EE
330
22
100
AcDbEntity
  8
F.Paste
  6
CONTINUOUS
100
AcDbLine
 10
5.2742789370078738
 20
-3.2710987007874013
 30
0
 11
5.2678448031496066
 21
-3.2698188582677163
 31
0
  0
LINE
  5
1EF
330
22
100
AcDbEntity
  8
F.Paste
  6
CONTINUOUS
100
AcDbLine
 10
5.2678448031496066
 20
-3.2698188582677163
 30
0
 11
5.261783976377953
 21
-3.2673083858267717
 31
0
  0
LINE
  5
1F0
330
22
100
AcDbEntity
  8
F.Paste
  6
CONTINUOUS
100
AcDbLine
 10
5.261783976377953
 20
-3.2673083858267717
 30
0
 11
5.2563293700787401
 21
-3.2636637401574804
 31
0
  0
LINE
  5
1F1
330
22
100
AcDbEntity
  8
F.Paste
  6
CONTINUOUS
100
AcDbLine
 10
5.2563293700787401
 20
-3.2636637401574804
 30
0
 11
5.2516905905511813
 21
-3.2590249606299211
 31
0
  0
LINE
  5
1F2
330
22
100
AcDbEntity
  8
F.Paste
  6
CONTINUOUS
100
AcDbLine
 10
5.2516905905511813
 20
-3.2590249606299211
 30
0
 11
5.2480459448818895
 21
-3.2535703543307086
 31
0
  0
LINE
  5
1F3
330
22
100
AcDbEntity
  8
F.Paste
  6
CONTINUOUS
100
AcDbLine
 10
5.2480459448818895
 20
-3.2535703543307086
 30
0
 11
5.2455354724409444
 21
-3.2475095275590551
 31
0
  0
LINE
  5
1F4
330
22
100
AcDbEntity
  8
F.Paste
  6
CONTINUOUS
100
AcDbLine
 10
5.2455354724409444
 20
-3.2475095275590551
 30
0
 11
5.2442556299212599
 21
-3.2410753937007875
 31
0
  0
LINE
  5
1F5
330
22
100
AcDbEntity
  8
F.Paste
  6
CONTINUOUS
100
AcDbLine
 10
5.2442556299212599
 20
-3.2410753937007875
 30
0
 11
5.2442556299212599
 21
-3.234515157480315
 31
0
  0
LINE
  5
1F6
330
22
100
AcDbEntity
  8
F.Paste
  6
CONTINUOUS
100
AcDbLine
 10
5.2442556299212599
 20
-3.234515157480315
 30
0
 11
5.2455354724409444
 21
-3.228081023622047
 31
0
  0
LINE
  5
1F7
330
22
100
AcDbEntity
  8
F.Paste
  6
CONTINUOUS
100
AcDbLine
 10
5.2455354724409444
 20
-3.228081023622047
 30
0
 11
5.2480459448818895
 21
-3.2220201968503934
 31
0
  0
LINE
  5
1F8
330
22
100
AcDbEntity
  8
F.Paste
  6
CONTINUOUS
100
AcDbLine
 10
5.2480459448818895
 20
-3.2220201968503934
 30
0
 11
5.2516905905511813
 21
-3.216565590551181
 31
0
  0
LINE
  5
1F9
330
22
100
AcDbEntity
  8
F.Paste
  6
CONTINUOUS
100
AcDbLine
 10
5.2516905905511813
 20
-3.216565590551181
 30
0
 11
5.2563293700787401
 21
-3.2119268110236221
 31
0
  0
LINE
  5
1FA
330
22
100
AcDbEntity
  8
F.Paste
  6
CONTINUOUS
100
AcDbLine
 10
5.2563293700787401
 20
-3.2119268110236221
 30
0
 11
5.261783976377953
 21
-3.2082821653543308
 31
0
  0
LINE
  5
1FB
330
22
100
AcDbEntity
  8
F.Paste
  6
CONTINUOUS
100
AcDbLine
 10
5.261783976377953
 20
-3.2082821653543308
 30
0
 11
5.2678448031496066
 21
-3.2057716929133857
 31
0
  0
LINE
  5
1FC
330
22
100
AcDbEntity
  8
F.Paste
  6
CONTINUOUS
100
AcDbLine
 10
5.2678448031496066
 20
-3.2057716929133857
 30
0
 11
5.2742789370078738
 21
-3.2044918503937008
 31
0
  0
LINE
  5
1FD
330
22
100
AcDbEntity
  8
F.Paste
  6
CONTINUOUS
100
AcDbLine
 10
5.2742789370078738
 20
-3.2044918503937008
 30
0
 11
5.2775590551181102
 21
-3.2043307086614172
 31
0
  0
LINE
  5
1FE
330
22
100
AcDbEntity
  8
F.Paste
  6
CONTINUOUS
100
AcDbLine
 10
5.2775590551181102
 20
-3.2043307086614172
 30
0
 11
5.3523622047244093
 21
-3.2043307086614172
 31
0
  0
LINE
  5
1FF
330
22
100
AcDbEntity
  8
F.Paste
  6
CONTINUOUS
100
AcDbLine
 10
5.3523622047244093
 20
-3.2043307086614172
 30
0
 11
5.3556423228346457
 21
-3.2044918503937008
 31
0
  0
LINE
  5
200
330
22
100
AcDbEntity
  8
F.Paste
  6
CONTINUOUS
100
AcDbLine
 10
4.676508464566929
 20
-3.1044918503937007
 30
0
 11
4.6829425984251971
 21
-3.1057716929133856
 31
0
  0
LINE
  5
201
330
22
100
AcDbEntity
  8
F.Paste
  6
CONTINUOUS
100
AcDbLine
 10
4.6829425984251971
 20
-3.1057716929133856
 30
0
 11
4.6890034251968506
 21
-3.1082821653543307
 31
0
  0
LINE
  5
202
330
22
100
AcDbEntity
  8
F.Paste
  6
CONTINUOUS
100
AcDbLine
 10
4.6890034251968506
 20
-3.1082821653543307
 30
0
 11
4.6944580314960627
 21
-3.111926811023622
 31
0
  0
LINE
  5
203
330
22
100
AcDbEntity
  8
F.Paste
  6
CONTINUOUS
100
AcDbLine
 10
4.6944580314960627
 20
-3.111926811023622
 30
0
 11
4.6990968110236215
 21
-3.1165655905511809
 31
0
  0
LINE
  5
204
330
22
100
AcDbEntity
  8
F.Paste
  6
CONTINUOUS
100
AcDbLine
 10
4.6990968110236215
 20
-3.1165655905511809
 30
0
 11
4.7027414566929133
 21
-3.1220201968503938
 31
0
  0
LINE
  5
205
330
22
100
AcDbEntity
  8
F.Paste
  6
CONTINUOUS
100
AcDbLine
 10
4.7027414566929133
 20
-3.1220201968503938
 30
0
 11
4.7052519291338584
 21
-3.1280810236220473
 31
0
  0
LINE
  5
206
330
22
100
AcDbEntity
  8
F.Paste
  6
CONTINUOUS
100
AcDbLine
 10
4.7052519291338584
 20
-3.1280810236220473
 30
0
 11
4.7065317716535429
 21
-3.134515157480315
 31
0
  0
LINE
  5
207
330
22
100
AcDbEntity
  8
F.Paste
  6
CONTINUOUS
100
AcDbLine
 10
4.7065317716535429
 20
-3.134515157480315
 30
0
 11
4.7065317716535429
 21
-3.1410753937007874
 31
0
  0
LINE
  5
208
330
22
100
AcDbEntity
  8
F.Paste
  6
CONTINUOUS
100
AcDbLine
 10
4.7065317716535429
 20
-3.1410753937007874
 30
0
 11
4.7052519291338584
 21
-3.147509527559055
 31
0
  0
LINE
  5
209
330
22
100
AcDbEntity
  8
F.Paste
  6
CONTINUOUS
100
AcDbLine
 10
4.7052519291338584
 20
-3.147509527559055
 30
0
 11
4.7027414566929133
 21
-3.1535703543307085
 31
0
  0
LINE
  5
20A
330
22
100
AcDbEntity
  8
F.Paste
  6
CONTINUOUS
100
AcDbLine
 10
4.7027414566929133
 20
-3.1535703543307085
 30
0
 11
4.6990968110236215
 21
-3.159024960629921
 31
0
  0
LINE
  5
20B
330
22
100
AcDbEntity
  8
F.Paste
  6
CONTINUOUS
100
AcDbLine
 10
4.6990968110236215
 20
-3.159024960629921
 30
0
 11
4.6944580314960627
 21
-3.1636637401574803
 31
0
  0
LINE
  5
20C
330
22
100
AcDbEntity
  8
F.Paste
  6
CONTINUOUS
100
AcDbLine
 10
4.6944580314960627
 20
-3.1636637401574803
 30
0
 11
4.6890034251968506
 21
-3.1673083858267717
 31
0
  0
LINE
  5
20D
330
22
100
AcDbEntity
  8
F.Paste
  6
CONTINUOUS
100
AcDbLine
 10
4.6890034251968506
 20
-3.1673083858267717
 30
0
 11
4.6829425984251971
 21
-3.1698188582677163
 31
0
  0
LINE
  5
20E
330
22
100
AcDbEntity
  8
F.Paste
  6
CONTINUOUS
100
AcDbLine
 10
4.6829425984251971
 20
-3.1698188582677163
 30
0
 11
4.676508464566929
 21
-3.1710987007874016
 31
0
  0
LINE
  5
20F
330
22
100
AcDbEntity
  8
F.Paste
  6
CONTINUOUS
100
AcDbLine
 10
4.676508464566929
 20
-3.1710987007874016
 30
0
 11
4.6732283464566926
 21
-3.1712598425196852
 31
0
  0
LINE
  5
210
330
22
100
AcDbEntity
  8
F.Paste
  6
CONTINUOUS
100
AcDbLine
 10
4.6732283464566926
 20
-3.1712598425196852
 30
0
 11
4.5984251968503935
 21
-3.1712598425196852
 31
0
  0
LINE
  5
211
330
22
100
AcDbEntity
  8
F.Paste
  6
CONTINUOUS
100
AcDbLine
 10
4.5984251968503935
 20
-3.1712598425196852
 30
0
 11
4.5951450787401571
 21
-3.1710987007874016
 31
0
  0
LINE
  5
212
330
22
100
AcDbEntity
  8
F.Paste
  6
CONTINUOUS
100
AcDbLine
 10
4.5951450787401571
 20
-3.1710987007874016
 30
0
 11
4.5887109448818899
 21
-3.1698188582677163
 31
0
  0
LINE
  5
213
330
22
100
AcDbEntity
  8
F.Paste
  6
CONTINUOUS
100
AcDbLine
 10
4.5887109448818899
 20
-3.1698188582677163
 30
0
 11
4.5826501181102364
 21
-3.1673083858267717
 31
0
  0
LINE
  5
214
330
22
100
AcDbEntity
  8
F.Paste
  6
CONTINUOUS
100
AcDbLine
 10
4.5826501181102364
 20
-3.1673083858267717
 30
0
 11
4.5771955118110235
 21
-3.1636637401574803
 31
0
  0
LINE
  5
215
330
22
100
AcDbEntity
  8
F.Paste
  6
CONTINUOUS
100
AcDbLine
 10
4.5771955118110235
 20
-3.1636637401574803
 30
0
 11
4.5725567322834646
 21
-3.159024960629921
 31
0
  0
LINE
  5
216
330
22
100
AcDbEntity
  8
F.Paste
  6
CONTINUOUS
100
AcDbLine
 10
4.5725567322834646
 20
-3.159024960629921
 30
0
 11
4.5689120866141728
 21
-3.1535703543307085
 31
0
  0
LINE
  5
217
330
22
100
AcDbEntity
  8
F.Paste
  6
CONTINUOUS
100
AcDbLine
 10
4.5689120866141728
 20
-3.1535703543307085
 30
0
 11
4.5664016141732287
 21
-3.147509527559055
 31
0
  0
LINE
  5
218
330
22
100
AcDbEntity
  8
F.Paste
  6
CONTINUOUS
100
AcDbLine
 10
4.5664016141732287
 20
-3.147509527559055
 30
0
 11
4.5651217716535433
 21
-3.1410753937007874
 31
0
  0
LINE
  5
219
330
22
100
AcDbEntity
  8
F.Paste
  6
CONTINUOUS
100
AcDbLine
 10
4.5651217716535433
 20
-3.1410753937007874
 30
0
 11
4.5651217716535433
 21
-3.134515157480315
 31
0
  0
LINE
  5
21A
330
22
100
AcDbEntity
  8
F.Paste
  6
CONTINUOUS
100
AcDbLine
 10
4.5651217716535433
 20
-3.134515157480315
 30
0
 11
4.5664016141732287
 21
-3.1280810236220473
 31
0
  0
LINE
  5
21B
330
22
100
AcDbEntity
  8
F.Paste
  6
CONTINUOUS
100
AcDbLine
 10
4.5664016141732287
 20
-3.1280810236220473
 30
0
 11
4.5689120866141728
 21
-3.1220201968503938
 31
0
  0
LINE
  5
21C
330
22
100
AcDbEntity
  8
F.Paste
  6
CONTINUOUS
100
AcDbLine
 10
4.5689120866141728
 20
-3.1220201968503938
 30
0
 11
4.5725567322834646
 21
-3.1165655905511809
 31
0
  0
LINE
  5
21D
330
22
100
AcDbEntity
  8
F.Paste
  6
CONTINUOUS
100
AcDbLine
 10
4.5725567322834646
 20
-3.1165655905511809
 30
0
 11
4.5771955118110235
 21
-3.111926811023622
 31
0
  0
LINE
  5
21E
330
22
100
AcDbEntity
  8
F.Paste
  6
CONTINUOUS
100
AcDbLine
 10
4.5771955118110235
 20
-3.111926811023622
 30
0
 11
4.5826501181102364
 21
-3.1082821653543307
 31
0
  0
LINE
  5
21F
330
22
100
AcDbEntity
  8
F.Paste
  6
CONTINUOUS
100
AcDbLine
 10
4.5826501181102364
 20
-3.1082821653543307
 30
0
 11
4.5887109448818899
 21
-3.1057716929133856
 31
0
  0
LINE
  5
220
330
22
100
AcDbEntity
  8
F.Paste
  6
CONTINUOUS
100
AcDbLine
 10
4.5887109448818899
 20
-3.1057716929133856
 30
0
 11
4.5951450787401571
 21
-3.1044918503937007
 31
0
  0
LINE
  5
221
330
22
100
AcDbEntity
  8
F.Paste
  6
CONTINUOUS
100
AcDbLine
 10
4.5951450787401571
 20
-3.1044918503937007
 30
0
 11
4.5984251968503935
 21
-3.1043307086614171
 31
0
  0
LINE
  5
222
330
22
100
AcDbEntity
  8
F.Paste
  6
CONTINUOUS
100
AcDbLine
 10
4.5984251968503935
 20
-3.1043307086614171
 30
0
 11
4.6732283464566926
 21
-3.1043307086614171
 31
0
  0
LINE
  5
223
330
22
100
AcDbEntity
  8
F.Paste
  6
CONTINUOUS
100
AcDbLine
 10
4.6732283464566926
 20
-3.1043307086614171
 30
0
 11
4.676508464566929
 21
-3.1044918503937007
 31
0
  0
LINE
  5
224
330
22
100
AcDbEntity
  8
F.Paste
  6
CONTINUOUS
100
AcDbLine
 10
4.676508464566929
 20
-3.0044918503937006
 30
0
 11
4.6829425984251971
 21
-3.005771692913386
 31
0
  0
LINE
  5
225
330
22
100
AcDbEntity
  8
F.Paste
  6
CONTINUOUS
100
AcDbLine
 10
4.6829425984251971
 20
-3.005771692913386
 30
0
 11
4.6890034251968506
 21
-3.0082821653543306
 31
0
  0
LINE
  5
226
330
22
100
AcDbEntity
  8
F.Paste
  6
CONTINUOUS
100
AcDbLine
 10
4.6890034251968506
 20
-3.0082821653543306
 30
0
 11
4.6944580314960627
 21
-3.0119268110236219
 31
0
  0
LINE
  5
227
330
22
100
AcDbEntity
  8
F.Paste
  6
CONTINUOUS
100
AcDbLine
 10
4.6944580314960627
 20
-3.0119268110236219
 30
0
 11
4.6990968110236215
 21
-3.0165655905511812
 31
0
  0
LINE
  5
228
330
22
100
AcDbEntity
  8
F.Paste
  6
CONTINUOUS
100
AcDbLine
 10
4.6990968110236215
 20
-3.0165655905511812
 30
0
 11
4.7027414566929133
 21
-3.0220201968503937
 31
0
  0
LINE
  5
229
330
22
100
AcDbEntity
  8
F.Paste
  6
CONTINUOUS
100
AcDbLine
 10
4.7027414566929133
 20
-3.0220201968503937
 30
0
 11
4.7052519291338584
 21
-3.0280810236220472
 31
0
  0
LINE
  5
22A
330
22
100
AcDbEntity
  8
F.Paste
  6
CONTINUOUS
100
AcDbLine
 10
4.7052519291338584
 20
-3.0280810236220472
 30
0
 11
4.7065317716535429
 21
-3.0345151574803149
 31
0
  0
LINE
  5
22B
330
22
100
AcDbEntity
  8
F.Paste
  6
CONTINUOUS
100
AcDbLine
 10
4.7065317716535429
 20
-3.0345151574803149
 30
0
 11
4.7065317716535429
 21
-3.0410753937007873
 31
0
  0
LINE
  5
22C
330
22
100
AcDbEntity
  8
F.Paste
  6
CONTINUOUS
100
AcDbLine
 10
4.7065317716535429
 20
-3.0410753937007873
 30
0
 11
4.7052519291338584
 21
-3.0475095275590549
 31
0
  0
LINE
  5
22D
330
22
100
AcDbEntity
  8
F.Paste
  6
CONTINUOUS
100
AcDbLine
 10
4.7052519291338584
 20
-3.0475095275590549
 30
0
 11
4.7027414566929133
 21
-3.0535703543307084
 31
0
  0
LINE
  5
22E
330
22
100
AcDbEntity
  8
F.Paste
  6
CONTINUOUS
100
AcDbLine
 10
4.7027414566929133
 20
-3.0535703543307084
 30
0
 11
4.6990968110236215
 21
-3.0590249606299214
 31
0
  0
LINE
  5
22F
330
22
100
AcDbEntity
  8
F.Paste
  6
CONTINUOUS
100
AcDbLine
 10
4.6990968110236215
 20
-3.0590249606299214
 30
0
 11
4.6944580314960627
 21
-3.0636637401574802
 31
0
  0
LINE
  5
230
330
22
100
AcDbEntity
  8
F.Paste
  6
CONTINUOUS
100
AcDbLine
 10
4.6944580314960627
 20
-3.0636637401574802
 30
0
 11
4.6890034251968506
 21
-3.0673083858267716
 31
0
  0
LINE
  5
231
330
22
100
AcDbEntity
  8
F.Paste
  6
CONTINUOUS
100
AcDbLine
 10
4.6890034251968506
 20
-3.0673083858267716
 30
0
 11
4.6829425984251971
 21
-3.0698188582677166
 31
0
  0
LINE
  5
232
330
22
100
AcDbEntity
  8
F.Paste
  6
CONTINUOUS
100
AcDbLine
 10
4.6829425984251971
 20
-3.0698188582677166
 30
0
 11
4.676508464566929
 21
-3.0710987007874015
 31
0
  0
LINE
  5
233
330
22
100
AcDbEntity
  8
F.Paste
  6
CONTINUOUS
100
AcDbLine
 10
4.676508464566929
 20
-3.0710987007874015
 30
0
 11
4.6732283464566926
 21
-3.0712598425196851
 31
0
  0
LINE
  5
234
330
22
100
AcDbEntity
  8
F.Paste
  6
CONTINUOUS
100
AcDbLine
 10
4.6732283464566926
 20
-3.0712598425196851
 30
0
 11
4.5984251968503935
 21
-3.0712598425196851
 31
0
  0
LINE
  5
235
330
22
100
AcDbEntity
  8
F.Paste
  6
CONTINUOUS
100
AcDbLine
 10
4.5984251968503935
 20
-3.0712598425196851
 30
0
 11
4.5951450787401571
 21
-3.0710987007874015
 31
0
  0
LINE
  5
236
330
22
100
AcDbEntity
  8
F.Paste
  6
CONTINUOUS
100
AcDbLine
 10
4.5951450787401571
 20
-3.0710987007874015
 30
0
 11
4.5887109448818899
 21
-3.0698188582677166
 31
0
  0
LINE
  5
237
330
22
100
AcDbEntity
  8
F.Paste
  6
CONTINUOUS
100
AcDbLine
 10
4.5887109448818899
 20
-3.0698188582677166
 30
0
 11
4.5826501181102364
 21
-3.0673083858267716
 31
0
  0
LINE
  5
238
330
22
100
AcDbEntity
  8
F.Paste
  6
CONTINUOUS
100
AcDbLine
 10
4.5826501181102364
 20
-3.0673083858267716
 30
0
 11
4.5771955118110235
 21
-3.0636637401574802
 31
0
  0
LINE
  5
239
330
22
100
AcDbEntity
  8
F.Paste
  6
CONTINUOUS
100
AcDbLine
 10
4.5771955118110235
 20
-3.0636637401574802
 30
0
 11
4.5725567322834646
 21
-3.0590249606299214
 31
0
  0
LINE
  5
23A
330
22
100
AcDbEntity
  8
F.Paste
  6
CONTINUOUS
100
AcDbLine
 10
4.5725567322834646
 20
-3.0590249606299214
 30
0
 11
4.5689120866141728
 21
-3.0535703543307084
 31
0
  0
LINE
  5
23B
330
22
100
AcDbEntity
  8
F.Paste
  6
CONTINUOUS
100
AcDbLine
 10
4.5689120866141728
 20
-3.0535703543307084
 30
0
 11
4.5664016141732287
 21
-3.0475095275590549
 31
0
  0
LINE
  5
23C
330
22
100
AcDbEntity
  8
F.Paste
  6
CONTINUOUS
100
AcDbLine
 10
4.5664016141732287
 20
-3.0475095275590549
 30
0
 11
4.5651217716535433
 21
-3.0410753937007873
 31
0
  0
LINE
  5
23D
330
22
100
AcDbEntity
  8
F.Paste
  6
CONTINUOUS
100
AcDbLine
 10
4.5651217716535433
 20
-3.0410753937007873
 30
0
 11
4.5651217716535433
 21
-3.0345151574803149
 31
0
  0
LINE
  5
23E
330
22
100
AcDbEntity
  8
F.Paste
  6
CONTINUOUS
100
AcDbLine
 10
4.5651217716535433
 20
-3.0345151574803149
 30
0
 11
4.5664016141732287
 21
-3.0280810236220472
 31
0
  0
LINE
  5
23F
330
22
100
AcDbEntity
  8
F.Paste
  6
CONTINUOUS
100
AcDbLine
 10
4.5664016141732287
 20
-3.0280810236220472
 30
0
 11
4.5689120866141728
 21
-3.0220201968503937
 31
0
  0
LINE
  5
240
330
22
100
AcDbEntity
  8
F.Paste
  6
CONTINUOUS
100
AcDbLine
 10
4.5689120866141728
 20
-3.0220201968503937
 30
0
 11
4.5725567322834646
 21
-3.0165655905511812
 31
0
  0
LINE
  5
241
330
22
100
AcDbEntity
  8
F.Paste
  6
CONTINUOUS
100
AcDbLine
 10
4.5725567322834646
 20
-3.0165655905511812
 30
0
 11
4.5771955118110235
 21
-3.0119268110236219
 31
0
  0
LINE
  5
242
330
22
100
AcDbEntity
  8
F.Paste
  6
CONTINUOUS
100
AcDbLine
 10
4.5771955118110235
 20
-3.0119268110236219
 30
0
 11
4.5826501181102364
 21
-3.0082821653543306
 31
0
  0
LINE
  5
243
330
22
100
AcDbEntity
  8
F.Paste
  6
CONTINUOUS
100
AcDbLine
 10
4.5826501181102364
 20
-3.0082821653543306
 30
0
 11
4.5887109448818899
 21
-3.005771692913386
 31
0
  0
LINE
  5
244
330
22
100
AcDbEntity
  8
F.Paste
  6
CONTINUOUS
100
AcDbLine
 10
4.5887109448818899
 20
-3.005771692913386
 30
0
 11
4.5951450787401571
 21
-3.0044918503937006
 31
0
  0
LINE
  5
245
330
22
100
AcDbEntity
  8
F.Paste
  6
CONTINUOUS
100
AcDbLine
 10
4.5951450787401571
 20
-3.0044918503937006
 30
0
 11
4.5984251968503935
 21
-3.004330708661417
 31
0
  0
LINE
  5
246
330
22
100
AcDbEntity
  8
F.Paste
  6
CONTINUOUS
100
AcDbLine
 10
4.5984251968503935
 20
-3.004330708661417
 30
0
 11
4.6732283464566926
 21
-3.004330708661417
 31
0
  0
LINE
  5
247
330
22
100
AcDbEntity
  8
F.Paste
  6
CONTINUOUS
100
AcDbLine
 10
4.6732283464566926
 20
-3.004330708661417
 30
0
 11
4.676508464566929
 21
-3.0044918503937006
 31
0
  0
LINE
  5
248
330
22
100
AcDbEntity
  8
F.Paste
  6
CONTINUOUS
100
AcDbLine
 10
6.8427384645669287
 20
-2.7904272834645667
 30
0
 11
6.8438246850393698
 21
-2.7915135039370078
 31
0
  0
LINE
  5
249
330
22
100
AcDbEntity
  8
F.Paste
  6
CONTINUOUS
100
AcDbLine
 10
6.8438246850393698
 20
-2.7915135039370078
 30
0
 11
6.8444125590551179
 21
-2.7929327165354332
 31
0
  0
LINE
  5
24A
330
22
100
AcDbEntity
  8
F.Paste
  6
CONTINUOUS
100
AcDbLine
 10
6.8444125590551179
 20
-2.7929327165354332
 30
0
 11
6.8444881889763778
 21
-2.7937007874015749
 31
0
  0
LINE
  5
24B
330
22
100
AcDbEntity
  8
F.Paste
  6
CONTINUOUS
100
AcDbLine
 10
6.8444881889763778
 20
-2.7937007874015749
 30
0
 11
6.8444881889763778
 21
-2.8231723622047245
 31
0
  0
LINE
  5
24C
330
22
100
AcDbEntity
  8
F.Paste
  6
CONTINUOUS
100
AcDbLine
 10
6.8444881889763778
 20
-2.8231723622047245
 30
0
 11
7.0697130314960628
 21
-3.0483972047244094
 31
0
  0
LINE
  5
24D
330
22
100
AcDbEntity
  8
F.Paste
  6
CONTINUOUS
100
AcDbLine
 10
7.0697130314960628
 20
-3.0483972047244094
 30
0
 11
7.0702026377952754
 21
-3.0489938188976375
 31
0
  0
LINE
  5
24E
330
22
100
AcDbEntity
  8
F.Paste
  6
CONTINUOUS
100
AcDbLine
 10
7.0702026377952754
 20
-3.0489938188976375
 30
0
 11
7.0707905118110235
 21
-3.0504130314960629
 31
0
  0
LINE
  5
24F
330
22
100
AcDbEntity
  8
F.Paste
  6
CONTINUOUS
100
AcDbLine
 10
7.0707905118110235
 20
-3.0504130314960629
 30
0
 11
7.0707905118110235
 21
-3.0519491732283464
 31
0
  0
LINE
  5
250
330
22
100
AcDbEntity
  8
F.Paste
  6
CONTINUOUS
100
AcDbLine
 10
7.0707905118110235
 20
-3.0519491732283464
 30
0
 11
7.0702026377952754
 21
-3.0533683858267717
 31
0
  0
LINE
  5
251
330
22
100
AcDbEntity
  8
F.Paste
  6
CONTINUOUS
100
AcDbLine
 10
7.0702026377952754
 20
-3.0533683858267717
 30
0
 11
7.0691164173228342
 21
-3.0544546062992124
 31
0
  0
LINE
  5
252
330
22
100
AcDbEntity
  8
F.Paste
  6
CONTINUOUS
100
AcDbLine
 10
7.0691164173228342
 20
-3.0544546062992124
 30
0
 11
7.0676972047244089
 21
-3.0550424803149605
 31
0
  0
LINE
  5
253
330
22
100
AcDbEntity
  8
F.Paste
  6
CONTINUOUS
100
AcDbLine
 10
7.0676972047244089
 20
-3.0550424803149605
 30
0
 11
7.0661610629921254
 21
-3.0550424803149605
 31
0
  0
LINE
  5
254
330
22
100
AcDbEntity
  8
F.Paste
  6
CONTINUOUS
100
AcDbLine
 10
7.0661610629921254
 20
-3.0550424803149605
 30
0
 11
7.064741850393701
 21
-3.0544546062992124
 31
0
  0
LINE
  5
255
330
22
100
AcDbEntity
  8
F.Paste
  6
CONTINUOUS
100
AcDbLine
 10
7.064741850393701
 20
-3.0544546062992124
 30
0
 11
7.0641452362204724
 21
-3.0539649999999998
 31
0
  0
LINE
  5
256
330
22
100
AcDbEntity
  8
F.Paste
  6
CONTINUOUS
100
AcDbLine
 10
7.0641452362204724
 20
-3.0539649999999998
 30
0
 11
6.8377672834645669
 21
-2.8275870472440943
 31
0
  0
LINE
  5
257
330
22
100
AcDbEntity
  8
F.Paste
  6
CONTINUOUS
100
AcDbLine
 10
6.8377672834645669
 20
-2.8275870472440943
 30
0
 11
6.8372776771653543
 21
-2.8269904330708662
 31
0
  0
LINE
  5
258
330
22
100
AcDbEntity
  8
F.Paste
  6
CONTINUOUS
100
AcDbLine
 10
6.8372776771653543
 20
-2.8269904330708662
 30
0
 11
6.8366898031496062
 21
-2.8255712204724408
 31
0
  0
LINE
  5
259
330
22
100
AcDbEntity
  8
F.Paste
  6
CONTINUOUS
100
AcDbLine
 10
6.8366898031496062
 20
-2.8255712204724408
 30
0
 11
6.8366141732283463
 21
-2.8248031496062991
 31
0
  0
LINE
  5
25A
330
22
100
AcDbEntity
  8
F.Paste
  6
CONTINUOUS
100
AcDbLine
 10
6.8366141732283463
 20
-2.8248031496062991
 30
0
 11
6.8366141732283463
 21
-2.7937007874015749
 31
0
  0
LINE
  5
25B
330
22
100
AcDbEntity
  8
F.Paste
  6
CONTINUOUS
100
AcDbLine
 10
6.8366141732283463
 20
-2.7937007874015749
 30
0
 11
6.8366898031496062
 21
-2.7929327165354332
 31
0
  0
LINE
  5
25C
330
22
100
AcDbEntity
  8
F.Paste
  6
CONTINUOUS
100
AcDbLine
 10
6.8366898031496062
 20
-2.7929327165354332
 30
0
 11
6.8372776771653543
 21
-2.7915135039370078
 31
0
  0
LINE
  5
25D
330
22
100
AcDbEntity
  8
F.Paste
  6
CONTINUOUS
100
AcDbLine
 10
6.8372776771653543
 20
-2.7915135039370078
 30
0
 11
6.8383638976377954
 21
-2.7904272834645667
 31
0
  0
LINE
  5
25E
330
22
100
AcDbEntity
  8
F.Paste
  6
CONTINUOUS
100
AcDbLine
 10
6.8383638976377954
 20
-2.7904272834645667
 30
0
 11
6.8397831102362199
 21
-2.789839409448819
 31
0
  0
LINE
  5
25F
330
22
100
AcDbEntity
  8
F.Paste
  6
CONTINUOUS
100
AcDbLine
 10
6.8397831102362199
 20
-2.789839409448819
 30
0
 11
6.8413192519685042
 21
-2.789839409448819
 31
0
  0
LINE
  5
260
330
22
100
AcDbEntity
  8
F.Paste
  6
CONTINUOUS
100
AcDbLine
 10
6.8413192519685042
 20
-2.789839409448819
 30
0
 11
6.8427384645669287
 21
-2.7904272834645667
 31
0
  0
LINE
  5
261
330
22
100
AcDbEntity
  8
F.Paste
  6
CONTINUOUS
100
AcDbLine
 10
4.676508464566929
 20
-2.9044918503937005
 30
0
 11
4.6829425984251971
 21
-2.9057716929133859
 31
0
  0
LINE
  5
262
330
22
100
AcDbEntity
  8
F.Paste
  6
CONTINUOUS
100
AcDbLine
 10
4.6829425984251971
 20
-2.9057716929133859
 30
0
 11
4.6890034251968506
 21
-2.9082821653543305
 31
0
  0
LINE
  5
263
330
22
100
AcDbEntity
  8
F.Paste
  6
CONTINUOUS
100
AcDbLine
 10
4.6890034251968506
 20
-2.9082821653543305
 30
0
 11
4.6944580314960627
 21
-2.9119268110236218
 31
0
  0
LINE
  5
264
330
22
100
AcDbEntity
  8
F.Paste
  6
CONTINUOUS
100
AcDbLine
 10
4.6944580314960627
 20
-2.9119268110236218
 30
0
 11
4.6990968110236215
 21
-2.9165655905511811
 31
0
  0
LINE
  5
265
330
22
100
AcDbEntity
  8
F.Paste
  6
CONTINUOUS
100
AcDbLine
 10
4.6990968110236215
 20
-2.9165655905511811
 30
0
 11
4.7027414566929133
 21
-2.9220201968503936
 31
0
  0
LINE
  5
266
330
22
100
AcDbEntity
  8
F.Paste
  6
CONTINUOUS
100
AcDbLine
 10
4.7027414566929133
 20
-2.9220201968503936
 30
0
 11
4.7052519291338584
 21
-2.9280810236220471
 31
0
  0
LINE
  5
267
330
22
100
AcDbEntity
  8
F.Paste
  6
CONTINUOUS
100
AcDbLine
 10
4.7052519291338584
 20
-2.9280810236220471
 30
0
 11
4.7065317716535429
 21
-2.9345151574803148
 31
0
  0
LINE
  5
268
330
22
100
AcDbEntity
  8
F.Paste
  6
CONTINUOUS
100
AcDbLine
 10
4.7065317716535429
 20
-2.9345151574803148
 30
0
 11
4.7065317716535429
 21
-2.9410753937007872
 31
0
  0
LINE
  5
269
330
22
100
AcDbEntity
  8
F.Paste
  6
CONTINUOUS
100
AcDbLine
 10
4.7065317716535429
 20
-2.9410753937007872
 30
0
 11
4.7052519291338584
 21
-2.9475095275590553
 31
0
  0
LINE
  5
26A
330
22
100
AcDbEntity
  8
F.Paste
  6
CONTINUOUS
100
AcDbLine
 10
4.7052519291338584
 20
-2.9475095275590553
 30
0
 11
4.7027414566929133
 21
-2.9535703543307088
 31
0
  0
LINE
  5
26B
330
22
100
AcDbEntity
  8
F.Paste
  6
CONTINUOUS
100
AcDbLine
 10
4.7027414566929133
 20
-2.9535703543307088
 30
0
 11
4.6990968110236215
 21
-2.9590249606299213
 31
0
  0
LINE
  5
26C
330
22
100
AcDbEntity
  8
F.Paste
  6
CONTINUOUS
100
AcDbLine
 10
4.6990968110236215
 20
-2.9590249606299213
 30
0
 11
4.6944580314960627
 21
-2.9636637401574801
 31
0
  0
LINE
  5
26D
330
22
100
AcDbEntity
  8
F.Paste
  6
CONTINUOUS
100
AcDbLine
 10
4.6944580314960627
 20
-2.9636637401574801
 30
0
 11
4.6890034251968506
 21
-2.9673083858267715
 31
0
  0
LINE
  5
26E
330
22
100
AcDbEntity
  8
F.Paste
  6
CONTINUOUS
100
AcDbLine
 10
4.6890034251968506
 20
-2.9673083858267715
 30
0
 11
4.6829425984251971
 21
-2.9698188582677165
 31
0
  0
LINE
  5
26F
330
22
100
AcDbEntity
  8
F.Paste
  6
CONTINUOUS
100
AcDbLine
 10
4.6829425984251971
 20
-2.9698188582677165
 30
0
 11
4.676508464566929
 21
-2.9710987007874015
 31
0
  0
LINE
  5
270
330
22
100
AcDbEntity
  8
F.Paste
  6
CONTINUOUS
100
AcDbLine
 10
4.676508464566929
 20
-2.9710987007874015
 30
0
 11
4.6732283464566926
 21
-2.971259842519685
 31
0
  0
LINE
  5
271
330
22
100
AcDbEntity
  8
F.Paste
  6
CONTINUOUS
100
AcDbLine
 10
4.6732283464566926
 20
-2.971259842519685
 30
0
 11
4.5984251968503935
 21
-2.971259842519685
 31
0
  0
LINE
  5
272
330
22
100
AcDbEntity
  8
F.Paste
  6
CONTINUOUS
100
AcDbLine
 10
4.5984251968503935
 20
-2.971259842519685
 30
0
 11
4.5951450787401571
 21
-2.9710987007874015
 31
0
  0
LINE
  5
273
330
22
100
AcDbEntity
  8
F.Paste
  6
CONTINUOUS
100
AcDbLine
 10
4.5951450787401571
 20
-2.9710987007874015
 30
0
 11
4.5887109448818899
 21
-2.9698188582677165
 31
0
  0
LINE
  5
274
330
22
100
AcDbEntity
  8
F.Paste
  6
CONTINUOUS
100
AcDbLine
 10
4.5887109448818899
 20
-2.9698188582677165
 30
0
 11
4.5826501181102364
 21
-2.9673083858267715
 31
0
  0
LINE
  5
275
330
22
100
AcDbEntity
  8
F.Paste
  6
CONTINUOUS
100
AcDbLine
 10
4.5826501181102364
 20
-2.9673083858267715
 30
0
 11
4.5771955118110235
 21
-2.9636637401574801
 31
0
  0
LINE
  5
276
330
22
100
AcDbEntity
  8
F.Paste
  6
CONTINUOUS
100
AcDbLine
 10
4.5771955118110235
 20
-2.9636637401574801
 30
0
 11
4.5725567322834646
 21
-2.9590249606299213
 31
0
  0
LINE
  5
277
330
22
100
AcDbEntity
  8
F.Paste
  6
CONTINUOUS
100
AcDbLine
 10
4.5725567322834646
 20
-2.9590249606299213
 30
0
 11
4.5689120866141728
 21
-2.9535703543307088
 31
0
  0
LINE
  5
278
330
22
100
AcDbEntity
  8
F.Paste
  6
CONTINUOUS
100
AcDbLine
 10
4.5689120866141728
 20
-2.9535703543307088
 30
0
 11
4.5664016141732287
 21
-2.9475095275590553
 31
0
  0
LINE
  5
279
330
22
100
AcDbEntity
  8
F.Paste
  6
CONTINUOUS
100
AcDbLine
 10
4.5664016141732287
 20
-2.9475095275590553
 30
0
 11
4.5651217716535433
 21
-2.9410753937007872
 31
0
  0
LINE
  5
27A
330
22
100
AcDbEntity
  8
F.Paste
  6
CONTINUOUS
100
AcDbLine
 10
4.5651217716535433
 20
-2.9410753937007872
 30
0
 11
4.5651217716535433
 21
-2.9345151574803148
 31
0
  0
LINE
  5
27B
330
22
100
AcDbEntity
  8
F.Paste
  6
CONTINUOUS
100
AcDbLine
 10
4.5651217716535433
 20
-2.9345151574803148
 30
0
 11
4.5664016141732287
 21
-2.9280810236220471
 31
0
  0
LINE
  5
27C
330
22
100
AcDbEntity
  8
F.Paste
  6
CONTINUOUS
100
AcDbLine
 10
4.5664016141732287
 20
-2.9280810236220471
 30
0
 11
4.5689120866141728
 21
-2.9220201968503936
 31
0
  0
LINE
  5
27D
330
22
100
AcDbEntity
  8
F.Paste
  6
CONTINUOUS
100
AcDbLine
 10
4.5689120866141728
 20
-2.9220201968503936
 30
0
 11
4.5725567322834646
 21
-2.9165655905511811
 31
0
  0
LINE
  5
27E
330
22
100
AcDbEntity
  8
F.Paste
  6
CONTINUOUS
100
AcDbLine
 10
4.5725567322834646
 20
-2.9165655905511811
 30
0
 11
4.5771955118110235
 21
-2.9119268110236218
 31
0
  0
LINE
  5
27F
330
22
100
AcDbEntity
  8
F.Paste
  6
CONTINUOUS
100
AcDbLine
 10
4.5771955118110235
 20
-2.9119268110236218
 30
0
 11
4.5826501181102364
 21
-2.9082821653543305
 31
0
  0
LINE
  5
280
330
22
100
AcDbEntity
  8
F.Paste
  6
CONTINUOUS
100
AcDbLine
 10
4.5826501181102364
 20
-2.9082821653543305
 30
0
 11
4.5887109448818899
 21
-2.9057716929133859
 31
0
  0
LINE
  5
281
330
22
100
AcDbEntity
  8
F.Paste
  6
CONTINUOUS
100
AcDbLine
 10
4.5887109448818899
 20
-2.9057716929133859
 30
0
 11
4.5951450787401571
 21
-2.9044918503937005
 31
0
  0
LINE
  5
282
330
22
100
AcDbEntity
  8
F.Paste
  6
CONTINUOUS
100
AcDbLine
 10
4.5951450787401571
 20
-2.9044918503937005
 30
0
 11
4.5984251968503935
 21
-2.9043307086614174
 31
0
  0
LINE
  5
283
330
22
100
AcDbEntity
  8
F.Paste
  6
CONTINUOUS
100
AcDbLine
 10
4.5984251968503935
 20
-2.9043307086614174
 30
0
 11
4.6732283464566926
 21
-2.9043307086614174
 31
0
  0
LINE
  5
284
330
22
100
AcDbEntity
  8
F.Paste
  6
CONTINUOUS
100
AcDbLine
 10
4.6732283464566926
 20
-2.9043307086614174
 30
0
 11
4.676508464566929
 21
-2.9044918503937005
 31
0
  0
LINE
  5
285
330
22
100
AcDbEntity
  8
F.Paste
  6
CONTINUOUS
100
AcDbLine
 10
6.7955429133858267
 20
-2.751590275590551
 30
0
 11
6.8020059842519682
 21
-2.753690275590551
 31
0
  0
LINE
  5
286
330
22
100
AcDbEntity
  8
F.Paste
  6
CONTINUOUS
100
AcDbLine
 10
6.8020059842519682
 20
-2.753690275590551
 30
0
 11
6.8080609448818894
 21
-2.756775433070866
 31
0
  0
LINE
  5
287
330
22
100
AcDbEntity
  8
F.Paste
  6
CONTINUOUS
100
AcDbLine
 10
6.8080609448818894
 20
-2.756775433070866
 30
0
 11
6.8135587795275585
 21
-2.7607698031496062
 31
0
  0
LINE
  5
288
330
22
100
AcDbEntity
  8
F.Paste
  6
CONTINUOUS
100
AcDbLine
 10
6.8135587795275585
 20
-2.7607698031496062
 30
0
 11
6.8183640551181099
 21
-2.7655750787401576
 31
0
  0
LINE
  5
289
330
22
100
AcDbEntity
  8
F.Paste
  6
CONTINUOUS
100
AcDbLine
 10
6.8183640551181099
 20
-2.7655750787401576
 30
0
 11
6.8223584251968505
 21
-2.7710729133858267
 31
0
  0
LINE
  5
28A
330
22
100
AcDbEntity
  8
F.Paste
  6
CONTINUOUS
100
AcDbLine
 10
6.8223584251968505
 20
-2.7710729133858267
 30
0
 11
6.8254435826771651
 21
-2.7771278740157479
 31
0
  0
LINE
  5
28B
330
22
100
AcDbEntity
  8
F.Paste
  6
CONTINUOUS
100
AcDbLine
 10
6.8254435826771651
 20
-2.7771278740157479
 30
0
 11
6.8275435826771655
 21
-2.7835909448818899
 31
0
  0
LINE
  5
28C
330
22
100
AcDbEntity
  8
F.Paste
  6
CONTINUOUS
100
AcDbLine
 10
6.8275435826771655
 20
-2.7835909448818899
 30
0
 11
6.8286066535433072
 21
-2.7903029527559053
 31
0
  0
LINE
  5
28D
330
22
100
AcDbEntity
  8
F.Paste
  6
CONTINUOUS
100
AcDbLine
 10
6.8286066535433072
 20
-2.7903029527559053
 30
0
 11
6.8286066535433072
 21
-2.797098622047244
 31
0
  0
LINE
  5
28E
330
22
100
AcDbEntity
  8
F.Paste
  6
CONTINUOUS
100
AcDbLine
 10
6.8286066535433072
 20
-2.797098622047244
 30
0
 11
6.8275435826771655
 21
-2.80381062992126
 31
0
  0
LINE
  5
28F
330
22
100
AcDbEntity
  8
F.Paste
  6
CONTINUOUS
100
AcDbLine
 10
6.8275435826771655
 20
-2.80381062992126
 30
0
 11
6.8254435826771651
 21
-2.8102737007874015
 31
0
  0
LINE
  5
290
330
22
100
AcDbEntity
  8
F.Paste
  6
CONTINUOUS
100
AcDbLine
 10
6.8254435826771651
 20
-2.8102737007874015
 30
0
 11
6.8223584251968505
 21
-2.8163286614173226
 31
0
  0
LINE
  5
291
330
22
100
AcDbEntity
  8
F.Paste
  6
CONTINUOUS
100
AcDbLine
 10
6.8223584251968505
 20
-2.8163286614173226
 30
0
 11
6.8183640551181099
 21
-2.8218264960629922
 31
0
  0
LINE
  5
292
330
22
100
AcDbEntity
  8
F.Paste
  6
CONTINUOUS
100
AcDbLine
 10
6.8183640551181099
 20
-2.8218264960629922
 30
0
 11
6.8135587795275585
 21
-2.8266317716535432
 31
0
  0
LINE
  5
293
330
22
100
AcDbEntity
  8
F.Paste
  6
CONTINUOUS
100
AcDbLine
 10
6.8135587795275585
 20
-2.8266317716535432
 30
0
 11
6.8080609448818894
 21
-2.8306261417322833
 31
0
  0
LINE
  5
294
330
22
100
AcDbEntity
  8
F.Paste
  6
CONTINUOUS
100
AcDbLine
 10
6.8080609448818894
 20
-2.8306261417322833
 30
0
 11
6.8020059842519682
 21
-2.8337112992125983
 31
0
  0
LINE
  5
295
330
22
100
AcDbEntity
  8
F.Paste
  6
CONTINUOUS
100
AcDbLine
 10
6.8020059842519682
 20
-2.8337112992125983
 30
0
 11
6.7955429133858267
 21
-2.8358112992125983
 31
0
  0
LINE
  5
296
330
22
100
AcDbEntity
  8
F.Paste
  6
CONTINUOUS
100
AcDbLine
 10
6.7955429133858267
 20
-2.8358112992125983
 30
0
 11
6.7888309055118112
 21
-2.83687437007874
 31
0
  0
LINE
  5
297
330
22
100
AcDbEntity
  8
F.Paste
  6
CONTINUOUS
100
AcDbLine
 10
6.7888309055118112
 20
-2.83687437007874
 30
0
 11
6.7820352362204721
 21
-2.83687437007874
 31
0
  0
LINE
  5
298
330
22
100
AcDbEntity
  8
F.Paste
  6
CONTINUOUS
100
AcDbLine
 10
6.7820352362204721
 20
-2.83687437007874
 30
0
 11
6.7753232283464566
 21
-2.8358112992125983
 31
0
  0
LINE
  5
299
330
22
100
AcDbEntity
  8
F.Paste
  6
CONTINUOUS
100
AcDbLine
 10
6.7753232283464566
 20
-2.8358112992125983
 30
0
 11
6.7688601574803151
 21
-2.8337112992125983
 31
0
  0
LINE
  5
29A
330
22
100
AcDbEntity
  8
F.Paste
  6
CONTINUOUS
100
AcDbLine
 10
6.7688601574803151
 20
-2.8337112992125983
 30
0
 11
6.7628051968503939
 21
-2.8306261417322833
 31
0
  0
LINE
  5
29B
330
22
100
AcDbEntity
  8
F.Paste
  6
CONTINUOUS
100
AcDbLine
 10
6.7628051968503939
 20
-2.8306261417322833
 30
0
 11
6.7573073622047239
 21
-2.8266317716535432
 31
0
  0
LINE
  5
29C
330
22
100
AcDbEntity
  8
F.Paste
  6
CONTINUOUS
100
AcDbLine
 10
6.7573073622047239
 20
-2.8266317716535432
 30
0
 11
6.7525020866141734
 21
-2.8218264960629922
 31
0
  0
LINE
  5
29D
330
22
100
AcDbEntity
  8
F.Paste
  6
CONTINUOUS
100
AcDbLine
 10
6.7525020866141734
 20
-2.8218264960629922
 30
0
 11
6.7485077165354328
 21
-2.8163286614173226
 31
0
  0
LINE
  5
29E
330
22
100
AcDbEntity
  8
F.Paste
  6
CONTINUOUS
100
AcDbLine
 10
6.7485077165354328
 20
-2.8163286614173226
 30
0
 11
6.7454225590551182
 21
-2.8102737007874015
 31
0
  0
LINE
  5
29F
330
22
100
AcDbEntity
  8
F.Paste
  6
CONTINUOUS
100
AcDbLine
 10
6.7454225590551182
 20
-2.8102737007874015
 30
0
 11
6.7433225590551178
 21
-2.80381062992126
 31
0
  0
LINE
  5
2A0
330
22
100
AcDbEntity
  8
F.Paste
  6
CONTINUOUS
100
AcDbLine
 10
6.7433225590551178
 20
-2.80381062992126
 30
0
 11
6.742344881889764
 21
-2.7976377952755906
 31
0
  0
LINE
  5
2A1
330
22
100
AcDbEntity
  8
F.Paste
  6
CONTINUOUS
100
AcDbLine
 10
6.742344881889764
 20
-2.7976377952755906
 30
0
 11
5.4640853149606299
 21
-2.7976377952755906
 31
0
  0
LINE
  5
2A2
330
22
100
AcDbEntity
  8
F.Paste
  6
CONTINUOUS
100
AcDbLine
 10
5.4640853149606299
 20
-2.7976377952755906
 30
0
 11
5.3572490551181104
 21
-2.9044740551181101
 31
0
  0
LINE
  5
2A3
330
22
100
AcDbEntity
  8
F.Paste
  6
CONTINUOUS
100
AcDbLine
 10
5.3572490551181104
 20
-2.9044740551181101
 30
0
 11
5.3576108267716531
 21
-2.9044918503937005
 31
0
  0
LINE
  5
2A4
330
22
100
AcDbEntity
  8
F.Paste
  6
CONTINUOUS
100
AcDbLine
 10
5.3576108267716531
 20
-2.9044918503937005
 30
0
 11
5.3640449606299212
 21
-2.9057716929133859
 31
0
  0
LINE
  5
2A5
330
22
100
AcDbEntity
  8
F.Paste
  6
CONTINUOUS
100
AcDbLine
 10
5.3640449606299212
 20
-2.9057716929133859
 30
0
 11
5.3701057874015747
 21
-2.9082821653543305
 31
0
  0
LINE
  5
2A6
330
22
100
AcDbEntity
  8
F.Paste
  6
CONTINUOUS
100
AcDbLine
 10
5.3701057874015747
 20
-2.9082821653543305
 30
0
 11
5.3755603937007876
 21
-2.9119268110236218
 31
0
  0
LINE
  5
2A7
330
22
100
AcDbEntity
  8
F.Paste
  6
CONTINUOUS
100
AcDbLine
 10
5.3755603937007876
 20
-2.9119268110236218
 30
0
 11
5.3801991732283465
 21
-2.9165655905511811
 31
0
  0
LINE
  5
2A8
330
22
100
AcDbEntity
  8
F.Paste
  6
CONTINUOUS
100
AcDbLine
 10
5.3801991732283465
 20
-2.9165655905511811
 30
0
 11
5.3838438188976374
 21
-2.9220201968503936
 31
0
  0
LINE
  5
2A9
330
22
100
AcDbEntity
  8
F.Paste
  6
CONTINUOUS
100
AcDbLine
 10
5.3838438188976374
 20
-2.9220201968503936
 30
0
 11
5.3863542913385825
 21
-2.9280810236220471
 31
0
  0
LINE
  5
2AA
330
22
100
AcDbEntity
  8
F.Paste
  6
CONTINUOUS
100
AcDbLine
 10
5.3863542913385825
 20
-2.9280810236220471
 30
0
 11
5.3876341338582678
 21
-2.9345151574803148
 31
0
  0
LINE
  5
2AB
330
22
100
AcDbEntity
  8
F.Paste
  6
CONTINUOUS
100
AcDbLine
 10
5.3876341338582678
 20
-2.9345151574803148
 30
0
 11
5.3876341338582678
 21
-2.9410753937007872
 31
0
  0
LINE
  5
2AC
330
22
100
AcDbEntity
  8
F.Paste
  6
CONTINUOUS
100
AcDbLine
 10
5.3876341338582678
 20
-2.9410753937007872
 30
0
 11
5.3863542913385825
 21
-2.9475095275590553
 31
0
  0
LINE
  5
2AD
330
22
100
AcDbEntity
  8
F.Paste
  6
CONTINUOUS
100
AcDbLine
 10
5.3863542913385825
 20
-2.9475095275590553
 30
0
 11
5.3838438188976374
 21
-2.9535703543307088
 31
0
  0
LINE
  5
2AE
330
22
100
AcDbEntity
  8
F.Paste
  6
CONTINUOUS
100
AcDbLine
 10
5.3838438188976374
 20
-2.9535703543307088
 30
0
 11
5.3801991732283465
 21
-2.9590249606299213
 31
0
  0
LINE
  5
2AF
330
22
100
AcDbEntity
  8
F.Paste
  6
CONTINUOUS
100
AcDbLine
 10
5.3801991732283465
 20
-2.9590249606299213
 30
0
 11
5.3755603937007876
 21
-2.9636637401574801
 31
0
  0
LINE
  5
2B0
330
22
100
AcDbEntity
  8
F.Paste
  6
CONTINUOUS
100
AcDbLine
 10
5.3755603937007876
 20
-2.9636637401574801
 30
0
 11
5.3701057874015747
 21
-2.9673083858267715
 31
0
  0
LINE
  5
2B1
330
22
100
AcDbEntity
  8
F.Paste
  6
CONTINUOUS
100
AcDbLine
 10
5.3701057874015747
 20
-2.9673083858267715
 30
0
 11
5.3640449606299212
 21
-2.9698188582677165
 31
0
  0
LINE
  5
2B2
330
22
100
AcDbEntity
  8
F.Paste
  6
CONTINUOUS
100
AcDbLine
 10
5.3640449606299212
 20
-2.9698188582677165
 30
0
 11
5.3576108267716531
 21
-2.9710987007874015
 31
0
  0
LINE
  5
2B3
330
22
100
AcDbEntity
  8
F.Paste
  6
CONTINUOUS
100
AcDbLine
 10
5.3576108267716531
 20
-2.9710987007874015
 30
0
 11
5.3543307086614176
 21
-2.971259842519685
 31
0
  0
LINE
  5
2B4
330
22
100
AcDbEntity
  8
F.Paste
  6
CONTINUOUS
100
AcDbLine
 10
5.3543307086614176
 20
-2.971259842519685
 30
0
 11
5.2755905511811019
 21
-2.971259842519685
 31
0
  0
LINE
  5
2B5
330
22
100
AcDbEntity
  8
F.Paste
  6
CONTINUOUS
100
AcDbLine
 10
5.2755905511811019
 20
-2.971259842519685
 30
0
 11
5.2723104330708663
 21
-2.9710987007874015
 31
0
  0
LINE
  5
2B6
330
22
100
AcDbEntity
  8
F.Paste
  6
CONTINUOUS
100
AcDbLine
 10
5.2723104330708663
 20
-2.9710987007874015
 30
0
 11
5.2658762992125983
 21
-2.9698188582677165
 31
0
  0
LINE
  5
2B7
330
22
100
AcDbEntity
  8
F.Paste
  6
CONTINUOUS
100
AcDbLine
 10
5.2658762992125983
 20
-2.9698188582677165
 30
0
 11
5.2598154724409447
 21
-2.9673083858267715
 31
0
  0
LINE
  5
2B8
330
22
100
AcDbEntity
  8
F.Paste
  6
CONTINUOUS
100
AcDbLine
 10
5.2598154724409447
 20
-2.9673083858267715
 30
0
 11
5.2543608661417318
 21
-2.9636637401574801
 31
0
  0
LINE
  5
2B9
330
22
100
AcDbEntity
  8
F.Paste
  6
CONTINUOUS
100
AcDbLine
 10
5.2543608661417318
 20
-2.9636637401574801
 30
0
 11
5.2497220866141729
 21
-2.9590249606299213
 31
0
  0
LINE
  5
2BA
330
22
100
AcDbEntity
  8
F.Paste
  6
CONTINUOUS
100
AcDbLine
 10
5.2497220866141729
 20
-2.9590249606299213
 30
0
 11
5.246077440944882
 21
-2.9535703543307088
 31
0
  0
LINE
  5
2BB
330
22
100
AcDbEntity
  8
F.Paste
  6
CONTINUOUS
100
AcDbLine
 10
5.246077440944882
 20
-2.9535703543307088
 30
0
 11
5.243566968503937
 21
-2.9475095275590553
 31
0
  0
LINE
  5
2BC
330
22
100
AcDbEntity
  8
F.Paste
  6
CONTINUOUS
100
AcDbLine
 10
5.243566968503937
 20
-2.9475095275590553
 30
0
 11
5.2422871259842516
 21
-2.9410753937007872
 31
0
  0
LINE
  5
2BD
330
22
100
AcDbEntity
  8
F.Paste
  6
CONTINUOUS
100
AcDbLine
 10
5.2422871259842516
 20
-2.9410753937007872
 30
0
 11
5.2422871259842516
 21
-2.9345151574803148
 31
0
  0
LINE
  5
2BE
330
22
100
AcDbEntity
  8
F.Paste
  6
CONTINUOUS
100
AcDbLine
 10
5.2422871259842516
 20
-2.9345151574803148
 30
0
 11
5.243566968503937
 21
-2.9280810236220471
 31
0
  0
LINE
  5
2BF
330
22
100
AcDbEntity
  8
F.Paste
  6
CONTINUOUS
100
AcDbLine
 10
5.243566968503937
 20
-2.9280810236220471
 30
0
 11
5.246077440944882
 21
-2.9220201968503936
 31
0
  0
LINE
  5
2C0
330
22
100
AcDbEntity
  8
F.Paste
  6
CONTINUOUS
100
AcDbLine
 10
5.246077440944882
 20
-2.9220201968503936
 30
0
 11
5.2497220866141729
 21
-2.9165655905511811
 31
0
  0
LINE
  5
2C1
330
22
100
AcDbEntity
  8
F.Paste
  6
CONTINUOUS
100
AcDbLine
 10
5.2497220866141729
 20
-2.9165655905511811
 30
0
 11
5.2543608661417318
 21
-2.9119268110236218
 31
0
  0
LINE
  5
2C2
330
22
100
AcDbEntity
  8
F.Paste
  6
CONTINUOUS
100
AcDbLine
 10
5.2543608661417318
 20
-2.9119268110236218
 30
0
 11
5.2598154724409447
 21
-2.9082821653543305
 31
0
  0
LINE
  5
2C3
330
22
100
AcDbEntity
  8
F.Paste
  6
CONTINUOUS
100
AcDbLine
 10
5.2598154724409447
 20
-2.9082821653543305
 30
0
 11
5.2658762992125983
 21
-2.9057716929133859
 31
0
  0
LINE
  5
2C4
330
22
100
AcDbEntity
  8
F.Paste
  6
CONTINUOUS
100
AcDbLine
 10
5.2658762992125983
 20
-2.9057716929133859
 30
0
 11
5.2723104330708663
 21
-2.9044918503937005
 31
0
  0
LINE
  5
2C5
330
22
100
AcDbEntity
  8
F.Paste
  6
CONTINUOUS
100
AcDbLine
 10
5.2723104330708663
 20
-2.9044918503937005
 30
0
 11
5.2755905511811019
 21
-2.9043307086614174
 31
0
  0
LINE
  5
2C6
330
22
100
AcDbEntity
  8
F.Paste
  6
CONTINUOUS
100
AcDbLine
 10
5.2755905511811019
 20
-2.9043307086614174
 30
0
 11
5.3462568503937007
 21
-2.9043307086614174
 31
0
  0
LINE
  5
2C7
330
22
100
AcDbEntity
  8
F.Paste
  6
CONTINUOUS
100
AcDbLine
 10
5.3462568503937007
 20
-2.9043307086614174
 30
0
 11
5.4596707086614176
 21
-2.7909168897637793
 31
0
  0
LINE
  5
2C8
330
22
100
AcDbEntity
  8
F.Paste
  6
CONTINUOUS
100
AcDbLine
 10
5.4596707086614176
 20
-2.7909168897637793
 30
0
 11
5.4602672834645665
 21
-2.7904272440944879
 31
0
  0
LINE
  5
2C9
330
22
100
AcDbEntity
  8
F.Paste
  6
CONTINUOUS
100
AcDbLine
 10
5.4602672834645665
 20
-2.7904272440944879
 30
0
 11
5.4616864960629918
 21
-2.789839409448819
 31
0
  0
LINE
  5
2CA
330
22
100
AcDbEntity
  8
F.Paste
  6
CONTINUOUS
100
AcDbLine
 10
5.4616864960629918
 20
-2.789839409448819
 30
0
 11
5.462454566929134
 21
-2.7897637795275592
 31
0
  0
LINE
  5
2CB
330
22
100
AcDbEntity
  8
F.Paste
  6
CONTINUOUS
100
AcDbLine
 10
5.462454566929134
 20
-2.7897637795275592
 30
0
 11
6.742344881889764
 21
-2.7897637795275592
 31
0
  0
LINE
  5
2CC
330
22
100
AcDbEntity
  8
F.Paste
  6
CONTINUOUS
100
AcDbLine
 10
6.742344881889764
 20
-2.7897637795275592
 30
0
 11
6.7433225590551178
 21
-2.7835909448818899
 31
0
  0
LINE
  5
2CD
330
22
100
AcDbEntity
  8
F.Paste
  6
CONTINUOUS
100
AcDbLine
 10
6.7433225590551178
 20
-2.7835909448818899
 30
0
 11
6.7454225590551182
 21
-2.7771278740157479
 31
0
  0
LINE
  5
2CE
330
22
100
AcDbEntity
  8
F.Paste
  6
CONTINUOUS
100
AcDbLine
 10
6.7454225590551182
 20
-2.7771278740157479
 30
0
 11
6.7485077165354328
 21
-2.7710729133858267
 31
0
  0
LINE
  5
2CF
330
22
100
AcDbEntity
  8
F.Paste
  6
CONTINUOUS
100
AcDbLine
 10
6.7485077165354328
 20
-2.7710729133858267
 30
0
 11
6.7525020866141734
 21
-2.7655750787401576
 31
0
  0
LINE
  5
2D0
330
22
100
AcDbEntity
  8
F.Paste
  6
CONTINUOUS
100
AcDbLine
 10
6.7525020866141734
 20
-2.7655750787401576
 30
0
 11
6.7573073622047239
 21
-2.7607698031496062
 31
0
  0
LINE
  5
2D1
330
22
100
AcDbEntity
  8
F.Paste
  6
CONTINUOUS
100
AcDbLine
 10
6.7573073622047239
 20
-2.7607698031496062
 30
0
 11
6.7628051968503939
 21
-2.756775433070866
 31
0
  0
LINE
  5
2D2
330
22
100
AcDbEntity
  8
F.Paste
  6
CONTINUOUS
100
AcDbLine
 10
6.7628051968503939
 20
-2.756775433070866
 30
0
 11
6.7688601574803151
 21
-2.753690275590551
 31
0
  0
LINE
  5
2D3
330
22
100
AcDbEntity
  8
F.Paste
  6
CONTINUOUS
100
AcDbLine
 10
6.7688601574803151
 20
-2.753690275590551
 30
0
 11
6.7753232283464566
 21
-2.751590275590551
 31
0
  0
LINE
  5
2D4
330
22
100
AcDbEntity
  8
F.Paste
  6
CONTINUOUS
100
AcDbLine
 10
6.7753232283464566
 20
-2.751590275590551
 30
0
 11
6.7820352362204721
 21
-2.7505272047244094
 31
0
  0
LINE
  5
2D5
330
22
100
AcDbEntity
  8
F.Paste
  6
CONTINUOUS
100
AcDbLine
 10
6.7820352362204721
 20
-2.7505272047244094
 30
0
 11
6.7888309055118112
 21
-2.7505272047244094
 31
0
  0
LINE
  5
2D6
330
22
100
AcDbEntity
  8
F.Paste
  6
CONTINUOUS
100
AcDbLine
 10
6.7888309055118112
 20
-2.7505272047244094
 30
0
 11
6.7955429133858267
 21
-2.751590275590551
 31
0
  0
LINE
  5
2D7
330
22
100
AcDbEntity
  8
F.Paste
  6
CONTINUOUS
100
AcDbLine
 10
6.5455429133858267
 20
-2.8515902755905511
 30
0
 11
6.5520059842519682
 21
-2.8536902755905511
 31
0
  0
LINE
  5
2D8
330
22
100
AcDbEntity
  8
F.Paste
  6
CONTINUOUS
100
AcDbLine
 10
6.5520059842519682
 20
-2.8536902755905511
 30
0
 11
6.5580609448818894
 21
-2.8567754330708661
 31
0
  0
LINE
  5
2D9
330
22
100
AcDbEntity
  8
F.Paste
  6
CONTINUOUS
100
AcDbLine
 10
6.5580609448818894
 20
-2.8567754330708661
 30
0
 11
6.5635587795275585
 21
-2.8607698031496063
 31
0
  0
LINE
  5
2DA
330
22
100
AcDbEntity
  8
F.Paste
  6
CONTINUOUS
100
AcDbLine
 10
6.5635587795275585
 20
-2.8607698031496063
 30
0
 11
6.5683640551181099
 21
-2.8655750787401573
 31
0
  0
LINE
  5
2DB
330
22
100
AcDbEntity
  8
F.Paste
  6
CONTINUOUS
100
AcDbLine
 10
6.5683640551181099
 20
-2.8655750787401573
 30
0
 11
6.5723584251968505
 21
-2.8710729133858268
 31
0
  0
LINE
  5
2DC
330
22
100
AcDbEntity
  8
F.Paste
  6
CONTINUOUS
100
AcDbLine
 10
6.5723584251968505
 20
-2.8710729133858268
 30
0
 11
6.5754435826771651
 21
-2.877127874015748
 31
0
  0
LINE
  5
2DD
330
22
100
AcDbEntity
  8
F.Paste
  6
CONTINUOUS
100
AcDbLine
 10
6.5754435826771651
 20
-2.877127874015748
 30
0
 11
6.5775435826771655
 21
-2.8835909448818895
 31
0
  0
LINE
  5
2DE
330
22
100
AcDbEntity
  8
F.Paste
  6
CONTINUOUS
100
AcDbLine
 10
6.5775435826771655
 20
-2.8835909448818895
 30
0
 11
6.5786066535433072
 21
-2.8903029527559054
 31
0
  0
LINE
  5
2DF
330
22
100
AcDbEntity
  8
F.Paste
  6
CONTINUOUS
100
AcDbLine
 10
6.5786066535433072
 20
-2.8903029527559054
 30
0
 11
6.5786066535433072
 21
-2.8970986220472441
 31
0
  0
LINE
  5
2E0
330
22
100
AcDbEntity
  8
F.Paste
  6
CONTINUOUS
100
AcDbLine
 10
6.5786066535433072
 20
-2.8970986220472441
 30
0
 11
6.5775435826771655
 21
-2.9038106299212596
 31
0
  0
LINE
  5
2E1
330
22
100
AcDbEntity
  8
F.Paste
  6
CONTINUOUS
100
AcDbLine
 10
6.5775435826771655
 20
-2.9038106299212596
 30
0
 11
6.5754435826771651
 21
-2.9102737007874016
 31
0
  0
LINE
  5
2E2
330
22
100
AcDbEntity
  8
F.Paste
  6
CONTINUOUS
100
AcDbLine
 10
6.5754435826771651
 20
-2.9102737007874016
 30
0
 11
6.5723584251968505
 21
-2.9163286614173227
 31
0
  0
LINE
  5
2E3
330
22
100
AcDbEntity
  8
F.Paste
  6
CONTINUOUS
100
AcDbLine
 10
6.5723584251968505
 20
-2.9163286614173227
 30
0
 11
6.5683640551181099
 21
-2.9218264960629923
 31
0
  0
LINE
  5
2E4
330
22
100
AcDbEntity
  8
F.Paste
  6
CONTINUOUS
100
AcDbLine
 10
6.5683640551181099
 20
-2.9218264960629923
 30
0
 11
6.5635587795275585
 21
-2.9266317716535433
 31
0
  0
LINE
  5
2E5
330
22
100
AcDbEntity
  8
F.Paste
  6
CONTINUOUS
100
AcDbLine
 10
6.5635587795275585
 20
-2.9266317716535433
 30
0
 11
6.5580609448818894
 21
-2.9306261417322834
 31
0
  0
LINE
  5
2E6
330
22
100
AcDbEntity
  8
F.Paste
  6
CONTINUOUS
100
AcDbLine
 10
6.5580609448818894
 20
-2.9306261417322834
 30
0
 11
6.5520059842519682
 21
-2.9337112992125984
 31
0
  0
LINE
  5
2E7
330
22
100
AcDbEntity
  8
F.Paste
  6
CONTINUOUS
100
AcDbLine
 10
6.5520059842519682
 20
-2.9337112992125984
 30
0
 11
6.5455429133858267
 21
-2.9358112992125984
 31
0
  0
LINE
  5
2E8
330
22
100
AcDbEntity
  8
F.Paste
  6
CONTINUOUS
100
AcDbLine
 10
6.5455429133858267
 20
-2.9358112992125984
 30
0
 11
6.5388309055118112
 21
-2.9368743700787401
 31
0
  0
LINE
  5
2E9
330
22
100
AcDbEntity
  8
F.Paste
  6
CONTINUOUS
100
AcDbLine
 10
6.5388309055118112
 20
-2.9368743700787401
 30
0
 11
6.5320352362204721
 21
-2.9368743700787401
 31
0
  0
LINE
  5
2EA
330
22
100
AcDbEntity
  8
F.Paste
  6
CONTINUOUS
100
AcDbLine
 10
6.5320352362204721
 20
-2.9368743700787401
 30
0
 11
6.5253232283464566
 21
-2.9358112992125984
 31
0
  0
LINE
  5
2EB
330
22
100
AcDbEntity
  8
F.Paste
  6
CONTINUOUS
100
AcDbLine
 10
6.5253232283464566
 20
-2.9358112992125984
 30
0
 11
6.5188601574803151
 21
-2.9337112992125984
 31
0
  0
LINE
  5
2EC
330
22
100
AcDbEntity
  8
F.Paste
  6
CONTINUOUS
100
AcDbLine
 10
6.5188601574803151
 20
-2.9337112992125984
 30
0
 11
6.5128051968503939
 21
-2.9306261417322834
 31
0
  0
LINE
  5
2ED
330
22
100
AcDbEntity
  8
F.Paste
  6
CONTINUOUS
100
AcDbLine
 10
6.5128051968503939
 20
-2.9306261417322834
 30
0
 11
6.5073073622047239
 21
-2.9266317716535433
 31
0
  0
LINE
  5
2EE
330
22
100
AcDbEntity
  8
F.Paste
  6
CONTINUOUS
100
AcDbLine
 10
6.5073073622047239
 20
-2.9266317716535433
 30
0
 11
6.5025020866141734
 21
-2.9218264960629923
 31
0
  0
LINE
  5
2EF
330
22
100
AcDbEntity
  8
F.Paste
  6
CONTINUOUS
100
AcDbLine
 10
6.5025020866141734
 20
-2.9218264960629923
 30
0
 11
6.4985077165354328
 21
-2.9163286614173227
 31
0
  0
LINE
  5
2F0
330
22
100
AcDbEntity
  8
F.Paste
  6
CONTINUOUS
100
AcDbLine
 10
6.4985077165354328
 20
-2.9163286614173227
 30
0
 11
6.4954225590551182
 21
-2.9102737007874016
 31
0
  0
LINE
  5
2F1
330
22
100
AcDbEntity
  8
F.Paste
  6
CONTINUOUS
100
AcDbLine
 10
6.4954225590551182
 20
-2.9102737007874016
 30
0
 11
6.4933225590551178
 21
-2.9038106299212596
 31
0
  0
LINE
  5
2F2
330
22
100
AcDbEntity
  8
F.Paste
  6
CONTINUOUS
100
AcDbLine
 10
6.4933225590551178
 20
-2.9038106299212596
 30
0
 11
6.4922594881889761
 21
-2.8970986220472441
 31
0
  0
LINE
  5
2F3
330
22
100
AcDbEntity
  8
F.Paste
  6
CONTINUOUS
100
AcDbLine
 10
6.4922594881889761
 20
-2.8970986220472441
 30
0
 11
6.4922594881889761
 21
-2.8903029527559054
 31
0
  0
LINE
  5
2F4
330
22
100
AcDbEntity
  8
F.Paste
  6
CONTINUOUS
100
AcDbLine
 10
6.4922594881889761
 20
-2.8903029527559054
 30
0
 11
6.4933225590551178
 21
-2.8835909448818895
 31
0
  0
LINE
  5
2F5
330
22
100
AcDbEntity
  8
F.Paste
  6
CONTINUOUS
100
AcDbLine
 10
6.4933225590551178
 20
-2.8835909448818895
 30
0
 11
6.4954225590551182
 21
-2.877127874015748
 31
0
  0
LINE
  5
2F6
330
22
100
AcDbEntity
  8
F.Paste
  6
CONTINUOUS
100
AcDbLine
 10
6.4954225590551182
 20
-2.877127874015748
 30
0
 11
6.4985077165354328
 21
-2.8710729133858268
 31
0
  0
LINE
  5
2F7
330
22
100
AcDbEntity
  8
F.Paste
  6
CONTINUOUS
100
AcDbLine
 10
6.4985077165354328
 20
-2.8710729133858268
 30
0
 11
6.5025020866141734
 21
-2.8655750787401573
 31
0
  0
LINE
  5
2F8
330
22
100
AcDbEntity
  8
F.Paste
  6
CONTINUOUS
100
AcDbLine
 10
6.5025020866141734
 20
-2.8655750787401573
 30
0
 11
6.5073073622047239
 21
-2.8607698031496063
 31
0
  0
LINE
  5
2F9
330
22
100
AcDbEntity
  8
F.Paste
  6
CONTINUOUS
100
AcDbLine
 10
6.5073073622047239
 20
-2.8607698031496063
 30
0
 11
6.5128051968503939
 21
-2.8567754330708661
 31
0
  0
LINE
  5
2FA
330
22
100
AcDbEntity
  8
F.Paste
  6
CONTINUOUS
100
AcDbLine
 10
6.5128051968503939
 20
-2.8567754330708661
 30
0
 11
6.5188601574803151
 21
-2.8536902755905511
 31
0
  0
LINE
  5
2FB
330
22
100
AcDbEntity
  8
F.Paste
  6
CONTINUOUS
100
AcDbLine
 10
6.5188601574803151
 20
-2.8536902755905511
 30
0
 11
6.5253232283464566
 21
-2.8515902755905511
 31
0
  0
LINE
  5
2FC
330
22
100
AcDbEntity
  8
F.Paste
  6
CONTINUOUS
100
AcDbLine
 10
6.5253232283464566
 20
-2.8515902755905511
 30
0
 11
6.5320352362204721
 21
-2.8505272047244095
 31
0
  0
LINE
  5
2FD
330
22
100
AcDbEntity
  8
F.Paste
  6
CONTINUOUS
100
AcDbLine
 10
6.5320352362204721
 20
-2.8505272047244095
 30
0
 11
6.5388309055118112
 21
-2.8505272047244095
 31
0
  0
LINE
  5
2FE
330
22
100
AcDbEntity
  8
F.Paste
  6
CONTINUOUS
100
AcDbLine
 10
6.5388309055118112
 20
-2.8505272047244095
 30
0
 11
6.5455429133858267
 21
-2.8515902755905511
 31
0
  0
LINE
  5
2FF
330
22
100
AcDbEntity
  8
F.Paste
  6
CONTINUOUS
100
AcDbLine
 10
4.676508464566929
 20
-2.8044918503937009
 30
0
 11
4.6829425984251971
 21
-2.8057716929133858
 31
0
  0
LINE
  5
300
330
22
100
AcDbEntity
  8
F.Paste
  6
CONTINUOUS
100
AcDbLine
 10
4.6829425984251971
 20
-2.8057716929133858
 30
0
 11
4.6890034251968506
 21
-2.8082821653543308
 31
0
  0
LINE
  5
301
330
22
100
AcDbEntity
  8
F.Paste
  6
CONTINUOUS
100
AcDbLine
 10
4.6890034251968506
 20
-2.8082821653543308
 30
0
 11
4.6944580314960627
 21
-2.8119268110236222
 31
0
  0
LINE
  5
302
330
22
100
AcDbEntity
  8
F.Paste
  6
CONTINUOUS
100
AcDbLine
 10
4.6944580314960627
 20
-2.8119268110236222
 30
0
 11
4.6990968110236215
 21
-2.8165655905511811
 31
0
  0
LINE
  5
303
330
22
100
AcDbEntity
  8
F.Paste
  6
CONTINUOUS
100
AcDbLine
 10
4.6990968110236215
 20
-2.8165655905511811
 30
0
 11
4.7027414566929133
 21
-2.8220201968503935
 31
0
  0
LINE
  5
304
330
22
100
AcDbEntity
  8
F.Paste
  6
CONTINUOUS
100
AcDbLine
 10
4.7027414566929133
 20
-2.8220201968503935
 30
0
 11
4.7052519291338584
 21
-2.8280810236220471
 31
0
  0
LINE
  5
305
330
22
100
AcDbEntity
  8
F.Paste
  6
CONTINUOUS
100
AcDbLine
 10
4.7052519291338584
 20
-2.8280810236220471
 30
0
 11
4.7065317716535429
 21
-2.8345151574803147
 31
0
  0
LINE
  5
306
330
22
100
AcDbEntity
  8
F.Paste
  6
CONTINUOUS
100
AcDbLine
 10
4.7065317716535429
 20
-2.8345151574803147
 30
0
 11
4.7065317716535429
 21
-2.8410753937007875
 31
0
  0
LINE
  5
307
330
22
100
AcDbEntity
  8
F.Paste
  6
CONTINUOUS
100
AcDbLine
 10
4.7065317716535429
 20
-2.8410753937007875
 30
0
 11
4.7052519291338584
 21
-2.8475095275590552
 31
0
  0
LINE
  5
308
330
22
100
AcDbEntity
  8
F.Paste
  6
CONTINUOUS
100
AcDbLine
 10
4.7052519291338584
 20
-2.8475095275590552
 30
0
 11
4.7027414566929133
 21
-2.8535703543307087
 31
0
  0
LINE
  5
309
330
22
100
AcDbEntity
  8
F.Paste
  6
CONTINUOUS
100
AcDbLine
 10
4.7027414566929133
 20
-2.8535703543307087
 30
0
 11
4.6990968110236215
 21
-2.8590249606299212
 31
0
  0
LINE
  5
30A
330
22
100
AcDbEntity
  8
F.Paste
  6
CONTINUOUS
100
AcDbLine
 10
4.6990968110236215
 20
-2.8590249606299212
 30
0
 11
4.6944580314960627
 21
-2.86366374015748
 31
0
  0
LINE
  5
30B
330
22
100
AcDbEntity
  8
F.Paste
  6
CONTINUOUS
100
AcDbLine
 10
4.6944580314960627
 20
-2.86366374015748
 30
0
 11
4.6890034251968506
 21
-2.8673083858267714
 31
0
  0
LINE
  5
30C
330
22
100
AcDbEntity
  8
F.Paste
  6
CONTINUOUS
100
AcDbLine
 10
4.6890034251968506
 20
-2.8673083858267714
 30
0
 11
4.6829425984251971
 21
-2.8698188582677164
 31
0
  0
LINE
  5
30D
330
22
100
AcDbEntity
  8
F.Paste
  6
CONTINUOUS
100
AcDbLine
 10
4.6829425984251971
 20
-2.8698188582677164
 30
0
 11
4.676508464566929
 21
-2.8710987007874014
 31
0
  0
LINE
  5
30E
330
22
100
AcDbEntity
  8
F.Paste
  6
CONTINUOUS
100
AcDbLine
 10
4.676508464566929
 20
-2.8710987007874014
 30
0
 11
4.6732283464566926
 21
-2.8712598425196849
 31
0
  0
LINE
  5
30F
330
22
100
AcDbEntity
  8
F.Paste
  6
CONTINUOUS
100
AcDbLine
 10
4.6732283464566926
 20
-2.8712598425196849
 30
0
 11
4.5984251968503935
 21
-2.8712598425196849
 31
0
  0
LINE
  5
310
330
22
100
AcDbEntity
  8
F.Paste
  6
CONTINUOUS
100
AcDbLine
 10
4.5984251968503935
 20
-2.8712598425196849
 30
0
 11
4.5951450787401571
 21
-2.8710987007874014
 31
0
  0
LINE
  5
311
330
22
100
AcDbEntity
  8
F.Paste
  6
CONTINUOUS
100
AcDbLine
 10
4.5951450787401571
 20
-2.8710987007874014
 30
0
 11
4.5887109448818899
 21
-2.8698188582677164
 31
0
  0
LINE
  5
312
330
22
100
AcDbEntity
  8
F.Paste
  6
CONTINUOUS
100
AcDbLine
 10
4.5887109448818899
 20
-2.8698188582677164
 30
0
 11
4.5826501181102364
 21
-2.8673083858267714
 31
0
  0
LINE
  5
313
330
22
100
AcDbEntity
  8
F.Paste
  6
CONTINUOUS
100
AcDbLine
 10
4.5826501181102364
 20
-2.8673083858267714
 30
0
 11
4.5771955118110235
 21
-2.86366374015748
 31
0
  0
LINE
  5
314
330
22
100
AcDbEntity
  8
F.Paste
  6
CONTINUOUS
100
AcDbLine
 10
4.5771955118110235
 20
-2.86366374015748
 30
0
 11
4.5725567322834646
 21
-2.8590249606299212
 31
0
  0
LINE
  5
315
330
22
100
AcDbEntity
  8
F.Paste
  6
CONTINUOUS
100
AcDbLine
 10
4.5725567322834646
 20
-2.8590249606299212
 30
0
 11
4.5689120866141728
 21
-2.8535703543307087
 31
0
  0
LINE
  5
316
330
22
100
AcDbEntity
  8
F.Paste
  6
CONTINUOUS
100
AcDbLine
 10
4.5689120866141728
 20
-2.8535703543307087
 30
0
 11
4.5664016141732287
 21
-2.8475095275590552
 31
0
  0
LINE
  5
317
330
22
100
AcDbEntity
  8
F.Paste
  6
CONTINUOUS
100
AcDbLine
 10
4.5664016141732287
 20
-2.8475095275590552
 30
0
 11
4.5651217716535433
 21
-2.8410753937007875
 31
0
  0
LINE
  5
318
330
22
100
AcDbEntity
  8
F.Paste
  6
CONTINUOUS
100
AcDbLine
 10
4.5651217716535433
 20
-2.8410753937007875
 30
0
 11
4.5651217716535433
 21
-2.8345151574803147
 31
0
  0
LINE
  5
319
330
22
100
AcDbEntity
  8
F.Paste
  6
CONTINUOUS
100
AcDbLine
 10
4.5651217716535433
 20
-2.8345151574803147
 30
0
 11
4.5664016141732287
 21
-2.8280810236220471
 31
0
  0
LINE
  5
31A
330
22
100
AcDbEntity
  8
F.Paste
  6
CONTINUOUS
100
AcDbLine
 10
4.5664016141732287
 20
-2.8280810236220471
 30
0
 11
4.5689120866141728
 21
-2.8220201968503935
 31
0
  0
LINE
  5
31B
330
22
100
AcDbEntity
  8
F.Paste
  6
CONTINUOUS
100
AcDbLine
 10
4.5689120866141728
 20
-2.8220201968503935
 30
0
 11
4.5725567322834646
 21
-2.8165655905511811
 31
0
  0
LINE
  5
31C
330
22
100
AcDbEntity
  8
F.Paste
  6
CONTINUOUS
100
AcDbLine
 10
4.5725567322834646
 20
-2.8165655905511811
 30
0
 11
4.5771955118110235
 21
-2.8119268110236222
 31
0
  0
LINE
  5
31D
330
22
100
AcDbEntity
  8
F.Paste
  6
CONTINUOUS
100
AcDbLine
 10
4.5771955118110235
 20
-2.8119268110236222
 30
0
 11
4.5826501181102364
 21
-2.8082821653543308
 31
0
  0
LINE
  5
31E
330
22
100
AcDbEntity
  8
F.Paste
  6
CONTINUOUS
100
AcDbLine
 10
4.5826501181102364
 20
-2.8082821653543308
 30
0
 11
4.5887109448818899
 21
-2.8057716929133858
 31
0
  0
LINE
  5
31F
330
22
100
AcDbEntity
  8
F.Paste
  6
CONTINUOUS
100
AcDbLine
 10
4.5887109448818899
 20
-2.8057716929133858
 30
0
 11
4.5951450787401571
 21
-2.8044918503937009
 31
0
  0
LINE
  5
320
330
22
100
AcDbEntity
  8
F.Paste
  6
CONTINUOUS
100
AcDbLine
 10
4.5951450787401571
 20
-2.8044918503937009
 30
0
 11
4.5984251968503935
 21
-2.8043307086614173
 31
0
  0
LINE
  5
321
330
22
100
AcDbEntity
  8
F.Paste
  6
CONTINUOUS
100
AcDbLine
 10
4.5984251968503935
 20
-2.8043307086614173
 30
0
 11
4.6732283464566926
 21
-2.8043307086614173
 31
0
  0
LINE
  5
322
330
22
100
AcDbEntity
  8
F.Paste
  6
CONTINUOUS
100
AcDbLine
 10
4.6732283464566926
 20
-2.8043307086614173
 30
0
 11
4.676508464566929
 21
-2.8044918503937009
 31
0
  0
LINE
  5
323
330
22
100
AcDbEntity
  8
F.Paste
  6
CONTINUOUS
100
AcDbLine
 10
4.676508464566929
 20
-2.7044918503937008
 30
0
 11
4.6829425984251971
 21
-2.7057716929133857
 31
0
  0
LINE
  5
324
330
22
100
AcDbEntity
  8
F.Paste
  6
CONTINUOUS
100
AcDbLine
 10
4.6829425984251971
 20
-2.7057716929133857
 30
0
 11
4.6890034251968506
 21
-2.7082821653543308
 31
0
  0
LINE
  5
325
330
22
100
AcDbEntity
  8
F.Paste
  6
CONTINUOUS
100
AcDbLine
 10
4.6890034251968506
 20
-2.7082821653543308
 30
0
 11
4.6944580314960627
 21
-2.7119268110236221
 31
0
  0
LINE
  5
326
330
22
100
AcDbEntity
  8
F.Paste
  6
CONTINUOUS
100
AcDbLine
 10
4.6944580314960627
 20
-2.7119268110236221
 30
0
 11
4.6990968110236215
 21
-2.716565590551181
 31
0
  0
LINE
  5
327
330
22
100
AcDbEntity
  8
F.Paste
  6
CONTINUOUS
100
AcDbLine
 10
4.6990968110236215
 20
-2.716565590551181
 30
0
 11
4.7027414566929133
 21
-2.7220201968503934
 31
0
  0
LINE
  5
328
330
22
100
AcDbEntity
  8
F.Paste
  6
CONTINUOUS
100
AcDbLine
 10
4.7027414566929133
 20
-2.7220201968503934
 30
0
 11
4.7052519291338584
 21
-2.728081023622047
 31
0
  0
LINE
  5
329
330
22
100
AcDbEntity
  8
F.Paste
  6
CONTINUOUS
100
AcDbLine
 10
4.7052519291338584
 20
-2.728081023622047
 30
0
 11
4.7065317716535429
 21
-2.734515157480315
 31
0
  0
LINE
  5
32A
330
22
100
AcDbEntity
  8
F.Paste
  6
CONTINUOUS
100
AcDbLine
 10
4.7065317716535429
 20
-2.734515157480315
 30
0
 11
4.7065317716535429
 21
-2.7410753937007875
 31
0
  0
LINE
  5
32B
330
22
100
AcDbEntity
  8
F.Paste
  6
CONTINUOUS
100
AcDbLine
 10
4.7065317716535429
 20
-2.7410753937007875
 30
0
 11
4.7052519291338584
 21
-2.7475095275590551
 31
0
  0
LINE
  5
32C
330
22
100
AcDbEntity
  8
F.Paste
  6
CONTINUOUS
100
AcDbLine
 10
4.7052519291338584
 20
-2.7475095275590551
 30
0
 11
4.7027414566929133
 21
-2.7535703543307086
 31
0
  0
LINE
  5
32D
330
22
100
AcDbEntity
  8
F.Paste
  6
CONTINUOUS
100
AcDbLine
 10
4.7027414566929133
 20
-2.7535703543307086
 30
0
 11
4.6990968110236215
 21
-2.7590249606299211
 31
0
  0
LINE
  5
32E
330
22
100
AcDbEntity
  8
F.Paste
  6
CONTINUOUS
100
AcDbLine
 10
4.6990968110236215
 20
-2.7590249606299211
 30
0
 11
4.6944580314960627
 21
-2.7636637401574804
 31
0
  0
LINE
  5
32F
330
22
100
AcDbEntity
  8
F.Paste
  6
CONTINUOUS
100
AcDbLine
 10
4.6944580314960627
 20
-2.7636637401574804
 30
0
 11
4.6890034251968506
 21
-2.7673083858267717
 31
0
  0
LINE
  5
330
330
22
100
AcDbEntity
  8
F.Paste
  6
CONTINUOUS
100
AcDbLine
 10
4.6890034251968506
 20
-2.7673083858267717
 30
0
 11
4.6829425984251971
 21
-2.7698188582677163
 31
0
  0
LINE
  5
331
330
22
100
AcDbEntity
  8
F.Paste
  6
CONTINUOUS
100
AcDbLine
 10
4.6829425984251971
 20
-2.7698188582677163
 30
0
 11
4.676508464566929
 21
-2.7710987007874017
 31
0
  0
LINE
  5
332
330
22
100
AcDbEntity
  8
F.Paste
  6
CONTINUOUS
100
AcDbLine
 10
4.676508464566929
 20
-2.7710987007874017
 30
0
 11
4.6732283464566926
 21
-2.7712598425196848
 31
0
  0
LINE
  5
333
330
22
100
AcDbEntity
  8
F.Paste
  6
CONTINUOUS
100
AcDbLine
 10
4.6732283464566926
 20
-2.7712598425196848
 30
0
 11
4.5984251968503935
 21
-2.7712598425196848
 31
0
  0
LINE
  5
334
330
22
100
AcDbEntity
  8
F.Paste
  6
CONTINUOUS
100
AcDbLine
 10
4.5984251968503935
 20
-2.7712598425196848
 30
0
 11
4.5951450787401571
 21
-2.7710987007874017
 31
0
  0
LINE
  5
335
330
22
100
AcDbEntity
  8
F.Paste
  6
CONTINUOUS
100
AcDbLine
 10
4.5951450787401571
 20
-2.7710987007874017
 30
0
 11
4.5887109448818899
 21
-2.7698188582677163
 31
0
  0
LINE
  5
336
330
22
100
AcDbEntity
  8
F.Paste
  6
CONTINUOUS
100
AcDbLine
 10
4.5887109448818899
 20
-2.7698188582677163
 30
0
 11
4.5826501181102364
 21
-2.7673083858267717
 31
0
  0
LINE
  5
337
330
22
100
AcDbEntity
  8
F.Paste
  6
CONTINUOUS
100
AcDbLine
 10
4.5826501181102364
 20
-2.7673083858267717
 30
0
 11
4.5771955118110235
 21
-2.7636637401574804
 31
0
  0
LINE
  5
338
330
22
100
AcDbEntity
  8
F.Paste
  6
CONTINUOUS
100
AcDbLine
 10
4.5771955118110235
 20
-2.7636637401574804
 30
0
 11
4.5725567322834646
 21
-2.7590249606299211
 31
0
  0
LINE
  5
339
330
22
100
AcDbEntity
  8
F.Paste
  6
CONTINUOUS
100
AcDbLine
 10
4.5725567322834646
 20
-2.7590249606299211
 30
0
 11
4.5689120866141728
 21
-2.7535703543307086
 31
0
  0
LINE
  5
33A
330
22
100
AcDbEntity
  8
F.Paste
  6
CONTINUOUS
100
AcDbLine
 10
4.5689120866141728
 20
-2.7535703543307086
 30
0
 11
4.5664016141732287
 21
-2.7475095275590551
 31
0
  0
LINE
  5
33B
330
22
100
AcDbEntity
  8
F.Paste
  6
CONTINUOUS
100
AcDbLine
 10
4.5664016141732287
 20
-2.7475095275590551
 30
0
 11
4.5651217716535433
 21
-2.7410753937007875
 31
0
  0
LINE
  5
33C
330
22
100
AcDbEntity
  8
F.Paste
  6
CONTINUOUS
100
AcDbLine
 10
4.5651217716535433
 20
-2.7410753937007875
 30
0
 11
4.5651217716535433
 21
-2.734515157480315
 31
0
  0
LINE
  5
33D
330
22
100
AcDbEntity
  8
F.Paste
  6
CONTINUOUS
100
AcDbLine
 10
4.5651217716535433
 20
-2.734515157480315
 30
0
 11
4.5664016141732287
 21
-2.728081023622047
 31
0
  0
LINE
  5
33E
330
22
100
AcDbEntity
  8
F.Paste
  6
CONTINUOUS
100
AcDbLine
 10
4.5664016141732287
 20
-2.728081023622047
 30
0
 11
4.5689120866141728
 21
-2.7220201968503934
 31
0
  0
LINE
  5
33F
330
22
100
AcDbEntity
  8
F.Paste
  6
CONTINUOUS
100
AcDbLine
 10
4.5689120866141728
 20
-2.7220201968503934
 30
0
 11
4.5725567322834646
 21
-2.716565590551181
 31
0
  0
LINE
  5
340
330
22
100
AcDbEntity
  8
F.Paste
  6
CONTINUOUS
100
AcDbLine
 10
4.5725567322834646
 20
-2.716565590551181
 30
0
 11
4.5771955118110235
 21
-2.7119268110236221
 31
0
  0
LINE
  5
341
330
22
100
AcDbEntity
  8
F.Paste
  6
CONTINUOUS
100
AcDbLine
 10
4.5771955118110235
 20
-2.7119268110236221
 30
0
 11
4.5826501181102364
 21
-2.7082821653543308
 31
0
  0
LINE
  5
342
330
22
100
AcDbEntity
  8
F.Paste
  6
CONTINUOUS
100
AcDbLine
 10
4.5826501181102364
 20
-2.7082821653543308
 30
0
 11
4.5887109448818899
 21
-2.7057716929133857
 31
0
  0
LINE
  5
343
330
22
100
AcDbEntity
  8
F.Paste
  6
CONTINUOUS
100
AcDbLine
 10
4.5887109448818899
 20
-2.7057716929133857
 30
0
 11
4.5951450787401571
 21
-2.7044918503937008
 31
0
  0
LINE
  5
344
330
22
100
AcDbEntity
  8
F.Paste
  6
CONTINUOUS
100
AcDbLine
 10
4.5951450787401571
 20
-2.7044918503937008
 30
0
 11
4.5984251968503935
 21
-2.7043307086614172
 31
0
  0
LINE
  5
345
330
22
100
AcDbEntity
  8
F.Paste
  6
CONTINUOUS
100
AcDbLine
 10
4.5984251968503935
 20
-2.7043307086614172
 30
0
 11
4.6732283464566926
 21
-2.7043307086614172
 31
0
  0
LINE
  5
346
330
22
100
AcDbEntity
  8
F.Paste
  6
CONTINUOUS
100
AcDbLine
 10
4.6732283464566926
 20
-2.7043307086614172
 30
0
 11
4.676508464566929
 21
-2.7044918503937008
 31
0
  0
LINE
  5
347
330
22
100
AcDbEntity
  8
F.Paste
  6
CONTINUOUS
100
AcDbLine
 10
5.3576108267716531
 20
-2.7044918503937008
 30
0
 11
5.3640449606299212
 21
-2.7057716929133857
 31
0
  0
LINE
  5
348
330
22
100
AcDbEntity
  8
F.Paste
  6
CONTINUOUS
100
AcDbLine
 10
5.3640449606299212
 20
-2.7057716929133857
 30
0
 11
5.3701057874015747
 21
-2.7082821653543308
 31
0
  0
LINE
  5
349
330
22
100
AcDbEntity
  8
F.Paste
  6
CONTINUOUS
100
AcDbLine
 10
5.3701057874015747
 20
-2.7082821653543308
 30
0
 11
5.3755603937007876
 21
-2.7119268110236221
 31
0
  0
LINE
  5
34A
330
22
100
AcDbEntity
  8
F.Paste
  6
CONTINUOUS
100
AcDbLine
 10
5.3755603937007876
 20
-2.7119268110236221
 30
0
 11
5.3801991732283465
 21
-2.716565590551181
 31
0
  0
LINE
  5
34B
330
22
100
AcDbEntity
  8
F.Paste
  6
CONTINUOUS
100
AcDbLine
 10
5.3801991732283465
 20
-2.716565590551181
 30
0
 11
5.3838438188976374
 21
-2.7220201968503934
 31
0
  0
LINE
  5
34C
330
22
100
AcDbEntity
  8
F.Paste
  6
CONTINUOUS
100
AcDbLine
 10
5.3838438188976374
 20
-2.7220201968503934
 30
0
 11
5.3863542913385825
 21
-2.728081023622047
 31
0
  0
LINE
  5
34D
330
22
100
AcDbEntity
  8
F.Paste
  6
CONTINUOUS
100
AcDbLine
 10
5.3863542913385825
 20
-2.728081023622047
 30
0
 11
5.3876341338582678
 21
-2.734515157480315
 31
0
  0
LINE
  5
34E
330
22
100
AcDbEntity
  8
F.Paste
  6
CONTINUOUS
100
AcDbLine
 10
5.3876341338582678
 20
-2.734515157480315
 30
0
 11
5.3876341338582678
 21
-2.7410753937007875
 31
0
  0
LINE
  5
34F
330
22
100
AcDbEntity
  8
F.Paste
  6
CONTINUOUS
100
AcDbLine
 10
5.3876341338582678
 20
-2.7410753937007875
 30
0
 11
5.3863542913385825
 21
-2.7475095275590551
 31
0
  0
LINE
  5
350
330
22
100
AcDbEntity
  8
F.Paste
  6
CONTINUOUS
100
AcDbLine
 10
5.3863542913385825
 20
-2.7475095275590551
 30
0
 11
5.3838438188976374
 21
-2.7535703543307086
 31
0
  0
LINE
  5
351
330
22
100
AcDbEntity
  8
F.Paste
  6
CONTINUOUS
100
AcDbLine
 10
5.3838438188976374
 20
-2.7535703543307086
 30
0
 11
5.3801991732283465
 21
-2.7590249606299211
 31
0
  0
LINE
  5
352
330
22
100
AcDbEntity
  8
F.Paste
  6
CONTINUOUS
100
AcDbLine
 10
5.3801991732283465
 20
-2.7590249606299211
 30
0
 11
5.3755603937007876
 21
-2.7636637401574804
 31
0
  0
LINE
  5
353
330
22
100
AcDbEntity
  8
F.Paste
  6
CONTINUOUS
100
AcDbLine
 10
5.3755603937007876
 20
-2.7636637401574804
 30
0
 11
5.3701057874015747
 21
-2.7673083858267717
 31
0
  0
LINE
  5
354
330
22
100
AcDbEntity
  8
F.Paste
  6
CONTINUOUS
100
AcDbLine
 10
5.3701057874015747
 20
-2.7673083858267717
 30
0
 11
5.3640449606299212
 21
-2.7698188582677163
 31
0
  0
LINE
  5
355
330
22
100
AcDbEntity
  8
F.Paste
  6
CONTINUOUS
100
AcDbLine
 10
5.3640449606299212
 20
-2.7698188582677163
 30
0
 11
5.3576108267716531
 21
-2.7710987007874017
 31
0
  0
LINE
  5
356
330
22
100
AcDbEntity
  8
F.Paste
  6
CONTINUOUS
100
AcDbLine
 10
5.3576108267716531
 20
-2.7710987007874017
 30
0
 11
5.3543307086614176
 21
-2.7712598425196848
 31
0
  0
LINE
  5
357
330
22
100
AcDbEntity
  8
F.Paste
  6
CONTINUOUS
100
AcDbLine
 10
5.3543307086614176
 20
-2.7712598425196848
 30
0
 11
5.2755905511811019
 21
-2.7712598425196848
 31
0
  0
LINE
  5
358
330
22
100
AcDbEntity
  8
F.Paste
  6
CONTINUOUS
100
AcDbLine
 10
5.2755905511811019
 20
-2.7712598425196848
 30
0
 11
5.2723104330708663
 21
-2.7710987007874017
 31
0
  0
LINE
  5
359
330
22
100
AcDbEntity
  8
F.Paste
  6
CONTINUOUS
100
AcDbLine
 10
5.2723104330708663
 20
-2.7710987007874017
 30
0
 11
5.2658762992125983
 21
-2.7698188582677163
 31
0
  0
LINE
  5
35A
330
22
100
AcDbEntity
  8
F.Paste
  6
CONTINUOUS
100
AcDbLine
 10
5.2658762992125983
 20
-2.7698188582677163
 30
0
 11
5.2598154724409447
 21
-2.7673083858267717
 31
0
  0
LINE
  5
35B
330
22
100
AcDbEntity
  8
F.Paste
  6
CONTINUOUS
100
AcDbLine
 10
5.2598154724409447
 20
-2.7673083858267717
 30
0
 11
5.2543608661417318
 21
-2.7636637401574804
 31
0
  0
LINE
  5
35C
330
22
100
AcDbEntity
  8
F.Paste
  6
CONTINUOUS
100
AcDbLine
 10
5.2543608661417318
 20
-2.7636637401574804
 30
0
 11
5.2497220866141729
 21
-2.7590249606299211
 31
0
  0
LINE
  5
35D
330
22
100
AcDbEntity
  8
F.Paste
  6
CONTINUOUS
100
AcDbLine
 10
5.2497220866141729
 20
-2.7590249606299211
 30
0
 11
5.246077440944882
 21
-2.7535703543307086
 31
0
  0
LINE
  5
35E
330
22
100
AcDbEntity
  8
F.Paste
  6
CONTINUOUS
100
AcDbLine
 10
5.246077440944882
 20
-2.7535703543307086
 30
0
 11
5.243566968503937
 21
-2.7475095275590551
 31
0
  0
LINE
  5
35F
330
22
100
AcDbEntity
  8
F.Paste
  6
CONTINUOUS
100
AcDbLine
 10
5.243566968503937
 20
-2.7475095275590551
 30
0
 11
5.2422871259842516
 21
-2.7410753937007875
 31
0
  0
LINE
  5
360
330
22
100
AcDbEntity
  8
F.Paste
  6
CONTINUOUS
100
AcDbLine
 10
5.2422871259842516
 20
-2.7410753937007875
 30
0
 11
5.2422871259842516
 21
-2.734515157480315
 31
0
  0
LINE
  5
361
330
22
100
AcDbEntity
  8
F.Paste
  6
CONTINUOUS
100
AcDbLine
 10
5.2422871259842516
 20
-2.734515157480315
 30
0
 11
5.243566968503937
 21
-2.728081023622047
 31
0
  0
LINE
  5
362
330
22
100
AcDbEntity
  8
F.Paste
  6
CONTINUOUS
100
AcDbLine
 10
5.243566968503937
 20
-2.728081023622047
 30
0
 11
5.246077440944882
 21
-2.7220201968503934
 31
0
  0
LINE
  5
363
330
22
100
AcDbEntity
  8
F.Paste
  6
CONTINUOUS
100
AcDbLine
 10
5.246077440944882
 20
-2.7220201968503934
 30
0
 11
5.2497220866141729
 21
-2.716565590551181
 31
0
  0
LINE
  5
364
330
22
100
AcDbEntity
  8
F.Paste
  6
CONTINUOUS
100
AcDbLine
 10
5.2497220866141729
 20
-2.716565590551181
 30
0
 11
5.2543608661417318
 21
-2.7119268110236221
 31
0
  0
LINE
  5
365
330
22
100
AcDbEntity
  8
F.Paste
  6
CONTINUOUS
100
AcDbLine
 10
5.2543608661417318
 20
-2.7119268110236221
 30
0
 11
5.2598154724409447
 21
-2.7082821653543308
 31
0
  0
LINE
  5
366
330
22
100
AcDbEntity
  8
F.Paste
  6
CONTINUOUS
100
AcDbLine
 10
5.2598154724409447
 20
-2.7082821653543308
 30
0
 11
5.2658762992125983
 21
-2.7057716929133857
 31
0
  0
LINE
  5
367
330
22
100
AcDbEntity
  8
F.Paste
  6
CONTINUOUS
100
AcDbLine
 10
5.2658762992125983
 20
-2.7057716929133857
 30
0
 11
5.2723104330708663
 21
-2.7044918503937008
 31
0
  0
LINE
  5
368
330
22
100
AcDbEntity
  8
F.Paste
  6
CONTINUOUS
100
AcDbLine
 10
5.2723104330708663
 20
-2.7044918503937008
 30
0
 11
5.2755905511811019
 21
-2.7043307086614172
 31
0
  0
LINE
  5
369
330
22
100
AcDbEntity
  8
F.Paste
  6
CONTINUOUS
100
AcDbLine
 10
5.2755905511811019
 20
-2.7043307086614172
 30
0
 11
5.3543307086614176
 21
-2.7043307086614172
 31
0
  0
LINE
  5
36A
330
22
100
AcDbEntity
  8
F.Paste
  6
CONTINUOUS
100
AcDbLine
 10
5.3543307086614176
 20
-2.7043307086614172
 30
0
 11
5.3576108267716531
 21
-2.7044918503937008
 31
0
  0
LINE
  5
36B
330
22
100
AcDbEntity
  8
F.Paste
  6
CONTINUOUS
100
AcDbLine
 10
4.7047244094488185
 20
-2.6712598425196852
 30
0
 11
4.5669291338582676
 21
-2.6712598425196852
 31
0
  0
LINE
  5
36C
330
22
100
AcDbEntity
  8
F.Paste
  6
CONTINUOUS
100
AcDbLine
 10
4.5669291338582676
 20
-2.6712598425196852
 30
0
 11
4.5669291338582676
 21
-2.6043307086614171
 31
0
  0
LINE
  5
36D
330
22
100
AcDbEntity
  8
F.Paste
  6
CONTINUOUS
100
AcDbLine
 10
4.5669291338582676
 20
-2.6043307086614171
 30
0
 11
4.7047244094488185
 21
-2.6043307086614171
 31
0
  0
LINE
  5
36E
330
22
100
AcDbEntity
  8
F.Paste
  6
CONTINUOUS
100
AcDbLine
 10
4.7047244094488185
 20
-2.6043307086614171
 30
0
 11
4.7047244094488185
 21
-2.6712598425196852
 31
0
  0
LINE
  5
36F
330
22
100
AcDbEntity
  8
F.Paste
  6
CONTINUOUS
100
AcDbLine
 10
5.3576108267716531
 20
-2.6044918503937007
 30
0
 11
5.3640449606299212
 21
-2.6057716929133856
 31
0
  0
LINE
  5
370
330
22
100
AcDbEntity
  8
F.Paste
  6
CONTINUOUS
100
AcDbLine
 10
5.3640449606299212
 20
-2.6057716929133856
 30
0
 11
5.3701057874015747
 21
-2.6082821653543307
 31
0
  0
LINE
  5
371
330
22
100
AcDbEntity
  8
F.Paste
  6
CONTINUOUS
100
AcDbLine
 10
5.3701057874015747
 20
-2.6082821653543307
 30
0
 11
5.3755603937007876
 21
-2.611926811023622
 31
0
  0
LINE
  5
372
330
22
100
AcDbEntity
  8
F.Paste
  6
CONTINUOUS
100
AcDbLine
 10
5.3755603937007876
 20
-2.611926811023622
 30
0
 11
5.3801991732283465
 21
-2.6165655905511809
 31
0
  0
LINE
  5
373
330
22
100
AcDbEntity
  8
F.Paste
  6
CONTINUOUS
100
AcDbLine
 10
5.3801991732283465
 20
-2.6165655905511809
 30
0
 11
5.3838438188976374
 21
-2.6220201968503938
 31
0
  0
LINE
  5
374
330
22
100
AcDbEntity
  8
F.Paste
  6
CONTINUOUS
100
AcDbLine
 10
5.3838438188976374
 20
-2.6220201968503938
 30
0
 11
5.3863542913385825
 21
-2.6280810236220473
 31
0
  0
LINE
  5
375
330
22
100
AcDbEntity
  8
F.Paste
  6
CONTINUOUS
100
AcDbLine
 10
5.3863542913385825
 20
-2.6280810236220473
 30
0
 11
5.3876341338582678
 21
-2.634515157480315
 31
0
  0
LINE
  5
376
330
22
100
AcDbEntity
  8
F.Paste
  6
CONTINUOUS
100
AcDbLine
 10
5.3876341338582678
 20
-2.634515157480315
 30
0
 11
5.3876341338582678
 21
-2.6410753937007874
 31
0
  0
LINE
  5
377
330
22
100
AcDbEntity
  8
F.Paste
  6
CONTINUOUS
100
AcDbLine
 10
5.3876341338582678
 20
-2.6410753937007874
 30
0
 11
5.3863542913385825
 21
-2.647509527559055
 31
0
  0
LINE
  5
378
330
22
100
AcDbEntity
  8
F.Paste
  6
CONTINUOUS
100
AcDbLine
 10
5.3863542913385825
 20
-2.647509527559055
 30
0
 11
5.3838438188976374
 21
-2.6535703543307085
 31
0
  0
LINE
  5
379
330
22
100
AcDbEntity
  8
F.Paste
  6
CONTINUOUS
100
AcDbLine
 10
5.3838438188976374
 20
-2.6535703543307085
 30
0
 11
5.3801991732283465
 21
-2.659024960629921
 31
0
  0
LINE
  5
37A
330
22
100
AcDbEntity
  8
F.Paste
  6
CONTINUOUS
100
AcDbLine
 10
5.3801991732283465
 20
-2.659024960629921
 30
0
 11
5.3755603937007876
 21
-2.6636637401574803
 31
0
  0
LINE
  5
37B
330
22
100
AcDbEntity
  8
F.Paste
  6
CONTINUOUS
100
AcDbLine
 10
5.3755603937007876
 20
-2.6636637401574803
 30
0
 11
5.3701057874015747
 21
-2.6673083858267717
 31
0
  0
LINE
  5
37C
330
22
100
AcDbEntity
  8
F.Paste
  6
CONTINUOUS
100
AcDbLine
 10
5.3701057874015747
 20
-2.6673083858267717
 30
0
 11
5.3640449606299212
 21
-2.6698188582677163
 31
0
  0
LINE
  5
37D
330
22
100
AcDbEntity
  8
F.Paste
  6
CONTINUOUS
100
AcDbLine
 10
5.3640449606299212
 20
-2.6698188582677163
 30
0
 11
5.3576108267716531
 21
-2.6710987007874016
 31
0
  0
LINE
  5
37E
330
22
100
AcDbEntity
  8
F.Paste
  6
CONTINUOUS
100
AcDbLine
 10
5.3576108267716531
 20
-2.6710987007874016
 30
0
 11
5.3543307086614176
 21
-2.6712598425196852
 31
0
  0
LINE
  5
37F
330
22
100
AcDbEntity
  8
F.Paste
  6
CONTINUOUS
100
AcDbLine
 10
5.3543307086614176
 20
-2.6712598425196852
 30
0
 11
5.2755905511811019
 21
-2.6712598425196852
 31
0
  0
LINE
  5
380
330
22
100
AcDbEntity
  8
F.Paste
  6
CONTINUOUS
100
AcDbLine
 10
5.2755905511811019
 20
-2.6712598425196852
 30
0
 11
5.2723104330708663
 21
-2.6710987007874016
 31
0
  0
LINE
  5
381
330
22
100
AcDbEntity
  8
F.Paste
  6
CONTINUOUS
100
AcDbLine
 10
5.2723104330708663
 20
-2.6710987007874016
 30
0
 11
5.2658762992125983
 21
-2.6698188582677163
 31
0
  0
LINE
  5
382
330
22
100
AcDbEntity
  8
F.Paste
  6
CONTINUOUS
100
AcDbLine
 10
5.2658762992125983
 20
-2.6698188582677163
 30
0
 11
5.2598154724409447
 21
-2.6673083858267717
 31
0
  0
LINE
  5
383
330
22
100
AcDbEntity
  8
F.Paste
  6
CONTINUOUS
100
AcDbLine
 10
5.2598154724409447
 20
-2.6673083858267717
 30
0
 11
5.2543608661417318
 21
-2.6636637401574803
 31
0
  0
LINE
  5
384
330
22
100
AcDbEntity
  8
F.Paste
  6
CONTINUOUS
100
AcDbLine
 10
5.2543608661417318
 20
-2.6636637401574803
 30
0
 11
5.2497220866141729
 21
-2.659024960629921
 31
0
  0
LINE
  5
385
330
22
100
AcDbEntity
  8
F.Paste
  6
CONTINUOUS
100
AcDbLine
 10
5.2497220866141729
 20
-2.659024960629921
 30
0
 11
5.246077440944882
 21
-2.6535703543307085
 31
0
  0
LINE
  5
386
330
22
100
AcDbEntity
  8
F.Paste
  6
CONTINUOUS
100
AcDbLine
 10
5.246077440944882
 20
-2.6535703543307085
 30
0
 11
5.243566968503937
 21
-2.647509527559055
 31
0
  0
LINE
  5
387
330
22
100
AcDbEntity
  8
F.Paste
  6
CONTINUOUS
100
AcDbLine
 10
5.243566968503937
 20
-2.647509527559055
 30
0
 11
5.2422871259842516
 21
-2.6410753937007874
 31
0
  0
LINE
  5
388
330
22
100
AcDbEntity
  8
F.Paste
  6
CONTINUOUS
100
AcDbLine
 10
5.2422871259842516
 20
-2.6410753937007874
 30
0
 11
5.2422871259842516
 21
-2.634515157480315
 31
0
  0
LINE
  5
389
330
22
100
AcDbEntity
  8
F.Paste
  6
CONTINUOUS
100
AcDbLine
 10
5.2422871259842516
 20
-2.634515157480315
 30
0
 11
5.243566968503937
 21
-2.6280810236220473
 31
0
  0
LINE
  5
38A
330
22
100
AcDbEntity
  8
F.Paste
  6
CONTINUOUS
100
AcDbLine
 10
5.243566968503937
 20
-2.6280810236220473
 30
0
 11
5.246077440944882
 21
-2.6220201968503938
 31
0
  0
LINE
  5
38B
330
22
100
AcDbEntity
  8
F.Paste
  6
CONTINUOUS
100
AcDbLine
 10
5.246077440944882
 20
-2.6220201968503938
 30
0
 11
5.2497220866141729
 21
-2.6165655905511809
 31
0
  0
LINE
  5
38C
330
22
100
AcDbEntity
  8
F.Paste
  6
CONTINUOUS
100
AcDbLine
 10
5.2497220866141729
 20
-2.6165655905511809
 30
0
 11
5.2543608661417318
 21
-2.611926811023622
 31
0
  0
LINE
  5
38D
330
22
100
AcDbEntity
  8
F.Paste
  6
CONTINUOUS
100
AcDbLine
 10
5.2543608661417318
 20
-2.611926811023622
 30
0
 11
5.2598154724409447
 21
-2.6082821653543307
 31
0
  0
LINE
  5
38E
330
22
100
AcDbEntity
  8
F.Paste
  6
CONTINUOUS
100
AcDbLine
 10
5.2598154724409447
 20
-2.6082821653543307
 30
0
 11
5.2658762992125983
 21
-2.6057716929133856
 31
0
  0
LINE
  5
38F
330
22
100
AcDbEntity
  8
F.Paste
  6
CONTINUOUS
100
AcDbLine
 10
5.2658762992125983
 20
-2.6057716929133856
 30
0
 11
5.2723104330708663
 21
-2.6044918503937007
 31
0
  0
LINE
  5
390
330
22
100
AcDbEntity
  8
F.Paste
  6
CONTINUOUS
100
AcDbLine
 10
5.2723104330708663
 20
-2.6044918503937007
 30
0
 11
5.2755905511811019
 21
-2.6043307086614171
 31
0
  0
LINE
  5
391
330
22
100
AcDbEntity
  8
F.Paste
  6
CONTINUOUS
100
AcDbLine
 10
5.2755905511811019
 20
-2.6043307086614171
 30
0
 11
5.3543307086614176
 21
-2.6043307086614171
 31
0
  0
LINE
  5
392
330
22
100
AcDbEntity
  8
F.Paste
  6
CONTINUOUS
100
AcDbLine
 10
5.3543307086614176
 20
-2.6043307086614171
 30
0
 11
5.3576108267716531
 21
-2.6044918503937007
 31
0
  0
LINE
  5
393
330
22
100
AcDbEntity
  8
F.Paste
  6
CONTINUOUS
100
AcDbLine
 10
6.7007945275590552
 20
-3.6645050787401572
 30
0
 11
6.7107432677165351
 21
-3.6671708661417322
 31
0
  0
LINE
  5
394
330
22
100
AcDbEntity
  8
F.Paste
  6
CONTINUOUS
100
AcDbLine
 10
6.7107432677165351
 20
-3.6671708661417322
 30
0
 11
6.7202589370078742
 21
-3.6711124015748031
 31
0
  0
LINE
  5
395
330
22
100
AcDbEntity
  8
F.Paste
  6
CONTINUOUS
100
AcDbLine
 10
6.7202589370078742
 20
-3.6711124015748031
 30
0
 11
6.7291787401574803
 21
-3.6762622440944881
 31
0
  0
LINE
  5
396
330
22
100
AcDbEntity
  8
F.Paste
  6
CONTINUOUS
100
AcDbLine
 10
6.7291787401574803
 20
-3.6762622440944881
 30
0
 11
6.7373500787401577
 21
-3.6825322834645666
 31
0
  0
LINE
  5
397
330
22
100
AcDbEntity
  8
F.Paste
  6
CONTINUOUS
100
AcDbLine
 10
6.7373500787401577
 20
-3.6825322834645666
 30
0
 11
6.7446330708661417
 21
-3.6898152755905511
 31
0
  0
LINE
  5
398
330
22
100
AcDbEntity
  8
F.Paste
  6
CONTINUOUS
100
AcDbLine
 10
6.7446330708661417
 20
-3.6898152755905511
 30
0
 11
6.7509031102362203
 21
-3.697986614173228
 31
0
  0
LINE
  5
399
330
22
100
AcDbEntity
  8
F.Paste
  6
CONTINUOUS
100
AcDbLine
 10
6.7509031102362203
 20
-3.697986614173228
 30
0
 11
6.7560529527559057
 21
-3.7069064173228345
 31
0
  0
LINE
  5
39A
330
22
100
AcDbEntity
  8
F.Paste
  6
CONTINUOUS
100
AcDbLine
 10
6.7560529527559057
 20
-3.7069064173228345
 30
0
 11
6.7599944881889762
 21
-3.7164220866141733
 31
0
  0
LINE
  5
39B
330
22
100
AcDbEntity
  8
F.Paste
  6
CONTINUOUS
100
AcDbLine
 10
6.7599944881889762
 20
-3.7164220866141733
 30
0
 11
6.7626602755905507
 21
-3.7263708267716535
 31
0
  0
LINE
  5
39C
330
22
100
AcDbEntity
  8
F.Paste
  6
CONTINUOUS
100
AcDbLine
 10
6.7626602755905507
 20
-3.7263708267716535
 30
0
 11
6.7640046456692913
 21
-3.7365824409448818
 31
0
  0
LINE
  5
39D
330
22
100
AcDbEntity
  8
F.Paste
  6
CONTINUOUS
100
AcDbLine
 10
6.7640046456692913
 20
-3.7365824409448818
 30
0
 11
6.7640046456692913
 21
-3.7468821259842517
 31
0
  0
LINE
  5
39E
330
22
100
AcDbEntity
  8
F.Paste
  6
CONTINUOUS
100
AcDbLine
 10
6.7640046456692913
 20
-3.7468821259842517
 30
0
 11
6.7626602755905507
 21
-3.7570937401574804
 31
0
  0
LINE
  5
39F
330
22
100
AcDbEntity
  8
F.Paste
  6
CONTINUOUS
100
AcDbLine
 10
6.7626602755905507
 20
-3.7570937401574804
 30
0
 11
6.7599944881889762
 21
-3.7670424803149607
 31
0
  0
LINE
  5
3A0
330
22
100
AcDbEntity
  8
F.Paste
  6
CONTINUOUS
100
AcDbLine
 10
6.7599944881889762
 20
-3.7670424803149607
 30
0
 11
6.7560529527559057
 21
-3.776558149606299
 31
0
  0
LINE
  5
3A1
330
22
100
AcDbEntity
  8
F.Paste
  6
CONTINUOUS
100
AcDbLine
 10
6.7560529527559057
 20
-3.776558149606299
 30
0
 11
6.7509031102362203
 21
-3.7854779527559055
 31
0
  0
LINE
  5
3A2
330
22
100
AcDbEntity
  8
F.Paste
  6
CONTINUOUS
100
AcDbLine
 10
6.7509031102362203
 20
-3.7854779527559055
 30
0
 11
6.7446330708661417
 21
-3.7936492913385824
 31
0
  0
LINE
  5
3A3
330
22
100
AcDbEntity
  8
F.Paste
  6
CONTINUOUS
100
AcDbLine
 10
6.7446330708661417
 20
-3.7936492913385824
 30
0
 11
6.7373500787401577
 21
-3.8009322834645669
 31
0
  0
LINE
  5
3A4
330
22
100
AcDbEntity
  8
F.Paste
  6
CONTINUOUS
100
AcDbLine
 10
6.7373500787401577
 20
-3.8009322834645669
 30
0
 11
6.7291787401574803
 21
-3.8072023228346454
 31
0
  0
LINE
  5
3A5
330
22
100
AcDbEntity
  8
F.Paste
  6
CONTINUOUS
100
AcDbLine
 10
6.7291787401574803
 20
-3.8072023228346454
 30
0
 11
6.7202589370078742
 21
-3.8123521653543304
 31
0
  0
LINE
  5
3A6
330
22
100
AcDbEntity
  8
F.Paste
  6
CONTINUOUS
100
AcDbLine
 10
6.7202589370078742
 20
-3.8123521653543304
 30
0
 11
6.7107432677165351
 21
-3.8162937007874014
 31
0
  0
LINE
  5
3A7
330
22
100
AcDbEntity
  8
F.Paste
  6
CONTINUOUS
100
AcDbLine
 10
6.7107432677165351
 20
-3.8162937007874014
 30
0
 11
6.7007945275590552
 21
-3.8189594881889763
 31
0
  0
LINE
  5
3A8
330
22
100
AcDbEntity
  8
F.Paste
  6
CONTINUOUS
100
AcDbLine
 10
6.7007945275590552
 20
-3.8189594881889763
 30
0
 11
6.6905829133858266
 21
-3.8203038582677165
 31
0
  0
LINE
  5
3A9
330
22
100
AcDbEntity
  8
F.Paste
  6
CONTINUOUS
100
AcDbLine
 10
6.6905829133858266
 20
-3.8203038582677165
 30
0
 11
6.6802832283464566
 21
-3.8203038582677165
 31
0
  0
LINE
  5
3AA
330
22
100
AcDbEntity
  8
F.Paste
  6
CONTINUOUS
100
AcDbLine
 10
6.6802832283464566
 20
-3.8203038582677165
 30
0
 11
6.6700716141732279
 21
-3.8189594881889763
 31
0
  0
LINE
  5
3AB
330
22
100
AcDbEntity
  8
F.Paste
  6
CONTINUOUS
100
AcDbLine
 10
6.6700716141732279
 20
-3.8189594881889763
 30
0
 11
6.6601228740157481
 21
-3.8162937007874014
 31
0
  0
LINE
  5
3AC
330
22
100
AcDbEntity
  8
F.Paste
  6
CONTINUOUS
100
AcDbLine
 10
6.6601228740157481
 20
-3.8162937007874014
 30
0
 11
6.6506072047244089
 21
-3.8123521653543304
 31
0
  0
LINE
  5
3AD
330
22
100
AcDbEntity
  8
F.Paste
  6
CONTINUOUS
100
AcDbLine
 10
6.6506072047244089
 20
-3.8123521653543304
 30
0
 11
6.6416874015748029
 21
-3.8072023228346454
 31
0
  0
LINE
  5
3AE
330
22
100
AcDbEntity
  8
F.Paste
  6
CONTINUOUS
100
AcDbLine
 10
6.6416874015748029
 20
-3.8072023228346454
 30
0
 11
6.6335160629921255
 21
-3.8009322834645669
 31
0
  0
LINE
  5
3AF
330
22
100
AcDbEntity
  8
F.Paste
  6
CONTINUOUS
100
AcDbLine
 10
6.6335160629921255
 20
-3.8009322834645669
 30
0
 11
6.6262330708661414
 21
-3.7936492913385824
 31
0
  0
LINE
  5
3B0
330
22
100
AcDbEntity
  8
F.Paste
  6
CONTINUOUS
100
AcDbLine
 10
6.6262330708661414
 20
-3.7936492913385824
 30
0
 11
6.6199630314960629
 21
-3.7854779527559055
 31
0
  0
LINE
  5
3B1
330
22
100
AcDbEntity
  8
F.Paste
  6
CONTINUOUS
100
AcDbLine
 10
6.6199630314960629
 20
-3.7854779527559055
 30
0
 11
6.6148131889763775
 21
-3.776558149606299
 31
0
  0
LINE
  5
3B2
330
22
100
AcDbEntity
  8
F.Paste
  6
CONTINUOUS
100
AcDbLine
 10
6.6148131889763775
 20
-3.776558149606299
 30
0
 11
6.610871653543307
 21
-3.7670424803149607
 31
0
  0
LINE
  5
3B3
330
22
100
AcDbEntity
  8
F.Paste
  6
CONTINUOUS
100
AcDbLine
 10
6.610871653543307
 20
-3.7670424803149607
 30
0
 11
6.6082058661417324
 21
-3.7570937401574804
 31
0
  0
LINE
  5
3B4
330
22
100
AcDbEntity
  8
F.Paste
  6
CONTINUOUS
100
AcDbLine
 10
6.6082058661417324
 20
-3.7570937401574804
 30
0
 11
6.6068614960629919
 21
-3.7468821259842517
 31
0
  0
LINE
  5
3B5
330
22
100
AcDbEntity
  8
F.Paste
  6
CONTINUOUS
100
AcDbLine
 10
6.6068614960629919
 20
-3.7468821259842517
 30
0
 11
6.6068614960629919
 21
-3.7365824409448818
 31
0
  0
LINE
  5
3B6
330
22
100
AcDbEntity
  8
F.Paste
  6
CONTINUOUS
100
AcDbLine
 10
6.6068614960629919
 20
-3.7365824409448818
 30
0
 11
6.6082058661417324
 21
-3.7263708267716535
 31
0
  0
LINE
  5
3B7
330
22
100
AcDbEntity
  8
F.Paste
  6
CONTINUOUS
100
AcDbLine
 10
6.6082058661417324
 20
-3.7263708267716535
 30
0
 11
6.610871653543307
 21
-3.7164220866141733
 31
0
  0
LINE
  5
3B8
330
22
100
AcDbEntity
  8
F.Paste
  6
CONTINUOUS
100
AcDbLine
 10
6.610871653543307
 20
-3.7164220866141733
 30
0
 11
6.6148131889763775
 21
-3.7069064173228345
 31
0
  0
LINE
  5
3B9
330
22
100
AcDbEntity
  8
F.Paste
  6
CONTINUOUS
100
AcDbLine
 10
6.6148131889763775
 20
-3.7069064173228345
 30
0
 11
6.6199630314960629
 21
-3.697986614173228
 31
0
  0
LINE
  5
3BA
330
22
100
AcDbEntity
  8
F.Paste
  6
CONTINUOUS
100
AcDbLine
 10
6.6199630314960629
 20
-3.697986614173228
 30
0
 11
6.6262330708661414
 21
-3.6898152755905511
 31
0
  0
LINE
  5
3BB
330
22
100
AcDbEntity
  8
F.Paste
  6
CONTINUOUS
100
AcDbLine
 10
6.6262330708661414
 20
-3.6898152755905511
 30
0
 11
6.6335160629921255
 21
-3.6825322834645666
 31
0
  0
LINE
  5
3BC
330
22
100
AcDbEntity
  8
F.Paste
  6
CONTINUOUS
100
AcDbLine
 10
6.6335160629921255
 20
-3.6825322834645666
 30
0
 11
6.6416874015748029
 21
-3.6762622440944881
 31
0
  0
LINE
  5
3BD
330
22
100
AcDbEntity
  8
F.Paste
  6
CONTINUOUS
100
AcDbLine
 10
6.6416874015748029
 20
-3.6762622440944881
 30
0
 11
6.6506072047244089
 21
-3.6711124015748031
 31
0
  0
LINE
  5
3BE
330
22
100
AcDbEntity
  8
F.Paste
  6
CONTINUOUS
100
AcDbLine
 10
6.6506072047244089
 20
-3.6711124015748031
 30
0
 11
6.6601228740157481
 21
-3.6671708661417322
 31
0
  0
LINE
  5
3BF
330
22
100
AcDbEntity
  8
F.Paste
  6
CONTINUOUS
100
AcDbLine
 10
6.6601228740157481
 20
-3.6671708661417322
 30
0
 11
6.6700716141732279
 21
-3.6645050787401572
 31
0
  0
LINE
  5
3C0
330
22
100
AcDbEntity
  8
F.Paste
  6
CONTINUOUS
100
AcDbLine
 10
6.6700716141732279
 20
-3.6645050787401572
 30
0
 11
6.6802832283464566
 21
-3.6631607086614171
 31
0
  0
LINE
  5
3C1
330
22
100
AcDbEntity
  8
F.Paste
  6
CONTINUOUS
100
AcDbLine
 10
6.6802832283464566
 20
-3.6631607086614171
 30
0
 11
6.6905829133858266
 21
-3.6631607086614171
 31
0
  0
LINE
  5
3C2
330
22
100
AcDbEntity
  8
F.Paste
  6
CONTINUOUS
100
AcDbLine
 10
6.6905829133858266
 20
-3.6631607086614171
 30
0
 11
6.7007945275590552
 21
-3.6645050787401572
 31
0
  0
LINE
  5
3C3
330
22
100
AcDbEntity
  8
F.Paste
  6
CONTINUOUS
100
AcDbLine
 10
5.9405583070866141
 20
-3.6629302755905511
 30
0
 11
5.950507047244094
 21
-3.665596062992126
 31
0
  0
LINE
  5
3C4
330
22
100
AcDbEntity
  8
F.Paste
  6
CONTINUOUS
100
AcDbLine
 10
5.950507047244094
 20
-3.665596062992126
 30
0
 11
5.9600227165354331
 21
-3.6695375984251966
 31
0
  0
LINE
  5
3C5
330
22
100
AcDbEntity
  8
F.Paste
  6
CONTINUOUS
100
AcDbLine
 10
5.9600227165354331
 20
-3.6695375984251966
 30
0
 11
5.9689425196850392
 21
-3.674687440944882
 31
0
  0
LINE
  5
3C6
330
22
100
AcDbEntity
  8
F.Paste
  6
CONTINUOUS
100
AcDbLine
 10
5.9689425196850392
 20
-3.674687440944882
 30
0
 11
5.9771138582677166
 21
-3.6809574803149605
 31
0
  0
LINE
  5
3C7
330
22
100
AcDbEntity
  8
F.Paste
  6
CONTINUOUS
100
AcDbLine
 10
5.9771138582677166
 20
-3.6809574803149605
 30
0
 11
5.9843968503937006
 21
-3.688240472440945
 31
0
  0
LINE
  5
3C8
330
22
100
AcDbEntity
  8
F.Paste
  6
CONTINUOUS
100
AcDbLine
 10
5.9843968503937006
 20
-3.688240472440945
 30
0
 11
5.9906668897637791
 21
-3.6964118110236219
 31
0
  0
LINE
  5
3C9
330
22
100
AcDbEntity
  8
F.Paste
  6
CONTINUOUS
100
AcDbLine
 10
5.9906668897637791
 20
-3.6964118110236219
 30
0
 11
5.9958167322834646
 21
-3.7053316141732284
 31
0
  0
LINE
  5
3CA
330
22
100
AcDbEntity
  8
F.Paste
  6
CONTINUOUS
100
AcDbLine
 10
5.9958167322834646
 20
-3.7053316141732284
 30
0
 11
5.9997582677165351
 21
-3.7148472834645667
 31
0
  0
LINE
  5
3CB
330
22
100
AcDbEntity
  8
F.Paste
  6
CONTINUOUS
100
AcDbLine
 10
5.9997582677165351
 20
-3.7148472834645667
 30
0
 11
6.0024240551181105
 21
-3.724796023622047
 31
0
  0
LINE
  5
3CC
330
22
100
AcDbEntity
  8
F.Paste
  6
CONTINUOUS
100
AcDbLine
 10
6.0024240551181105
 20
-3.724796023622047
 30
0
 11
6.0037684251968502
 21
-3.7350076377952757
 31
0
  0
LINE
  5
3CD
330
22
100
AcDbEntity
  8
F.Paste
  6
CONTINUOUS
100
AcDbLine
 10
6.0037684251968502
 20
-3.7350076377952757
 30
0
 11
6.0037684251968502
 21
-3.7453073228346456
 31
0
  0
LINE
  5
3CE
330
22
100
AcDbEntity
  8
F.Paste
  6
CONTINUOUS
100
AcDbLine
 10
6.0037684251968502
 20
-3.7453073228346456
 30
0
 11
6.0024240551181105
 21
-3.7555189370078739
 31
0
  0
LINE
  5
3CF
330
22
100
AcDbEntity
  8
F.Paste
  6
CONTINUOUS
100
AcDbLine
 10
6.0024240551181105
 20
-3.7555189370078739
 30
0
 11
5.9997582677165351
 21
-3.7654676771653541
 31
0
  0
LINE
  5
3D0
330
22
100
AcDbEntity
  8
F.Paste
  6
CONTINUOUS
100
AcDbLine
 10
5.9997582677165351
 20
-3.7654676771653541
 30
0
 11
5.9958167322834646
 21
-3.7749833464566929
 31
0
  0
LINE
  5
3D1
330
22
100
AcDbEntity
  8
F.Paste
  6
CONTINUOUS
100
AcDbLine
 10
5.9958167322834646
 20
-3.7749833464566929
 30
0
 11
5.9906668897637791
 21
-3.7839031496062989
 31
0
  0
LINE
  5
3D2
330
22
100
AcDbEntity
  8
F.Paste
  6
CONTINUOUS
100
AcDbLine
 10
5.9906668897637791
 20
-3.7839031496062989
 30
0
 11
5.9843968503937006
 21
-3.7920744881889763
 31
0
  0
LINE
  5
3D3
330
22
100
AcDbEntity
  8
F.Paste
  6
CONTINUOUS
100
AcDbLine
 10
5.9843968503937006
 20
-3.7920744881889763
 30
0
 11
5.9771138582677166
 21
-3.7993574803149603
 31
0
  0
LINE
  5
3D4
330
22
100
AcDbEntity
  8
F.Paste
  6
CONTINUOUS
100
AcDbLine
 10
5.9771138582677166
 20
-3.7993574803149603
 30
0
 11
5.9689425196850392
 21
-3.8056275196850393
 31
0
  0
LINE
  5
3D5
330
22
100
AcDbEntity
  8
F.Paste
  6
CONTINUOUS
100
AcDbLine
 10
5.9689425196850392
 20
-3.8056275196850393
 30
0
 11
5.9600227165354331
 21
-3.8107773622047243
 31
0
  0
LINE
  5
3D6
330
22
100
AcDbEntity
  8
F.Paste
  6
CONTINUOUS
100
AcDbLine
 10
5.9600227165354331
 20
-3.8107773622047243
 30
0
 11
5.950507047244094
 21
-3.8147188976377953
 31
0
  0
LINE
  5
3D7
330
22
100
AcDbEntity
  8
F.Paste
  6
CONTINUOUS
100
AcDbLine
 10
5.950507047244094
 20
-3.8147188976377953
 30
0
 11
5.9405583070866141
 21
-3.8173846850393698
 31
0
  0
LINE
  5
3D8
330
22
100
AcDbEntity
  8
F.Paste
  6
CONTINUOUS
100
AcDbLine
 10
5.9405583070866141
 20
-3.8173846850393698
 30
0
 11
5.9303466929133855
 21
-3.8187290551181103
 31
0
  0
LINE
  5
3D9
330
22
100
AcDbEntity
  8
F.Paste
  6
CONTINUOUS
100
AcDbLine
 10
5.9303466929133855
 20
-3.8187290551181103
 30
0
 11
5.9200470078740155
 21
-3.8187290551181103
 31
0
  0
LINE
  5
3DA
330
22
100
AcDbEntity
  8
F.Paste
  6
CONTINUOUS
100
AcDbLine
 10
5.9200470078740155
 20
-3.8187290551181103
 30
0
 11
5.9098353937007877
 21
-3.8173846850393698
 31
0
  0
LINE
  5
3DB
330
22
100
AcDbEntity
  8
F.Paste
  6
CONTINUOUS
100
AcDbLine
 10
5.9098353937007877
 20
-3.8173846850393698
 30
0
 11
5.899886653543307
 21
-3.8147188976377953
 31
0
  0
LINE
  5
3DC
330
22
100
AcDbEntity
  8
F.Paste
  6
CONTINUOUS
100
AcDbLine
 10
5.899886653543307
 20
-3.8147188976377953
 30
0
 11
5.8903709842519687
 21
-3.8107773622047243
 31
0
  0
LINE
  5
3DD
330
22
100
AcDbEntity
  8
F.Paste
  6
CONTINUOUS
100
AcDbLine
 10
5.8903709842519687
 20
-3.8107773622047243
 30
0
 11
5.8814511811023618
 21
-3.8056275196850393
 31
0
  0
LINE
  5
3DE
330
22
100
AcDbEntity
  8
F.Paste
  6
CONTINUOUS
100
AcDbLine
 10
5.8814511811023618
 20
-3.8056275196850393
 30
0
 11
5.8732798425196853
 21
-3.7993574803149603
 31
0
  0
LINE
  5
3DF
330
22
100
AcDbEntity
  8
F.Paste
  6
CONTINUOUS
100
AcDbLine
 10
5.8732798425196853
 20
-3.7993574803149603
 30
0
 11
5.8659968503937003
 21
-3.7920744881889763
 31
0
  0
LINE
  5
3E0
330
22
100
AcDbEntity
  8
F.Paste
  6
CONTINUOUS
100
AcDbLine
 10
5.8659968503937003
 20
-3.7920744881889763
 30
0
 11
5.8597268110236218
 21
-3.7839031496062989
 31
0
  0
LINE
  5
3E1
330
22
100
AcDbEntity
  8
F.Paste
  6
CONTINUOUS
100
AcDbLine
 10
5.8597268110236218
 20
-3.7839031496062989
 30
0
 11
5.8545769685039373
 21
-3.7749833464566929
 31
0
  0
LINE
  5
3E2
330
22
100
AcDbEntity
  8
F.Paste
  6
CONTINUOUS
100
AcDbLine
 10
5.8545769685039373
 20
-3.7749833464566929
 30
0
 11
5.8506354330708659
 21
-3.7654676771653541
 31
0
  0
LINE
  5
3E3
330
22
100
AcDbEntity
  8
F.Paste
  6
CONTINUOUS
100
AcDbLine
 10
5.8506354330708659
 20
-3.7654676771653541
 30
0
 11
5.8479696456692913
 21
-3.7555189370078739
 31
0
  0
LINE
  5
3E4
330
22
100
AcDbEntity
  8
F.Paste
  6
CONTINUOUS
100
AcDbLine
 10
5.8479696456692913
 20
-3.7555189370078739
 30
0
 11
5.8466252755905508
 21
-3.7453073228346456
 31
0
  0
LINE
  5
3E5
330
22
100
AcDbEntity
  8
F.Paste
  6
CONTINUOUS
100
AcDbLine
 10
5.8466252755905508
 20
-3.7453073228346456
 30
0
 11
5.8466252755905508
 21
-3.7350076377952757
 31
0
  0
LINE
  5
3E6
330
22
100
AcDbEntity
  8
F.Paste
  6
CONTINUOUS
100
AcDbLine
 10
5.8466252755905508
 20
-3.7350076377952757
 30
0
 11
5.8479696456692913
 21
-3.724796023622047
 31
0
  0
LINE
  5
3E7
330
22
100
AcDbEntity
  8
F.Paste
  6
CONTINUOUS
100
AcDbLine
 10
5.8479696456692913
 20
-3.724796023622047
 30
0
 11
5.8506354330708659
 21
-3.7148472834645667
 31
0
  0
LINE
  5
3E8
330
22
100
AcDbEntity
  8
F.Paste
  6
CONTINUOUS
100
AcDbLine
 10
5.8506354330708659
 20
-3.7148472834645667
 30
0
 11
5.8545769685039373
 21
-3.7053316141732284
 31
0
  0
LINE
  5
3E9
330
22
100
AcDbEntity
  8
F.Paste
  6
CONTINUOUS
100
AcDbLine
 10
5.8545769685039373
 20
-3.7053316141732284
 30
0
 11
5.8597268110236218
 21
-3.6964118110236219
 31
0
  0
LINE
  5
3EA
330
22
100
AcDbEntity
  8
F.Paste
  6
CONTINUOUS
100
AcDbLine
 10
5.8597268110236218
 20
-3.6964118110236219
 30
0
 11
5.8659968503937003
 21
-3.688240472440945
 31
0
  0
LINE
  5
3EB
330
22
100
AcDbEntity
  8
F.Paste
  6
CONTINUOUS
100
AcDbLine
 10
5.8659968503937003
 20
-3.688240472440945
 30
0
 11
5.8732798425196853
 21
-3.6809574803149605
 31
0
  0
LINE
  5
3EC
330
22
100
AcDbEntity
  8
F.Paste
  6
CONTINUOUS
100
AcDbLine
 10
5.8732798425196853
 20
-3.6809574803149605
 30
0
 11
5.8814511811023618
 21
-3.674687440944882
 31
0
  0
LINE
  5
3ED
330
22
100
AcDbEntity
  8
F.Paste
  6
CONTINUOUS
100
AcDbLine
 10
5.8814511811023618
 20
-3.674687440944882
 30
0
 11
5.8903709842519687
 21
-3.6695375984251966
 31
0
  0
LINE
  5
3EE
330
22
100
AcDbEntity
  8
F.Paste
  6
CONTINUOUS
100
AcDbLine
 10
5.8903709842519687
 20
-3.6695375984251966
 30
0
 11
5.899886653543307
 21
-3.665596062992126
 31
0
  0
LINE
  5
3EF
330
22
100
AcDbEntity
  8
F.Paste
  6
CONTINUOUS
100
AcDbLine
 10
5.899886653543307
 20
-3.665596062992126
 30
0
 11
5.9098353937007877
 21
-3.6629302755905511
 31
0
  0
LINE
  5
3F0
330
22
100
AcDbEntity
  8
F.Paste
  6
CONTINUOUS
100
AcDbLine
 10
5.9098353937007877
 20
-3.6629302755905511
 30
0
 11
5.9200470078740155
 21
-3.661585905511811
 31
0
  0
LINE
  5
3F1
330
22
100
AcDbEntity
  8
F.Paste
  6
CONTINUOUS
100
AcDbLine
 10
5.9200470078740155
 20
-3.661585905511811
 30
0
 11
5.9303466929133855
 21
-3.661585905511811
 31
0
  0
LINE
  5
3F2
330
22
100
AcDbEntity
  8
F.Paste
  6
CONTINUOUS
100
AcDbLine
 10
5.9303466929133855
 20
-3.661585905511811
 30
0
 11
5.9405583070866141
 21
-3.6629302755905511
 31
0
  0
LINE
  5
3F3
330
22
100
AcDbEntity
  8
F.Paste
  6
CONTINUOUS
100
AcDbLine
 10
7.4563063385826771
 20
-3.6629302755905511
 30
0
 11
7.4662550787401569
 21
-3.665596062992126
 31
0
  0
LINE
  5
3F4
330
22
100
AcDbEntity
  8
F.Paste
  6
CONTINUOUS
100
AcDbLine
 10
7.4662550787401569
 20
-3.665596062992126
 30
0
 11
7.4757707480314961
 21
-3.6695375984251966
 31
0
  0
LINE
  5
3F5
330
22
100
AcDbEntity
  8
F.Paste
  6
CONTINUOUS
100
AcDbLine
 10
7.4757707480314961
 20
-3.6695375984251966
 30
0
 11
7.4846905511811022
 21
-3.674687440944882
 31
0
  0
LINE
  5
3F6
330
22
100
AcDbEntity
  8
F.Paste
  6
CONTINUOUS
100
AcDbLine
 10
7.4846905511811022
 20
-3.674687440944882
 30
0
 11
7.4928618897637795
 21
-3.6809574803149605
 31
0
  0
LINE
  5
3F7
330
22
100
AcDbEntity
  8
F.Paste
  6
CONTINUOUS
100
AcDbLine
 10
7.4928618897637795
 20
-3.6809574803149605
 30
0
 11
7.5001448818897636
 21
-3.688240472440945
 31
0
  0
LINE
  5
3F8
330
22
100
AcDbEntity
  8
F.Paste
  6
CONTINUOUS
100
AcDbLine
 10
7.5001448818897636
 20
-3.688240472440945
 30
0
 11
7.5064149212598421
 21
-3.6964118110236219
 31
0
  0
LINE
  5
3F9
330
22
100
AcDbEntity
  8
F.Paste
  6
CONTINUOUS
100
AcDbLine
 10
7.5064149212598421
 20
-3.6964118110236219
 30
0
 11
7.5115647637795275
 21
-3.7053316141732284
 31
0
  0
LINE
  5
3FA
330
22
100
AcDbEntity
  8
F.Paste
  6
CONTINUOUS
100
AcDbLine
 10
7.5115647637795275
 20
-3.7053316141732284
 30
0
 11
7.5155062992125981
 21
-3.7148472834645667
 31
0
  0
LINE
  5
3FB
330
22
100
AcDbEntity
  8
F.Paste
  6
CONTINUOUS
100
AcDbLine
 10
7.5155062992125981
 20
-3.7148472834645667
 30
0
 11
7.5181720866141735
 21
-3.724796023622047
 31
0
  0
LINE
  5
3FC
330
22
100
AcDbEntity
  8
F.Paste
  6
CONTINUOUS
100
AcDbLine
 10
7.5181720866141735
 20
-3.724796023622047
 30
0
 11
7.5195164566929131
 21
-3.7350076377952757
 31
0
  0
LINE
  5
3FD
330
22
100
AcDbEntity
  8
F.Paste
  6
CONTINUOUS
100
AcDbLine
 10
7.5195164566929131
 20
-3.7350076377952757
 30
0
 11
7.5195164566929131
 21
-3.7453073228346456
 31
0
  0
LINE
  5
3FE
330
22
100
AcDbEntity
  8
F.Paste
  6
CONTINUOUS
100
AcDbLine
 10
7.5195164566929131
 20
-3.7453073228346456
 30
0
 11
7.5181720866141735
 21
-3.7555189370078739
 31
0
  0
LINE
  5
3FF
330
22
100
AcDbEntity
  8
F.Paste
  6
CONTINUOUS
100
AcDbLine
 10
7.5181720866141735
 20
-3.7555189370078739
 30
0
 11
7.5155062992125981
 21
-3.7654676771653541
 31
0
  0
LINE
  5
400
330
22
100
AcDbEntity
  8
F.Paste
  6
CONTINUOUS
100
AcDbLine
 10
7.5155062992125981
 20
-3.7654676771653541
 30
0
 11
7.5115647637795275
 21
-3.7749833464566929
 31
0
  0
LINE
  5
401
330
22
100
AcDbEntity
  8
F.Paste
  6
CONTINUOUS
100
AcDbLine
 10
7.5115647637795275
 20
-3.7749833464566929
 30
0
 11
7.5064149212598421
 21
-3.7839031496062989
 31
0
  0
LINE
  5
402
330
22
100
AcDbEntity
  8
F.Paste
  6
CONTINUOUS
100
AcDbLine
 10
7.5064149212598421
 20
-3.7839031496062989
 30
0
 11
7.5001448818897636
 21
-3.7920744881889763
 31
0
  0
LINE
  5
403
330
22
100
AcDbEntity
  8
F.Paste
  6
CONTINUOUS
100
AcDbLine
 10
7.5001448818897636
 20
-3.7920744881889763
 30
0
 11
7.4928618897637795
 21
-3.7993574803149603
 31
0
  0
LINE
  5
404
330
22
100
AcDbEntity
  8
F.Paste
  6
CONTINUOUS
100
AcDbLine
 10
7.4928618897637795
 20
-3.7993574803149603
 30
0
 11
7.4846905511811022
 21
-3.8056275196850393
 31
0
  0
LINE
  5
405
330
22
100
AcDbEntity
  8
F.Paste
  6
CONTINUOUS
100
AcDbLine
 10
7.4846905511811022
 20
-3.8056275196850393
 30
0
 11
7.4757707480314961
 21
-3.8107773622047243
 31
0
  0
LINE
  5
406
330
22
100
AcDbEntity
  8
F.Paste
  6
CONTINUOUS
100
AcDbLine
 10
7.4757707480314961
 20
-3.8107773622047243
 30
0
 11
7.4662550787401569
 21
-3.8147188976377953
 31
0
  0
LINE
  5
407
330
22
100
AcDbEntity
  8
F.Paste
  6
CONTINUOUS
100
AcDbLine
 10
7.4662550787401569
 20
-3.8147188976377953
 30
0
 11
7.4563063385826771
 21
-3.8173846850393698
 31
0
  0
LINE
  5
408
330
22
100
AcDbEntity
  8
F.Paste
  6
CONTINUOUS
100
AcDbLine
 10
7.4563063385826771
 20
-3.8173846850393698
 30
0
 11
7.4460947244094484
 21
-3.8187290551181103
 31
0
  0
LINE
  5
409
330
22
100
AcDbEntity
  8
F.Paste
  6
CONTINUOUS
100
AcDbLine
 10
7.4460947244094484
 20
-3.8187290551181103
 30
0
 11
7.4357950393700785
 21
-3.8187290551181103
 31
0
  0
LINE
  5
40A
330
22
100
AcDbEntity
  8
F.Paste
  6
CONTINUOUS
100
AcDbLine
 10
7.4357950393700785
 20
-3.8187290551181103
 30
0
 11
7.4255834251968507
 21
-3.8173846850393698
 31
0
  0
LINE
  5
40B
330
22
100
AcDbEntity
  8
F.Paste
  6
CONTINUOUS
100
AcDbLine
 10
7.4255834251968507
 20
-3.8173846850393698
 30
0
 11
7.41563468503937
 21
-3.8147188976377953
 31
0
  0
LINE
  5
40C
330
22
100
AcDbEntity
  8
F.Paste
  6
CONTINUOUS
100
AcDbLine
 10
7.41563468503937
 20
-3.8147188976377953
 30
0
 11
7.4061190157480317
 21
-3.8107773622047243
 31
0
  0
LINE
  5
40D
330
22
100
AcDbEntity
  8
F.Paste
  6
CONTINUOUS
100
AcDbLine
 10
7.4061190157480317
 20
-3.8107773622047243
 30
0
 11
7.3971992125984247
 21
-3.8056275196850393
 31
0
  0
LINE
  5
40E
330
22
100
AcDbEntity
  8
F.Paste
  6
CONTINUOUS
100
AcDbLine
 10
7.3971992125984247
 20
-3.8056275196850393
 30
0
 11
7.3890278740157482
 21
-3.7993574803149603
 31
0
  0
LINE
  5
40F
330
22
100
AcDbEntity
  8
F.Paste
  6
CONTINUOUS
100
AcDbLine
 10
7.3890278740157482
 20
-3.7993574803149603
 30
0
 11
7.3817448818897633
 21
-3.7920744881889763
 31
0
  0
LINE
  5
410
330
22
100
AcDbEntity
  8
F.Paste
  6
CONTINUOUS
100
AcDbLine
 10
7.3817448818897633
 20
-3.7920744881889763
 30
0
 11
7.3754748425196848
 21
-3.7839031496062989
 31
0
  0
LINE
  5
411
330
22
100
AcDbEntity
  8
F.Paste
  6
CONTINUOUS
100
AcDbLine
 10
7.3754748425196848
 20
-3.7839031496062989
 30
0
 11
7.3703250000000002
 21
-3.7749833464566929
 31
0
  0
LINE
  5
412
330
22
100
AcDbEntity
  8
F.Paste
  6
CONTINUOUS
100
AcDbLine
 10
7.3703250000000002
 20
-3.7749833464566929
 30
0
 11
7.3663834645669288
 21
-3.7654676771653541
 31
0
  0
LINE
  5
413
330
22
100
AcDbEntity
  8
F.Paste
  6
CONTINUOUS
100
AcDbLine
 10
7.3663834645669288
 20
-3.7654676771653541
 30
0
 11
7.3637176771653543
 21
-3.7555189370078739
 31
0
  0
LINE
  5
414
330
22
100
AcDbEntity
  8
F.Paste
  6
CONTINUOUS
100
AcDbLine
 10
7.3637176771653543
 20
-3.7555189370078739
 30
0
 11
7.3623733070866137
 21
-3.7453073228346456
 31
0
  0
LINE
  5
415
330
22
100
AcDbEntity
  8
F.Paste
  6
CONTINUOUS
100
AcDbLine
 10
7.3623733070866137
 20
-3.7453073228346456
 30
0
 11
7.3623733070866137
 21
-3.7350076377952757
 31
0
  0
LINE
  5
416
330
22
100
AcDbEntity
  8
F.Paste
  6
CONTINUOUS
100
AcDbLine
 10
7.3623733070866137
 20
-3.7350076377952757
 30
0
 11
7.3637176771653543
 21
-3.724796023622047
 31
0
  0
LINE
  5
417
330
22
100
AcDbEntity
  8
F.Paste
  6
CONTINUOUS
100
AcDbLine
 10
7.3637176771653543
 20
-3.724796023622047
 30
0
 11
7.3663834645669288
 21
-3.7148472834645667
 31
0
  0
LINE
  5
418
330
22
100
AcDbEntity
  8
F.Paste
  6
CONTINUOUS
100
AcDbLine
 10
7.3663834645669288
 20
-3.7148472834645667
 30
0
 11
7.3703250000000002
 21
-3.7053316141732284
 31
0
  0
LINE
  5
419
330
22
100
AcDbEntity
  8
F.Paste
  6
CONTINUOUS
100
AcDbLine
 10
7.3703250000000002
 20
-3.7053316141732284
 30
0
 11
7.3754748425196848
 21
-3.6964118110236219
 31
0
  0
LINE
  5
41A
330
22
100
AcDbEntity
  8
F.Paste
  6
CONTINUOUS
100
AcDbLine
 10
7.3754748425196848
 20
-3.6964118110236219
 30
0
 11
7.3817448818897633
 21
-3.688240472440945
 31
0
  0
LINE
  5
41B
330
22
100
AcDbEntity
  8
F.Paste
  6
CONTINUOUS
100
AcDbLine
 10
7.3817448818897633
 20
-3.688240472440945
 30
0
 11
7.3890278740157482
 21
-3.6809574803149605
 31
0
  0
LINE
  5
41C
330
22
100
AcDbEntity
  8
F.Paste
  6
CONTINUOUS
100
AcDbLine
 10
7.3890278740157482
 20
-3.6809574803149605
 30
0
 11
7.3971992125984247
 21
-3.674687440944882
 31
0
  0
LINE
  5
41D
330
22
100
AcDbEntity
  8
F.Paste
  6
CONTINUOUS
100
AcDbLine
 10
7.3971992125984247
 20
-3.674687440944882
 30
0
 11
7.4061190157480317
 21
-3.6695375984251966
 31
0
  0
LINE
  5
41E
330
22
100
AcDbEntity
  8
F.Paste
  6
CONTINUOUS
100
AcDbLine
 10
7.4061190157480317
 20
-3.6695375984251966
 30
0
 11
7.41563468503937
 21
-3.665596062992126
 31
0
  0
LINE
  5
41F
330
22
100
AcDbEntity
  8
F.Paste
  6
CONTINUOUS
100
AcDbLine
 10
7.41563468503937
 20
-3.665596062992126
 30
0
 11
7.4255834251968507
 21
-3.6629302755905511
 31
0
  0
LINE
  5
420
330
22
100
AcDbEntity
  8
F.Paste
  6
CONTINUOUS
100
AcDbLine
 10
7.4255834251968507
 20
-3.6629302755905511
 30
0
 11
7.4357950393700785
 21
-3.661585905511811
 31
0
  0
LINE
  5
421
330
22
100
AcDbEntity
  8
F.Paste
  6
CONTINUOUS
100
AcDbLine
 10
7.4357950393700785
 20
-3.661585905511811
 30
0
 11
7.4460947244094484
 21
-3.661585905511811
 31
0
  0
LINE
  5
422
330
22
100
AcDbEntity
  8
F.Paste
  6
CONTINUOUS
100
AcDbLine
 10
7.4460947244094484
 20
-3.661585905511811
 30
0
 11
7.4563063385826771
 21
-3.6629302755905511
 31
0
  0
LINE
  5
423
330
22
100
AcDbEntity
  8
F.Paste
  6
CONTINUOUS
100
AcDbLine
 10
6.4951473228346455
 20
-3.7097087007874014
 30
0
 11
6.501208149606299
 21
-3.7122191732283465
 31
0
  0
LINE
  5
424
330
22
100
AcDbEntity
  8
F.Paste
  6
CONTINUOUS
100
AcDbLine
 10
6.501208149606299
 20
-3.7122191732283465
 30
0
 11
6.5066627559055119
 21
-3.7158638188976378
 31
0
  0
LINE
  5
425
330
22
100
AcDbEntity
  8
F.Paste
  6
CONTINUOUS
100
AcDbLine
 10
6.5066627559055119
 20
-3.7158638188976378
 30
0
 11
6.5113015354330708
 21
-3.7205025984251967
 31
0
  0
LINE
  5
426
330
22
100
AcDbEntity
  8
F.Paste
  6
CONTINUOUS
100
AcDbLine
 10
6.5113015354330708
 20
-3.7205025984251967
 30
0
 11
6.5149461811023617
 21
-3.7259572047244092
 31
0
  0
LINE
  5
427
330
22
100
AcDbEntity
  8
F.Paste
  6
CONTINUOUS
100
AcDbLine
 10
6.5149461811023617
 20
-3.7259572047244092
 30
0
 11
6.5174566535433067
 21
-3.7320180314960627
 31
0
  0
LINE
  5
428
330
22
100
AcDbEntity
  8
F.Paste
  6
CONTINUOUS
100
AcDbLine
 10
6.5174566535433067
 20
-3.7320180314960627
 30
0
 11
6.5187364960629921
 21
-3.7384521653543308
 31
0
  0
LINE
  5
429
330
22
100
AcDbEntity
  8
F.Paste
  6
CONTINUOUS
100
AcDbLine
 10
6.5187364960629921
 20
-3.7384521653543308
 30
0
 11
6.5187364960629921
 21
-3.7450124015748032
 31
0
  0
LINE
  5
42A
330
22
100
AcDbEntity
  8
F.Paste
  6
CONTINUOUS
100
AcDbLine
 10
6.5187364960629921
 20
-3.7450124015748032
 30
0
 11
6.5174566535433067
 21
-3.7514465354330708
 31
0
  0
LINE
  5
42B
330
22
100
AcDbEntity
  8
F.Paste
  6
CONTINUOUS
100
AcDbLine
 10
6.5174566535433067
 20
-3.7514465354330708
 30
0
 11
6.5149461811023617
 21
-3.7575073622047244
 31
0
  0
LINE
  5
42C
330
22
100
AcDbEntity
  8
F.Paste
  6
CONTINUOUS
100
AcDbLine
 10
6.5149461811023617
 20
-3.7575073622047244
 30
0
 11
6.5113015354330708
 21
-3.7629619685039368
 31
0
  0
LINE
  5
42D
330
22
100
AcDbEntity
  8
F.Paste
  6
CONTINUOUS
100
AcDbLine
 10
6.5113015354330708
 20
-3.7629619685039368
 30
0
 11
6.5066627559055119
 21
-3.7676007480314961
 31
0
  0
LINE
  5
42E
330
22
100
AcDbEntity
  8
F.Paste
  6
CONTINUOUS
100
AcDbLine
 10
6.5066627559055119
 20
-3.7676007480314961
 30
0
 11
6.501208149606299
 21
-3.7712453937007875
 31
0
  0
LINE
  5
42F
330
22
100
AcDbEntity
  8
F.Paste
  6
CONTINUOUS
100
AcDbLine
 10
6.501208149606299
 20
-3.7712453937007875
 30
0
 11
6.4951473228346455
 21
-3.7737558661417321
 31
0
  0
LINE
  5
430
330
22
100
AcDbEntity
  8
F.Paste
  6
CONTINUOUS
100
AcDbLine
 10
6.4951473228346455
 20
-3.7737558661417321
 30
0
 11
6.4887131889763774
 21
-3.775035708661417
 31
0
  0
LINE
  5
431
330
22
100
AcDbEntity
  8
F.Paste
  6
CONTINUOUS
100
AcDbLine
 10
6.4887131889763774
 20
-3.775035708661417
 30
0
 11
6.4821529527559054
 21
-3.775035708661417
 31
0
  0
LINE
  5
432
330
22
100
AcDbEntity
  8
F.Paste
  6
CONTINUOUS
100
AcDbLine
 10
6.4821529527559054
 20
-3.775035708661417
 30
0
 11
6.4757188188976373
 21
-3.7737558661417321
 31
0
  0
LINE
  5
433
330
22
100
AcDbEntity
  8
F.Paste
  6
CONTINUOUS
100
AcDbLine
 10
6.4757188188976373
 20
-3.7737558661417321
 30
0
 11
6.4696579921259838
 21
-3.7712453937007875
 31
0
  0
LINE
  5
434
330
22
100
AcDbEntity
  8
F.Paste
  6
CONTINUOUS
100
AcDbLine
 10
6.4696579921259838
 20
-3.7712453937007875
 30
0
 11
6.4642033858267718
 21
-3.7676007480314961
 31
0
  0
LINE
  5
435
330
22
100
AcDbEntity
  8
F.Paste
  6
CONTINUOUS
100
AcDbLine
 10
6.4642033858267718
 20
-3.7676007480314961
 30
0
 11
6.459564606299212
 21
-3.7629619685039368
 31
0
  0
LINE
  5
436
330
22
100
AcDbEntity
  8
F.Paste
  6
CONTINUOUS
100
AcDbLine
 10
6.459564606299212
 20
-3.7629619685039368
 30
0
 11
6.4559199606299211
 21
-3.7575073622047244
 31
0
  0
LINE
  5
437
330
22
100
AcDbEntity
  8
F.Paste
  6
CONTINUOUS
100
AcDbLine
 10
6.4559199606299211
 20
-3.7575073622047244
 30
0
 11
6.4534094881889761
 21
-3.7514465354330708
 31
0
  0
LINE
  5
438
330
22
100
AcDbEntity
  8
F.Paste
  6
CONTINUOUS
100
AcDbLine
 10
6.4534094881889761
 20
-3.7514465354330708
 30
0
 11
6.4521296456692916
 21
-3.7450124015748032
 31
0
  0
LINE
  5
439
330
22
100
AcDbEntity
  8
F.Paste
  6
CONTINUOUS
100
AcDbLine
 10
6.4521296456692916
 20
-3.7450124015748032
 30
0
 11
6.4521296456692916
 21
-3.7384521653543308
 31
0
  0
LINE
  5
43A
330
22
100
AcDbEntity
  8
F.Paste
  6
CONTINUOUS
100
AcDbLine
 10
6.4521296456692916
 20
-3.7384521653543308
 30
0
 11
6.4534094881889761
 21
-3.7320180314960627
 31
0
  0
LINE
  5
43B
330
22
100
AcDbEntity
  8
F.Paste
  6
CONTINUOUS
100
AcDbLine
 10
6.4534094881889761
 20
-3.7320180314960627
 30
0
 11
6.4559199606299211
 21
-3.7259572047244092
 31
0
  0
LINE
  5
43C
330
22
100
AcDbEntity
  8
F.Paste
  6
CONTINUOUS
100
AcDbLine
 10
6.4559199606299211
 20
-3.7259572047244092
 30
0
 11
6.459564606299212
 21
-3.7205025984251967
 31
0
  0
LINE
  5
43D
330
22
100
AcDbEntity
  8
F.Paste
  6
CONTINUOUS
100
AcDbLine
 10
6.459564606299212
 20
-3.7205025984251967
 30
0
 11
6.4642033858267718
 21
-3.7158638188976378
 31
0
  0
LINE
  5
43E
330
22
100
AcDbEntity
  8
F.Paste
  6
CONTINUOUS
100
AcDbLine
 10
6.4642033858267718
 20
-3.7158638188976378
 30
0
 11
6.4696579921259838
 21
-3.7122191732283465
 31
0
  0
LINE
  5
43F
330
22
100
AcDbEntity
  8
F.Paste
  6
CONTINUOUS
100
AcDbLine
 10
6.4696579921259838
 20
-3.7122191732283465
 30
0
 11
6.4757188188976373
 21
-3.7097087007874014
 31
0
  0
LINE
  5
440
330
22
100
AcDbEntity
  8
F.Paste
  6
CONTINUOUS
100
AcDbLine
 10
6.4757188188976373
 20
-3.7097087007874014
 30
0
 11
6.4821529527559054
 21
-3.7084288582677165
 31
0
  0
LINE
  5
441
330
22
100
AcDbEntity
  8
F.Paste
  6
CONTINUOUS
100
AcDbLine
 10
6.4821529527559054
 20
-3.7084288582677165
 30
0
 11
6.4887131889763774
 21
-3.7084288582677165
 31
0
  0
LINE
  5
442
330
22
100
AcDbEntity
  8
F.Paste
  6
CONTINUOUS
100
AcDbLine
 10
6.4887131889763774
 20
-3.7084288582677165
 30
0
 11
6.4951473228346455
 21
-3.7097087007874014
 31
0
  0
LINE
  5
443
330
22
100
AcDbEntity
  8
F.Paste
  6
CONTINUOUS
100
AcDbLine
 10
6.8951473228346458
 20
-3.7097087007874014
 30
0
 11
6.9012081496062994
 21
-3.7122191732283465
 31
0
  0
LINE
  5
444
330
22
100
AcDbEntity
  8
F.Paste
  6
CONTINUOUS
100
AcDbLine
 10
6.9012081496062994
 20
-3.7122191732283465
 30
0
 11
6.9066627559055114
 21
-3.7158638188976378
 31
0
  0
LINE
  5
445
330
22
100
AcDbEntity
  8
F.Paste
  6
CONTINUOUS
100
AcDbLine
 10
6.9066627559055114
 20
-3.7158638188976378
 30
0
 11
6.9113015354330711
 21
-3.7205025984251967
 31
0
  0
LINE
  5
446
330
22
100
AcDbEntity
  8
F.Paste
  6
CONTINUOUS
100
AcDbLine
 10
6.9113015354330711
 20
-3.7205025984251967
 30
0
 11
6.914946181102362
 21
-3.7259572047244092
 31
0
  0
LINE
  5
447
330
22
100
AcDbEntity
  8
F.Paste
  6
CONTINUOUS
100
AcDbLine
 10
6.914946181102362
 20
-3.7259572047244092
 30
0
 11
6.9174566535433071
 21
-3.7320180314960627
 31
0
  0
LINE
  5
448
330
22
100
AcDbEntity
  8
F.Paste
  6
CONTINUOUS
100
AcDbLine
 10
6.9174566535433071
 20
-3.7320180314960627
 30
0
 11
6.9187364960629916
 21
-3.7384521653543308
 31
0
  0
LINE
  5
449
330
22
100
AcDbEntity
  8
F.Paste
  6
CONTINUOUS
100
AcDbLine
 10
6.9187364960629916
 20
-3.7384521653543308
 30
0
 11
6.9187364960629916
 21
-3.7450124015748032
 31
0
  0
LINE
  5
44A
330
22
100
AcDbEntity
  8
F.Paste
  6
CONTINUOUS
100
AcDbLine
 10
6.9187364960629916
 20
-3.7450124015748032
 30
0
 11
6.9174566535433071
 21
-3.7514465354330708
 31
0
  0
LINE
  5
44B
330
22
100
AcDbEntity
  8
F.Paste
  6
CONTINUOUS
100
AcDbLine
 10
6.9174566535433071
 20
-3.7514465354330708
 30
0
 11
6.914946181102362
 21
-3.7575073622047244
 31
0
  0
LINE
  5
44C
330
22
100
AcDbEntity
  8
F.Paste
  6
CONTINUOUS
100
AcDbLine
 10
6.914946181102362
 20
-3.7575073622047244
 30
0
 11
6.9113015354330711
 21
-3.7629619685039368
 31
0
  0
LINE
  5
44D
330
22
100
AcDbEntity
  8
F.Paste
  6
CONTINUOUS
100
AcDbLine
 10
6.9113015354330711
 20
-3.7629619685039368
 30
0
 11
6.9066627559055114
 21
-3.7676007480314961
 31
0
  0
LINE
  5
44E
330
22
100
AcDbEntity
  8
F.Paste
  6
CONTINUOUS
100
AcDbLine
 10
6.9066627559055114
 20
-3.7676007480314961
 30
0
 11
6.9012081496062994
 21
-3.7712453937007875
 31
0
  0
LINE
  5
44F
330
22
100
AcDbEntity
  8
F.Paste
  6
CONTINUOUS
100
AcDbLine
 10
6.9012081496062994
 20
-3.7712453937007875
 30
0
 11
6.8951473228346458
 21
-3.7737558661417321
 31
0
  0
LINE
  5
450
330
22
100
AcDbEntity
  8
F.Paste
  6
CONTINUOUS
100
AcDbLine
 10
6.8951473228346458
 20
-3.7737558661417321
 30
0
 11
6.8887131889763777
 21
-3.775035708661417
 31
0
  0
LINE
  5
451
330
22
100
AcDbEntity
  8
F.Paste
  6
CONTINUOUS
100
AcDbLine
 10
6.8887131889763777
 20
-3.775035708661417
 30
0
 11
6.8821529527559058
 21
-3.775035708661417
 31
0
  0
LINE
  5
452
330
22
100
AcDbEntity
  8
F.Paste
  6
CONTINUOUS
100
AcDbLine
 10
6.8821529527559058
 20
-3.775035708661417
 30
0
 11
6.8757188188976377
 21
-3.7737558661417321
 31
0
  0
LINE
  5
453
330
22
100
AcDbEntity
  8
F.Paste
  6
CONTINUOUS
100
AcDbLine
 10
6.8757188188976377
 20
-3.7737558661417321
 30
0
 11
6.8696579921259842
 21
-3.7712453937007875
 31
0
  0
LINE
  5
454
330
22
100
AcDbEntity
  8
F.Paste
  6
CONTINUOUS
100
AcDbLine
 10
6.8696579921259842
 20
-3.7712453937007875
 30
0
 11
6.8642033858267713
 21
-3.7676007480314961
 31
0
  0
LINE
  5
455
330
22
100
AcDbEntity
  8
F.Paste
  6
CONTINUOUS
100
AcDbLine
 10
6.8642033858267713
 20
-3.7676007480314961
 30
0
 11
6.8595646062992124
 21
-3.7629619685039368
 31
0
  0
LINE
  5
456
330
22
100
AcDbEntity
  8
F.Paste
  6
CONTINUOUS
100
AcDbLine
 10
6.8595646062992124
 20
-3.7629619685039368
 30
0
 11
6.8559199606299215
 21
-3.7575073622047244
 31
0
  0
LINE
  5
457
330
22
100
AcDbEntity
  8
F.Paste
  6
CONTINUOUS
100
AcDbLine
 10
6.8559199606299215
 20
-3.7575073622047244
 30
0
 11
6.8534094881889764
 21
-3.7514465354330708
 31
0
  0
LINE
  5
458
330
22
100
AcDbEntity
  8
F.Paste
  6
CONTINUOUS
100
AcDbLine
 10
6.8534094881889764
 20
-3.7514465354330708
 30
0
 11
6.8521296456692911
 21
-3.7450124015748032
 31
0
  0
LINE
  5
459
330
22
100
AcDbEntity
  8
F.Paste
  6
CONTINUOUS
100
AcDbLine
 10
6.8521296456692911
 20
-3.7450124015748032
 30
0
 11
6.8521296456692911
 21
-3.7384521653543308
 31
0
  0
LINE
  5
45A
330
22
100
AcDbEntity
  8
F.Paste
  6
CONTINUOUS
100
AcDbLine
 10
6.8521296456692911
 20
-3.7384521653543308
 30
0
 11
6.8534094881889764
 21
-3.7320180314960627
 31
0
  0
LINE
  5
45B
330
22
100
AcDbEntity
  8
F.Paste
  6
CONTINUOUS
100
AcDbLine
 10
6.8534094881889764
 20
-3.7320180314960627
 30
0
 11
6.8559199606299215
 21
-3.7259572047244092
 31
0
  0
LINE
  5
45C
330
22
100
AcDbEntity
  8
F.Paste
  6
CONTINUOUS
100
AcDbLine
 10
6.8559199606299215
 20
-3.7259572047244092
 30
0
 11
6.8595646062992124
 21
-3.7205025984251967
 31
0
  0
LINE
  5
45D
330
22
100
AcDbEntity
  8
F.Paste
  6
CONTINUOUS
100
AcDbLine
 10
6.8595646062992124
 20
-3.7205025984251967
 30
0
 11
6.8642033858267713
 21
-3.7158638188976378
 31
0
  0
LINE
  5
45E
330
22
100
AcDbEntity
  8
F.Paste
  6
CONTINUOUS
100
AcDbLine
 10
6.8642033858267713
 20
-3.7158638188976378
 30
0
 11
6.8696579921259842
 21
-3.7122191732283465
 31
0
  0
LINE
  5
45F
330
22
100
AcDbEntity
  8
F.Paste
  6
CONTINUOUS
100
AcDbLine
 10
6.8696579921259842
 20
-3.7122191732283465
 30
0
 11
6.8757188188976377
 21
-3.7097087007874014
 31
0
  0
LINE
  5
460
330
22
100
AcDbEntity
  8
F.Paste
  6
CONTINUOUS
100
AcDbLine
 10
6.8757188188976377
 20
-3.7097087007874014
 30
0
 11
6.8821529527559058
 21
-3.7084288582677165
 31
0
  0
LINE
  5
461
330
22
100
AcDbEntity
  8
F.Paste
  6
CONTINUOUS
100
AcDbLine
 10
6.8821529527559058
 20
-3.7084288582677165
 30
0
 11
6.8887131889763777
 21
-3.7084288582677165
 31
0
  0
LINE
  5
462
330
22
100
AcDbEntity
  8
F.Paste
  6
CONTINUOUS
100
AcDbLine
 10
6.8887131889763777
 20
-3.7084288582677165
 30
0
 11
6.8951473228346458
 21
-3.7097087007874014
 31
0
  0
LINE
  5
463
330
22
100
AcDbEntity
  8
F.Paste
  6
CONTINUOUS
100
AcDbLine
 10
5.7349111023622044
 20
-3.7081338976377953
 30
0
 11
5.7409719291338579
 21
-3.7106443700787399
 31
0
  0
LINE
  5
464
330
22
100
AcDbEntity
  8
F.Paste
  6
CONTINUOUS
100
AcDbLine
 10
5.7409719291338579
 20
-3.7106443700787399
 30
0
 11
5.7464265354330708
 21
-3.7142890157480313
 31
0
  0
LINE
  5
465
330
22
100
AcDbEntity
  8
F.Paste
  6
CONTINUOUS
100
AcDbLine
 10
5.7464265354330708
 20
-3.7142890157480313
 30
0
 11
5.7510653149606297
 21
-3.7189277952755906
 31
0
  0
LINE
  5
466
330
22
100
AcDbEntity
  8
F.Paste
  6
CONTINUOUS
100
AcDbLine
 10
5.7510653149606297
 20
-3.7189277952755906
 30
0
 11
5.7547099606299215
 21
-3.724382401574803
 31
0
  0
LINE
  5
467
330
22
100
AcDbEntity
  8
F.Paste
  6
CONTINUOUS
100
AcDbLine
 10
5.7547099606299215
 20
-3.724382401574803
 30
0
 11
5.7572204330708656
 21
-3.7304432283464566
 31
0
  0
LINE
  5
468
330
22
100
AcDbEntity
  8
F.Paste
  6
CONTINUOUS
100
AcDbLine
 10
5.7572204330708656
 20
-3.7304432283464566
 30
0
 11
5.758500275590551
 21
-3.7368773622047242
 31
0
  0
LINE
  5
469
330
22
100
AcDbEntity
  8
F.Paste
  6
CONTINUOUS
100
AcDbLine
 10
5.758500275590551
 20
-3.7368773622047242
 30
0
 11
5.758500275590551
 21
-3.7434375984251966
 31
0
  0
LINE
  5
46A
330
22
100
AcDbEntity
  8
F.Paste
  6
CONTINUOUS
100
AcDbLine
 10
5.758500275590551
 20
-3.7434375984251966
 30
0
 11
5.7572204330708656
 21
-3.7498717322834643
 31
0
  0
LINE
  5
46B
330
22
100
AcDbEntity
  8
F.Paste
  6
CONTINUOUS
100
AcDbLine
 10
5.7572204330708656
 20
-3.7498717322834643
 30
0
 11
5.7547099606299215
 21
-3.7559325590551178
 31
0
  0
LINE
  5
46C
330
22
100
AcDbEntity
  8
F.Paste
  6
CONTINUOUS
100
AcDbLine
 10
5.7547099606299215
 20
-3.7559325590551178
 30
0
 11
5.7510653149606297
 21
-3.7613871653543307
 31
0
  0
LINE
  5
46D
330
22
100
AcDbEntity
  8
F.Paste
  6
CONTINUOUS
100
AcDbLine
 10
5.7510653149606297
 20
-3.7613871653543307
 30
0
 11
5.7464265354330708
 21
-3.7660259448818896
 31
0
  0
LINE
  5
46E
330
22
100
AcDbEntity
  8
F.Paste
  6
CONTINUOUS
100
AcDbLine
 10
5.7464265354330708
 20
-3.7660259448818896
 30
0
 11
5.7409719291338579
 21
-3.7696705905511809
 31
0
  0
LINE
  5
46F
330
22
100
AcDbEntity
  8
F.Paste
  6
CONTINUOUS
100
AcDbLine
 10
5.7409719291338579
 20
-3.7696705905511809
 30
0
 11
5.7349111023622044
 21
-3.772181062992126
 31
0
  0
LINE
  5
470
330
22
100
AcDbEntity
  8
F.Paste
  6
CONTINUOUS
100
AcDbLine
 10
5.7349111023622044
 20
-3.772181062992126
 30
0
 11
5.7284769685039372
 21
-3.7734609055118109
 31
0
  0
LINE
  5
471
330
22
100
AcDbEntity
  8
F.Paste
  6
CONTINUOUS
100
AcDbLine
 10
5.7284769685039372
 20
-3.7734609055118109
 30
0
 11
5.7219167322834643
 21
-3.7734609055118109
 31
0
  0
LINE
  5
472
330
22
100
AcDbEntity
  8
F.Paste
  6
CONTINUOUS
100
AcDbLine
 10
5.7219167322834643
 20
-3.7734609055118109
 30
0
 11
5.7154825984251971
 21
-3.772181062992126
 31
0
  0
LINE
  5
473
330
22
100
AcDbEntity
  8
F.Paste
  6
CONTINUOUS
100
AcDbLine
 10
5.7154825984251971
 20
-3.772181062992126
 30
0
 11
5.7094217716535436
 21
-3.7696705905511809
 31
0
  0
LINE
  5
474
330
22
100
AcDbEntity
  8
F.Paste
  6
CONTINUOUS
100
AcDbLine
 10
5.7094217716535436
 20
-3.7696705905511809
 30
0
 11
5.7039671653543307
 21
-3.7660259448818896
 31
0
  0
LINE
  5
475
330
22
100
AcDbEntity
  8
F.Paste
  6
CONTINUOUS
100
AcDbLine
 10
5.7039671653543307
 20
-3.7660259448818896
 30
0
 11
5.6993283858267718
 21
-3.7613871653543307
 31
0
  0
LINE
  5
476
330
22
100
AcDbEntity
  8
F.Paste
  6
CONTINUOUS
100
AcDbLine
 10
5.6993283858267718
 20
-3.7613871653543307
 30
0
 11
5.69568374015748
 21
-3.7559325590551178
 31
0
  0
LINE
  5
477
330
22
100
AcDbEntity
  8
F.Paste
  6
CONTINUOUS
100
AcDbLine
 10
5.69568374015748
 20
-3.7559325590551178
 30
0
 11
5.693173267716535
 21
-3.7498717322834643
 31
0
  0
LINE
  5
478
330
22
100
AcDbEntity
  8
F.Paste
  6
CONTINUOUS
100
AcDbLine
 10
5.693173267716535
 20
-3.7498717322834643
 30
0
 11
5.6918934251968505
 21
-3.7434375984251966
 31
0
  0
LINE
  5
479
330
22
100
AcDbEntity
  8
F.Paste
  6
CONTINUOUS
100
AcDbLine
 10
5.6918934251968505
 20
-3.7434375984251966
 30
0
 11
5.6918934251968505
 21
-3.7368773622047242
 31
0
  0
LINE
  5
47A
330
22
100
AcDbEntity
  8
F.Paste
  6
CONTINUOUS
100
AcDbLine
 10
5.6918934251968505
 20
-3.7368773622047242
 30
0
 11
5.693173267716535
 21
-3.7304432283464566
 31
0
  0
LINE
  5
47B
330
22
100
AcDbEntity
  8
F.Paste
  6
CONTINUOUS
100
AcDbLine
 10
5.693173267716535
 20
-3.7304432283464566
 30
0
 11
5.69568374015748
 21
-3.724382401574803
 31
0
  0
LINE
  5
47C
330
22
100
AcDbEntity
  8
F.Paste
  6
CONTINUOUS
100
AcDbLine
 10
5.69568374015748
 20
-3.724382401574803
 30
0
 11
5.6993283858267718
 21
-3.7189277952755906
 31
0
  0
LINE
  5
47D
330
22
100
AcDbEntity
  8
F.Paste
  6
CONTINUOUS
100
AcDbLine
 10
5.6993283858267718
 20
-3.7189277952755906
 30
0
 11
5.7039671653543307
 21
-3.7142890157480313
 31
0
  0
LINE
  5
47E
330
22
100
AcDbEntity
  8
F.Paste
  6
CONTINUOUS
100
AcDbLine
 10
5.7039671653543307
 20
-3.7142890157480313
 30
0
 11
5.7094217716535436
 21
-3.7106443700787399
 31
0
  0
LINE
  5
47F
330
22
100
AcDbEntity
  8
F.Paste
  6
CONTINUOUS
100
AcDbLine
 10
5.7094217716535436
 20
-3.7106443700787399
 30
0
 11
5.7154825984251971
 21
-3.7081338976377953
 31
0
  0
LINE
  5
480
330
22
100
AcDbEntity
  8
F.Paste
  6
CONTINUOUS
100
AcDbLine
 10
5.7154825984251971
 20
-3.7081338976377953
 30
0
 11
5.7219167322834643
 21
-3.7068540551181099
 31
0
  0
LINE
  5
481
330
22
100
AcDbEntity
  8
F.Paste
  6
CONTINUOUS
100
AcDbLine
 10
5.7219167322834643
 20
-3.7068540551181099
 30
0
 11
5.7284769685039372
 21
-3.7068540551181099
 31
0
  0
LINE
  5
482
330
22
100
AcDbEntity
  8
F.Paste
  6
CONTINUOUS
100
AcDbLine
 10
5.7284769685039372
 20
-3.7068540551181099
 30
0
 11
5.7349111023622044
 21
-3.7081338976377953
 31
0
  0
LINE
  5
483
330
22
100
AcDbEntity
  8
F.Paste
  6
CONTINUOUS
100
AcDbLine
 10
6.1349111023622047
 20
-3.7081338976377953
 30
0
 11
6.1409719291338583
 21
-3.7106443700787399
 31
0
  0
LINE
  5
484
330
22
100
AcDbEntity
  8
F.Paste
  6
CONTINUOUS
100
AcDbLine
 10
6.1409719291338583
 20
-3.7106443700787399
 30
0
 11
6.1464265354330712
 21
-3.7142890157480313
 31
0
  0
LINE
  5
485
330
22
100
AcDbEntity
  8
F.Paste
  6
CONTINUOUS
100
AcDbLine
 10
6.1464265354330712
 20
-3.7142890157480313
 30
0
 11
6.15106531496063
 21
-3.7189277952755906
 31
0
  0
LINE
  5
486
330
22
100
AcDbEntity
  8
F.Paste
  6
CONTINUOUS
100
AcDbLine
 10
6.15106531496063
 20
-3.7189277952755906
 30
0
 11
6.1547099606299209
 21
-3.724382401574803
 31
0
  0
LINE
  5
487
330
22
100
AcDbEntity
  8
F.Paste
  6
CONTINUOUS
100
AcDbLine
 10
6.1547099606299209
 20
-3.724382401574803
 30
0
 11
6.157220433070866
 21
-3.7304432283464566
 31
0
  0
LINE
  5
488
330
22
100
AcDbEntity
  8
F.Paste
  6
CONTINUOUS
100
AcDbLine
 10
6.157220433070866
 20
-3.7304432283464566
 30
0
 11
6.1585002755905514
 21
-3.7368773622047242
 31
0
  0
LINE
  5
489
330
22
100
AcDbEntity
  8
F.Paste
  6
CONTINUOUS
100
AcDbLine
 10
6.1585002755905514
 20
-3.7368773622047242
 30
0
 11
6.1585002755905514
 21
-3.7434375984251966
 31
0
  0
LINE
  5
48A
330
22
100
AcDbEntity
  8
F.Paste
  6
CONTINUOUS
100
AcDbLine
 10
6.1585002755905514
 20
-3.7434375984251966
 30
0
 11
6.157220433070866
 21
-3.7498717322834643
 31
0
  0
LINE
  5
48B
330
22
100
AcDbEntity
  8
F.Paste
  6
CONTINUOUS
100
AcDbLine
 10
6.157220433070866
 20
-3.7498717322834643
 30
0
 11
6.1547099606299209
 21
-3.7559325590551178
 31
0
  0
LINE
  5
48C
330
22
100
AcDbEntity
  8
F.Paste
  6
CONTINUOUS
100
AcDbLine
 10
6.1547099606299209
 20
-3.7559325590551178
 30
0
 11
6.15106531496063
 21
-3.7613871653543307
 31
0
  0
LINE
  5
48D
330
22
100
AcDbEntity
  8
F.Paste
  6
CONTINUOUS
100
AcDbLine
 10
6.15106531496063
 20
-3.7613871653543307
 30
0
 11
6.1464265354330712
 21
-3.7660259448818896
 31
0
  0
LINE
  5
48E
330
22
100
AcDbEntity
  8
F.Paste
  6
CONTINUOUS
100
AcDbLine
 10
6.1464265354330712
 20
-3.7660259448818896
 30
0
 11
6.1409719291338583
 21
-3.7696705905511809
 31
0
  0
LINE
  5
48F
330
22
100
AcDbEntity
  8
F.Paste
  6
CONTINUOUS
100
AcDbLine
 10
6.1409719291338583
 20
-3.7696705905511809
 30
0
 11
6.1349111023622047
 21
-3.772181062992126
 31
0
  0
LINE
  5
490
330
22
100
AcDbEntity
  8
F.Paste
  6
CONTINUOUS
100
AcDbLine
 10
6.1349111023622047
 20
-3.772181062992126
 30
0
 11
6.1284769685039366
 21
-3.7734609055118109
 31
0
  0
LINE
  5
491
330
22
100
AcDbEntity
  8
F.Paste
  6
CONTINUOUS
100
AcDbLine
 10
6.1284769685039366
 20
-3.7734609055118109
 30
0
 11
6.1219167322834647
 21
-3.7734609055118109
 31
0
  0
LINE
  5
492
330
22
100
AcDbEntity
  8
F.Paste
  6
CONTINUOUS
100
AcDbLine
 10
6.1219167322834647
 20
-3.7734609055118109
 30
0
 11
6.1154825984251966
 21
-3.772181062992126
 31
0
  0
LINE
  5
493
330
22
100
AcDbEntity
  8
F.Paste
  6
CONTINUOUS
100
AcDbLine
 10
6.1154825984251966
 20
-3.772181062992126
 30
0
 11
6.1094217716535431
 21
-3.7696705905511809
 31
0
  0
LINE
  5
494
330
22
100
AcDbEntity
  8
F.Paste
  6
CONTINUOUS
100
AcDbLine
 10
6.1094217716535431
 20
-3.7696705905511809
 30
0
 11
6.1039671653543301
 21
-3.7660259448818896
 31
0
  0
LINE
  5
495
330
22
100
AcDbEntity
  8
F.Paste
  6
CONTINUOUS
100
AcDbLine
 10
6.1039671653543301
 20
-3.7660259448818896
 30
0
 11
6.0993283858267713
 21
-3.7613871653543307
 31
0
  0
LINE
  5
496
330
22
100
AcDbEntity
  8
F.Paste
  6
CONTINUOUS
100
AcDbLine
 10
6.0993283858267713
 20
-3.7613871653543307
 30
0
 11
6.0956837401574804
 21
-3.7559325590551178
 31
0
  0
LINE
  5
497
330
22
100
AcDbEntity
  8
F.Paste
  6
CONTINUOUS
100
AcDbLine
 10
6.0956837401574804
 20
-3.7559325590551178
 30
0
 11
6.0931732677165353
 21
-3.7498717322834643
 31
0
  0
LINE
  5
498
330
22
100
AcDbEntity
  8
F.Paste
  6
CONTINUOUS
100
AcDbLine
 10
6.0931732677165353
 20
-3.7498717322834643
 30
0
 11
6.09189342519685
 21
-3.7434375984251966
 31
0
  0
LINE
  5
499
330
22
100
AcDbEntity
  8
F.Paste
  6
CONTINUOUS
100
AcDbLine
 10
6.09189342519685
 20
-3.7434375984251966
 30
0
 11
6.09189342519685
 21
-3.7368773622047242
 31
0
  0
LINE
  5
49A
330
22
100
AcDbEntity
  8
F.Paste
  6
CONTINUOUS
100
AcDbLine
 10
6.09189342519685
 20
-3.7368773622047242
 30
0
 11
6.0931732677165353
 21
-3.7304432283464566
 31
0
  0
LINE
  5
49B
330
22
100
AcDbEntity
  8
F.Paste
  6
CONTINUOUS
100
AcDbLine
 10
6.0931732677165353
 20
-3.7304432283464566
 30
0
 11
6.0956837401574804
 21
-3.724382401574803
 31
0
  0
LINE
  5
49C
330
22
100
AcDbEntity
  8
F.Paste
  6
CONTINUOUS
100
AcDbLine
 10
6.0956837401574804
 20
-3.724382401574803
 30
0
 11
6.0993283858267713
 21
-3.7189277952755906
 31
0
  0
LINE
  5
49D
330
22
100
AcDbEntity
  8
F.Paste
  6
CONTINUOUS
100
AcDbLine
 10
6.0993283858267713
 20
-3.7189277952755906
 30
0
 11
6.1039671653543301
 21
-3.7142890157480313
 31
0
  0
LINE
  5
49E
330
22
100
AcDbEntity
  8
F.Paste
  6
CONTINUOUS
100
AcDbLine
 10
6.1039671653543301
 20
-3.7142890157480313
 30
0
 11
6.1094217716535431
 21
-3.7106443700787399
 31
0
  0
LINE
  5
49F
330
22
100
AcDbEntity
  8
F.Paste
  6
CONTINUOUS
100
AcDbLine
 10
6.1094217716535431
 20
-3.7106443700787399
 30
0
 11
6.1154825984251966
 21
-3.7081338976377953
 31
0
  0
LINE
  5
4A0
330
22
100
AcDbEntity
  8
F.Paste
  6
CONTINUOUS
100
AcDbLine
 10
6.1154825984251966
 20
-3.7081338976377953
 30
0
 11
6.1219167322834647
 21
-3.7068540551181099
 31
0
  0
LINE
  5
4A1
330
22
100
AcDbEntity
  8
F.Paste
  6
CONTINUOUS
100
AcDbLine
 10
6.1219167322834647
 20
-3.7068540551181099
 30
0
 11
6.1284769685039366
 21
-3.7068540551181099
 31
0
  0
LINE
  5
4A2
330
22
100
AcDbEntity
  8
F.Paste
  6
CONTINUOUS
100
AcDbLine
 10
6.1284769685039366
 20
-3.7068540551181099
 30
0
 11
6.1349111023622047
 21
-3.7081338976377953
 31
0
  0
LINE
  5
4A3
330
22
100
AcDbEntity
  8
F.Paste
  6
CONTINUOUS
100
AcDbLine
 10
7.2506591338582673
 20
-3.7081338976377953
 30
0
 11
7.2567199606299209
 21
-3.7106443700787399
 31
0
  0
LINE
  5
4A4
330
22
100
AcDbEntity
  8
F.Paste
  6
CONTINUOUS
100
AcDbLine
 10
7.2567199606299209
 20
-3.7106443700787399
 30
0
 11
7.2621745669291338
 21
-3.7142890157480313
 31
0
  0
LINE
  5
4A5
330
22
100
AcDbEntity
  8
F.Paste
  6
CONTINUOUS
100
AcDbLine
 10
7.2621745669291338
 20
-3.7142890157480313
 30
0
 11
7.2668133464566926
 21
-3.7189277952755906
 31
0
  0
LINE
  5
4A6
330
22
100
AcDbEntity
  8
F.Paste
  6
CONTINUOUS
100
AcDbLine
 10
7.2668133464566926
 20
-3.7189277952755906
 30
0
 11
7.2704579921259844
 21
-3.724382401574803
 31
0
  0
LINE
  5
4A7
330
22
100
AcDbEntity
  8
F.Paste
  6
CONTINUOUS
100
AcDbLine
 10
7.2704579921259844
 20
-3.724382401574803
 30
0
 11
7.2729684645669286
 21
-3.7304432283464566
 31
0
  0
LINE
  5
4A8
330
22
100
AcDbEntity
  8
F.Paste
  6
CONTINUOUS
100
AcDbLine
 10
7.2729684645669286
 20
-3.7304432283464566
 30
0
 11
7.274248307086614
 21
-3.7368773622047242
 31
0
  0
LINE
  5
4A9
330
22
100
AcDbEntity
  8
F.Paste
  6
CONTINUOUS
100
AcDbLine
 10
7.274248307086614
 20
-3.7368773622047242
 30
0
 11
7.274248307086614
 21
-3.7434375984251966
 31
0
  0
LINE
  5
4AA
330
22
100
AcDbEntity
  8
F.Paste
  6
CONTINUOUS
100
AcDbLine
 10
7.274248307086614
 20
-3.7434375984251966
 30
0
 11
7.2729684645669286
 21
-3.7498717322834643
 31
0
  0
LINE
  5
4AB
330
22
100
AcDbEntity
  8
F.Paste
  6
CONTINUOUS
100
AcDbLine
 10
7.2729684645669286
 20
-3.7498717322834643
 30
0
 11
7.2704579921259844
 21
-3.7559325590551178
 31
0
  0
LINE
  5
4AC
330
22
100
AcDbEntity
  8
F.Paste
  6
CONTINUOUS
100
AcDbLine
 10
7.2704579921259844
 20
-3.7559325590551178
 30
0
 11
7.2668133464566926
 21
-3.7613871653543307
 31
0
  0
LINE
  5
4AD
330
22
100
AcDbEntity
  8
F.Paste
  6
CONTINUOUS
100
AcDbLine
 10
7.2668133464566926
 20
-3.7613871653543307
 30
0
 11
7.2621745669291338
 21
-3.7660259448818896
 31
0
  0
LINE
  5
4AE
330
22
100
AcDbEntity
  8
F.Paste
  6
CONTINUOUS
100
AcDbLine
 10
7.2621745669291338
 20
-3.7660259448818896
 30
0
 11
7.2567199606299209
 21
-3.7696705905511809
 31
0
  0
LINE
  5
4AF
330
22
100
AcDbEntity
  8
F.Paste
  6
CONTINUOUS
100
AcDbLine
 10
7.2567199606299209
 20
-3.7696705905511809
 30
0
 11
7.2506591338582673
 21
-3.772181062992126
 31
0
  0
LINE
  5
4B0
330
22
100
AcDbEntity
  8
F.Paste
  6
CONTINUOUS
100
AcDbLine
 10
7.2506591338582673
 20
-3.772181062992126
 30
0
 11
7.2442250000000001
 21
-3.7734609055118109
 31
0
  0
LINE
  5
4B1
330
22
100
AcDbEntity
  8
F.Paste
  6
CONTINUOUS
100
AcDbLine
 10
7.2442250000000001
 20
-3.7734609055118109
 30
0
 11
7.2376647637795273
 21
-3.7734609055118109
 31
0
  0
LINE
  5
4B2
330
22
100
AcDbEntity
  8
F.Paste
  6
CONTINUOUS
100
AcDbLine
 10
7.2376647637795273
 20
-3.7734609055118109
 30
0
 11
7.2312306299212601
 21
-3.772181062992126
 31
0
  0
LINE
  5
4B3
330
22
100
AcDbEntity
  8
F.Paste
  6
CONTINUOUS
100
AcDbLine
 10
7.2312306299212601
 20
-3.772181062992126
 30
0
 11
7.2251698031496066
 21
-3.7696705905511809
 31
0
  0
LINE
  5
4B4
330
22
100
AcDbEntity
  8
F.Paste
  6
CONTINUOUS
100
AcDbLine
 10
7.2251698031496066
 20
-3.7696705905511809
 30
0
 11
7.2197151968503936
 21
-3.7660259448818896
 31
0
  0
LINE
  5
4B5
330
22
100
AcDbEntity
  8
F.Paste
  6
CONTINUOUS
100
AcDbLine
 10
7.2197151968503936
 20
-3.7660259448818896
 30
0
 11
7.2150764173228348
 21
-3.7613871653543307
 31
0
  0
LINE
  5
4B6
330
22
100
AcDbEntity
  8
F.Paste
  6
CONTINUOUS
100
AcDbLine
 10
7.2150764173228348
 20
-3.7613871653543307
 30
0
 11
7.211431771653543
 21
-3.7559325590551178
 31
0
  0
LINE
  5
4B7
330
22
100
AcDbEntity
  8
F.Paste
  6
CONTINUOUS
100
AcDbLine
 10
7.211431771653543
 20
-3.7559325590551178
 30
0
 11
7.2089212992125979
 21
-3.7498717322834643
 31
0
  0
LINE
  5
4B8
330
22
100
AcDbEntity
  8
F.Paste
  6
CONTINUOUS
100
AcDbLine
 10
7.2089212992125979
 20
-3.7498717322834643
 30
0
 11
7.2076414566929135
 21
-3.7434375984251966
 31
0
  0
LINE
  5
4B9
330
22
100
AcDbEntity
  8
F.Paste
  6
CONTINUOUS
100
AcDbLine
 10
7.2076414566929135
 20
-3.7434375984251966
 30
0
 11
7.2076414566929135
 21
-3.7368773622047242
 31
0
  0
LINE
  5
4BA
330
22
100
AcDbEntity
  8
F.Paste
  6
CONTINUOUS
100
AcDbLine
 10
7.2076414566929135
 20
-3.7368773622047242
 30
0
 11
7.2089212992125979
 21
-3.7304432283464566
 31
0
  0
LINE
  5
4BB
330
22
100
AcDbEntity
  8
F.Paste
  6
CONTINUOUS
100
AcDbLine
 10
7.2089212992125979
 20
-3.7304432283464566
 30
0
 11
7.211431771653543
 21
-3.724382401574803
 31
0
  0
LINE
  5
4BC
330
22
100
AcDbEntity
  8
F.Paste
  6
CONTINUOUS
100
AcDbLine
 10
7.211431771653543
 20
-3.724382401574803
 30
0
 11
7.2150764173228348
 21
-3.7189277952755906
 31
0
  0
LINE
  5
4BD
330
22
100
AcDbEntity
  8
F.Paste
  6
CONTINUOUS
100
AcDbLine
 10
7.2150764173228348
 20
-3.7189277952755906
 30
0
 11
7.2197151968503936
 21
-3.7142890157480313
 31
0
  0
LINE
  5
4BE
330
22
100
AcDbEntity
  8
F.Paste
  6
CONTINUOUS
100
AcDbLine
 10
7.2197151968503936
 20
-3.7142890157480313
 30
0
 11
7.2251698031496066
 21
-3.7106443700787399
 31
0
  0
LINE
  5
4BF
330
22
100
AcDbEntity
  8
F.Paste
  6
CONTINUOUS
100
AcDbLine
 10
7.2251698031496066
 20
-3.7106443700787399
 30
0
 11
7.2312306299212601
 21
-3.7081338976377953
 31
0
  0
LINE
  5
4C0
330
22
100
AcDbEntity
  8
F.Paste
  6
CONTINUOUS
100
AcDbLine
 10
7.2312306299212601
 20
-3.7081338976377953
 30
0
 11
7.2376647637795273
 21
-3.7068540551181099
 31
0
  0
LINE
  5
4C1
330
22
100
AcDbEntity
  8
F.Paste
  6
CONTINUOUS
100
AcDbLine
 10
7.2376647637795273
 20
-3.7068540551181099
 30
0
 11
7.2442250000000001
 21
-3.7068540551181099
 31
0
  0
LINE
  5
4C2
330
22
100
AcDbEntity
  8
F.Paste
  6
CONTINUOUS
100
AcDbLine
 10
7.2442250000000001
 20
-3.7068540551181099
 30
0
 11
7.2506591338582673
 21
-3.7081338976377953
 31
0
  0
LINE
  5
4C3
330
22
100
AcDbEntity
  8
F.Paste
  6
CONTINUOUS
100
AcDbLine
 10
7.6506591338582677
 20
-3.7081338976377953
 30
0
 11
7.6567199606299212
 21
-3.7106443700787399
 31
0
  0
LINE
  5
4C4
330
22
100
AcDbEntity
  8
F.Paste
  6
CONTINUOUS
100
AcDbLine
 10
7.6567199606299212
 20
-3.7106443700787399
 30
0
 11
7.6621745669291341
 21
-3.7142890157480313
 31
0
  0
LINE
  5
4C5
330
22
100
AcDbEntity
  8
F.Paste
  6
CONTINUOUS
100
AcDbLine
 10
7.6621745669291341
 20
-3.7142890157480313
 30
0
 11
7.666813346456693
 21
-3.7189277952755906
 31
0
  0
LINE
  5
4C6
330
22
100
AcDbEntity
  8
F.Paste
  6
CONTINUOUS
100
AcDbLine
 10
7.666813346456693
 20
-3.7189277952755906
 30
0
 11
7.6704579921259839
 21
-3.724382401574803
 31
0
  0
LINE
  5
4C7
330
22
100
AcDbEntity
  8
F.Paste
  6
CONTINUOUS
100
AcDbLine
 10
7.6704579921259839
 20
-3.724382401574803
 30
0
 11
7.6729684645669289
 21
-3.7304432283464566
 31
0
  0
LINE
  5
4C8
330
22
100
AcDbEntity
  8
F.Paste
  6
CONTINUOUS
100
AcDbLine
 10
7.6729684645669289
 20
-3.7304432283464566
 30
0
 11
7.6742483070866143
 21
-3.7368773622047242
 31
0
  0
LINE
  5
4C9
330
22
100
AcDbEntity
  8
F.Paste
  6
CONTINUOUS
100
AcDbLine
 10
7.6742483070866143
 20
-3.7368773622047242
 30
0
 11
7.6742483070866143
 21
-3.7434375984251966
 31
0
  0
LINE
  5
4CA
330
22
100
AcDbEntity
  8
F.Paste
  6
CONTINUOUS
100
AcDbLine
 10
7.6742483070866143
 20
-3.7434375984251966
 30
0
 11
7.6729684645669289
 21
-3.7498717322834643
 31
0
  0
LINE
  5
4CB
330
22
100
AcDbEntity
  8
F.Paste
  6
CONTINUOUS
100
AcDbLine
 10
7.6729684645669289
 20
-3.7498717322834643
 30
0
 11
7.6704579921259839
 21
-3.7559325590551178
 31
0
  0
LINE
  5
4CC
330
22
100
AcDbEntity
  8
F.Paste
  6
CONTINUOUS
100
AcDbLine
 10
7.6704579921259839
 20
-3.7559325590551178
 30
0
 11
7.666813346456693
 21
-3.7613871653543307
 31
0
  0
LINE
  5
4CD
330
22
100
AcDbEntity
  8
F.Paste
  6
CONTINUOUS
100
AcDbLine
 10
7.666813346456693
 20
-3.7613871653543307
 30
0
 11
7.6621745669291341
 21
-3.7660259448818896
 31
0
  0
LINE
  5
4CE
330
22
100
AcDbEntity
  8
F.Paste
  6
CONTINUOUS
100
AcDbLine
 10
7.6621745669291341
 20
-3.7660259448818896
 30
0
 11
7.6567199606299212
 21
-3.7696705905511809
 31
0
  0
LINE
  5
4CF
330
22
100
AcDbEntity
  8
F.Paste
  6
CONTINUOUS
100
AcDbLine
 10
7.6567199606299212
 20
-3.7696705905511809
 30
0
 11
7.6506591338582677
 21
-3.772181062992126
 31
0
  0
LINE
  5
4D0
330
22
100
AcDbEntity
  8
F.Paste
  6
CONTINUOUS
100
AcDbLine
 10
7.6506591338582677
 20
-3.772181062992126
 30
0
 11
7.6442249999999996
 21
-3.7734609055118109
 31
0
  0
LINE
  5
4D1
330
22
100
AcDbEntity
  8
F.Paste
  6
CONTINUOUS
100
AcDbLine
 10
7.6442249999999996
 20
-3.7734609055118109
 30
0
 11
7.6376647637795276
 21
-3.7734609055118109
 31
0
  0
LINE
  5
4D2
330
22
100
AcDbEntity
  8
F.Paste
  6
CONTINUOUS
100
AcDbLine
 10
7.6376647637795276
 20
-3.7734609055118109
 30
0
 11
7.6312306299212596
 21
-3.772181062992126
 31
0
  0
LINE
  5
4D3
330
22
100
AcDbEntity
  8
F.Paste
  6
CONTINUOUS
100
AcDbLine
 10
7.6312306299212596
 20
-3.772181062992126
 30
0
 11
7.625169803149606
 21
-3.7696705905511809
 31
0
  0
LINE
  5
4D4
330
22
100
AcDbEntity
  8
F.Paste
  6
CONTINUOUS
100
AcDbLine
 10
7.625169803149606
 20
-3.7696705905511809
 30
0
 11
7.6197151968503931
 21
-3.7660259448818896
 31
0
  0
LINE
  5
4D5
330
22
100
AcDbEntity
  8
F.Paste
  6
CONTINUOUS
100
AcDbLine
 10
7.6197151968503931
 20
-3.7660259448818896
 30
0
 11
7.6150764173228342
 21
-3.7613871653543307
 31
0
  0
LINE
  5
4D6
330
22
100
AcDbEntity
  8
F.Paste
  6
CONTINUOUS
100
AcDbLine
 10
7.6150764173228342
 20
-3.7613871653543307
 30
0
 11
7.6114317716535433
 21
-3.7559325590551178
 31
0
  0
LINE
  5
4D7
330
22
100
AcDbEntity
  8
F.Paste
  6
CONTINUOUS
100
AcDbLine
 10
7.6114317716535433
 20
-3.7559325590551178
 30
0
 11
7.6089212992125983
 21
-3.7498717322834643
 31
0
  0
LINE
  5
4D8
330
22
100
AcDbEntity
  8
F.Paste
  6
CONTINUOUS
100
AcDbLine
 10
7.6089212992125983
 20
-3.7498717322834643
 30
0
 11
7.6076414566929129
 21
-3.7434375984251966
 31
0
  0
LINE
  5
4D9
330
22
100
AcDbEntity
  8
F.Paste
  6
CONTINUOUS
100
AcDbLine
 10
7.6076414566929129
 20
-3.7434375984251966
 30
0
 11
7.6076414566929129
 21
-3.7368773622047242
 31
0
  0
LINE
  5
4DA
330
22
100
AcDbEntity
  8
F.Paste
  6
CONTINUOUS
100
AcDbLine
 10
7.6076414566929129
 20
-3.7368773622047242
 30
0
 11
7.6089212992125983
 21
-3.7304432283464566
 31
0
  0
LINE
  5
4DB
330
22
100
AcDbEntity
  8
F.Paste
  6
CONTINUOUS
100
AcDbLine
 10
7.6089212992125983
 20
-3.7304432283464566
 30
0
 11
7.6114317716535433
 21
-3.724382401574803
 31
0
  0
LINE
  5
4DC
330
22
100
AcDbEntity
  8
F.Paste
  6
CONTINUOUS
100
AcDbLine
 10
7.6114317716535433
 20
-3.724382401574803
 30
0
 11
7.6150764173228342
 21
-3.7189277952755906
 31
0
  0
LINE
  5
4DD
330
22
100
AcDbEntity
  8
F.Paste
  6
CONTINUOUS
100
AcDbLine
 10
7.6150764173228342
 20
-3.7189277952755906
 30
0
 11
7.6197151968503931
 21
-3.7142890157480313
 31
0
  0
LINE
  5
4DE
330
22
100
AcDbEntity
  8
F.Paste
  6
CONTINUOUS
100
AcDbLine
 10
7.6197151968503931
 20
-3.7142890157480313
 30
0
 11
7.625169803149606
 21
-3.7106443700787399
 31
0
  0
LINE
  5
4DF
330
22
100
AcDbEntity
  8
F.Paste
  6
CONTINUOUS
100
AcDbLine
 10
7.625169803149606
 20
-3.7106443700787399
 30
0
 11
7.6312306299212596
 21
-3.7081338976377953
 31
0
  0
LINE
  5
4E0
330
22
100
AcDbEntity
  8
F.Paste
  6
CONTINUOUS
100
AcDbLine
 10
7.6312306299212596
 20
-3.7081338976377953
 30
0
 11
7.6376647637795276
 21
-3.7068540551181099
 31
0
  0
LINE
  5
4E1
330
22
100
AcDbEntity
  8
F.Paste
  6
CONTINUOUS
100
AcDbLine
 10
7.6376647637795276
 20
-3.7068540551181099
 30
0
 11
7.6442249999999996
 21
-3.7068540551181099
 31
0
  0
LINE
  5
4E2
330
22
100
AcDbEntity
  8
F.Paste
  6
CONTINUOUS
100
AcDbLine
 10
7.6442249999999996
 20
-3.7068540551181099
 30
0
 11
7.6506591338582677
 21
-3.7081338976377953
 31
0
  0
LINE
  5
4E3
330
22
100
AcDbEntity
  8
F.Paste
  6
CONTINUOUS
100
AcDbLine
 10
6.5455429133858267
 20
-3.5996217716535432
 30
0
 11
6.5520059842519682
 21
-3.6017217716535432
 31
0
  0
LINE
  5
4E4
330
22
100
AcDbEntity
  8
F.Paste
  6
CONTINUOUS
100
AcDbLine
 10
6.5520059842519682
 20
-3.6017217716535432
 30
0
 11
6.5580609448818894
 21
-3.6048069291338583
 31
0
  0
LINE
  5
4E5
330
22
100
AcDbEntity
  8
F.Paste
  6
CONTINUOUS
100
AcDbLine
 10
6.5580609448818894
 20
-3.6048069291338583
 30
0
 11
6.5635587795275585
 21
-3.6088012992125984
 31
0
  0
LINE
  5
4E6
330
22
100
AcDbEntity
  8
F.Paste
  6
CONTINUOUS
100
AcDbLine
 10
6.5635587795275585
 20
-3.6088012992125984
 30
0
 11
6.5683640551181099
 21
-3.6136065748031494
 31
0
  0
LINE
  5
4E7
330
22
100
AcDbEntity
  8
F.Paste
  6
CONTINUOUS
100
AcDbLine
 10
6.5683640551181099
 20
-3.6136065748031494
 30
0
 11
6.5723584251968505
 21
-3.6191044094488189
 31
0
  0
LINE
  5
4E8
330
22
100
AcDbEntity
  8
F.Paste
  6
CONTINUOUS
100
AcDbLine
 10
6.5723584251968505
 20
-3.6191044094488189
 30
0
 11
6.5754435826771651
 21
-3.6251593700787401
 31
0
  0
LINE
  5
4E9
330
22
100
AcDbEntity
  8
F.Paste
  6
CONTINUOUS
100
AcDbLine
 10
6.5754435826771651
 20
-3.6251593700787401
 30
0
 11
6.5775435826771655
 21
-3.6316224409448816
 31
0
  0
LINE
  5
4EA
330
22
100
AcDbEntity
  8
F.Paste
  6
CONTINUOUS
100
AcDbLine
 10
6.5775435826771655
 20
-3.6316224409448816
 30
0
 11
6.5786066535433072
 21
-3.6383344488188976
 31
0
  0
LINE
  5
4EB
330
22
100
AcDbEntity
  8
F.Paste
  6
CONTINUOUS
100
AcDbLine
 10
6.5786066535433072
 20
-3.6383344488188976
 30
0
 11
6.5786066535433072
 21
-3.6451301181102362
 31
0
  0
LINE
  5
4EC
330
22
100
AcDbEntity
  8
F.Paste
  6
CONTINUOUS
100
AcDbLine
 10
6.5786066535433072
 20
-3.6451301181102362
 30
0
 11
6.5775435826771655
 21
-3.6518421259842517
 31
0
  0
LINE
  5
4ED
330
22
100
AcDbEntity
  8
F.Paste
  6
CONTINUOUS
100
AcDbLine
 10
6.5775435826771655
 20
-3.6518421259842517
 30
0
 11
6.5754435826771651
 21
-3.6583051968503937
 31
0
  0
LINE
  5
4EE
330
22
100
AcDbEntity
  8
F.Paste
  6
CONTINUOUS
100
AcDbLine
 10
6.5754435826771651
 20
-3.6583051968503937
 30
0
 11
6.5723584251968505
 21
-3.6643601574803149
 31
0
  0
LINE
  5
4EF
330
22
100
AcDbEntity
  8
F.Paste
  6
CONTINUOUS
100
AcDbLine
 10
6.5723584251968505
 20
-3.6643601574803149
 30
0
 11
6.5683640551181099
 21
-3.669857992125984
 31
0
  0
LINE
  5
4F0
330
22
100
AcDbEntity
  8
F.Paste
  6
CONTINUOUS
100
AcDbLine
 10
6.5683640551181099
 20
-3.669857992125984
 30
0
 11
6.5635587795275585
 21
-3.6746632677165354
 31
0
  0
LINE
  5
4F1
330
22
100
AcDbEntity
  8
F.Paste
  6
CONTINUOUS
100
AcDbLine
 10
6.5635587795275585
 20
-3.6746632677165354
 30
0
 11
6.5580609448818894
 21
-3.6786576377952755
 31
0
  0
LINE
  5
4F2
330
22
100
AcDbEntity
  8
F.Paste
  6
CONTINUOUS
100
AcDbLine
 10
6.5580609448818894
 20
-3.6786576377952755
 30
0
 11
6.5520059842519682
 21
-3.6817427952755906
 31
0
  0
LINE
  5
4F3
330
22
100
AcDbEntity
  8
F.Paste
  6
CONTINUOUS
100
AcDbLine
 10
6.5520059842519682
 20
-3.6817427952755906
 30
0
 11
6.5455429133858267
 21
-3.6838427952755906
 31
0
  0
LINE
  5
4F4
330
22
100
AcDbEntity
  8
F.Paste
  6
CONTINUOUS
100
AcDbLine
 10
6.5455429133858267
 20
-3.6838427952755906
 30
0
 11
6.5388309055118112
 21
-3.6849058661417322
 31
0
  0
LINE
  5
4F5
330
22
100
AcDbEntity
  8
F.Paste
  6
CONTINUOUS
100
AcDbLine
 10
6.5388309055118112
 20
-3.6849058661417322
 30
0
 11
6.5320352362204721
 21
-3.6849058661417322
 31
0
  0
LINE
  5
4F6
330
22
100
AcDbEntity
  8
F.Paste
  6
CONTINUOUS
100
AcDbLine
 10
6.5320352362204721
 20
-3.6849058661417322
 30
0
 11
6.5253232283464566
 21
-3.6838427952755906
 31
0
  0
LINE
  5
4F7
330
22
100
AcDbEntity
  8
F.Paste
  6
CONTINUOUS
100
AcDbLine
 10
6.5253232283464566
 20
-3.6838427952755906
 30
0
 11
6.5188601574803151
 21
-3.6817427952755906
 31
0
  0
LINE
  5
4F8
330
22
100
AcDbEntity
  8
F.Paste
  6
CONTINUOUS
100
AcDbLine
 10
6.5188601574803151
 20
-3.6817427952755906
 30
0
 11
6.5128051968503939
 21
-3.6786576377952755
 31
0
  0
LINE
  5
4F9
330
22
100
AcDbEntity
  8
F.Paste
  6
CONTINUOUS
100
AcDbLine
 10
6.5128051968503939
 20
-3.6786576377952755
 30
0
 11
6.5073073622047239
 21
-3.6746632677165354
 31
0
  0
LINE
  5
4FA
330
22
100
AcDbEntity
  8
F.Paste
  6
CONTINUOUS
100
AcDbLine
 10
6.5073073622047239
 20
-3.6746632677165354
 30
0
 11
6.5025020866141734
 21
-3.669857992125984
 31
0
  0
LINE
  5
4FB
330
22
100
AcDbEntity
  8
F.Paste
  6
CONTINUOUS
100
AcDbLine
 10
6.5025020866141734
 20
-3.669857992125984
 30
0
 11
6.4985077165354328
 21
-3.6643601574803149
 31
0
  0
LINE
  5
4FC
330
22
100
AcDbEntity
  8
F.Paste
  6
CONTINUOUS
100
AcDbLine
 10
6.4985077165354328
 20
-3.6643601574803149
 30
0
 11
6.4954225590551182
 21
-3.6583051968503937
 31
0
  0
LINE
  5
4FD
330
22
100
AcDbEntity
  8
F.Paste
  6
CONTINUOUS
100
AcDbLine
 10
6.4954225590551182
 20
-3.6583051968503937
 30
0
 11
6.4933225590551178
 21
-3.6518421259842517
 31
0
  0
LINE
  5
4FE
330
22
100
AcDbEntity
  8
F.Paste
  6
CONTINUOUS
100
AcDbLine
 10
6.4933225590551178
 20
-3.6518421259842517
 30
0
 11
6.4922594881889761
 21
-3.6451301181102362
 31
0
  0
LINE
  5
4FF
330
22
100
AcDbEntity
  8
F.Paste
  6
CONTINUOUS
100
AcDbLine
 10
6.4922594881889761
 20
-3.6451301181102362
 30
0
 11
6.4922594881889761
 21
-3.6383344488188976
 31
0
  0
LINE
  5
500
330
22
100
AcDbEntity
  8
F.Paste
  6
CONTINUOUS
100
AcDbLine
 10
6.4922594881889761
 20
-3.6383344488188976
 30
0
 11
6.4933225590551178
 21
-3.6316224409448816
 31
0
  0
LINE
  5
501
330
22
100
AcDbEntity
  8
F.Paste
  6
CONTINUOUS
100
AcDbLine
 10
6.4933225590551178
 20
-3.6316224409448816
 30
0
 11
6.4954225590551182
 21
-3.6251593700787401
 31
0
  0
LINE
  5
502
330
22
100
AcDbEntity
  8
F.Paste
  6
CONTINUOUS
100
AcDbLine
 10
6.4954225590551182
 20
-3.6251593700787401
 30
0
 11
6.4985077165354328
 21
-3.6191044094488189
 31
0
  0
LINE
  5
503
330
22
100
AcDbEntity
  8
F.Paste
  6
CONTINUOUS
100
AcDbLine
 10
6.4985077165354328
 20
-3.6191044094488189
 30
0
 11
6.5025020866141734
 21
-3.6136065748031494
 31
0
  0
LINE
  5
504
330
22
100
AcDbEntity
  8
F.Paste
  6
CONTINUOUS
100
AcDbLine
 10
6.5025020866141734
 20
-3.6136065748031494
 30
0
 11
6.5073073622047239
 21
-3.6088012992125984
 31
0
  0
LINE
  5
505
330
22
100
AcDbEntity
  8
F.Paste
  6
CONTINUOUS
100
AcDbLine
 10
6.5073073622047239
 20
-3.6088012992125984
 30
0
 11
6.5128051968503939
 21
-3.6048069291338583
 31
0
  0
LINE
  5
506
330
22
100
AcDbEntity
  8
F.Paste
  6
CONTINUOUS
100
AcDbLine
 10
6.5128051968503939
 20
-3.6048069291338583
 30
0
 11
6.5188601574803151
 21
-3.6017217716535432
 31
0
  0
LINE
  5
507
330
22
100
AcDbEntity
  8
F.Paste
  6
CONTINUOUS
100
AcDbLine
 10
6.5188601574803151
 20
-3.6017217716535432
 30
0
 11
6.5253232283464566
 21
-3.5996217716535432
 31
0
  0
LINE
  5
508
330
22
100
AcDbEntity
  8
F.Paste
  6
CONTINUOUS
100
AcDbLine
 10
6.5253232283464566
 20
-3.5996217716535432
 30
0
 11
6.5320352362204721
 21
-3.5985587007874016
 31
0
  0
LINE
  5
509
330
22
100
AcDbEntity
  8
F.Paste
  6
CONTINUOUS
100
AcDbLine
 10
6.5320352362204721
 20
-3.5985587007874016
 30
0
 11
6.5388309055118112
 21
-3.5985587007874016
 31
0
  0
LINE
  5
50A
330
22
100
AcDbEntity
  8
F.Paste
  6
CONTINUOUS
100
AcDbLine
 10
6.5388309055118112
 20
-3.5985587007874016
 30
0
 11
6.5455429133858267
 21
-3.5996217716535432
 31
0
  0
LINE
  5
50B
330
22
100
AcDbEntity
  8
F.Paste
  6
CONTINUOUS
100
AcDbLine
 10
5.7853066929133856
 20
-3.5980469685039371
 30
0
 11
5.7917697637795271
 21
-3.6001469685039371
 31
0
  0
LINE
  5
50C
330
22
100
AcDbEntity
  8
F.Paste
  6
CONTINUOUS
100
AcDbLine
 10
5.7917697637795271
 20
-3.6001469685039371
 30
0
 11
5.7978247244094483
 21
-3.6032321259842517
 31
0
  0
LINE
  5
50D
330
22
100
AcDbEntity
  8
F.Paste
  6
CONTINUOUS
100
AcDbLine
 10
5.7978247244094483
 20
-3.6032321259842517
 30
0
 11
5.8033225590551183
 21
-3.6072264960629918
 31
0
  0
LINE
  5
50E
330
22
100
AcDbEntity
  8
F.Paste
  6
CONTINUOUS
100
AcDbLine
 10
5.8033225590551183
 20
-3.6072264960629918
 30
0
 11
5.8081278346456688
 21
-3.6120317716535433
 31
0
  0
LINE
  5
50F
330
22
100
AcDbEntity
  8
F.Paste
  6
CONTINUOUS
100
AcDbLine
 10
5.8081278346456688
 20
-3.6120317716535433
 30
0
 11
5.8121222047244094
 21
-3.6175296062992124
 31
0
  0
LINE
  5
510
330
22
100
AcDbEntity
  8
F.Paste
  6
CONTINUOUS
100
AcDbLine
 10
5.8121222047244094
 20
-3.6175296062992124
 30
0
 11
5.815207362204724
 21
-3.6235845669291336
 31
0
  0
LINE
  5
511
330
22
100
AcDbEntity
  8
F.Paste
  6
CONTINUOUS
100
AcDbLine
 10
5.815207362204724
 20
-3.6235845669291336
 30
0
 11
5.8173073622047244
 21
-3.6300476377952755
 31
0
  0
LINE
  5
512
330
22
100
AcDbEntity
  8
F.Paste
  6
CONTINUOUS
100
AcDbLine
 10
5.8173073622047244
 20
-3.6300476377952755
 30
0
 11
5.8183704330708661
 21
-3.6367596456692914
 31
0
  0
LINE
  5
513
330
22
100
AcDbEntity
  8
F.Paste
  6
CONTINUOUS
100
AcDbLine
 10
5.8183704330708661
 20
-3.6367596456692914
 30
0
 11
5.8183704330708661
 21
-3.6435553149606297
 31
0
  0
LINE
  5
514
330
22
100
AcDbEntity
  8
F.Paste
  6
CONTINUOUS
100
AcDbLine
 10
5.8183704330708661
 20
-3.6435553149606297
 30
0
 11
5.8173073622047244
 21
-3.6502673228346456
 31
0
  0
LINE
  5
515
330
22
100
AcDbEntity
  8
F.Paste
  6
CONTINUOUS
100
AcDbLine
 10
5.8173073622047244
 20
-3.6502673228346456
 30
0
 11
5.815207362204724
 21
-3.6567303937007871
 31
0
  0
LINE
  5
516
330
22
100
AcDbEntity
  8
F.Paste
  6
CONTINUOUS
100
AcDbLine
 10
5.815207362204724
 20
-3.6567303937007871
 30
0
 11
5.8121222047244094
 21
-3.6627853543307087
 31
0
  0
LINE
  5
517
330
22
100
AcDbEntity
  8
F.Paste
  6
CONTINUOUS
100
AcDbLine
 10
5.8121222047244094
 20
-3.6627853543307087
 30
0
 11
5.8081278346456688
 21
-3.6682831889763778
 31
0
  0
LINE
  5
518
330
22
100
AcDbEntity
  8
F.Paste
  6
CONTINUOUS
100
AcDbLine
 10
5.8081278346456688
 20
-3.6682831889763778
 30
0
 11
5.8033225590551183
 21
-3.6730884645669288
 31
0
  0
LINE
  5
519
330
22
100
AcDbEntity
  8
F.Paste
  6
CONTINUOUS
100
AcDbLine
 10
5.8033225590551183
 20
-3.6730884645669288
 30
0
 11
5.7978247244094483
 21
-3.6770828346456694
 31
0
  0
LINE
  5
51A
330
22
100
AcDbEntity
  8
F.Paste
  6
CONTINUOUS
100
AcDbLine
 10
5.7978247244094483
 20
-3.6770828346456694
 30
0
 11
5.7917697637795271
 21
-3.680167992125984
 31
0
  0
LINE
  5
51B
330
22
100
AcDbEntity
  8
F.Paste
  6
CONTINUOUS
100
AcDbLine
 10
5.7917697637795271
 20
-3.680167992125984
 30
0
 11
5.7853066929133856
 21
-3.682267992125984
 31
0
  0
LINE
  5
51C
330
22
100
AcDbEntity
  8
F.Paste
  6
CONTINUOUS
100
AcDbLine
 10
5.7853066929133856
 20
-3.682267992125984
 30
0
 11
5.7785946850393701
 21
-3.6833310629921261
 31
0
  0
LINE
  5
51D
330
22
100
AcDbEntity
  8
F.Paste
  6
CONTINUOUS
100
AcDbLine
 10
5.7785946850393701
 20
-3.6833310629921261
 30
0
 11
5.771799015748031
 21
-3.6833310629921261
 31
0
  0
LINE
  5
51E
330
22
100
AcDbEntity
  8
F.Paste
  6
CONTINUOUS
100
AcDbLine
 10
5.771799015748031
 20
-3.6833310629921261
 30
0
 11
5.7650870078740155
 21
-3.682267992125984
 31
0
  0
LINE
  5
51F
330
22
100
AcDbEntity
  8
F.Paste
  6
CONTINUOUS
100
AcDbLine
 10
5.7650870078740155
 20
-3.682267992125984
 30
0
 11
5.758623937007874
 21
-3.680167992125984
 31
0
  0
LINE
  5
520
330
22
100
AcDbEntity
  8
F.Paste
  6
CONTINUOUS
100
AcDbLine
 10
5.758623937007874
 20
-3.680167992125984
 30
0
 11
5.7525689763779528
 21
-3.6770828346456694
 31
0
  0
LINE
  5
521
330
22
100
AcDbEntity
  8
F.Paste
  6
CONTINUOUS
100
AcDbLine
 10
5.7525689763779528
 20
-3.6770828346456694
 30
0
 11
5.7470711417322837
 21
-3.6730884645669288
 31
0
  0
LINE
  5
522
330
22
100
AcDbEntity
  8
F.Paste
  6
CONTINUOUS
100
AcDbLine
 10
5.7470711417322837
 20
-3.6730884645669288
 30
0
 11
5.7422658661417323
 21
-3.6682831889763778
 31
0
  0
LINE
  5
523
330
22
100
AcDbEntity
  8
F.Paste
  6
CONTINUOUS
100
AcDbLine
 10
5.7422658661417323
 20
-3.6682831889763778
 30
0
 11
5.7382714960629917
 21
-3.6627853543307087
 31
0
  0
LINE
  5
524
330
22
100
AcDbEntity
  8
F.Paste
  6
CONTINUOUS
100
AcDbLine
 10
5.7382714960629917
 20
-3.6627853543307087
 30
0
 11
5.7351863385826771
 21
-3.6567303937007871
 31
0
  0
LINE
  5
525
330
22
100
AcDbEntity
  8
F.Paste
  6
CONTINUOUS
100
AcDbLine
 10
5.7351863385826771
 20
-3.6567303937007871
 30
0
 11
5.7330863385826767
 21
-3.6502673228346456
 31
0
  0
LINE
  5
526
330
22
100
AcDbEntity
  8
F.Paste
  6
CONTINUOUS
100
AcDbLine
 10
5.7330863385826767
 20
-3.6502673228346456
 30
0
 11
5.732023267716535
 21
-3.6435553149606297
 31
0
  0
LINE
  5
527
330
22
100
AcDbEntity
  8
F.Paste
  6
CONTINUOUS
100
AcDbLine
 10
5.732023267716535
 20
-3.6435553149606297
 30
0
 11
5.732023267716535
 21
-3.6367596456692914
 31
0
  0
LINE
  5
528
330
22
100
AcDbEntity
  8
F.Paste
  6
CONTINUOUS
100
AcDbLine
 10
5.732023267716535
 20
-3.6367596456692914
 30
0
 11
5.7330863385826767
 21
-3.6300476377952755
 31
0
  0
LINE
  5
529
330
22
100
AcDbEntity
  8
F.Paste
  6
CONTINUOUS
100
AcDbLine
 10
5.7330863385826767
 20
-3.6300476377952755
 30
0
 11
5.7351863385826771
 21
-3.6235845669291336
 31
0
  0
LINE
  5
52A
330
22
100
AcDbEntity
  8
F.Paste
  6
CONTINUOUS
100
AcDbLine
 10
5.7351863385826771
 20
-3.6235845669291336
 30
0
 11
5.7382714960629917
 21
-3.6175296062992124
 31
0
  0
LINE
  5
52B
330
22
100
AcDbEntity
  8
F.Paste
  6
CONTINUOUS
100
AcDbLine
 10
5.7382714960629917
 20
-3.6175296062992124
 30
0
 11
5.7422658661417323
 21
-3.6120317716535433
 31
0
  0
LINE
  5
52C
330
22
100
AcDbEntity
  8
F.Paste
  6
CONTINUOUS
100
AcDbLine
 10
5.7422658661417323
 20
-3.6120317716535433
 30
0
 11
5.7470711417322837
 21
-3.6072264960629918
 31
0
  0
LINE
  5
52D
330
22
100
AcDbEntity
  8
F.Paste
  6
CONTINUOUS
100
AcDbLine
 10
5.7470711417322837
 20
-3.6072264960629918
 30
0
 11
5.7525689763779528
 21
-3.6032321259842517
 31
0
  0
LINE
  5
52E
330
22
100
AcDbEntity
  8
F.Paste
  6
CONTINUOUS
100
AcDbLine
 10
5.7525689763779528
 20
-3.6032321259842517
 30
0
 11
5.758623937007874
 21
-3.6001469685039371
 31
0
  0
LINE
  5
52F
330
22
100
AcDbEntity
  8
F.Paste
  6
CONTINUOUS
100
AcDbLine
 10
5.758623937007874
 20
-3.6001469685039371
 30
0
 11
5.7650870078740155
 21
-3.5980469685039371
 31
0
  0
LINE
  5
530
330
22
100
AcDbEntity
  8
F.Paste
  6
CONTINUOUS
100
AcDbLine
 10
5.7650870078740155
 20
-3.5980469685039371
 30
0
 11
5.771799015748031
 21
-3.596983897637795
 31
0
  0
LINE
  5
531
330
22
100
AcDbEntity
  8
F.Paste
  6
CONTINUOUS
100
AcDbLine
 10
5.771799015748031
 20
-3.596983897637795
 30
0
 11
5.7785946850393701
 21
-3.596983897637795
 31
0
  0
LINE
  5
532
330
22
100
AcDbEntity
  8
F.Paste
  6
CONTINUOUS
100
AcDbLine
 10
5.7785946850393701
 20
-3.596983897637795
 30
0
 11
5.7853066929133856
 21
-3.5980469685039371
 31
0
  0
LINE
  5
533
330
22
100
AcDbEntity
  8
F.Paste
  6
CONTINUOUS
100
AcDbLine
 10
7.3010547244094486
 20
-3.5980469685039371
 30
0
 11
7.3075177952755901
 21
-3.6001469685039371
 31
0
  0
LINE
  5
534
330
22
100
AcDbEntity
  8
F.Paste
  6
CONTINUOUS
100
AcDbLine
 10
7.3075177952755901
 20
-3.6001469685039371
 30
0
 11
7.3135727559055113
 21
-3.6032321259842517
 31
0
  0
LINE
  5
535
330
22
100
AcDbEntity
  8
F.Paste
  6
CONTINUOUS
100
AcDbLine
 10
7.3135727559055113
 20
-3.6032321259842517
 30
0
 11
7.3190705905511813
 21
-3.6072264960629918
 31
0
  0
LINE
  5
536
330
22
100
AcDbEntity
  8
F.Paste
  6
CONTINUOUS
100
AcDbLine
 10
7.3190705905511813
 20
-3.6072264960629918
 30
0
 11
7.3238758661417318
 21
-3.6120317716535433
 31
0
  0
LINE
  5
537
330
22
100
AcDbEntity
  8
F.Paste
  6
CONTINUOUS
100
AcDbLine
 10
7.3238758661417318
 20
-3.6120317716535433
 30
0
 11
7.3278702362204724
 21
-3.6175296062992124
 31
0
  0
LINE
  5
538
330
22
100
AcDbEntity
  8
F.Paste
  6
CONTINUOUS
100
AcDbLine
 10
7.3278702362204724
 20
-3.6175296062992124
 30
0
 11
7.330955393700787
 21
-3.6235845669291336
 31
0
  0
LINE
  5
539
330
22
100
AcDbEntity
  8
F.Paste
  6
CONTINUOUS
100
AcDbLine
 10
7.330955393700787
 20
-3.6235845669291336
 30
0
 11
7.3330553937007874
 21
-3.6300476377952755
 31
0
  0
LINE
  5
53A
330
22
100
AcDbEntity
  8
F.Paste
  6
CONTINUOUS
100
AcDbLine
 10
7.3330553937007874
 20
-3.6300476377952755
 30
0
 11
7.3341184645669291
 21
-3.6367596456692914
 31
0
  0
LINE
  5
53B
330
22
100
AcDbEntity
  8
F.Paste
  6
CONTINUOUS
100
AcDbLine
 10
7.3341184645669291
 20
-3.6367596456692914
 30
0
 11
7.3341184645669291
 21
-3.6435553149606297
 31
0
  0
LINE
  5
53C
330
22
100
AcDbEntity
  8
F.Paste
  6
CONTINUOUS
100
AcDbLine
 10
7.3341184645669291
 20
-3.6435553149606297
 30
0
 11
7.3330553937007874
 21
-3.6502673228346456
 31
0
  0
LINE
  5
53D
330
22
100
AcDbEntity
  8
F.Paste
  6
CONTINUOUS
100
AcDbLine
 10
7.3330553937007874
 20
-3.6502673228346456
 30
0
 11
7.330955393700787
 21
-3.6567303937007871
 31
0
  0
LINE
  5
53E
330
22
100
AcDbEntity
  8
F.Paste
  6
CONTINUOUS
100
AcDbLine
 10
7.330955393700787
 20
-3.6567303937007871
 30
0
 11
7.3278702362204724
 21
-3.6627853543307087
 31
0
  0
LINE
  5
53F
330
22
100
AcDbEntity
  8
F.Paste
  6
CONTINUOUS
100
AcDbLine
 10
7.3278702362204724
 20
-3.6627853543307087
 30
0
 11
7.3238758661417318
 21
-3.6682831889763778
 31
0
  0
LINE
  5
540
330
22
100
AcDbEntity
  8
F.Paste
  6
CONTINUOUS
100
AcDbLine
 10
7.3238758661417318
 20
-3.6682831889763778
 30
0
 11
7.3190705905511813
 21
-3.6730884645669288
 31
0
  0
LINE
  5
541
330
22
100
AcDbEntity
  8
F.Paste
  6
CONTINUOUS
100
AcDbLine
 10
7.3190705905511813
 20
-3.6730884645669288
 30
0
 11
7.3135727559055113
 21
-3.6770828346456694
 31
0
  0
LINE
  5
542
330
22
100
AcDbEntity
  8
F.Paste
  6
CONTINUOUS
100
AcDbLine
 10
7.3135727559055113
 20
-3.6770828346456694
 30
0
 11
7.3075177952755901
 21
-3.680167992125984
 31
0
  0
LINE
  5
543
330
22
100
AcDbEntity
  8
F.Paste
  6
CONTINUOUS
100
AcDbLine
 10
7.3075177952755901
 20
-3.680167992125984
 30
0
 11
7.3010547244094486
 21
-3.682267992125984
 31
0
  0
LINE
  5
544
330
22
100
AcDbEntity
  8
F.Paste
  6
CONTINUOUS
100
AcDbLine
 10
7.3010547244094486
 20
-3.682267992125984
 30
0
 11
7.2943427165354331
 21
-3.6833310629921261
 31
0
  0
LINE
  5
545
330
22
100
AcDbEntity
  8
F.Paste
  6
CONTINUOUS
100
AcDbLine
 10
7.2943427165354331
 20
-3.6833310629921261
 30
0
 11
7.287547047244094
 21
-3.6833310629921261
 31
0
  0
LINE
  5
546
330
22
100
AcDbEntity
  8
F.Paste
  6
CONTINUOUS
100
AcDbLine
 10
7.287547047244094
 20
-3.6833310629921261
 30
0
 11
7.2808350393700785
 21
-3.682267992125984
 31
0
  0
LINE
  5
547
330
22
100
AcDbEntity
  8
F.Paste
  6
CONTINUOUS
100
AcDbLine
 10
7.2808350393700785
 20
-3.682267992125984
 30
0
 11
7.274371968503937
 21
-3.680167992125984
 31
0
  0
LINE
  5
548
330
22
100
AcDbEntity
  8
F.Paste
  6
CONTINUOUS
100
AcDbLine
 10
7.274371968503937
 20
-3.680167992125984
 30
0
 11
7.2683170078740158
 21
-3.6770828346456694
 31
0
  0
LINE
  5
549
330
22
100
AcDbEntity
  8
F.Paste
  6
CONTINUOUS
100
AcDbLine
 10
7.2683170078740158
 20
-3.6770828346456694
 30
0
 11
7.2628191732283467
 21
-3.6730884645669288
 31
0
  0
LINE
  5
54A
330
22
100
AcDbEntity
  8
F.Paste
  6
CONTINUOUS
100
AcDbLine
 10
7.2628191732283467
 20
-3.6730884645669288
 30
0
 11
7.2580138976377953
 21
-3.6682831889763778
 31
0
  0
LINE
  5
54B
330
22
100
AcDbEntity
  8
F.Paste
  6
CONTINUOUS
100
AcDbLine
 10
7.2580138976377953
 20
-3.6682831889763778
 30
0
 11
7.2540195275590547
 21
-3.6627853543307087
 31
0
  0
LINE
  5
54C
330
22
100
AcDbEntity
  8
F.Paste
  6
CONTINUOUS
100
AcDbLine
 10
7.2540195275590547
 20
-3.6627853543307087
 30
0
 11
7.2509343700787401
 21
-3.6567303937007871
 31
0
  0
LINE
  5
54D
330
22
100
AcDbEntity
  8
F.Paste
  6
CONTINUOUS
100
AcDbLine
 10
7.2509343700787401
 20
-3.6567303937007871
 30
0
 11
7.2488343700787397
 21
-3.6502673228346456
 31
0
  0
LINE
  5
54E
330
22
100
AcDbEntity
  8
F.Paste
  6
CONTINUOUS
100
AcDbLine
 10
7.2488343700787397
 20
-3.6502673228346456
 30
0
 11
7.247771299212598
 21
-3.6435553149606297
 31
0
  0
LINE
  5
54F
330
22
100
AcDbEntity
  8
F.Paste
  6
CONTINUOUS
100
AcDbLine
 10
7.247771299212598
 20
-3.6435553149606297
 30
0
 11
7.247771299212598
 21
-3.6367596456692914
 31
0
  0
LINE
  5
550
330
22
100
AcDbEntity
  8
F.Paste
  6
CONTINUOUS
100
AcDbLine
 10
7.247771299212598
 20
-3.6367596456692914
 30
0
 11
7.2488343700787397
 21
-3.6300476377952755
 31
0
  0
LINE
  5
551
330
22
100
AcDbEntity
  8
F.Paste
  6
CONTINUOUS
100
AcDbLine
 10
7.2488343700787397
 20
-3.6300476377952755
 30
0
 11
7.2509343700787401
 21
-3.6235845669291336
 31
0
  0
LINE
  5
552
330
22
100
AcDbEntity
  8
F.Paste
  6
CONTINUOUS
100
AcDbLine
 10
7.2509343700787401
 20
-3.6235845669291336
 30
0
 11
7.2540195275590547
 21
-3.6175296062992124
 31
0
  0
LINE
  5
553
330
22
100
AcDbEntity
  8
F.Paste
  6
CONTINUOUS
100
AcDbLine
 10
7.2540195275590547
 20
-3.6175296062992124
 30
0
 11
7.2580138976377953
 21
-3.6120317716535433
 31
0
  0
LINE
  5
554
330
22
100
AcDbEntity
  8
F.Paste
  6
CONTINUOUS
100
AcDbLine
 10
7.2580138976377953
 20
-3.6120317716535433
 30
0
 11
7.2628191732283467
 21
-3.6072264960629918
 31
0
  0
LINE
  5
555
330
22
100
AcDbEntity
  8
F.Paste
  6
CONTINUOUS
100
AcDbLine
 10
7.2628191732283467
 20
-3.6072264960629918
 30
0
 11
7.2683170078740158
 21
-3.6032321259842517
 31
0
  0
LINE
  5
556
330
22
100
AcDbEntity
  8
F.Paste
  6
CONTINUOUS
100
AcDbLine
 10
7.2683170078740158
 20
-3.6032321259842517
 30
0
 11
7.274371968503937
 21
-3.6001469685039371
 31
0
  0
LINE
  5
557
330
22
100
AcDbEntity
  8
F.Paste
  6
CONTINUOUS
100
AcDbLine
 10
7.274371968503937
 20
-3.6001469685039371
 30
0
 11
7.2808350393700785
 21
-3.5980469685039371
 31
0
  0
LINE
  5
558
330
22
100
AcDbEntity
  8
F.Paste
  6
CONTINUOUS
100
AcDbLine
 10
7.2808350393700785
 20
-3.5980469685039371
 30
0
 11
7.287547047244094
 21
-3.596983897637795
 31
0
  0
LINE
  5
559
330
22
100
AcDbEntity
  8
F.Paste
  6
CONTINUOUS
100
AcDbLine
 10
7.287547047244094
 20
-3.596983897637795
 30
0
 11
7.2943427165354331
 21
-3.596983897637795
 31
0
  0
LINE
  5
55A
330
22
100
AcDbEntity
  8
F.Paste
  6
CONTINUOUS
100
AcDbLine
 10
7.2943427165354331
 20
-3.596983897637795
 30
0
 11
7.3010547244094486
 21
-3.5980469685039371
 31
0
  0
LINE
  5
55B
330
22
100
AcDbEntity
  8
F.Paste
  6
CONTINUOUS
100
AcDbLine
 10
6.7955429133858267
 20
-3.4996217716535432
 30
0
 11
6.8020059842519682
 21
-3.5017217716535431
 31
0
  0
LINE
  5
55C
330
22
100
AcDbEntity
  8
F.Paste
  6
CONTINUOUS
100
AcDbLine
 10
6.8020059842519682
 20
-3.5017217716535431
 30
0
 11
6.8080609448818894
 21
-3.5048069291338582
 31
0
  0
LINE
  5
55D
330
22
100
AcDbEntity
  8
F.Paste
  6
CONTINUOUS
100
AcDbLine
 10
6.8080609448818894
 20
-3.5048069291338582
 30
0
 11
6.8135587795275585
 21
-3.5088012992125983
 31
0
  0
LINE
  5
55E
330
22
100
AcDbEntity
  8
F.Paste
  6
CONTINUOUS
100
AcDbLine
 10
6.8135587795275585
 20
-3.5088012992125983
 30
0
 11
6.8183640551181099
 21
-3.5136065748031493
 31
0
  0
LINE
  5
55F
330
22
100
AcDbEntity
  8
F.Paste
  6
CONTINUOUS
100
AcDbLine
 10
6.8183640551181099
 20
-3.5136065748031493
 30
0
 11
6.8223584251968505
 21
-3.5191044094488189
 31
0
  0
LINE
  5
560
330
22
100
AcDbEntity
  8
F.Paste
  6
CONTINUOUS
100
AcDbLine
 10
6.8223584251968505
 20
-3.5191044094488189
 30
0
 11
6.8254435826771651
 21
-3.52515937007874
 31
0
  0
LINE
  5
561
330
22
100
AcDbEntity
  8
F.Paste
  6
CONTINUOUS
100
AcDbLine
 10
6.8254435826771651
 20
-3.52515937007874
 30
0
 11
6.8275435826771655
 21
-3.531622440944882
 31
0
  0
LINE
  5
562
330
22
100
AcDbEntity
  8
F.Paste
  6
CONTINUOUS
100
AcDbLine
 10
6.8275435826771655
 20
-3.531622440944882
 30
0
 11
6.8286066535433072
 21
-3.5383344488188975
 31
0
  0
LINE
  5
563
330
22
100
AcDbEntity
  8
F.Paste
  6
CONTINUOUS
100
AcDbLine
 10
6.8286066535433072
 20
-3.5383344488188975
 30
0
 11
6.8286066535433072
 21
-3.5451301181102362
 31
0
  0
LINE
  5
564
330
22
100
AcDbEntity
  8
F.Paste
  6
CONTINUOUS
100
AcDbLine
 10
6.8286066535433072
 20
-3.5451301181102362
 30
0
 11
6.8275435826771655
 21
-3.5518421259842521
 31
0
  0
LINE
  5
565
330
22
100
AcDbEntity
  8
F.Paste
  6
CONTINUOUS
100
AcDbLine
 10
6.8275435826771655
 20
-3.5518421259842521
 30
0
 11
6.8254435826771651
 21
-3.5583051968503936
 31
0
  0
LINE
  5
566
330
22
100
AcDbEntity
  8
F.Paste
  6
CONTINUOUS
100
AcDbLine
 10
6.8254435826771651
 20
-3.5583051968503936
 30
0
 11
6.8223584251968505
 21
-3.5643601574803148
 31
0
  0
LINE
  5
567
330
22
100
AcDbEntity
  8
F.Paste
  6
CONTINUOUS
100
AcDbLine
 10
6.8223584251968505
 20
-3.5643601574803148
 30
0
 11
6.8183640551181099
 21
-3.5698579921259843
 31
0
  0
LINE
  5
568
330
22
100
AcDbEntity
  8
F.Paste
  6
CONTINUOUS
100
AcDbLine
 10
6.8183640551181099
 20
-3.5698579921259843
 30
0
 11
6.8135587795275585
 21
-3.5746632677165353
 31
0
  0
LINE
  5
569
330
22
100
AcDbEntity
  8
F.Paste
  6
CONTINUOUS
100
AcDbLine
 10
6.8135587795275585
 20
-3.5746632677165353
 30
0
 11
6.8080609448818894
 21
-3.5786576377952755
 31
0
  0
LINE
  5
56A
330
22
100
AcDbEntity
  8
F.Paste
  6
CONTINUOUS
100
AcDbLine
 10
6.8080609448818894
 20
-3.5786576377952755
 30
0
 11
6.8020059842519682
 21
-3.5817427952755905
 31
0
  0
LINE
  5
56B
330
22
100
AcDbEntity
  8
F.Paste
  6
CONTINUOUS
100
AcDbLine
 10
6.8020059842519682
 20
-3.5817427952755905
 30
0
 11
6.7955429133858267
 21
-3.5838427952755905
 31
0
  0
LINE
  5
56C
330
22
100
AcDbEntity
  8
F.Paste
  6
CONTINUOUS
100
AcDbLine
 10
6.7955429133858267
 20
-3.5838427952755905
 30
0
 11
6.7888309055118112
 21
-3.5849058661417321
 31
0
  0
LINE
  5
56D
330
22
100
AcDbEntity
  8
F.Paste
  6
CONTINUOUS
100
AcDbLine
 10
6.7888309055118112
 20
-3.5849058661417321
 30
0
 11
6.7820352362204721
 21
-3.5849058661417321
 31
0
  0
LINE
  5
56E
330
22
100
AcDbEntity
  8
F.Paste
  6
CONTINUOUS
100
AcDbLine
 10
6.7820352362204721
 20
-3.5849058661417321
 30
0
 11
6.7753232283464566
 21
-3.5838427952755905
 31
0
  0
LINE
  5
56F
330
22
100
AcDbEntity
  8
F.Paste
  6
CONTINUOUS
100
AcDbLine
 10
6.7753232283464566
 20
-3.5838427952755905
 30
0
 11
6.7688601574803151
 21
-3.5817427952755905
 31
0
  0
LINE
  5
570
330
22
100
AcDbEntity
  8
F.Paste
  6
CONTINUOUS
100
AcDbLine
 10
6.7688601574803151
 20
-3.5817427952755905
 30
0
 11
6.7628051968503939
 21
-3.5786576377952755
 31
0
  0
LINE
  5
571
330
22
100
AcDbEntity
  8
F.Paste
  6
CONTINUOUS
100
AcDbLine
 10
6.7628051968503939
 20
-3.5786576377952755
 30
0
 11
6.7573073622047239
 21
-3.5746632677165353
 31
0
  0
LINE
  5
572
330
22
100
AcDbEntity
  8
F.Paste
  6
CONTINUOUS
100
AcDbLine
 10
6.7573073622047239
 20
-3.5746632677165353
 30
0
 11
6.7525020866141734
 21
-3.5698579921259843
 31
0
  0
LINE
  5
573
330
22
100
AcDbEntity
  8
F.Paste
  6
CONTINUOUS
100
AcDbLine
 10
6.7525020866141734
 20
-3.5698579921259843
 30
0
 11
6.7485077165354328
 21
-3.5643601574803148
 31
0
  0
LINE
  5
574
330
22
100
AcDbEntity
  8
F.Paste
  6
CONTINUOUS
100
AcDbLine
 10
6.7485077165354328
 20
-3.5643601574803148
 30
0
 11
6.7454225590551182
 21
-3.5583051968503936
 31
0
  0
LINE
  5
575
330
22
100
AcDbEntity
  8
F.Paste
  6
CONTINUOUS
100
AcDbLine
 10
6.7454225590551182
 20
-3.5583051968503936
 30
0
 11
6.7433225590551178
 21
-3.5518421259842521
 31
0
  0
LINE
  5
576
330
22
100
AcDbEntity
  8
F.Paste
  6
CONTINUOUS
100
AcDbLine
 10
6.7433225590551178
 20
-3.5518421259842521
 30
0
 11
6.7422594881889761
 21
-3.5451301181102362
 31
0
  0
LINE
  5
577
330
22
100
AcDbEntity
  8
F.Paste
  6
CONTINUOUS
100
AcDbLine
 10
6.7422594881889761
 20
-3.5451301181102362
 30
0
 11
6.7422594881889761
 21
-3.5383344488188975
 31
0
  0
LINE
  5
578
330
22
100
AcDbEntity
  8
F.Paste
  6
CONTINUOUS
100
AcDbLine
 10
6.7422594881889761
 20
-3.5383344488188975
 30
0
 11
6.7433225590551178
 21
-3.531622440944882
 31
0
  0
LINE
  5
579
330
22
100
AcDbEntity
  8
F.Paste
  6
CONTINUOUS
100
AcDbLine
 10
6.7433225590551178
 20
-3.531622440944882
 30
0
 11
6.7454225590551182
 21
-3.52515937007874
 31
0
  0
LINE
  5
57A
330
22
100
AcDbEntity
  8
F.Paste
  6
CONTINUOUS
100
AcDbLine
 10
6.7454225590551182
 20
-3.52515937007874
 30
0
 11
6.7485077165354328
 21
-3.5191044094488189
 31
0
  0
LINE
  5
57B
330
22
100
AcDbEntity
  8
F.Paste
  6
CONTINUOUS
100
AcDbLine
 10
6.7485077165354328
 20
-3.5191044094488189
 30
0
 11
6.7525020866141734
 21
-3.5136065748031493
 31
0
  0
LINE
  5
57C
330
22
100
AcDbEntity
  8
F.Paste
  6
CONTINUOUS
100
AcDbLine
 10
6.7525020866141734
 20
-3.5136065748031493
 30
0
 11
6.7573073622047239
 21
-3.5088012992125983
 31
0
  0
LINE
  5
57D
330
22
100
AcDbEntity
  8
F.Paste
  6
CONTINUOUS
100
AcDbLine
 10
6.7573073622047239
 20
-3.5088012992125983
 30
0
 11
6.7628051968503939
 21
-3.5048069291338582
 31
0
  0
LINE
  5
57E
330
22
100
AcDbEntity
  8
F.Paste
  6
CONTINUOUS
100
AcDbLine
 10
6.7628051968503939
 20
-3.5048069291338582
 30
0
 11
6.7688601574803151
 21
-3.5017217716535431
 31
0
  0
LINE
  5
57F
330
22
100
AcDbEntity
  8
F.Paste
  6
CONTINUOUS
100
AcDbLine
 10
6.7688601574803151
 20
-3.5017217716535431
 30
0
 11
6.7753232283464566
 21
-3.4996217716535432
 31
0
  0
LINE
  5
580
330
22
100
AcDbEntity
  8
F.Paste
  6
CONTINUOUS
100
AcDbLine
 10
6.7753232283464566
 20
-3.4996217716535432
 30
0
 11
6.7820352362204721
 21
-3.4985587007874015
 31
0
  0
LINE
  5
581
330
22
100
AcDbEntity
  8
F.Paste
  6
CONTINUOUS
100
AcDbLine
 10
6.7820352362204721
 20
-3.4985587007874015
 30
0
 11
6.7888309055118112
 21
-3.4985587007874015
 31
0
  0
LINE
  5
582
330
22
100
AcDbEntity
  8
F.Paste
  6
CONTINUOUS
100
AcDbLine
 10
6.7888309055118112
 20
-3.4985587007874015
 30
0
 11
6.7955429133858267
 21
-3.4996217716535432
 31
0
  0
LINE
  5
583
330
22
100
AcDbEntity
  8
F.Paste
  6
CONTINUOUS
100
AcDbLine
 10
6.0353066929133856
 20
-3.498046968503937
 30
0
 11
6.0417697637795271
 21
-3.500146968503937
 31
0
  0
LINE
  5
584
330
22
100
AcDbEntity
  8
F.Paste
  6
CONTINUOUS
100
AcDbLine
 10
6.0417697637795271
 20
-3.500146968503937
 30
0
 11
6.0478247244094483
 21
-3.503232125984252
 31
0
  0
LINE
  5
585
330
22
100
AcDbEntity
  8
F.Paste
  6
CONTINUOUS
100
AcDbLine
 10
6.0478247244094483
 20
-3.503232125984252
 30
0
 11
6.0533225590551183
 21
-3.5072264960629922
 31
0
  0
LINE
  5
586
330
22
100
AcDbEntity
  8
F.Paste
  6
CONTINUOUS
100
AcDbLine
 10
6.0533225590551183
 20
-3.5072264960629922
 30
0
 11
6.0581278346456688
 21
-3.5120317716535432
 31
0
  0
LINE
  5
587
330
22
100
AcDbEntity
  8
F.Paste
  6
CONTINUOUS
100
AcDbLine
 10
6.0581278346456688
 20
-3.5120317716535432
 30
0
 11
6.0621222047244094
 21
-3.5175296062992123
 31
0
  0
LINE
  5
588
330
22
100
AcDbEntity
  8
F.Paste
  6
CONTINUOUS
100
AcDbLine
 10
6.0621222047244094
 20
-3.5175296062992123
 30
0
 11
6.065207362204724
 21
-3.5235845669291339
 31
0
  0
LINE
  5
589
330
22
100
AcDbEntity
  8
F.Paste
  6
CONTINUOUS
100
AcDbLine
 10
6.065207362204724
 20
-3.5235845669291339
 30
0
 11
6.0673073622047244
 21
-3.5300476377952754
 31
0
  0
LINE
  5
58A
330
22
100
AcDbEntity
  8
F.Paste
  6
CONTINUOUS
100
AcDbLine
 10
6.0673073622047244
 20
-3.5300476377952754
 30
0
 11
6.0683704330708661
 21
-3.5367596456692914
 31
0
  0
LINE
  5
58B
330
22
100
AcDbEntity
  8
F.Paste
  6
CONTINUOUS
100
AcDbLine
 10
6.0683704330708661
 20
-3.5367596456692914
 30
0
 11
6.0683704330708661
 21
-3.54355531496063
 31
0
  0
LINE
  5
58C
330
22
100
AcDbEntity
  8
F.Paste
  6
CONTINUOUS
100
AcDbLine
 10
6.0683704330708661
 20
-3.54355531496063
 30
0
 11
6.0673073622047244
 21
-3.5502673228346455
 31
0
  0
LINE
  5
58D
330
22
100
AcDbEntity
  8
F.Paste
  6
CONTINUOUS
100
AcDbLine
 10
6.0673073622047244
 20
-3.5502673228346455
 30
0
 11
6.065207362204724
 21
-3.5567303937007875
 31
0
  0
LINE
  5
58E
330
22
100
AcDbEntity
  8
F.Paste
  6
CONTINUOUS
100
AcDbLine
 10
6.065207362204724
 20
-3.5567303937007875
 30
0
 11
6.0621222047244094
 21
-3.5627853543307086
 31
0
  0
LINE
  5
58F
330
22
100
AcDbEntity
  8
F.Paste
  6
CONTINUOUS
100
AcDbLine
 10
6.0621222047244094
 20
-3.5627853543307086
 30
0
 11
6.0581278346456688
 21
-3.5682831889763778
 31
0
  0
LINE
  5
590
330
22
100
AcDbEntity
  8
F.Paste
  6
CONTINUOUS
100
AcDbLine
 10
6.0581278346456688
 20
-3.5682831889763778
 30
0
 11
6.0533225590551183
 21
-3.5730884645669292
 31
0
  0
LINE
  5
591
330
22
100
AcDbEntity
  8
F.Paste
  6
CONTINUOUS
100
AcDbLine
 10
6.0533225590551183
 20
-3.5730884645669292
 30
0
 11
6.0478247244094483
 21
-3.5770828346456693
 31
0
  0
LINE
  5
592
330
22
100
AcDbEntity
  8
F.Paste
  6
CONTINUOUS
100
AcDbLine
 10
6.0478247244094483
 20
-3.5770828346456693
 30
0
 11
6.0417697637795271
 21
-3.5801679921259844
 31
0
  0
LINE
  5
593
330
22
100
AcDbEntity
  8
F.Paste
  6
CONTINUOUS
100
AcDbLine
 10
6.0417697637795271
 20
-3.5801679921259844
 30
0
 11
6.0353066929133856
 21
-3.5822679921259843
 31
0
  0
LINE
  5
594
330
22
100
AcDbEntity
  8
F.Paste
  6
CONTINUOUS
100
AcDbLine
 10
6.0353066929133856
 20
-3.5822679921259843
 30
0
 11
6.0285946850393701
 21
-3.583331062992126
 31
0
  0
LINE
  5
595
330
22
100
AcDbEntity
  8
F.Paste
  6
CONTINUOUS
100
AcDbLine
 10
6.0285946850393701
 20
-3.583331062992126
 30
0
 11
6.021799015748031
 21
-3.583331062992126
 31
0
  0
LINE
  5
596
330
22
100
AcDbEntity
  8
F.Paste
  6
CONTINUOUS
100
AcDbLine
 10
6.021799015748031
 20
-3.583331062992126
 30
0
 11
6.0150870078740155
 21
-3.5822679921259843
 31
0
  0
LINE
  5
597
330
22
100
AcDbEntity
  8
F.Paste
  6
CONTINUOUS
100
AcDbLine
 10
6.0150870078740155
 20
-3.5822679921259843
 30
0
 11
6.008623937007874
 21
-3.5801679921259844
 31
0
  0
LINE
  5
598
330
22
100
AcDbEntity
  8
F.Paste
  6
CONTINUOUS
100
AcDbLine
 10
6.008623937007874
 20
-3.5801679921259844
 30
0
 11
6.0025689763779528
 21
-3.5770828346456693
 31
0
  0
LINE
  5
599
330
22
100
AcDbEntity
  8
F.Paste
  6
CONTINUOUS
100
AcDbLine
 10
6.0025689763779528
 20
-3.5770828346456693
 30
0
 11
5.9970711417322837
 21
-3.5730884645669292
 31
0
  0
LINE
  5
59A
330
22
100
AcDbEntity
  8
F.Paste
  6
CONTINUOUS
100
AcDbLine
 10
5.9970711417322837
 20
-3.5730884645669292
 30
0
 11
5.9922658661417323
 21
-3.5682831889763778
 31
0
  0
LINE
  5
59B
330
22
100
AcDbEntity
  8
F.Paste
  6
CONTINUOUS
100
AcDbLine
 10
5.9922658661417323
 20
-3.5682831889763778
 30
0
 11
5.9882714960629917
 21
-3.5627853543307086
 31
0
  0
LINE
  5
59C
330
22
100
AcDbEntity
  8
F.Paste
  6
CONTINUOUS
100
AcDbLine
 10
5.9882714960629917
 20
-3.5627853543307086
 30
0
 11
5.9851863385826771
 21
-3.5567303937007875
 31
0
  0
LINE
  5
59D
330
22
100
AcDbEntity
  8
F.Paste
  6
CONTINUOUS
100
AcDbLine
 10
5.9851863385826771
 20
-3.5567303937007875
 30
0
 11
5.9830863385826767
 21
-3.5502673228346455
 31
0
  0
LINE
  5
59E
330
22
100
AcDbEntity
  8
F.Paste
  6
CONTINUOUS
100
AcDbLine
 10
5.9830863385826767
 20
-3.5502673228346455
 30
0
 11
5.982023267716535
 21
-3.54355531496063
 31
0
  0
LINE
  5
59F
330
22
100
AcDbEntity
  8
F.Paste
  6
CONTINUOUS
100
AcDbLine
 10
5.982023267716535
 20
-3.54355531496063
 30
0
 11
5.982023267716535
 21
-3.5367596456692914
 31
0
  0
LINE
  5
5A0
330
22
100
AcDbEntity
  8
F.Paste
  6
CONTINUOUS
100
AcDbLine
 10
5.982023267716535
 20
-3.5367596456692914
 30
0
 11
5.9830863385826767
 21
-3.5300476377952754
 31
0
  0
LINE
  5
5A1
330
22
100
AcDbEntity
  8
F.Paste
  6
CONTINUOUS
100
AcDbLine
 10
5.9830863385826767
 20
-3.5300476377952754
 30
0
 11
5.9851863385826771
 21
-3.5235845669291339
 31
0
  0
LINE
  5
5A2
330
22
100
AcDbEntity
  8
F.Paste
  6
CONTINUOUS
100
AcDbLine
 10
5.9851863385826771
 20
-3.5235845669291339
 30
0
 11
5.9882714960629917
 21
-3.5175296062992123
 31
0
  0
LINE
  5
5A3
330
22
100
AcDbEntity
  8
F.Paste
  6
CONTINUOUS
100
AcDbLine
 10
5.9882714960629917
 20
-3.5175296062992123
 30
0
 11
5.9922658661417323
 21
-3.5120317716535432
 31
0
  0
LINE
  5
5A4
330
22
100
AcDbEntity
  8
F.Paste
  6
CONTINUOUS
100
AcDbLine
 10
5.9922658661417323
 20
-3.5120317716535432
 30
0
 11
5.9970711417322837
 21
-3.5072264960629922
 31
0
  0
LINE
  5
5A5
330
22
100
AcDbEntity
  8
F.Paste
  6
CONTINUOUS
100
AcDbLine
 10
5.9970711417322837
 20
-3.5072264960629922
 30
0
 11
6.0025689763779528
 21
-3.503232125984252
 31
0
  0
LINE
  5
5A6
330
22
100
AcDbEntity
  8
F.Paste
  6
CONTINUOUS
100
AcDbLine
 10
6.0025689763779528
 20
-3.503232125984252
 30
0
 11
6.008623937007874
 21
-3.500146968503937
 31
0
  0
LINE
  5
5A7
330
22
100
AcDbEntity
  8
F.Paste
  6
CONTINUOUS
100
AcDbLine
 10
6.008623937007874
 20
-3.500146968503937
 30
0
 11
6.0150870078740155
 21
-3.498046968503937
 31
0
  0
LINE
  5
5A8
330
22
100
AcDbEntity
  8
F.Paste
  6
CONTINUOUS
100
AcDbLine
 10
6.0150870078740155
 20
-3.498046968503937
 30
0
 11
6.021799015748031
 21
-3.4969838976377954
 31
0
  0
LINE
  5
5A9
330
22
100
AcDbEntity
  8
F.Paste
  6
CONTINUOUS
100
AcDbLine
 10
6.021799015748031
 20
-3.4969838976377954
 30
0
 11
6.0285946850393701
 21
-3.4969838976377954
 31
0
  0
LINE
  5
5AA
330
22
100
AcDbEntity
  8
F.Paste
  6
CONTINUOUS
100
AcDbLine
 10
6.0285946850393701
 20
-3.4969838976377954
 30
0
 11
6.0353066929133856
 21
-3.498046968503937
 31
0
  0
LINE
  5
5AB
330
22
100
AcDbEntity
  8
F.Paste
  6
CONTINUOUS
100
AcDbLine
 10
7.5510547244094486
 20
-3.498046968503937
 30
0
 11
7.5575177952755901
 21
-3.500146968503937
 31
0
  0
LINE
  5
5AC
330
22
100
AcDbEntity
  8
F.Paste
  6
CONTINUOUS
100
AcDbLine
 10
7.5575177952755901
 20
-3.500146968503937
 30
0
 11
7.5635727559055113
 21
-3.503232125984252
 31
0
  0
LINE
  5
5AD
330
22
100
AcDbEntity
  8
F.Paste
  6
CONTINUOUS
100
AcDbLine
 10
7.5635727559055113
 20
-3.503232125984252
 30
0
 11
7.5690705905511813
 21
-3.5072264960629922
 31
0
  0
LINE
  5
5AE
330
22
100
AcDbEntity
  8
F.Paste
  6
CONTINUOUS
100
AcDbLine
 10
7.5690705905511813
 20
-3.5072264960629922
 30
0
 11
7.5738758661417318
 21
-3.5120317716535432
 31
0
  0
LINE
  5
5AF
330
22
100
AcDbEntity
  8
F.Paste
  6
CONTINUOUS
100
AcDbLine
 10
7.5738758661417318
 20
-3.5120317716535432
 30
0
 11
7.5778702362204724
 21
-3.5175296062992123
 31
0
  0
LINE
  5
5B0
330
22
100
AcDbEntity
  8
F.Paste
  6
CONTINUOUS
100
AcDbLine
 10
7.5778702362204724
 20
-3.5175296062992123
 30
0
 11
7.580955393700787
 21
-3.5235845669291339
 31
0
  0
LINE
  5
5B1
330
22
100
AcDbEntity
  8
F.Paste
  6
CONTINUOUS
100
AcDbLine
 10
7.580955393700787
 20
-3.5235845669291339
 30
0
 11
7.5830553937007874
 21
-3.5300476377952754
 31
0
  0
LINE
  5
5B2
330
22
100
AcDbEntity
  8
F.Paste
  6
CONTINUOUS
100
AcDbLine
 10
7.5830553937007874
 20
-3.5300476377952754
 30
0
 11
7.5841184645669291
 21
-3.5367596456692914
 31
0
  0
LINE
  5
5B3
330
22
100
AcDbEntity
  8
F.Paste
  6
CONTINUOUS
100
AcDbLine
 10
7.5841184645669291
 20
-3.5367596456692914
 30
0
 11
7.5841184645669291
 21
-3.54355531496063
 31
0
  0
LINE
  5
5B4
330
22
100
AcDbEntity
  8
F.Paste
  6
CONTINUOUS
100
AcDbLine
 10
7.5841184645669291
 20
-3.54355531496063
 30
0
 11
7.5830553937007874
 21
-3.5502673228346455
 31
0
  0
LINE
  5
5B5
330
22
100
AcDbEntity
  8
F.Paste
  6
CONTINUOUS
100
AcDbLine
 10
7.5830553937007874
 20
-3.5502673228346455
 30
0
 11
7.580955393700787
 21
-3.5567303937007875
 31
0
  0
LINE
  5
5B6
330
22
100
AcDbEntity
  8
F.Paste
  6
CONTINUOUS
100
AcDbLine
 10
7.580955393700787
 20
-3.5567303937007875
 30
0
 11
7.5778702362204724
 21
-3.5627853543307086
 31
0
  0
LINE
  5
5B7
330
22
100
AcDbEntity
  8
F.Paste
  6
CONTINUOUS
100
AcDbLine
 10
7.5778702362204724
 20
-3.5627853543307086
 30
0
 11
7.5738758661417318
 21
-3.5682831889763778
 31
0
  0
LINE
  5
5B8
330
22
100
AcDbEntity
  8
F.Paste
  6
CONTINUOUS
100
AcDbLine
 10
7.5738758661417318
 20
-3.5682831889763778
 30
0
 11
7.5690705905511813
 21
-3.5730884645669292
 31
0
  0
LINE
  5
5B9
330
22
100
AcDbEntity
  8
F.Paste
  6
CONTINUOUS
100
AcDbLine
 10
7.5690705905511813
 20
-3.5730884645669292
 30
0
 11
7.5635727559055113
 21
-3.5770828346456693
 31
0
  0
LINE
  5
5BA
330
22
100
AcDbEntity
  8
F.Paste
  6
CONTINUOUS
100
AcDbLine
 10
7.5635727559055113
 20
-3.5770828346456693
 30
0
 11
7.5575177952755901
 21
-3.5801679921259844
 31
0
  0
LINE
  5
5BB
330
22
100
AcDbEntity
  8
F.Paste
  6
CONTINUOUS
100
AcDbLine
 10
7.5575177952755901
 20
-3.5801679921259844
 30
0
 11
7.5510547244094486
 21
-3.5822679921259843
 31
0
  0
LINE
  5
5BC
330
22
100
AcDbEntity
  8
F.Paste
  6
CONTINUOUS
100
AcDbLine
 10
7.5510547244094486
 20
-3.5822679921259843
 30
0
 11
7.5443427165354331
 21
-3.583331062992126
 31
0
  0
LINE
  5
5BD
330
22
100
AcDbEntity
  8
F.Paste
  6
CONTINUOUS
100
AcDbLine
 10
7.5443427165354331
 20
-3.583331062992126
 30
0
 11
7.537547047244094
 21
-3.583331062992126
 31
0
  0
LINE
  5
5BE
330
22
100
AcDbEntity
  8
F.Paste
  6
CONTINUOUS
100
AcDbLine
 10
7.537547047244094
 20
-3.583331062992126
 30
0
 11
7.5308350393700785
 21
-3.5822679921259843
 31
0
  0
LINE
  5
5BF
330
22
100
AcDbEntity
  8
F.Paste
  6
CONTINUOUS
100
AcDbLine
 10
7.5308350393700785
 20
-3.5822679921259843
 30
0
 11
7.524371968503937
 21
-3.5801679921259844
 31
0
  0
LINE
  5
5C0
330
22
100
AcDbEntity
  8
F.Paste
  6
CONTINUOUS
100
AcDbLine
 10
7.524371968503937
 20
-3.5801679921259844
 30
0
 11
7.5183170078740158
 21
-3.5770828346456693
 31
0
  0
LINE
  5
5C1
330
22
100
AcDbEntity
  8
F.Paste
  6
CONTINUOUS
100
AcDbLine
 10
7.5183170078740158
 20
-3.5770828346456693
 30
0
 11
7.5128191732283467
 21
-3.5730884645669292
 31
0
  0
LINE
  5
5C2
330
22
100
AcDbEntity
  8
F.Paste
  6
CONTINUOUS
100
AcDbLine
 10
7.5128191732283467
 20
-3.5730884645669292
 30
0
 11
7.5080138976377953
 21
-3.5682831889763778
 31
0
  0
LINE
  5
5C3
330
22
100
AcDbEntity
  8
F.Paste
  6
CONTINUOUS
100
AcDbLine
 10
7.5080138976377953
 20
-3.5682831889763778
 30
0
 11
7.5040195275590547
 21
-3.5627853543307086
 31
0
  0
LINE
  5
5C4
330
22
100
AcDbEntity
  8
F.Paste
  6
CONTINUOUS
100
AcDbLine
 10
7.5040195275590547
 20
-3.5627853543307086
 30
0
 11
7.5009343700787401
 21
-3.5567303937007875
 31
0
  0
LINE
  5
5C5
330
22
100
AcDbEntity
  8
F.Paste
  6
CONTINUOUS
100
AcDbLine
 10
7.5009343700787401
 20
-3.5567303937007875
 30
0
 11
7.4988343700787397
 21
-3.5502673228346455
 31
0
  0
LINE
  5
5C6
330
22
100
AcDbEntity
  8
F.Paste
  6
CONTINUOUS
100
AcDbLine
 10
7.4988343700787397
 20
-3.5502673228346455
 30
0
 11
7.497771299212598
 21
-3.54355531496063
 31
0
  0
LINE
  5
5C7
330
22
100
AcDbEntity
  8
F.Paste
  6
CONTINUOUS
100
AcDbLine
 10
7.497771299212598
 20
-3.54355531496063
 30
0
 11
7.497771299212598
 21
-3.5367596456692914
 31
0
  0
LINE
  5
5C8
330
22
100
AcDbEntity
  8
F.Paste
  6
CONTINUOUS
100
AcDbLine
 10
7.497771299212598
 20
-3.5367596456692914
 30
0
 11
7.4988343700787397
 21
-3.5300476377952754
 31
0
  0
LINE
  5
5C9
330
22
100
AcDbEntity
  8
F.Paste
  6
CONTINUOUS
100
AcDbLine
 10
7.4988343700787397
 20
-3.5300476377952754
 30
0
 11
7.5009343700787401
 21
-3.5235845669291339
 31
0
  0
LINE
  5
5CA
330
22
100
AcDbEntity
  8
F.Paste
  6
CONTINUOUS
100
AcDbLine
 10
7.5009343700787401
 20
-3.5235845669291339
 30
0
 11
7.5040195275590547
 21
-3.5175296062992123
 31
0
  0
LINE
  5
5CB
330
22
100
AcDbEntity
  8
F.Paste
  6
CONTINUOUS
100
AcDbLine
 10
7.5040195275590547
 20
-3.5175296062992123
 30
0
 11
7.5080138976377953
 21
-3.5120317716535432
 31
0
  0
LINE
  5
5CC
330
22
100
AcDbEntity
  8
F.Paste
  6
CONTINUOUS
100
AcDbLine
 10
7.5080138976377953
 20
-3.5120317716535432
 30
0
 11
7.5128191732283467
 21
-3.5072264960629922
 31
0
  0
LINE
  5
5CD
330
22
100
AcDbEntity
  8
F.Paste
  6
CONTINUOUS
100
AcDbLine
 10
7.5128191732283467
 20
-3.5072264960629922
 30
0
 11
7.5183170078740158
 21
-3.503232125984252
 31
0
  0
LINE
  5
5CE
330
22
100
AcDbEntity
  8
F.Paste
  6
CONTINUOUS
100
AcDbLine
 10
7.5183170078740158
 20
-3.503232125984252
 30
0
 11
7.524371968503937
 21
-3.500146968503937
 31
0
  0
LINE
  5
5CF
330
22
100
AcDbEntity
  8
F.Paste
  6
CONTINUOUS
100
AcDbLine
 10
7.524371968503937
 20
-3.500146968503937
 30
0
 11
7.5308350393700785
 21
-3.498046968503937
 31
0
  0
LINE
  5
5D0
330
22
100
AcDbEntity
  8
F.Paste
  6
CONTINUOUS
100
AcDbLine
 10
7.5308350393700785
 20
-3.498046968503937
 30
0
 11
7.537547047244094
 21
-3.4969838976377954
 31
0
  0
LINE
  5
5D1
330
22
100
AcDbEntity
  8
F.Paste
  6
CONTINUOUS
100
AcDbLine
 10
7.537547047244094
 20
-3.4969838976377954
 30
0
 11
7.5443427165354331
 21
-3.4969838976377954
 31
0
  0
LINE
  5
5D2
330
22
100
AcDbEntity
  8
F.Paste
  6
CONTINUOUS
100
AcDbLine
 10
7.5443427165354331
 20
-3.4969838976377954
 30
0
 11
7.5510547244094486
 21
-3.498046968503937
 31
0
  0
LINE
  5
5D3
330
22
100
AcDbEntity
  8
F.Paste
  6
CONTINUOUS
100
AcDbLine
 10
4.676508464566929
 20
-3.2044918503937008
 30
0
 11
4.6829425984251971
 21
-3.2057716929133857
 31
0
  0
LINE
  5
5D4
330
22
100
AcDbEntity
  8
F.Paste
  6
CONTINUOUS
100
AcDbLine
 10
4.6829425984251971
 20
-3.2057716929133857
 30
0
 11
4.6890034251968506
 21
-3.2082821653543308
 31
0
  0
LINE
  5
5D5
330
22
100
AcDbEntity
  8
F.Paste
  6
CONTINUOUS
100
AcDbLine
 10
4.6890034251968506
 20
-3.2082821653543308
 30
0
 11
4.6944580314960627
 21
-3.2119268110236221
 31
0
  0
LINE
  5
5D6
330
22
100
AcDbEntity
  8
F.Paste
  6
CONTINUOUS
100
AcDbLine
 10
4.6944580314960627
 20
-3.2119268110236221
 30
0
 11
4.6990968110236215
 21
-3.216565590551181
 31
0
  0
LINE
  5
5D7
330
22
100
AcDbEntity
  8
F.Paste
  6
CONTINUOUS
100
AcDbLine
 10
4.6990968110236215
 20
-3.216565590551181
 30
0
 11
4.7027414566929133
 21
-3.2220201968503934
 31
0
  0
LINE
  5
5D8
330
22
100
AcDbEntity
  8
F.Paste
  6
CONTINUOUS
100
AcDbLine
 10
4.7027414566929133
 20
-3.2220201968503934
 30
0
 11
4.7052519291338584
 21
-3.228081023622047
 31
0
  0
LINE
  5
5D9
330
22
100
AcDbEntity
  8
F.Paste
  6
CONTINUOUS
100
AcDbLine
 10
4.7052519291338584
 20
-3.228081023622047
 30
0
 11
4.7065317716535429
 21
-3.234515157480315
 31
0
  0
LINE
  5
5DA
330
22
100
AcDbEntity
  8
F.Paste
  6
CONTINUOUS
100
AcDbLine
 10
4.7065317716535429
 20
-3.234515157480315
 30
0
 11
4.7065317716535429
 21
-3.2410753937007875
 31
0
  0
LINE
  5
5DB
330
22
100
AcDbEntity
  8
F.Paste
  6
CONTINUOUS
100
AcDbLine
 10
4.7065317716535429
 20
-3.2410753937007875
 30
0
 11
4.7052519291338584
 21
-3.2475095275590551
 31
0
  0
LINE
  5
5DC
330
22
100
AcDbEntity
  8
F.Paste
  6
CONTINUOUS
100
AcDbLine
 10
4.7052519291338584
 20
-3.2475095275590551
 30
0
 11
4.7027414566929133
 21
-3.2535703543307086
 31
0
  0
LINE
  5
5DD
330
22
100
AcDbEntity
  8
F.Paste
  6
CONTINUOUS
100
AcDbLine
 10
4.7027414566929133
 20
-3.2535703543307086
 30
0
 11
4.6990968110236215
 21
-3.2590249606299211
 31
0
  0
LINE
  5
5DE
330
22
100
AcDbEntity
  8
F.Paste
  6
CONTINUOUS
100
AcDbLine
 10
4.6990968110236215
 20
-3.2590249606299211
 30
0
 11
4.6944580314960627
 21
-3.2636637401574804
 31
0
  0
LINE
  5
5DF
330
22
100
AcDbEntity
  8
F.Paste
  6
CONTINUOUS
100
AcDbLine
 10
4.6944580314960627
 20
-3.2636637401574804
 30
0
 11
4.6890034251968506
 21
-3.2673083858267717
 31
0
  0
LINE
  5
5E0
330
22
100
AcDbEntity
  8
F.Paste
  6
CONTINUOUS
100
AcDbLine
 10
4.6890034251968506
 20
-3.2673083858267717
 30
0
 11
4.6829425984251971
 21
-3.2698188582677163
 31
0
  0
LINE
  5
5E1
330
22
100
AcDbEntity
  8
F.Paste
  6
CONTINUOUS
100
AcDbLine
 10
4.6829425984251971
 20
-3.2698188582677163
 30
0
 11
4.676508464566929
 21
-3.2710987007874013
 31
0
  0
LINE
  5
5E2
330
22
100
AcDbEntity
  8
F.Paste
  6
CONTINUOUS
100
AcDbLine
 10
4.676508464566929
 20
-3.2710987007874013
 30
0
 11
4.6732283464566926
 21
-3.2712598425196848
 31
0
  0
LINE
  5
5E3
330
22
100
AcDbEntity
  8
F.Paste
  6
CONTINUOUS
100
AcDbLine
 10
4.6732283464566926
 20
-3.2712598425196848
 30
0
 11
4.5984251968503935
 21
-3.2712598425196848
 31
0
  0
LINE
  5
5E4
330
22
100
AcDbEntity
  8
F.Paste
  6
CONTINUOUS
100
AcDbLine
 10
4.5984251968503935
 20
-3.2712598425196848
 30
0
 11
4.5951450787401571
 21
-3.2710987007874013
 31
0
  0
LINE
  5
5E5
330
22
100
AcDbEntity
  8
F.Paste
  6
CONTINUOUS
100
AcDbLine
 10
4.5951450787401571
 20
-3.2710987007874013
 30
0
 11
4.5887109448818899
 21
-3.2698188582677163
 31
0
  0
LINE
  5
5E6
330
22
100
AcDbEntity
  8
F.Paste
  6
CONTINUOUS
100
AcDbLine
 10
4.5887109448818899
 20
-3.2698188582677163
 30
0
 11
4.5826501181102364
 21
-3.2673083858267717
 31
0
  0
LINE
  5
5E7
330
22
100
AcDbEntity
  8
F.Paste
  6
CONTINUOUS
100
AcDbLine
 10
4.5826501181102364
 20
-3.2673083858267717
 30
0
 11
4.5771955118110235
 21
-3.2636637401574804
 31
0
  0
LINE
  5
5E8
330
22
100
AcDbEntity
  8
F.Paste
  6
CONTINUOUS
100
AcDbLine
 10
4.5771955118110235
 20
-3.2636637401574804
 30
0
 11
4.5725567322834646
 21
-3.2590249606299211
 31
0
  0
LINE
  5
5E9
330
22
100
AcDbEntity
  8
F.Paste
  6
CONTINUOUS
100
AcDbLine
 10
4.5725567322834646
 20
-3.2590249606299211
 30
0
 11
4.5689120866141728
 21
-3.2535703543307086
 31
0
  0
LINE
  5
5EA
330
22
100
AcDbEntity
  8
F.Paste
  6
CONTINUOUS
100
AcDbLine
 10
4.5689120866141728
 20
-3.2535703543307086
 30
0
 11
4.5664016141732287
 21
-3.2475095275590551
 31
0
  0
LINE
  5
5EB
330
22
100
AcDbEntity
  8
F.Paste
  6
CONTINUOUS
100
AcDbLine
 10
4.5664016141732287
 20
-3.2475095275590551
 30
0
 11
4.5651217716535433
 21
-3.2410753937007875
 31
0
  0
LINE
  5
5EC
330
22
100
AcDbEntity
  8
F.Paste
  6
CONTINUOUS
100
AcDbLine
 10
4.5651217716535433
 20
-3.2410753937007875
 30
0
 11
4.5651217716535433
 21
-3.234515157480315
 31
0
  0
LINE
  5
5ED
330
22
100
AcDbEntity
  8
F.Paste
  6
CONTINUOUS
100
AcDbLine
 10
4.5651217716535433
 20
-3.234515157480315
 30
0
 11
4.5664016141732287
 21
-3.228081023622047
 31
0
  0
LINE
  5
5EE
330
22
100
AcDbEntity
  8
F.Paste
  6
CONTINUOUS
100
AcDbLine
 10
4.5664016141732287
 20
-3.228081023622047
 30
0
 11
4.5689120866141728
 21
-3.2220201968503934
 31
0
  0
LINE
  5
5EF
330
22
100
AcDbEntity
  8
F.Paste
  6
CONTINUOUS
100
AcDbLine
 10
4.5689120866141728
 20
-3.2220201968503934
 30
0
 11
4.5725567322834646
 21
-3.216565590551181
 31
0
  0
LINE
  5
5F0
330
22
100
AcDbEntity
  8
F.Paste
  6
CONTINUOUS
100
AcDbLine
 10
4.5725567322834646
 20
-3.216565590551181
 30
0
 11
4.5771955118110235
 21
-3.2119268110236221
 31
0
  0
LINE
  5
5F1
330
22
100
AcDbEntity
  8
F.Paste
  6
CONTINUOUS
100
AcDbLine
 10
4.5771955118110235
 20
-3.2119268110236221
 30
0
 11
4.5826501181102364
 21
-3.2082821653543308
 31
0
  0
LINE
  5
5F2
330
22
100
AcDbEntity
  8
F.Paste
  6
CONTINUOUS
100
AcDbLine
 10
4.5826501181102364
 20
-3.2082821653543308
 30
0
 11
4.5887109448818899
 21
-3.2057716929133857
 31
0
  0
LINE
  5
5F3
330
22
100
AcDbEntity
  8
F.Paste
  6
CONTINUOUS
100
AcDbLine
 10
4.5887109448818899
 20
-3.2057716929133857
 30
0
 11
4.5951450787401571
 21
-3.2044918503937008
 31
0
  0
LINE
  5
5F4
330
22
100
AcDbEntity
  8
F.Paste
  6
CONTINUOUS
100
AcDbLine
 10
4.5951450787401571
 20
-3.2044918503937008
 30
0
 11
4.5984251968503935
 21
-3.2043307086614172
 31
0
  0
LINE
  5
5F5
330
22
100
AcDbEntity
  8
F.Paste
  6
CONTINUOUS
100
AcDbLine
 10
4.5984251968503935
 20
-3.2043307086614172
 30
0
 11
4.6732283464566926
 21
-3.2043307086614172
 31
0
  0
LINE
  5
5F6
330
22
100
AcDbEntity
  8
F.Paste
  6
CONTINUOUS
100
AcDbLine
 10
4.6732283464566926
 20
-3.2043307086614172
 30
0
 11
4.676508464566929
 21
-3.2044918503937008
 31
0
  0
LINE
  5
5F7
330
22
100
AcDbEntity
  8
F.Paste
  6
CONTINUOUS
100
AcDbLine
 10
5.3556423228346457
 20
-3.2044918503937008
 30
0
 11
5.3620764566929129
 21
-3.2057716929133857
 31
0
  0
LINE
  5
5F8
330
22
100
AcDbEntity
  8
F.Paste
  6
CONTINUOUS
100
AcDbLine
 10
5.3620764566929129
 20
-3.2057716929133857
 30
0
 11
5.3681372834645664
 21
-3.2082821653543308
 31
0
  0
LINE
  5
5F9
330
22
100
AcDbEntity
  8
F.Paste
  6
CONTINUOUS
100
AcDbLine
 10
5.3681372834645664
 20
-3.2082821653543308
 30
0
 11
5.3735918897637793
 21
-3.2119268110236221
 31
0
  0
LINE
  5
5FA
330
22
100
AcDbEntity
  8
F.Paste
  6
CONTINUOUS
100
AcDbLine
 10
5.3735918897637793
 20
-3.2119268110236221
 30
0
 11
5.3782306692913382
 21
-3.216565590551181
 31
0
  0
LINE
  5
5FB
330
22
100
AcDbEntity
  8
F.Paste
  6
CONTINUOUS
100
AcDbLine
 10
5.3782306692913382
 20
-3.216565590551181
 30
0
 11
5.38187531496063
 21
-3.2220201968503934
 31
0
  0
LINE
  5
5FC
330
22
100
AcDbEntity
  8
F.Paste
  6
CONTINUOUS
100
AcDbLine
 10
5.38187531496063
 20
-3.2220201968503934
 30
0
 11
5.384385787401575
 21
-3.228081023622047
 31
0
  0
LINE
  5
5FD
330
22
100
AcDbEntity
  8
F.Paste
  6
CONTINUOUS
100
AcDbLine
 10
5.384385787401575
 20
-3.228081023622047
 30
0
 11
5.3856656299212595
 21
-3.234515157480315
 31
0
  0
LINE
  5
5FE
330
22
100
AcDbEntity
  8
F.Paste
  6
CONTINUOUS
100
AcDbLine
 10
5.3856656299212595
 20
-3.234515157480315
 30
0
 11
5.3856656299212595
 21
-3.2410753937007875
 31
0
  0
LINE
  5
5FF
330
22
100
AcDbEntity
  8
F.Paste
  6
CONTINUOUS
100
AcDbLine
 10
5.3856656299212595
 20
-3.2410753937007875
 30
0
 11
5.384385787401575
 21
-3.2475095275590551
 31
0
  0
LINE
  5
600
330
22
100
AcDbEntity
  8
F.Paste
  6
CONTINUOUS
100
AcDbLine
 10
5.384385787401575
 20
-3.2475095275590551
 30
0
 11
5.38187531496063
 21
-3.2535703543307086
 31
0
  0
LINE
  5
601
330
22
100
AcDbEntity
  8
F.Paste
  6
CONTINUOUS
100
AcDbLine
 10
5.38187531496063
 20
-3.2535703543307086
 30
0
 11
5.3782306692913382
 21
-3.2590249606299211
 31
0
  0
LINE
  5
602
330
22
100
AcDbEntity
  8
F.Paste
  6
CONTINUOUS
100
AcDbLine
 10
5.3782306692913382
 20
-3.2590249606299211
 30
0
 11
5.3735918897637793
 21
-3.2636637401574804
 31
0
  0
LINE
  5
603
330
22
100
AcDbEntity
  8
F.Paste
  6
CONTINUOUS
100
AcDbLine
 10
5.3735918897637793
 20
-3.2636637401574804
 30
0
 11
5.3681372834645664
 21
-3.2673083858267717
 31
0
  0
LINE
  5
604
330
22
100
AcDbEntity
  8
F.Paste
  6
CONTINUOUS
100
AcDbLine
 10
5.3681372834645664
 20
-3.2673083858267717
 30
0
 11
5.3620764566929129
 21
-3.2698188582677163
 31
0
  0
LINE
  5
605
330
22
100
AcDbEntity
  8
F.Paste
  6
CONTINUOUS
100
AcDbLine
 10
5.3620764566929129
 20
-3.2698188582677163
 30
0
 11
5.3556423228346457
 21
-3.2710987007874013
 31
0
  0
LINE
  5
606
330
22
100
AcDbEntity
  8
F.Paste
  6
CONTINUOUS
100
AcDbLine
 10
5.3556423228346457
 20
-3.2710987007874013
 30
0
 11
5.3523622047244093
 21
-3.2712598425196848
 31
0
  0
LINE
  5
607
330
22
100
AcDbEntity
  8
F.Paste
  6
CONTINUOUS
100
AcDbLine
 10
5.3523622047244093
 20
-3.2712598425196848
 30
0
 11
5.2775590551181102
 21
-3.2712598425196848
 31
0
  0
LINE
  5
608
330
22
100
AcDbEntity
  8
F.Paste
  6
CONTINUOUS
100
AcDbLine
 10
5.2775590551181102
 20
-3.2712598425196848
 30
0
 11
5.2742789370078738
 21
-3.2710987007874013
 31
0
  0
LINE
  5
609
330
22
100
AcDbEntity
  8
F.Paste
  6
CONTINUOUS
100
AcDbLine
 10
5.2742789370078738
 20
-3.2710987007874013
 30
0
 11
5.2678448031496066
 21
-3.2698188582677163
 31
0
  0
LINE
  5
60A
330
22
100
AcDbEntity
  8
F.Paste
  6
CONTINUOUS
100
AcDbLine
 10
5.2678448031496066
 20
-3.2698188582677163
 30
0
 11
5.261783976377953
 21
-3.2673083858267717
 31
0
  0
LINE
  5
60B
330
22
100
AcDbEntity
  8
F.Paste
  6
CONTINUOUS
100
AcDbLine
 10
5.261783976377953
 20
-3.2673083858267717
 30
0
 11
5.2563293700787401
 21
-3.2636637401574804
 31
0
  0
LINE
  5
60C
330
22
100
AcDbEntity
  8
F.Paste
  6
CONTINUOUS
100
AcDbLine
 10
5.2563293700787401
 20
-3.2636637401574804
 30
0
 11
5.2516905905511813
 21
-3.2590249606299211
 31
0
  0
LINE
  5
60D
330
22
100
AcDbEntity
  8
F.Paste
  6
CONTINUOUS
100
AcDbLine
 10
5.2516905905511813
 20
-3.2590249606299211
 30
0
 11
5.2480459448818895
 21
-3.2535703543307086
 31
0
  0
LINE
  5
60E
330
22
100
AcDbEntity
  8
F.Paste
  6
CONTINUOUS
100
AcDbLine
 10
5.2480459448818895
 20
-3.2535703543307086
 30
0
 11
5.2455354724409444
 21
-3.2475095275590551
 31
0
  0
LINE
  5
60F
330
22
100
AcDbEntity
  8
F.Paste
  6
CONTINUOUS
100
AcDbLine
 10
5.2455354724409444
 20
-3.2475095275590551
 30
0
 11
5.2442556299212599
 21
-3.2410753937007875
 31
0
  0
LINE
  5
610
330
22
100
AcDbEntity
  8
F.Paste
  6
CONTINUOUS
100
AcDbLine
 10
5.2442556299212599
 20
-3.2410753937007875
 30
0
 11
5.2442556299212599
 21
-3.234515157480315
 31
0
  0
LINE
  5
611
330
22
100
AcDbEntity
  8
F.Paste
  6
CONTINUOUS
100
AcDbLine
 10
5.2442556299212599
 20
-3.234515157480315
 30
0
 11
5.2455354724409444
 21
-3.228081023622047
 31
0
  0
LINE
  5
612
330
22
100
AcDbEntity
  8
F.Paste
  6
CONTINUOUS
100
AcDbLine
 10
5.2455354724409444
 20
-3.228081023622047
 30
0
 11
5.2480459448818895
 21
-3.2220201968503934
 31
0
  0
LINE
  5
613
330
22
100
AcDbEntity
  8
F.Paste
  6
CONTINUOUS
100
AcDbLine
 10
5.2480459448818895
 20
-3.2220201968503934
 30
0
 11
5.2516905905511813
 21
-3.216565590551181
 31
0
  0
LINE
  5
614
330
22
100
AcDbEntity
  8
F.Paste
  6
CONTINUOUS
100
AcDbLine
 10
5.2516905905511813
 20
-3.216565590551181
 30
0
 11
5.2563293700787401
 21
-3.2119268110236221
 31
0
  0
LINE
  5
615
330
22
100
AcDbEntity
  8
F.Paste
  6
CONTINUOUS
100
AcDbLine
 10
5.2563293700787401
 20
-3.2119268110236221
 30
0
 11
5.261783976377953
 21
-3.2082821653543308
 31
0
  0
LINE
  5
616
330
22
100
AcDbEntity
  8
F.Paste
  6
CONTINUOUS
100
AcDbLine
 10
5.261783976377953
 20
-3.2082821653543308
 30
0
 11
5.2678448031496066
 21
-3.2057716929133857
 31
0
  0
LINE
  5
617
330
22
100
AcDbEntity
  8
F.Paste
  6
CONTINUOUS
100
AcDbLine
 10
5.2678448031496066
 20
-3.2057716929133857
 30
0
 11
5.2742789370078738
 21
-3.2044918503937008
 31
0
  0
LINE
  5
618
330
22
100
AcDbEntity
  8
F.Paste
  6
CONTINUOUS
100
AcDbLine
 10
5.2742789370078738
 20
-3.2044918503937008
 30
0
 11
5.2775590551181102
 21
-3.2043307086614172
 31
0
  0
LINE
  5
619
330
22
100
AcDbEntity
  8
F.Paste
  6
CONTINUOUS
100
AcDbLine
 10
5.2775590551181102
 20
-3.2043307086614172
 30
0
 11
5.3523622047244093
 21
-3.2043307086614172
 31
0
  0
LINE
  5
61A
330
22
100
AcDbEntity
  8
F.Paste
  6
CONTINUOUS
100
AcDbLine
 10
5.3523622047244093
 20
-3.2043307086614172
 30
0
 11
5.3556423228346457
 21
-3.2044918503937008
 31
0
  0
LINE
  5
61B
330
22
100
AcDbEntity
  8
F.Paste
  6
CONTINUOUS
100
AcDbLine
 10
4.676508464566929
 20
-3.1044918503937007
 30
0
 11
4.6829425984251971
 21
-3.1057716929133856
 31
0
  0
LINE
  5
61C
330
22
100
AcDbEntity
  8
F.Paste
  6
CONTINUOUS
100
AcDbLine
 10
4.6829425984251971
 20
-3.1057716929133856
 30
0
 11
4.6890034251968506
 21
-3.1082821653543307
 31
0
  0
LINE
  5
61D
330
22
100
AcDbEntity
  8
F.Paste
  6
CONTINUOUS
100
AcDbLine
 10
4.6890034251968506
 20
-3.1082821653543307
 30
0
 11
4.6944580314960627
 21
-3.111926811023622
 31
0
  0
LINE
  5
61E
330
22
100
AcDbEntity
  8
F.Paste
  6
CONTINUOUS
100
AcDbLine
 10
4.6944580314960627
 20
-3.111926811023622
 30
0
 11
4.6990968110236215
 21
-3.1165655905511809
 31
0
  0
LINE
  5
61F
330
22
100
AcDbEntity
  8
F.Paste
  6
CONTINUOUS
100
AcDbLine
 10
4.6990968110236215
 20
-3.1165655905511809
 30
0
 11
4.7027414566929133
 21
-3.1220201968503938
 31
0
  0
LINE
  5
620
330
22
100
AcDbEntity
  8
F.Paste
  6
CONTINUOUS
100
AcDbLine
 10
4.7027414566929133
 20
-3.1220201968503938
 30
0
 11
4.7052519291338584
 21
-3.1280810236220473
 31
0
  0
LINE
  5
621
330
22
100
AcDbEntity
  8
F.Paste
  6
CONTINUOUS
100
AcDbLine
 10
4.7052519291338584
 20
-3.1280810236220473
 30
0
 11
4.7065317716535429
 21
-3.134515157480315
 31
0
  0
LINE
  5
622
330
22
100
AcDbEntity
  8
F.Paste
  6
CONTINUOUS
100
AcDbLine
 10
4.7065317716535429
 20
-3.134515157480315
 30
0
 11
4.7065317716535429
 21
-3.1410753937007874
 31
0
  0
LINE
  5
623
330
22
100
AcDbEntity
  8
F.Paste
  6
CONTINUOUS
100
AcDbLine
 10
4.7065317716535429
 20
-3.1410753937007874
 30
0
 11
4.7052519291338584
 21
-3.147509527559055
 31
0
  0
LINE
  5
624
330
22
100
AcDbEntity
  8
F.Paste
  6
CONTINUOUS
100
AcDbLine
 10
4.7052519291338584
 20
-3.147509527559055
 30
0
 11
4.7027414566929133
 21
-3.1535703543307085
 31
0
  0
LINE
  5
625
330
22
100
AcDbEntity
  8
F.Paste
  6
CONTINUOUS
100
AcDbLine
 10
4.7027414566929133
 20
-3.1535703543307085
 30
0
 11
4.6990968110236215
 21
-3.159024960629921
 31
0
  0
LINE
  5
626
330
22
100
AcDbEntity
  8
F.Paste
  6
CONTINUOUS
100
AcDbLine
 10
4.6990968110236215
 20
-3.159024960629921
 30
0
 11
4.6944580314960627
 21
-3.1636637401574803
 31
0
  0
LINE
  5
627
330
22
100
AcDbEntity
  8
F.Paste
  6
CONTINUOUS
100
AcDbLine
 10
4.6944580314960627
 20
-3.1636637401574803
 30
0
 11
4.6890034251968506
 21
-3.1673083858267717
 31
0
  0
LINE
  5
628
330
22
100
AcDbEntity
  8
F.Paste
  6
CONTINUOUS
100
AcDbLine
 10
4.6890034251968506
 20
-3.1673083858267717
 30
0
 11
4.6829425984251971
 21
-3.1698188582677163
 31
0
  0
LINE
  5
629
330
22
100
AcDbEntity
  8
F.Paste
  6
CONTINUOUS
100
AcDbLine
 10
4.6829425984251971
 20
-3.1698188582677163
 30
0
 11
4.676508464566929
 21
-3.1710987007874016
 31
0
  0
LINE
  5
62A
330
22
100
AcDbEntity
  8
F.Paste
  6
CONTINUOUS
100
AcDbLine
 10
4.676508464566929
 20
-3.1710987007874016
 30
0
 11
4.6732283464566926
 21
-3.1712598425196852
 31
0
  0
LINE
  5
62B
330
22
100
AcDbEntity
  8
F.Paste
  6
CONTINUOUS
100
AcDbLine
 10
4.6732283464566926
 20
-3.1712598425196852
 30
0
 11
4.5984251968503935
 21
-3.1712598425196852
 31
0
  0
LINE
  5
62C
330
22
100
AcDbEntity
  8
F.Paste
  6
CONTINUOUS
100
AcDbLine
 10
4.5984251968503935
 20
-3.1712598425196852
 30
0
 11
4.5951450787401571
 21
-3.1710987007874016
 31
0
  0
LINE
  5
62D
330
22
100
AcDbEntity
  8
F.Paste
  6
CONTINUOUS
100
AcDbLine
 10
4.5951450787401571
 20
-3.1710987007874016
 30
0
 11
4.5887109448818899
 21
-3.1698188582677163
 31
0
  0
LINE
  5
62E
330
22
100
AcDbEntity
  8
F.Paste
  6
CONTINUOUS
100
AcDbLine
 10
4.5887109448818899
 20
-3.1698188582677163
 30
0
 11
4.5826501181102364
 21
-3.1673083858267717
 31
0
  0
LINE
  5
62F
330
22
100
AcDbEntity
  8
F.Paste
  6
CONTINUOUS
100
AcDbLine
 10
4.5826501181102364
 20
-3.1673083858267717
 30
0
 11
4.5771955118110235
 21
-3.1636637401574803
 31
0
  0
LINE
  5
630
330
22
100
AcDbEntity
  8
F.Paste
  6
CONTINUOUS
100
AcDbLine
 10
4.5771955118110235
 20
-3.1636637401574803
 30
0
 11
4.5725567322834646
 21
-3.159024960629921
 31
0
  0
LINE
  5
631
330
22
100
AcDbEntity
  8
F.Paste
  6
CONTINUOUS
100
AcDbLine
 10
4.5725567322834646
 20
-3.159024960629921
 30
0
 11
4.5689120866141728
 21
-3.1535703543307085
 31
0
  0
LINE
  5
632
330
22
100
AcDbEntity
  8
F.Paste
  6
CONTINUOUS
100
AcDbLine
 10
4.5689120866141728
 20
-3.1535703543307085
 30
0
 11
4.5664016141732287
 21
-3.147509527559055
 31
0
  0
LINE
  5
633
330
22
100
AcDbEntity
  8
F.Paste
  6
CONTINUOUS
100
AcDbLine
 10
4.5664016141732287
 20
-3.147509527559055
 30
0
 11
4.5651217716535433
 21
-3.1410753937007874
 31
0
  0
LINE
  5
634
330
22
100
AcDbEntity
  8
F.Paste
  6
CONTINUOUS
100
AcDbLine
 10
4.5651217716535433
 20
-3.1410753937007874
 30
0
 11
4.5651217716535433
 21
-3.134515157480315
 31
0
  0
LINE
  5
635
330
22
100
AcDbEntity
  8
F.Paste
  6
CONTINUOUS
100
AcDbLine
 10
4.5651217716535433
 20
-3.134515157480315
 30
0
 11
4.5664016141732287
 21
-3.1280810236220473
 31
0
  0
LINE
  5
636
330
22
100
AcDbEntity
  8
F.Paste
  6
CONTINUOUS
100
AcDbLine
 10
4.5664016141732287
 20
-3.1280810236220473
 30
0
 11
4.5689120866141728
 21
-3.1220201968503938
 31
0
  0
LINE
  5
637
330
22
100
AcDbEntity
  8
F.Paste
  6
CONTINUOUS
100
AcDbLine
 10
4.5689120866141728
 20
-3.1220201968503938
 30
0
 11
4.5725567322834646
 21
-3.1165655905511809
 31
0
  0
LINE
  5
638
330
22
100
AcDbEntity
  8
F.Paste
  6
CONTINUOUS
100
AcDbLine
 10
4.5725567322834646
 20
-3.1165655905511809
 30
0
 11
4.5771955118110235
 21
-3.111926811023622
 31
0
  0
LINE
  5
639
330
22
100
AcDbEntity
  8
F.Paste
  6
CONTINUOUS
100
AcDbLine
 10
4.5771955118110235
 20
-3.111926811023622
 30
0
 11
4.5826501181102364
 21
-3.1082821653543307
 31
0
  0
LINE
  5
63A
330
22
100
AcDbEntity
  8
F.Paste
  6
CONTINUOUS
100
AcDbLine
 10
4.5826501181102364
 20
-3.1082821653543307
 30
0
 11
4.5887109448818899
 21
-3.1057716929133856
 31
0
  0
LINE
  5
63B
330
22
100
AcDbEntity
  8
F.Paste
  6
CONTINUOUS
100
AcDbLine
 10
4.5887109448818899
 20
-3.1057716929133856
 30
0
 11
4.5951450787401571
 21
-3.1044918503937007
 31
0
  0
LINE
  5
63C
330
22
100
AcDbEntity
  8
F.Paste
  6
CONTINUOUS
100
AcDbLine
 10
4.5951450787401571
 20
-3.1044918503937007
 30
0
 11
4.5984251968503935
 21
-3.1043307086614171
 31
0
  0
LINE
  5
63D
330
22
100
AcDbEntity
  8
F.Paste
  6
CONTINUOUS
100
AcDbLine
 10
4.5984251968503935
 20
-3.1043307086614171
 30
0
 11
4.6732283464566926
 21
-3.1043307086614171
 31
0
  0
LINE
  5
63E
330
22
100
AcDbEntity
  8
F.Paste
  6
CONTINUOUS
100
AcDbLine
 10
4.6732283464566926
 20
-3.1043307086614171
 30
0
 11
4.676508464566929
 21
-3.1044918503937007
 31
0
  0
LINE
  5
63F
330
22
100
AcDbEntity
  8
F.Paste
  6
CONTINUOUS
100
AcDbLine
 10
5.3556423228346457
 20
-3.1044918503937007
 30
0
 11
5.3620764566929129
 21
-3.1057716929133856
 31
0
  0
LINE
  5
640
330
22
100
AcDbEntity
  8
F.Paste
  6
CONTINUOUS
100
AcDbLine
 10
5.3620764566929129
 20
-3.1057716929133856
 30
0
 11
5.3681372834645664
 21
-3.1082821653543307
 31
0
  0
LINE
  5
641
330
22
100
AcDbEntity
  8
F.Paste
  6
CONTINUOUS
100
AcDbLine
 10
5.3681372834645664
 20
-3.1082821653543307
 30
0
 11
5.3735918897637793
 21
-3.111926811023622
 31
0
  0
LINE
  5
642
330
22
100
AcDbEntity
  8
F.Paste
  6
CONTINUOUS
100
AcDbLine
 10
5.3735918897637793
 20
-3.111926811023622
 30
0
 11
5.3782306692913382
 21
-3.1165655905511809
 31
0
  0
LINE
  5
643
330
22
100
AcDbEntity
  8
F.Paste
  6
CONTINUOUS
100
AcDbLine
 10
5.3782306692913382
 20
-3.1165655905511809
 30
0
 11
5.38187531496063
 21
-3.1220201968503938
 31
0
  0
LINE
  5
644
330
22
100
AcDbEntity
  8
F.Paste
  6
CONTINUOUS
100
AcDbLine
 10
5.38187531496063
 20
-3.1220201968503938
 30
0
 11
5.384385787401575
 21
-3.1280810236220473
 31
0
  0
LINE
  5
645
330
22
100
AcDbEntity
  8
F.Paste
  6
CONTINUOUS
100
AcDbLine
 10
5.384385787401575
 20
-3.1280810236220473
 30
0
 11
5.3856656299212595
 21
-3.134515157480315
 31
0
  0
LINE
  5
646
330
22
100
AcDbEntity
  8
F.Paste
  6
CONTINUOUS
100
AcDbLine
 10
5.3856656299212595
 20
-3.134515157480315
 30
0
 11
5.3856656299212595
 21
-3.1410753937007874
 31
0
  0
LINE
  5
647
330
22
100
AcDbEntity
  8
F.Paste
  6
CONTINUOUS
100
AcDbLine
 10
5.3856656299212595
 20
-3.1410753937007874
 30
0
 11
5.384385787401575
 21
-3.147509527559055
 31
0
  0
LINE
  5
648
330
22
100
AcDbEntity
  8
F.Paste
  6
CONTINUOUS
100
AcDbLine
 10
5.384385787401575
 20
-3.147509527559055
 30
0
 11
5.38187531496063
 21
-3.1535703543307085
 31
0
  0
LINE
  5
649
330
22
100
AcDbEntity
  8
F.Paste
  6
CONTINUOUS
100
AcDbLine
 10
5.38187531496063
 20
-3.1535703543307085
 30
0
 11
5.3782306692913382
 21
-3.159024960629921
 31
0
  0
LINE
  5
64A
330
22
100
AcDbEntity
  8
F.Paste
  6
CONTINUOUS
100
AcDbLine
 10
5.3782306692913382
 20
-3.159024960629921
 30
0
 11
5.3735918897637793
 21
-3.1636637401574803
 31
0
  0
LINE
  5
64B
330
22
100
AcDbEntity
  8
F.Paste
  6
CONTINUOUS
100
AcDbLine
 10
5.3735918897637793
 20
-3.1636637401574803
 30
0
 11
5.3681372834645664
 21
-3.1673083858267717
 31
0
  0
LINE
  5
64C
330
22
100
AcDbEntity
  8
F.Paste
  6
CONTINUOUS
100
AcDbLine
 10
5.3681372834645664
 20
-3.1673083858267717
 30
0
 11
5.3620764566929129
 21
-3.1698188582677163
 31
0
  0
LINE
  5
64D
330
22
100
AcDbEntity
  8
F.Paste
  6
CONTINUOUS
100
AcDbLine
 10
5.3620764566929129
 20
-3.1698188582677163
 30
0
 11
5.3556423228346457
 21
-3.1710987007874016
 31
0
  0
LINE
  5
64E
330
22
100
AcDbEntity
  8
F.Paste
  6
CONTINUOUS
100
AcDbLine
 10
5.3556423228346457
 20
-3.1710987007874016
 30
0
 11
5.3523622047244093
 21
-3.1712598425196852
 31
0
  0
LINE
  5
64F
330
22
100
AcDbEntity
  8
F.Paste
  6
CONTINUOUS
100
AcDbLine
 10
5.3523622047244093
 20
-3.1712598425196852
 30
0
 11
5.2775590551181102
 21
-3.1712598425196852
 31
0
  0
LINE
  5
650
330
22
100
AcDbEntity
  8
F.Paste
  6
CONTINUOUS
100
AcDbLine
 10
5.2775590551181102
 20
-3.1712598425196852
 30
0
 11
5.2742789370078738
 21
-3.1710987007874016
 31
0
  0
LINE
  5
651
330
22
100
AcDbEntity
  8
F.Paste
  6
CONTINUOUS
100
AcDbLine
 10
5.2742789370078738
 20
-3.1710987007874016
 30
0
 11
5.2678448031496066
 21
-3.1698188582677163
 31
0
  0
LINE
  5
652
330
22
100
AcDbEntity
  8
F.Paste
  6
CONTINUOUS
100
AcDbLine
 10
5.2678448031496066
 20
-3.1698188582677163
 30
0
 11
5.261783976377953
 21
-3.1673083858267717
 31
0
  0
LINE
  5
653
330
22
100
AcDbEntity
  8
F.Paste
  6
CONTINUOUS
100
AcDbLine
 10
5.261783976377953
 20
-3.1673083858267717
 30
0
 11
5.2563293700787401
 21
-3.1636637401574803
 31
0
  0
LINE
  5
654
330
22
100
AcDbEntity
  8
F.Paste
  6
CONTINUOUS
100
AcDbLine
 10
5.2563293700787401
 20
-3.1636637401574803
 30
0
 11
5.2516905905511813
 21
-3.159024960629921
 31
0
  0
LINE
  5
655
330
22
100
AcDbEntity
  8
F.Paste
  6
CONTINUOUS
100
AcDbLine
 10
5.2516905905511813
 20
-3.159024960629921
 30
0
 11
5.2480459448818895
 21
-3.1535703543307085
 31
0
  0
LINE
  5
656
330
22
100
AcDbEntity
  8
F.Paste
  6
CONTINUOUS
100
AcDbLine
 10
5.2480459448818895
 20
-3.1535703543307085
 30
0
 11
5.2455354724409444
 21
-3.147509527559055
 31
0
  0
LINE
  5
657
330
22
100
AcDbEntity
  8
F.Paste
  6
CONTINUOUS
100
AcDbLine
 10
5.2455354724409444
 20
-3.147509527559055
 30
0
 11
5.2442556299212599
 21
-3.1410753937007874
 31
0
  0
LINE
  5
658
330
22
100
AcDbEntity
  8
F.Paste
  6
CONTINUOUS
100
AcDbLine
 10
5.2442556299212599
 20
-3.1410753937007874
 30
0
 11
5.2442556299212599
 21
-3.134515157480315
 31
0
  0
LINE
  5
659
330
22
100
AcDbEntity
  8
F.Paste
  6
CONTINUOUS
100
AcDbLine
 10
5.2442556299212599
 20
-3.134515157480315
 30
0
 11
5.2455354724409444
 21
-3.1280810236220473
 31
0
  0
LINE
  5
65A
330
22
100
AcDbEntity
  8
F.Paste
  6
CONTINUOUS
100
AcDbLine
 10
5.2455354724409444
 20
-3.1280810236220473
 30
0
 11
5.2480459448818895
 21
-3.1220201968503938
 31
0
  0
LINE
  5
65B
330
22
100
AcDbEntity
  8
F.Paste
  6
CONTINUOUS
100
AcDbLine
 10
5.2480459448818895
 20
-3.1220201968503938
 30
0
 11
5.2516905905511813
 21
-3.1165655905511809
 31
0
  0
LINE
  5
65C
330
22
100
AcDbEntity
  8
F.Paste
  6
CONTINUOUS
100
AcDbLine
 10
5.2516905905511813
 20
-3.1165655905511809
 30
0
 11
5.2563293700787401
 21
-3.111926811023622
 31
0
  0
LINE
  5
65D
330
22
100
AcDbEntity
  8
F.Paste
  6
CONTINUOUS
100
AcDbLine
 10
5.2563293700787401
 20
-3.111926811023622
 30
0
 11
5.261783976377953
 21
-3.1082821653543307
 31
0
  0
LINE
  5
65E
330
22
100
AcDbEntity
  8
F.Paste
  6
CONTINUOUS
100
AcDbLine
 10
5.261783976377953
 20
-3.1082821653543307
 30
0
 11
5.2678448031496066
 21
-3.1057716929133856
 31
0
  0
LINE
  5
65F
330
22
100
AcDbEntity
  8
F.Paste
  6
CONTINUOUS
100
AcDbLine
 10
5.2678448031496066
 20
-3.1057716929133856
 30
0
 11
5.2742789370078738
 21
-3.1044918503937007
 31
0
  0
LINE
  5
660
330
22
100
AcDbEntity
  8
F.Paste
  6
CONTINUOUS
100
AcDbLine
 10
5.2742789370078738
 20
-3.1044918503937007
 30
0
 11
5.2775590551181102
 21
-3.1043307086614171
 31
0
  0
LINE
  5
661
330
22
100
AcDbEntity
  8
F.Paste
  6
CONTINUOUS
100
AcDbLine
 10
5.2775590551181102
 20
-3.1043307086614171
 30
0
 11
5.3523622047244093
 21
-3.1043307086614171
 31
0
  0
LINE
  5
662
330
22
100
AcDbEntity
  8
F.Paste
  6
CONTINUOUS
100
AcDbLine
 10
5.3523622047244093
 20
-3.1043307086614171
 30
0
 11
5.3556423228346457
 21
-3.1044918503937007
 31
0
  0
LINE
  5
663
330
22
100
AcDbEntity
  8
F.Paste
  6
CONTINUOUS
100
AcDbLine
 10
6.7007945275590552
 20
-2.9164735826771655
 30
0
 11
6.7107432677165351
 21
-2.91913937007874
 31
0
  0
LINE
  5
664
330
22
100
AcDbEntity
  8
F.Paste
  6
CONTINUOUS
100
AcDbLine
 10
6.7107432677165351
 20
-2.91913937007874
 30
0
 11
6.7202589370078742
 21
-2.923080905511811
 31
0
  0
LINE
  5
665
330
22
100
AcDbEntity
  8
F.Paste
  6
CONTINUOUS
100
AcDbLine
 10
6.7202589370078742
 20
-2.923080905511811
 30
0
 11
6.7291787401574803
 21
-2.928230748031496
 31
0
  0
LINE
  5
666
330
22
100
AcDbEntity
  8
F.Paste
  6
CONTINUOUS
100
AcDbLine
 10
6.7291787401574803
 20
-2.928230748031496
 30
0
 11
6.7373500787401577
 21
-2.9345007874015749
 31
0
  0
LINE
  5
667
330
22
100
AcDbEntity
  8
F.Paste
  6
CONTINUOUS
100
AcDbLine
 10
6.7373500787401577
 20
-2.9345007874015749
 30
0
 11
6.7446330708661417
 21
-2.941783779527559
 31
0
  0
LINE
  5
668
330
22
100
AcDbEntity
  8
F.Paste
  6
CONTINUOUS
100
AcDbLine
 10
6.7446330708661417
 20
-2.941783779527559
 30
0
 11
6.7509031102362203
 21
-2.9499551181102364
 31
0
  0
LINE
  5
669
330
22
100
AcDbEntity
  8
F.Paste
  6
CONTINUOUS
100
AcDbLine
 10
6.7509031102362203
 20
-2.9499551181102364
 30
0
 11
6.7560529527559057
 21
-2.9588749212598424
 31
0
  0
LINE
  5
66A
330
22
100
AcDbEntity
  8
F.Paste
  6
CONTINUOUS
100
AcDbLine
 10
6.7560529527559057
 20
-2.9588749212598424
 30
0
 11
6.7599944881889762
 21
-2.9683905905511812
 31
0
  0
LINE
  5
66B
330
22
100
AcDbEntity
  8
F.Paste
  6
CONTINUOUS
100
AcDbLine
 10
6.7599944881889762
 20
-2.9683905905511812
 30
0
 11
6.7626602755905507
 21
-2.9783393307086614
 31
0
  0
LINE
  5
66C
330
22
100
AcDbEntity
  8
F.Paste
  6
CONTINUOUS
100
AcDbLine
 10
6.7626602755905507
 20
-2.9783393307086614
 30
0
 11
6.7640046456692913
 21
-2.9885509448818897
 31
0
  0
LINE
  5
66D
330
22
100
AcDbEntity
  8
F.Paste
  6
CONTINUOUS
100
AcDbLine
 10
6.7640046456692913
 20
-2.9885509448818897
 30
0
 11
6.7640046456692913
 21
-2.9988506299212596
 31
0
  0
LINE
  5
66E
330
22
100
AcDbEntity
  8
F.Paste
  6
CONTINUOUS
100
AcDbLine
 10
6.7640046456692913
 20
-2.9988506299212596
 30
0
 11
6.7626602755905507
 21
-3.0090622440944883
 31
0
  0
LINE
  5
66F
330
22
100
AcDbEntity
  8
F.Paste
  6
CONTINUOUS
100
AcDbLine
 10
6.7626602755905507
 20
-3.0090622440944883
 30
0
 11
6.7599944881889762
 21
-3.0190109842519686
 31
0
  0
LINE
  5
670
330
22
100
AcDbEntity
  8
F.Paste
  6
CONTINUOUS
100
AcDbLine
 10
6.7599944881889762
 20
-3.0190109842519686
 30
0
 11
6.7560529527559057
 21
-3.0285266535433069
 31
0
  0
LINE
  5
671
330
22
100
AcDbEntity
  8
F.Paste
  6
CONTINUOUS
100
AcDbLine
 10
6.7560529527559057
 20
-3.0285266535433069
 30
0
 11
6.7509031102362203
 21
-3.0374464566929134
 31
0
  0
LINE
  5
672
330
22
100
AcDbEntity
  8
F.Paste
  6
CONTINUOUS
100
AcDbLine
 10
6.7509031102362203
 20
-3.0374464566929134
 30
0
 11
6.7446330708661417
 21
-3.0456177952755903
 31
0
  0
LINE
  5
673
330
22
100
AcDbEntity
  8
F.Paste
  6
CONTINUOUS
100
AcDbLine
 10
6.7446330708661417
 20
-3.0456177952755903
 30
0
 11
6.7373500787401577
 21
-3.0529007874015748
 31
0
  0
LINE
  5
674
330
22
100
AcDbEntity
  8
F.Paste
  6
CONTINUOUS
100
AcDbLine
 10
6.7373500787401577
 20
-3.0529007874015748
 30
0
 11
6.7291787401574803
 21
-3.0591708267716533
 31
0
  0
LINE
  5
675
330
22
100
AcDbEntity
  8
F.Paste
  6
CONTINUOUS
100
AcDbLine
 10
6.7291787401574803
 20
-3.0591708267716533
 30
0
 11
6.7202589370078742
 21
-3.0643206692913387
 31
0
  0
LINE
  5
676
330
22
100
AcDbEntity
  8
F.Paste
  6
CONTINUOUS
100
AcDbLine
 10
6.7202589370078742
 20
-3.0643206692913387
 30
0
 11
6.7107432677165351
 21
-3.0682622047244092
 31
0
  0
LINE
  5
677
330
22
100
AcDbEntity
  8
F.Paste
  6
CONTINUOUS
100
AcDbLine
 10
6.7107432677165351
 20
-3.0682622047244092
 30
0
 11
6.7007945275590552
 21
-3.0709279921259842
 31
0
  0
LINE
  5
678
330
22
100
AcDbEntity
  8
F.Paste
  6
CONTINUOUS
100
AcDbLine
 10
6.7007945275590552
 20
-3.0709279921259842
 30
0
 11
6.6905829133858266
 21
-3.0722723622047243
 31
0
  0
LINE
  5
679
330
22
100
AcDbEntity
  8
F.Paste
  6
CONTINUOUS
100
AcDbLine
 10
6.6905829133858266
 20
-3.0722723622047243
 30
0
 11
6.6802832283464566
 21
-3.0722723622047243
 31
0
  0
LINE
  5
67A
330
22
100
AcDbEntity
  8
F.Paste
  6
CONTINUOUS
100
AcDbLine
 10
6.6802832283464566
 20
-3.0722723622047243
 30
0
 11
6.6700716141732279
 21
-3.0709279921259842
 31
0
  0
LINE
  5
67B
330
22
100
AcDbEntity
  8
F.Paste
  6
CONTINUOUS
100
AcDbLine
 10
6.6700716141732279
 20
-3.0709279921259842
 30
0
 11
6.6601228740157481
 21
-3.0682622047244092
 31
0
  0
LINE
  5
67C
330
22
100
AcDbEntity
  8
F.Paste
  6
CONTINUOUS
100
AcDbLine
 10
6.6601228740157481
 20
-3.0682622047244092
 30
0
 11
6.6506072047244089
 21
-3.0643206692913387
 31
0
  0
LINE
  5
67D
330
22
100
AcDbEntity
  8
F.Paste
  6
CONTINUOUS
100
AcDbLine
 10
6.6506072047244089
 20
-3.0643206692913387
 30
0
 11
6.6416874015748029
 21
-3.0591708267716533
 31
0
  0
LINE
  5
67E
330
22
100
AcDbEntity
  8
F.Paste
  6
CONTINUOUS
100
AcDbLine
 10
6.6416874015748029
 20
-3.0591708267716533
 30
0
 11
6.6335160629921255
 21
-3.0529007874015748
 31
0
  0
LINE
  5
67F
330
22
100
AcDbEntity
  8
F.Paste
  6
CONTINUOUS
100
AcDbLine
 10
6.6335160629921255
 20
-3.0529007874015748
 30
0
 11
6.6262330708661414
 21
-3.0456177952755903
 31
0
  0
LINE
  5
680
330
22
100
AcDbEntity
  8
F.Paste
  6
CONTINUOUS
100
AcDbLine
 10
6.6262330708661414
 20
-3.0456177952755903
 30
0
 11
6.6199630314960629
 21
-3.0374464566929134
 31
0
  0
LINE
  5
681
330
22
100
AcDbEntity
  8
F.Paste
  6
CONTINUOUS
100
AcDbLine
 10
6.6199630314960629
 20
-3.0374464566929134
 30
0
 11
6.6148131889763775
 21
-3.0285266535433069
 31
0
  0
LINE
  5
682
330
22
100
AcDbEntity
  8
F.Paste
  6
CONTINUOUS
100
AcDbLine
 10
6.6148131889763775
 20
-3.0285266535433069
 30
0
 11
6.610871653543307
 21
-3.0190109842519686
 31
0
  0
LINE
  5
683
330
22
100
AcDbEntity
  8
F.Paste
  6
CONTINUOUS
100
AcDbLine
 10
6.610871653543307
 20
-3.0190109842519686
 30
0
 11
6.6082058661417324
 21
-3.0090622440944883
 31
0
  0
LINE
  5
684
330
22
100
AcDbEntity
  8
F.Paste
  6
CONTINUOUS
100
AcDbLine
 10
6.6082058661417324
 20
-3.0090622440944883
 30
0
 11
6.6068614960629919
 21
-2.9988506299212596
 31
0
  0
LINE
  5
685
330
22
100
AcDbEntity
  8
F.Paste
  6
CONTINUOUS
100
AcDbLine
 10
6.6068614960629919
 20
-2.9988506299212596
 30
0
 11
6.6068614960629919
 21
-2.9885509448818897
 31
0
  0
LINE
  5
686
330
22
100
AcDbEntity
  8
F.Paste
  6
CONTINUOUS
100
AcDbLine
 10
6.6068614960629919
 20
-2.9885509448818897
 30
0
 11
6.6082058661417324
 21
-2.9783393307086614
 31
0
  0
LINE
  5
687
330
22
100
AcDbEntity
  8
F.Paste
  6
CONTINUOUS
100
AcDbLine
 10
6.6082058661417324
 20
-2.9783393307086614
 30
0
 11
6.610871653543307
 21
-2.9683905905511812
 31
0
  0
LINE
  5
688
330
22
100
AcDbEntity
  8
F.Paste
  6
CONTINUOUS
100
AcDbLine
 10
6.610871653543307
 20
-2.9683905905511812
 30
0
 11
6.6148131889763775
 21
-2.9588749212598424
 31
0
  0
LINE
  5
689
330
22
100
AcDbEntity
  8
F.Paste
  6
CONTINUOUS
100
AcDbLine
 10
6.6148131889763775
 20
-2.9588749212598424
 30
0
 11
6.6199630314960629
 21
-2.9499551181102364
 31
0
  0
LINE
  5
68A
330
22
100
AcDbEntity
  8
F.Paste
  6
CONTINUOUS
100
AcDbLine
 10
6.6199630314960629
 20
-2.9499551181102364
 30
0
 11
6.6262330708661414
 21
-2.941783779527559
 31
0
  0
LINE
  5
68B
330
22
100
AcDbEntity
  8
F.Paste
  6
CONTINUOUS
100
AcDbLine
 10
6.6262330708661414
 20
-2.941783779527559
 30
0
 11
6.6335160629921255
 21
-2.9345007874015749
 31
0
  0
LINE
  5
68C
330
22
100
AcDbEntity
  8
F.Paste
  6
CONTINUOUS
100
AcDbLine
 10
6.6335160629921255
 20
-2.9345007874015749
 30
0
 11
6.6416874015748029
 21
-2.928230748031496
 31
0
  0
LINE
  5
68D
330
22
100
AcDbEntity
  8
F.Paste
  6
CONTINUOUS
100
AcDbLine
 10
6.6416874015748029
 20
-2.928230748031496
 30
0
 11
6.6506072047244089
 21
-2.923080905511811
 31
0
  0
LINE
  5
68E
330
22
100
AcDbEntity
  8
F.Paste
  6
CONTINUOUS
100
AcDbLine
 10
6.6506072047244089
 20
-2.923080905511811
 30
0
 11
6.6601228740157481
 21
-2.91913937007874
 31
0
  0
LINE
  5
68F
330
22
100
AcDbEntity
  8
F.Paste
  6
CONTINUOUS
100
AcDbLine
 10
6.6601228740157481
 20
-2.91913937007874
 30
0
 11
6.6700716141732279
 21
-2.9164735826771655
 31
0
  0
LINE
  5
690
330
22
100
AcDbEntity
  8
F.Paste
  6
CONTINUOUS
100
AcDbLine
 10
6.6700716141732279
 20
-2.9164735826771655
 30
0
 11
6.6802832283464566
 21
-2.9151292125984249
 31
0
  0
LINE
  5
691
330
22
100
AcDbEntity
  8
F.Paste
  6
CONTINUOUS
100
AcDbLine
 10
6.6802832283464566
 20
-2.9151292125984249
 30
0
 11
6.6905829133858266
 21
-2.9151292125984249
 31
0
  0
LINE
  5
692
330
22
100
AcDbEntity
  8
F.Paste
  6
CONTINUOUS
100
AcDbLine
 10
6.6905829133858266
 20
-2.9151292125984249
 30
0
 11
6.7007945275590552
 21
-2.9164735826771655
 31
0
  0
LINE
  5
693
330
22
100
AcDbEntity
  8
F.Paste
  6
CONTINUOUS
100
AcDbLine
 10
4.676508464566929
 20
-3.0044918503937006
 30
0
 11
4.6829425984251971
 21
-3.005771692913386
 31
0
  0
LINE
  5
694
330
22
100
AcDbEntity
  8
F.Paste
  6
CONTINUOUS
100
AcDbLine
 10
4.6829425984251971
 20
-3.005771692913386
 30
0
 11
4.6890034251968506
 21
-3.0082821653543306
 31
0
  0
LINE
  5
695
330
22
100
AcDbEntity
  8
F.Paste
  6
CONTINUOUS
100
AcDbLine
 10
4.6890034251968506
 20
-3.0082821653543306
 30
0
 11
4.6944580314960627
 21
-3.0119268110236219
 31
0
  0
LINE
  5
696
330
22
100
AcDbEntity
  8
F.Paste
  6
CONTINUOUS
100
AcDbLine
 10
4.6944580314960627
 20
-3.0119268110236219
 30
0
 11
4.6990968110236215
 21
-3.0165655905511812
 31
0
  0
LINE
  5
697
330
22
100
AcDbEntity
  8
F.Paste
  6
CONTINUOUS
100
AcDbLine
 10
4.6990968110236215
 20
-3.0165655905511812
 30
0
 11
4.7027414566929133
 21
-3.0220201968503937
 31
0
  0
LINE
  5
698
330
22
100
AcDbEntity
  8
F.Paste
  6
CONTINUOUS
100
AcDbLine
 10
4.7027414566929133
 20
-3.0220201968503937
 30
0
 11
4.7052519291338584
 21
-3.0280810236220472
 31
0
  0
LINE
  5
699
330
22
100
AcDbEntity
  8
F.Paste
  6
CONTINUOUS
100
AcDbLine
 10
4.7052519291338584
 20
-3.0280810236220472
 30
0
 11
4.7065317716535429
 21
-3.0345151574803149
 31
0
  0
LINE
  5
69A
330
22
100
AcDbEntity
  8
F.Paste
  6
CONTINUOUS
100
AcDbLine
 10
4.7065317716535429
 20
-3.0345151574803149
 30
0
 11
4.7065317716535429
 21
-3.0410753937007873
 31
0
  0
LINE
  5
69B
330
22
100
AcDbEntity
  8
F.Paste
  6
CONTINUOUS
100
AcDbLine
 10
4.7065317716535429
 20
-3.0410753937007873
 30
0
 11
4.7052519291338584
 21
-3.0475095275590549
 31
0
  0
LINE
  5
69C
330
22
100
AcDbEntity
  8
F.Paste
  6
CONTINUOUS
100
AcDbLine
 10
4.7052519291338584
 20
-3.0475095275590549
 30
0
 11
4.7027414566929133
 21
-3.0535703543307084
 31
0
  0
LINE
  5
69D
330
22
100
AcDbEntity
  8
F.Paste
  6
CONTINUOUS
100
AcDbLine
 10
4.7027414566929133
 20
-3.0535703543307084
 30
0
 11
4.6990968110236215
 21
-3.0590249606299214
 31
0
  0
LINE
  5
69E
330
22
100
AcDbEntity
  8
F.Paste
  6
CONTINUOUS
100
AcDbLine
 10
4.6990968110236215
 20
-3.0590249606299214
 30
0
 11
4.6944580314960627
 21
-3.0636637401574802
 31
0
  0
LINE
  5
69F
330
22
100
AcDbEntity
  8
F.Paste
  6
CONTINUOUS
100
AcDbLine
 10
4.6944580314960627
 20
-3.0636637401574802
 30
0
 11
4.6890034251968506
 21
-3.0673083858267716
 31
0
  0
LINE
  5
6A0
330
22
100
AcDbEntity
  8
F.Paste
  6
CONTINUOUS
100
AcDbLine
 10
4.6890034251968506
 20
-3.0673083858267716
 30
0
 11
4.6829425984251971
 21
-3.0698188582677166
 31
0
  0
LINE
  5
6A1
330
22
100
AcDbEntity
  8
F.Paste
  6
CONTINUOUS
100
AcDbLine
 10
4.6829425984251971
 20
-3.0698188582677166
 30
0
 11
4.676508464566929
 21
-3.0710987007874015
 31
0
  0
LINE
  5
6A2
330
22
100
AcDbEntity
  8
F.Paste
  6
CONTINUOUS
100
AcDbLine
 10
4.676508464566929
 20
-3.0710987007874015
 30
0
 11
4.6732283464566926
 21
-3.0712598425196851
 31
0
  0
LINE
  5
6A3
330
22
100
AcDbEntity
  8
F.Paste
  6
CONTINUOUS
100
AcDbLine
 10
4.6732283464566926
 20
-3.0712598425196851
 30
0
 11
4.5984251968503935
 21
-3.0712598425196851
 31
0
  0
LINE
  5
6A4
330
22
100
AcDbEntity
  8
F.Paste
  6
CONTINUOUS
100
AcDbLine
 10
4.5984251968503935
 20
-3.0712598425196851
 30
0
 11
4.5951450787401571
 21
-3.0710987007874015
 31
0
  0
LINE
  5
6A5
330
22
100
AcDbEntity
  8
F.Paste
  6
CONTINUOUS
100
AcDbLine
 10
4.5951450787401571
 20
-3.0710987007874015
 30
0
 11
4.5887109448818899
 21
-3.0698188582677166
 31
0
  0
LINE
  5
6A6
330
22
100
AcDbEntity
  8
F.Paste
  6
CONTINUOUS
100
AcDbLine
 10
4.5887109448818899
 20
-3.0698188582677166
 30
0
 11
4.5826501181102364
 21
-3.0673083858267716
 31
0
  0
LINE
  5
6A7
330
22
100
AcDbEntity
  8
F.Paste
  6
CONTINUOUS
100
AcDbLine
 10
4.5826501181102364
 20
-3.0673083858267716
 30
0
 11
4.5771955118110235
 21
-3.0636637401574802
 31
0
  0
LINE
  5
6A8
330
22
100
AcDbEntity
  8
F.Paste
  6
CONTINUOUS
100
AcDbLine
 10
4.5771955118110235
 20
-3.0636637401574802
 30
0
 11
4.5725567322834646
 21
-3.0590249606299214
 31
0
  0
LINE
  5
6A9
330
22
100
AcDbEntity
  8
F.Paste
  6
CONTINUOUS
100
AcDbLine
 10
4.5725567322834646
 20
-3.0590249606299214
 30
0
 11
4.5689120866141728
 21
-3.0535703543307084
 31
0
  0
LINE
  5
6AA
330
22
100
AcDbEntity
  8
F.Paste
  6
CONTINUOUS
100
AcDbLine
 10
4.5689120866141728
 20
-3.0535703543307084
 30
0
 11
4.5664016141732287
 21
-3.0475095275590549
 31
0
  0
LINE
  5
6AB
330
22
100
AcDbEntity
  8
F.Paste
  6
CONTINUOUS
100
AcDbLine
 10
4.5664016141732287
 20
-3.0475095275590549
 30
0
 11
4.5651217716535433
 21
-3.0410753937007873
 31
0
  0
LINE
  5
6AC
330
22
100
AcDbEntity
  8
F.Paste
  6
CONTINUOUS
100
AcDbLine
 10
4.5651217716535433
 20
-3.0410753937007873
 30
0
 11
4.5651217716535433
 21
-3.0345151574803149
 31
0
  0
LINE
  5
6AD
330
22
100
AcDbEntity
  8
F.Paste
  6
CONTINUOUS
100
AcDbLine
 10
4.5651217716535433
 20
-3.0345151574803149
 30
0
 11
4.5664016141732287
 21
-3.0280810236220472
 31
0
  0
LINE
  5
6AE
330
22
100
AcDbEntity
  8
F.Paste
  6
CONTINUOUS
100
AcDbLine
 10
4.5664016141732287
 20
-3.0280810236220472
 30
0
 11
4.5689120866141728
 21
-3.0220201968503937
 31
0
  0
LINE
  5
6AF
330
22
100
AcDbEntity
  8
F.Paste
  6
CONTINUOUS
100
AcDbLine
 10
4.5689120866141728
 20
-3.0220201968503937
 30
0
 11
4.5725567322834646
 21
-3.0165655905511812
 31
0
  0
LINE
  5
6B0
330
22
100
AcDbEntity
  8
F.Paste
  6
CONTINUOUS
100
AcDbLine
 10
4.5725567322834646
 20
-3.0165655905511812
 30
0
 11
4.5771955118110235
 21
-3.0119268110236219
 31
0
  0
LINE
  5
6B1
330
22
100
AcDbEntity
  8
F.Paste
  6
CONTINUOUS
100
AcDbLine
 10
4.5771955118110235
 20
-3.0119268110236219
 30
0
 11
4.5826501181102364
 21
-3.0082821653543306
 31
0
  0
LINE
  5
6B2
330
22
100
AcDbEntity
  8
F.Paste
  6
CONTINUOUS
100
AcDbLine
 10
4.5826501181102364
 20
-3.0082821653543306
 30
0
 11
4.5887109448818899
 21
-3.005771692913386
 31
0
  0
LINE
  5
6B3
330
22
100
AcDbEntity
  8
F.Paste
  6
CONTINUOUS
100
AcDbLine
 10
4.5887109448818899
 20
-3.005771692913386
 30
0
 11
4.5951450787401571
 21
-3.0044918503937006
 31
0
  0
LINE
  5
6B4
330
22
100
AcDbEntity
  8
F.Paste
  6
CONTINUOUS
100
AcDbLine
 10
4.5951450787401571
 20
-3.0044918503937006
 30
0
 11
4.5984251968503935
 21
-3.004330708661417
 31
0
  0
LINE
  5
6B5
330
22
100
AcDbEntity
  8
F.Paste
  6
CONTINUOUS
100
AcDbLine
 10
4.5984251968503935
 20
-3.004330708661417
 30
0
 11
4.6732283464566926
 21
-3.004330708661417
 31
0
  0
LINE
  5
6B6
330
22
100
AcDbEntity
  8
F.Paste
  6
CONTINUOUS
100
AcDbLine
 10
4.6732283464566926
 20
-3.004330708661417
 30
0
 11
4.676508464566929
 21
-3.0044918503937006
 31
0
  0
LINE
  5
6B7
330
22
100
AcDbEntity
  8
F.Paste
  6
CONTINUOUS
100
AcDbLine
 10
5.3556423228346457
 20
-3.0044918503937006
 30
0
 11
5.3620764566929129
 21
-3.005771692913386
 31
0
  0
LINE
  5
6B8
330
22
100
AcDbEntity
  8
F.Paste
  6
CONTINUOUS
100
AcDbLine
 10
5.3620764566929129
 20
-3.005771692913386
 30
0
 11
5.3681372834645664
 21
-3.0082821653543306
 31
0
  0
LINE
  5
6B9
330
22
100
AcDbEntity
  8
F.Paste
  6
CONTINUOUS
100
AcDbLine
 10
5.3681372834645664
 20
-3.0082821653543306
 30
0
 11
5.3735918897637793
 21
-3.0119268110236219
 31
0
  0
LINE
  5
6BA
330
22
100
AcDbEntity
  8
F.Paste
  6
CONTINUOUS
100
AcDbLine
 10
5.3735918897637793
 20
-3.0119268110236219
 30
0
 11
5.3782306692913382
 21
-3.0165655905511812
 31
0
  0
LINE
  5
6BB
330
22
100
AcDbEntity
  8
F.Paste
  6
CONTINUOUS
100
AcDbLine
 10
5.3782306692913382
 20
-3.0165655905511812
 30
0
 11
5.38187531496063
 21
-3.0220201968503937
 31
0
  0
LINE
  5
6BC
330
22
100
AcDbEntity
  8
F.Paste
  6
CONTINUOUS
100
AcDbLine
 10
5.38187531496063
 20
-3.0220201968503937
 30
0
 11
5.384385787401575
 21
-3.0280810236220472
 31
0
  0
LINE
  5
6BD
330
22
100
AcDbEntity
  8
F.Paste
  6
CONTINUOUS
100
AcDbLine
 10
5.384385787401575
 20
-3.0280810236220472
 30
0
 11
5.3856656299212595
 21
-3.0345151574803149
 31
0
  0
LINE
  5
6BE
330
22
100
AcDbEntity
  8
F.Paste
  6
CONTINUOUS
100
AcDbLine
 10
5.3856656299212595
 20
-3.0345151574803149
 30
0
 11
5.3856656299212595
 21
-3.0410753937007873
 31
0
  0
LINE
  5
6BF
330
22
100
AcDbEntity
  8
F.Paste
  6
CONTINUOUS
100
AcDbLine
 10
5.3856656299212595
 20
-3.0410753937007873
 30
0
 11
5.384385787401575
 21
-3.0475095275590549
 31
0
  0
LINE
  5
6C0
330
22
100
AcDbEntity
  8
F.Paste
  6
CONTINUOUS
100
AcDbLine
 10
5.384385787401575
 20
-3.0475095275590549
 30
0
 11
5.38187531496063
 21
-3.0535703543307084
 31
0
  0
LINE
  5
6C1
330
22
100
AcDbEntity
  8
F.Paste
  6
CONTINUOUS
100
AcDbLine
 10
5.38187531496063
 20
-3.0535703543307084
 30
0
 11
5.3782306692913382
 21
-3.0590249606299214
 31
0
  0
LINE
  5
6C2
330
22
100
AcDbEntity
  8
F.Paste
  6
CONTINUOUS
100
AcDbLine
 10
5.3782306692913382
 20
-3.0590249606299214
 30
0
 11
5.3735918897637793
 21
-3.0636637401574802
 31
0
  0
LINE
  5
6C3
330
22
100
AcDbEntity
  8
F.Paste
  6
CONTINUOUS
100
AcDbLine
 10
5.3735918897637793
 20
-3.0636637401574802
 30
0
 11
5.3681372834645664
 21
-3.0673083858267716
 31
0
  0
LINE
  5
6C4
330
22
100
AcDbEntity
  8
F.Paste
  6
CONTINUOUS
100
AcDbLine
 10
5.3681372834645664
 20
-3.0673083858267716
 30
0
 11
5.3620764566929129
 21
-3.0698188582677166
 31
0
  0
LINE
  5
6C5
330
22
100
AcDbEntity
  8
F.Paste
  6
CONTINUOUS
100
AcDbLine
 10
5.3620764566929129
 20
-3.0698188582677166
 30
0
 11
5.3556423228346457
 21
-3.0710987007874015
 31
0
  0
LINE
  5
6C6
330
22
100
AcDbEntity
  8
F.Paste
  6
CONTINUOUS
100
AcDbLine
 10
5.3556423228346457
 20
-3.0710987007874015
 30
0
 11
5.3523622047244093
 21
-3.0712598425196851
 31
0
  0
LINE
  5
6C7
330
22
100
AcDbEntity
  8
F.Paste
  6
CONTINUOUS
100
AcDbLine
 10
5.3523622047244093
 20
-3.0712598425196851
 30
0
 11
5.2775590551181102
 21
-3.0712598425196851
 31
0
  0
LINE
  5
6C8
330
22
100
AcDbEntity
  8
F.Paste
  6
CONTINUOUS
100
AcDbLine
 10
5.2775590551181102
 20
-3.0712598425196851
 30
0
 11
5.2742789370078738
 21
-3.0710987007874015
 31
0
  0
LINE
  5
6C9
330
22
100
AcDbEntity
  8
F.Paste
  6
CONTINUOUS
100
AcDbLine
 10
5.2742789370078738
 20
-3.0710987007874015
 30
0
 11
5.2678448031496066
 21
-3.0698188582677166
 31
0
  0
LINE
  5
6CA
330
22
100
AcDbEntity
  8
F.Paste
  6
CONTINUOUS
100
AcDbLine
 10
5.2678448031496066
 20
-3.0698188582677166
 30
0
 11
5.261783976377953
 21
-3.0673083858267716
 31
0
  0
LINE
  5
6CB
330
22
100
AcDbEntity
  8
F.Paste
  6
CONTINUOUS
100
AcDbLine
 10
5.261783976377953
 20
-3.0673083858267716
 30
0
 11
5.2563293700787401
 21
-3.0636637401574802
 31
0
  0
LINE
  5
6CC
330
22
100
AcDbEntity
  8
F.Paste
  6
CONTINUOUS
100
AcDbLine
 10
5.2563293700787401
 20
-3.0636637401574802
 30
0
 11
5.2516905905511813
 21
-3.0590249606299214
 31
0
  0
LINE
  5
6CD
330
22
100
AcDbEntity
  8
F.Paste
  6
CONTINUOUS
100
AcDbLine
 10
5.2516905905511813
 20
-3.0590249606299214
 30
0
 11
5.2480459448818895
 21
-3.0535703543307084
 31
0
  0
LINE
  5
6CE
330
22
100
AcDbEntity
  8
F.Paste
  6
CONTINUOUS
100
AcDbLine
 10
5.2480459448818895
 20
-3.0535703543307084
 30
0
 11
5.2455354724409444
 21
-3.0475095275590549
 31
0
  0
LINE
  5
6CF
330
22
100
AcDbEntity
  8
F.Paste
  6
CONTINUOUS
100
AcDbLine
 10
5.2455354724409444
 20
-3.0475095275590549
 30
0
 11
5.2442556299212599
 21
-3.0410753937007873
 31
0
  0
LINE
  5
6D0
330
22
100
AcDbEntity
  8
F.Paste
  6
CONTINUOUS
100
AcDbLine
 10
5.2442556299212599
 20
-3.0410753937007873
 30
0
 11
5.2442556299212599
 21
-3.0345151574803149
 31
0
  0
LINE
  5
6D1
330
22
100
AcDbEntity
  8
F.Paste
  6
CONTINUOUS
100
AcDbLine
 10
5.2442556299212599
 20
-3.0345151574803149
 30
0
 11
5.2455354724409444
 21
-3.0280810236220472
 31
0
  0
LINE
  5
6D2
330
22
100
AcDbEntity
  8
F.Paste
  6
CONTINUOUS
100
AcDbLine
 10
5.2455354724409444
 20
-3.0280810236220472
 30
0
 11
5.2480459448818895
 21
-3.0220201968503937
 31
0
  0
LINE
  5
6D3
330
22
100
AcDbEntity
  8
F.Paste
  6
CONTINUOUS
100
AcDbLine
 10
5.2480459448818895
 20
-3.0220201968503937
 30
0
 11
5.2516905905511813
 21
-3.0165655905511812
 31
0
  0
LINE
  5
6D4
330
22
100
AcDbEntity
  8
F.Paste
  6
CONTINUOUS
100
AcDbLine
 10
5.2516905905511813
 20
-3.0165655905511812
 30
0
 11
5.2563293700787401
 21
-3.0119268110236219
 31
0
  0
LINE
  5
6D5
330
22
100
AcDbEntity
  8
F.Paste
  6
CONTINUOUS
100
AcDbLine
 10
5.2563293700787401
 20
-3.0119268110236219
 30
0
 11
5.261783976377953
 21
-3.0082821653543306
 31
0
  0
LINE
  5
6D6
330
22
100
AcDbEntity
  8
F.Paste
  6
CONTINUOUS
100
AcDbLine
 10
5.261783976377953
 20
-3.0082821653543306
 30
0
 11
5.2678448031496066
 21
-3.005771692913386
 31
0
  0
LINE
  5
6D7
330
22
100
AcDbEntity
  8
F.Paste
  6
CONTINUOUS
100
AcDbLine
 10
5.2678448031496066
 20
-3.005771692913386
 30
0
 11
5.2742789370078738
 21
-3.0044918503937006
 31
0
  0
LINE
  5
6D8
330
22
100
AcDbEntity
  8
F.Paste
  6
CONTINUOUS
100
AcDbLine
 10
5.2742789370078738
 20
-3.0044918503937006
 30
0
 11
5.2775590551181102
 21
-3.004330708661417
 31
0
  0
LINE
  5
6D9
330
22
100
AcDbEntity
  8
F.Paste
  6
CONTINUOUS
100
AcDbLine
 10
5.2775590551181102
 20
-3.004330708661417
 30
0
 11
5.3523622047244093
 21
-3.004330708661417
 31
0
  0
LINE
  5
6DA
330
22
100
AcDbEntity
  8
F.Paste
  6
CONTINUOUS
100
AcDbLine
 10
5.3523622047244093
 20
-3.004330708661417
 30
0
 11
5.3556423228346457
 21
-3.0044918503937006
 31
0
  0
LINE
  5
6DB
330
22
100
AcDbEntity
  8
F.Paste
  6
CONTINUOUS
100
AcDbLine
 10
6.4951473228346455
 20
-2.9616772047244093
 30
0
 11
6.501208149606299
 21
-2.9641876771653544
 31
0
  0
LINE
  5
6DC
330
22
100
AcDbEntity
  8
F.Paste
  6
CONTINUOUS
100
AcDbLine
 10
6.501208149606299
 20
-2.9641876771653544
 30
0
 11
6.5066627559055119
 21
-2.9678323228346457
 31
0
  0
LINE
  5
6DD
330
22
100
AcDbEntity
  8
F.Paste
  6
CONTINUOUS
100
AcDbLine
 10
6.5066627559055119
 20
-2.9678323228346457
 30
0
 11
6.5113015354330708
 21
-2.9724711023622046
 31
0
  0
LINE
  5
6DE
330
22
100
AcDbEntity
  8
F.Paste
  6
CONTINUOUS
100
AcDbLine
 10
6.5113015354330708
 20
-2.9724711023622046
 30
0
 11
6.5149461811023617
 21
-2.977925708661417
 31
0
  0
LINE
  5
6DF
330
22
100
AcDbEntity
  8
F.Paste
  6
CONTINUOUS
100
AcDbLine
 10
6.5149461811023617
 20
-2.977925708661417
 30
0
 11
6.5174566535433067
 21
-2.983986535433071
 31
0
  0
LINE
  5
6E0
330
22
100
AcDbEntity
  8
F.Paste
  6
CONTINUOUS
100
AcDbLine
 10
6.5174566535433067
 20
-2.983986535433071
 30
0
 11
6.5187364960629921
 21
-2.9904206692913387
 31
0
  0
LINE
  5
6E1
330
22
100
AcDbEntity
  8
F.Paste
  6
CONTINUOUS
100
AcDbLine
 10
6.5187364960629921
 20
-2.9904206692913387
 30
0
 11
6.5187364960629921
 21
-2.9969809055118111
 31
0
  0
LINE
  5
6E2
330
22
100
AcDbEntity
  8
F.Paste
  6
CONTINUOUS
100
AcDbLine
 10
6.5187364960629921
 20
-2.9969809055118111
 30
0
 11
6.5174566535433067
 21
-3.0034150393700787
 31
0
  0
LINE
  5
6E3
330
22
100
AcDbEntity
  8
F.Paste
  6
CONTINUOUS
100
AcDbLine
 10
6.5174566535433067
 20
-3.0034150393700787
 30
0
 11
6.5149461811023617
 21
-3.0094758661417322
 31
0
  0
LINE
  5
6E4
330
22
100
AcDbEntity
  8
F.Paste
  6
CONTINUOUS
100
AcDbLine
 10
6.5149461811023617
 20
-3.0094758661417322
 30
0
 11
6.5113015354330708
 21
-3.0149304724409447
 31
0
  0
LINE
  5
6E5
330
22
100
AcDbEntity
  8
F.Paste
  6
CONTINUOUS
100
AcDbLine
 10
6.5113015354330708
 20
-3.0149304724409447
 30
0
 11
6.5066627559055119
 21
-3.019569251968504
 31
0
  0
LINE
  5
6E6
330
22
100
AcDbEntity
  8
F.Paste
  6
CONTINUOUS
100
AcDbLine
 10
6.5066627559055119
 20
-3.019569251968504
 30
0
 11
6.501208149606299
 21
-3.0232138976377954
 31
0
  0
LINE
  5
6E7
330
22
100
AcDbEntity
  8
F.Paste
  6
CONTINUOUS
100
AcDbLine
 10
6.501208149606299
 20
-3.0232138976377954
 30
0
 11
6.4951473228346455
 21
-3.02572437007874
 31
0
  0
LINE
  5
6E8
330
22
100
AcDbEntity
  8
F.Paste
  6
CONTINUOUS
100
AcDbLine
 10
6.4951473228346455
 20
-3.02572437007874
 30
0
 11
6.4887131889763774
 21
-3.0270042125984253
 31
0
  0
LINE
  5
6E9
330
22
100
AcDbEntity
  8
F.Paste
  6
CONTINUOUS
100
AcDbLine
 10
6.4887131889763774
 20
-3.0270042125984253
 30
0
 11
6.4821529527559054
 21
-3.0270042125984253
 31
0
  0
LINE
  5
6EA
330
22
100
AcDbEntity
  8
F.Paste
  6
CONTINUOUS
100
AcDbLine
 10
6.4821529527559054
 20
-3.0270042125984253
 30
0
 11
6.4757188188976373
 21
-3.02572437007874
 31
0
  0
LINE
  5
6EB
330
22
100
AcDbEntity
  8
F.Paste
  6
CONTINUOUS
100
AcDbLine
 10
6.4757188188976373
 20
-3.02572437007874
 30
0
 11
6.4696579921259838
 21
-3.0232138976377954
 31
0
  0
LINE
  5
6EC
330
22
100
AcDbEntity
  8
F.Paste
  6
CONTINUOUS
100
AcDbLine
 10
6.4696579921259838
 20
-3.0232138976377954
 30
0
 11
6.4642033858267718
 21
-3.019569251968504
 31
0
  0
LINE
  5
6ED
330
22
100
AcDbEntity
  8
F.Paste
  6
CONTINUOUS
100
AcDbLine
 10
6.4642033858267718
 20
-3.019569251968504
 30
0
 11
6.459564606299212
 21
-3.0149304724409447
 31
0
  0
LINE
  5
6EE
330
22
100
AcDbEntity
  8
F.Paste
  6
CONTINUOUS
100
AcDbLine
 10
6.459564606299212
 20
-3.0149304724409447
 30
0
 11
6.4559199606299211
 21
-3.0094758661417322
 31
0
  0
LINE
  5
6EF
330
22
100
AcDbEntity
  8
F.Paste
  6
CONTINUOUS
100
AcDbLine
 10
6.4559199606299211
 20
-3.0094758661417322
 30
0
 11
6.4534094881889761
 21
-3.0034150393700787
 31
0
  0
LINE
  5
6F0
330
22
100
AcDbEntity
  8
F.Paste
  6
CONTINUOUS
100
AcDbLine
 10
6.4534094881889761
 20
-3.0034150393700787
 30
0
 11
6.4521296456692916
 21
-2.9969809055118111
 31
0
  0
LINE
  5
6F1
330
22
100
AcDbEntity
  8
F.Paste
  6
CONTINUOUS
100
AcDbLine
 10
6.4521296456692916
 20
-2.9969809055118111
 30
0
 11
6.4521296456692916
 21
-2.9904206692913387
 31
0
  0
LINE
  5
6F2
330
22
100
AcDbEntity
  8
F.Paste
  6
CONTINUOUS
100
AcDbLine
 10
6.4521296456692916
 20
-2.9904206692913387
 30
0
 11
6.4534094881889761
 21
-2.983986535433071
 31
0
  0
LINE
  5
6F3
330
22
100
AcDbEntity
  8
F.Paste
  6
CONTINUOUS
100
AcDbLine
 10
6.4534094881889761
 20
-2.983986535433071
 30
0
 11
6.4559199606299211
 21
-2.977925708661417
 31
0
  0
LINE
  5
6F4
330
22
100
AcDbEntity
  8
F.Paste
  6
CONTINUOUS
100
AcDbLine
 10
6.4559199606299211
 20
-2.977925708661417
 30
0
 11
6.459564606299212
 21
-2.9724711023622046
 31
0
  0
LINE
  5
6F5
330
22
100
AcDbEntity
  8
F.Paste
  6
CONTINUOUS
100
AcDbLine
 10
6.459564606299212
 20
-2.9724711023622046
 30
0
 11
6.4642033858267718
 21
-2.9678323228346457
 31
0
  0
LINE
  5
6F6
330
22
100
AcDbEntity
  8
F.Paste
  6
CONTINUOUS
100
AcDbLine
 10
6.4642033858267718
 20
-2.9678323228346457
 30
0
 11
6.4696579921259838
 21
-2.9641876771653544
 31
0
  0
LINE
  5
6F7
330
22
100
AcDbEntity
  8
F.Paste
  6
CONTINUOUS
100
AcDbLine
 10
6.4696579921259838
 20
-2.9641876771653544
 30
0
 11
6.4757188188976373
 21
-2.9616772047244093
 31
0
  0
LINE
  5
6F8
330
22
100
AcDbEntity
  8
F.Paste
  6
CONTINUOUS
100
AcDbLine
 10
6.4757188188976373
 20
-2.9616772047244093
 30
0
 11
6.4821529527559054
 21
-2.9603973622047244
 31
0
  0
LINE
  5
6F9
330
22
100
AcDbEntity
  8
F.Paste
  6
CONTINUOUS
100
AcDbLine
 10
6.4821529527559054
 20
-2.9603973622047244
 30
0
 11
6.4887131889763774
 21
-2.9603973622047244
 31
0
  0
LINE
  5
6FA
330
22
100
AcDbEntity
  8
F.Paste
  6
CONTINUOUS
100
AcDbLine
 10
6.4887131889763774
 20
-2.9603973622047244
 30
0
 11
6.4951473228346455
 21
-2.9616772047244093
 31
0
  0
LINE
  5
6FB
330
22
100
AcDbEntity
  8
F.Paste
  6
CONTINUOUS
100
AcDbLine
 10
6.8951473228346458
 20
-2.9616772047244093
 30
0
 11
6.9012081496062994
 21
-2.9641876771653544
 31
0
  0
LINE
  5
6FC
330
22
100
AcDbEntity
  8
F.Paste
  6
CONTINUOUS
100
AcDbLine
 10
6.9012081496062994
 20
-2.9641876771653544
 30
0
 11
6.9066627559055114
 21
-2.9678323228346457
 31
0
  0
LINE
  5
6FD
330
22
100
AcDbEntity
  8
F.Paste
  6
CONTINUOUS
100
AcDbLine
 10
6.9066627559055114
 20
-2.9678323228346457
 30
0
 11
6.9113015354330711
 21
-2.9724711023622046
 31
0
  0
LINE
  5
6FE
330
22
100
AcDbEntity
  8
F.Paste
  6
CONTINUOUS
100
AcDbLine
 10
6.9113015354330711
 20
-2.9724711023622046
 30
0
 11
6.914946181102362
 21
-2.977925708661417
 31
0
  0
LINE
  5
6FF
330
22
100
AcDbEntity
  8
F.Paste
  6
CONTINUOUS
100
AcDbLine
 10
6.914946181102362
 20
-2.977925708661417
 30
0
 11
6.9174566535433071
 21
-2.983986535433071
 31
0
  0
LINE
  5
700
330
22
100
AcDbEntity
  8
F.Paste
  6
CONTINUOUS
100
AcDbLine
 10
6.9174566535433071
 20
-2.983986535433071
 30
0
 11
6.9187364960629916
 21
-2.9904206692913387
 31
0
  0
LINE
  5
701
330
22
100
AcDbEntity
  8
F.Paste
  6
CONTINUOUS
100
AcDbLine
 10
6.9187364960629916
 20
-2.9904206692913387
 30
0
 11
6.9187364960629916
 21
-2.9969809055118111
 31
0
  0
LINE
  5
702
330
22
100
AcDbEntity
  8
F.Paste
  6
CONTINUOUS
100
AcDbLine
 10
6.9187364960629916
 20
-2.9969809055118111
 30
0
 11
6.9174566535433071
 21
-3.0034150393700787
 31
0
  0
LINE
  5
703
330
22
100
AcDbEntity
  8
F.Paste
  6
CONTINUOUS
100
AcDbLine
 10
6.9174566535433071
 20
-3.0034150393700787
 30
0
 11
6.914946181102362
 21
-3.0094758661417322
 31
0
  0
LINE
  5
704
330
22
100
AcDbEntity
  8
F.Paste
  6
CONTINUOUS
100
AcDbLine
 10
6.914946181102362
 20
-3.0094758661417322
 30
0
 11
6.9113015354330711
 21
-3.0149304724409447
 31
0
  0
LINE
  5
705
330
22
100
AcDbEntity
  8
F.Paste
  6
CONTINUOUS
100
AcDbLine
 10
6.9113015354330711
 20
-3.0149304724409447
 30
0
 11
6.9066627559055114
 21
-3.019569251968504
 31
0
  0
LINE
  5
706
330
22
100
AcDbEntity
  8
F.Paste
  6
CONTINUOUS
100
AcDbLine
 10
6.9066627559055114
 20
-3.019569251968504
 30
0
 11
6.9012081496062994
 21
-3.0232138976377954
 31
0
  0
LINE
  5
707
330
22
100
AcDbEntity
  8
F.Paste
  6
CONTINUOUS
100
AcDbLine
 10
6.9012081496062994
 20
-3.0232138976377954
 30
0
 11
6.8951473228346458
 21
-3.02572437007874
 31
0
  0
LINE
  5
708
330
22
100
AcDbEntity
  8
F.Paste
  6
CONTINUOUS
100
AcDbLine
 10
6.8951473228346458
 20
-3.02572437007874
 30
0
 11
6.8887131889763777
 21
-3.0270042125984253
 31
0
  0
LINE
  5
709
330
22
100
AcDbEntity
  8
F.Paste
  6
CONTINUOUS
100
AcDbLine
 10
6.8887131889763777
 20
-3.0270042125984253
 30
0
 11
6.8821529527559058
 21
-3.0270042125984253
 31
0
  0
LINE
  5
70A
330
22
100
AcDbEntity
  8
F.Paste
  6
CONTINUOUS
100
AcDbLine
 10
6.8821529527559058
 20
-3.0270042125984253
 30
0
 11
6.8757188188976377
 21
-3.02572437007874
 31
0
  0
LINE
  5
70B
330
22
100
AcDbEntity
  8
F.Paste
  6
CONTINUOUS
100
AcDbLine
 10
6.8757188188976377
 20
-3.02572437007874
 30
0
 11
6.8696579921259842
 21
-3.0232138976377954
 31
0
  0
LINE
  5
70C
330
22
100
AcDbEntity
  8
F.Paste
  6
CONTINUOUS
100
AcDbLine
 10
6.8696579921259842
 20
-3.0232138976377954
 30
0
 11
6.8642033858267713
 21
-3.019569251968504
 31
0
  0
LINE
  5
70D
330
22
100
AcDbEntity
  8
F.Paste
  6
CONTINUOUS
100
AcDbLine
 10
6.8642033858267713
 20
-3.019569251968504
 30
0
 11
6.8595646062992124
 21
-3.0149304724409447
 31
0
  0
LINE
  5
70E
330
22
100
AcDbEntity
  8
F.Paste
  6
CONTINUOUS
100
AcDbLine
 10
6.8595646062992124
 20
-3.0149304724409447
 30
0
 11
6.8559199606299215
 21
-3.0094758661417322
 31
0
  0
LINE
  5
70F
330
22
100
AcDbEntity
  8
F.Paste
  6
CONTINUOUS
100
AcDbLine
 10
6.8559199606299215
 20
-3.0094758661417322
 30
0
 11
6.8534094881889764
 21
-3.0034150393700787
 31
0
  0
LINE
  5
710
330
22
100
AcDbEntity
  8
F.Paste
  6
CONTINUOUS
100
AcDbLine
 10
6.8534094881889764
 20
-3.0034150393700787
 30
0
 11
6.8521296456692911
 21
-2.9969809055118111
 31
0
  0
LINE
  5
711
330
22
100
AcDbEntity
  8
F.Paste
  6
CONTINUOUS
100
AcDbLine
 10
6.8521296456692911
 20
-2.9969809055118111
 30
0
 11
6.8521296456692911
 21
-2.9904206692913387
 31
0
  0
LINE
  5
712
330
22
100
AcDbEntity
  8
F.Paste
  6
CONTINUOUS
100
AcDbLine
 10
6.8521296456692911
 20
-2.9904206692913387
 30
0
 11
6.8534094881889764
 21
-2.983986535433071
 31
0
  0
LINE
  5
713
330
22
100
AcDbEntity
  8
F.Paste
  6
CONTINUOUS
100
AcDbLine
 10
6.8534094881889764
 20
-2.983986535433071
 30
0
 11
6.8559199606299215
 21
-2.977925708661417
 31
0
  0
LINE
  5
714
330
22
100
AcDbEntity
  8
F.Paste
  6
CONTINUOUS
100
AcDbLine
 10
6.8559199606299215
 20
-2.977925708661417
 30
0
 11
6.8595646062992124
 21
-2.9724711023622046
 31
0
  0
LINE
  5
715
330
22
100
AcDbEntity
  8
F.Paste
  6
CONTINUOUS
100
AcDbLine
 10
6.8595646062992124
 20
-2.9724711023622046
 30
0
 11
6.8642033858267713
 21
-2.9678323228346457
 31
0
  0
LINE
  5
716
330
22
100
AcDbEntity
  8
F.Paste
  6
CONTINUOUS
100
AcDbLine
 10
6.8642033858267713
 20
-2.9678323228346457
 30
0
 11
6.8696579921259842
 21
-2.9641876771653544
 31
0
  0
LINE
  5
717
330
22
100
AcDbEntity
  8
F.Paste
  6
CONTINUOUS
100
AcDbLine
 10
6.8696579921259842
 20
-2.9641876771653544
 30
0
 11
6.8757188188976377
 21
-2.9616772047244093
 31
0
  0
LINE
  5
718
330
22
100
AcDbEntity
  8
F.Paste
  6
CONTINUOUS
100
AcDbLine
 10
6.8757188188976377
 20
-2.9616772047244093
 30
0
 11
6.8821529527559058
 21
-2.9603973622047244
 31
0
  0
LINE
  5
719
330
22
100
AcDbEntity
  8
F.Paste
  6
CONTINUOUS
100
AcDbLine
 10
6.8821529527559058
 20
-2.9603973622047244
 30
0
 11
6.8887131889763777
 21
-2.9603973622047244
 31
0
  0
LINE
  5
71A
330
22
100
AcDbEntity
  8
F.Paste
  6
CONTINUOUS
100
AcDbLine
 10
6.8887131889763777
 20
-2.9603973622047244
 30
0
 11
6.8951473228346458
 21
-2.9616772047244093
 31
0
  0
LINE
  5
71B
330
22
100
AcDbEntity
  8
F.Paste
  6
CONTINUOUS
100
AcDbLine
 10
4.676508464566929
 20
-2.9044918503937005
 30
0
 11
4.6829425984251971
 21
-2.9057716929133859
 31
0
  0
LINE
  5
71C
330
22
100
AcDbEntity
  8
F.Paste
  6
CONTINUOUS
100
AcDbLine
 10
4.6829425984251971
 20
-2.9057716929133859
 30
0
 11
4.6890034251968506
 21
-2.9082821653543305
 31
0
  0
LINE
  5
71D
330
22
100
AcDbEntity
  8
F.Paste
  6
CONTINUOUS
100
AcDbLine
 10
4.6890034251968506
 20
-2.9082821653543305
 30
0
 11
4.6944580314960627
 21
-2.9119268110236218
 31
0
  0
LINE
  5
71E
330
22
100
AcDbEntity
  8
F.Paste
  6
CONTINUOUS
100
AcDbLine
 10
4.6944580314960627
 20
-2.9119268110236218
 30
0
 11
4.6990968110236215
 21
-2.9165655905511811
 31
0
  0
LINE
  5
71F
330
22
100
AcDbEntity
  8
F.Paste
  6
CONTINUOUS
100
AcDbLine
 10
4.6990968110236215
 20
-2.9165655905511811
 30
0
 11
4.7027414566929133
 21
-2.9220201968503936
 31
0
  0
LINE
  5
720
330
22
100
AcDbEntity
  8
F.Paste
  6
CONTINUOUS
100
AcDbLine
 10
4.7027414566929133
 20
-2.9220201968503936
 30
0
 11
4.7052519291338584
 21
-2.9280810236220471
 31
0
  0
LINE
  5
721
330
22
100
AcDbEntity
  8
F.Paste
  6
CONTINUOUS
100
AcDbLine
 10
4.7052519291338584
 20
-2.9280810236220471
 30
0
 11
4.7065317716535429
 21
-2.9345151574803148
 31
0
  0
LINE
  5
722
330
22
100
AcDbEntity
  8
F.Paste
  6
CONTINUOUS
100
AcDbLine
 10
4.7065317716535429
 20
-2.9345151574803148
 30
0
 11
4.7065317716535429
 21
-2.9410753937007872
 31
0
  0
LINE
  5
723
330
22
100
AcDbEntity
  8
F.Paste
  6
CONTINUOUS
100
AcDbLine
 10
4.7065317716535429
 20
-2.9410753937007872
 30
0
 11
4.7052519291338584
 21
-2.9475095275590553
 31
0
  0
LINE
  5
724
330
22
100
AcDbEntity
  8
F.Paste
  6
CONTINUOUS
100
AcDbLine
 10
4.7052519291338584
 20
-2.9475095275590553
 30
0
 11
4.7027414566929133
 21
-2.9535703543307088
 31
0
  0
LINE
  5
725
330
22
100
AcDbEntity
  8
F.Paste
  6
CONTINUOUS
100
AcDbLine
 10
4.7027414566929133
 20
-2.9535703543307088
 30
0
 11
4.6990968110236215
 21
-2.9590249606299213
 31
0
  0
LINE
  5
726
330
22
100
AcDbEntity
  8
F.Paste
  6
CONTINUOUS
100
AcDbLine
 10
4.6990968110236215
 20
-2.9590249606299213
 30
0
 11
4.6944580314960627
 21
-2.9636637401574801
 31
0
  0
LINE
  5
727
330
22
100
AcDbEntity
  8
F.Paste
  6
CONTINUOUS
100
AcDbLine
 10
4.6944580314960627
 20
-2.9636637401574801
 30
0
 11
4.6890034251968506
 21
-2.9673083858267715
 31
0
  0
LINE
  5
728
330
22
100
AcDbEntity
  8
F.Paste
  6
CONTINUOUS
100
AcDbLine
 10
4.6890034251968506
 20
-2.9673083858267715
 30
0
 11
4.6829425984251971
 21
-2.9698188582677165
 31
0
  0
LINE
  5
729
330
22
100
AcDbEntity
  8
F.Paste
  6
CONTINUOUS
100
AcDbLine
 10
4.6829425984251971
 20
-2.9698188582677165
 30
0
 11
4.676508464566929
 21
-2.9710987007874015
 31
0
  0
LINE
  5
72A
330
22
100
AcDbEntity
  8
F.Paste
  6
CONTINUOUS
100
AcDbLine
 10
4.676508464566929
 20
-2.9710987007874015
 30
0
 11
4.6732283464566926
 21
-2.971259842519685
 31
0
  0
LINE
  5
72B
330
22
100
AcDbEntity
  8
F.Paste
  6
CONTINUOUS
100
AcDbLine
 10
4.6732283464566926
 20
-2.971259842519685
 30
0
 11
4.5984251968503935
 21
-2.971259842519685
 31
0
  0
LINE
  5
72C
330
22
100
AcDbEntity
  8
F.Paste
  6
CONTINUOUS
100
AcDbLine
 10
4.5984251968503935
 20
-2.971259842519685
 30
0
 11
4.5951450787401571
 21
-2.9710987007874015
 31
0
  0
LINE
  5
72D
330
22
100
AcDbEntity
  8
F.Paste
  6
CONTINUOUS
100
AcDbLine
 10
4.5951450787401571
 20
-2.9710987007874015
 30
0
 11
4.5887109448818899
 21
-2.9698188582677165
 31
0
  0
LINE
  5
72E
330
22
100
AcDbEntity
  8
F.Paste
  6
CONTINUOUS
100
AcDbLine
 10
4.5887109448818899
 20
-2.9698188582677165
 30
0
 11
4.5826501181102364
 21
-2.9673083858267715
 31
0
  0
LINE
  5
72F
330
22
100
AcDbEntity
  8
F.Paste
  6
CONTINUOUS
100
AcDbLine
 10
4.5826501181102364
 20
-2.9673083858267715
 30
0
 11
4.5771955118110235
 21
-2.9636637401574801
 31
0
  0
LINE
  5
730
330
22
100
AcDbEntity
  8
F.Paste
  6
CONTINUOUS
100
AcDbLine
 10
4.5771955118110235
 20
-2.9636637401574801
 30
0
 11
4.5725567322834646
 21
-2.9590249606299213
 31
0
  0
LINE
  5
731
330
22
100
AcDbEntity
  8
F.Paste
  6
CONTINUOUS
100
AcDbLine
 10
4.5725567322834646
 20
-2.9590249606299213
 30
0
 11
4.5689120866141728
 21
-2.9535703543307088
 31
0
  0
LINE
  5
732
330
22
100
AcDbEntity
  8
F.Paste
  6
CONTINUOUS
100
AcDbLine
 10
4.5689120866141728
 20
-2.9535703543307088
 30
0
 11
4.5664016141732287
 21
-2.9475095275590553
 31
0
  0
LINE
  5
733
330
22
100
AcDbEntity
  8
F.Paste
  6
CONTINUOUS
100
AcDbLine
 10
4.5664016141732287
 20
-2.9475095275590553
 30
0
 11
4.5651217716535433
 21
-2.9410753937007872
 31
0
  0
LINE
  5
734
330
22
100
AcDbEntity
  8
F.Paste
  6
CONTINUOUS
100
AcDbLine
 10
4.5651217716535433
 20
-2.9410753937007872
 30
0
 11
4.5651217716535433
 21
-2.9345151574803148
 31
0
  0
LINE
  5
735
330
22
100
AcDbEntity
  8
F.Paste
  6
CONTINUOUS
100
AcDbLine
 10
4.5651217716535433
 20
-2.9345151574803148
 30
0
 11
4.5664016141732287
 21
-2.9280810236220471
 31
0
  0
LINE
  5
736
330
22
100
AcDbEntity
  8
F.Paste
  6
CONTINUOUS
100
AcDbLine
 10
4.5664016141732287
 20
-2.9280810236220471
 30
0
 11
4.5689120866141728
 21
-2.9220201968503936
 31
0
  0
LINE
  5
737
330
22
100
AcDbEntity
  8
F.Paste
  6
CONTINUOUS
100
AcDbLine
 10
4.5689120866141728
 20
-2.9220201968503936
 30
0
 11
4.5725567322834646
 21
-2.9165655905511811
 31
0
  0
LINE
  5
738
330
22
100
AcDbEntity
  8
F.Paste
  6
CONTINUOUS
100
AcDbLine
 10
4.5725567322834646
 20
-2.9165655905511811
 30
0
 11
4.5771955118110235
 21
-2.9119268110236218
 31
0
  0
LINE
  5
739
330
22
100
AcDbEntity
  8
F.Paste
  6
CONTINUOUS
100
AcDbLine
 10
4.5771955118110235
 20
-2.9119268110236218
 30
0
 11
4.5826501181102364
 21
-2.9082821653543305
 31
0
  0
LINE
  5
73A
330
22
100
AcDbEntity
  8
F.Paste
  6
CONTINUOUS
100
AcDbLine
 10
4.5826501181102364
 20
-2.9082821653543305
 30
0
 11
4.5887109448818899
 21
-2.9057716929133859
 31
0
  0
LINE
  5
73B
330
22
100
AcDbEntity
  8
F.Paste
  6
CONTINUOUS
100
AcDbLine
 10
4.5887109448818899
 20
-2.9057716929133859
 30
0
 11
4.5951450787401571
 21
-2.9044918503937005
 31
0
  0
LINE
  5
73C
330
22
100
AcDbEntity
  8
F.Paste
  6
CONTINUOUS
100
AcDbLine
 10
4.5951450787401571
 20
-2.9044918503937005
 30
0
 11
4.5984251968503935
 21
-2.9043307086614174
 31
0
  0
LINE
  5
73D
330
22
100
AcDbEntity
  8
F.Paste
  6
CONTINUOUS
100
AcDbLine
 10
4.5984251968503935
 20
-2.9043307086614174
 30
0
 11
4.6732283464566926
 21
-2.9043307086614174
 31
0
  0
LINE
  5
73E
330
22
100
AcDbEntity
  8
F.Paste
  6
CONTINUOUS
100
AcDbLine
 10
4.6732283464566926
 20
-2.9043307086614174
 30
0
 11
4.676508464566929
 21
-2.9044918503937005
 31
0
  0
LINE
  5
73F
330
22
100
AcDbEntity
  8
F.Paste
  6
CONTINUOUS
100
AcDbLine
 10
5.3576108267716531
 20
-2.9044918503937005
 30
0
 11
5.3640449606299212
 21
-2.9057716929133859
 31
0
  0
LINE
  5
740
330
22
100
AcDbEntity
  8
F.Paste
  6
CONTINUOUS
100
AcDbLine
 10
5.3640449606299212
 20
-2.9057716929133859
 30
0
 11
5.3701057874015747
 21
-2.9082821653543305
 31
0
  0
LINE
  5
741
330
22
100
AcDbEntity
  8
F.Paste
  6
CONTINUOUS
100
AcDbLine
 10
5.3701057874015747
 20
-2.9082821653543305
 30
0
 11
5.3755603937007876
 21
-2.9119268110236218
 31
0
  0
LINE
  5
742
330
22
100
AcDbEntity
  8
F.Paste
  6
CONTINUOUS
100
AcDbLine
 10
5.3755603937007876
 20
-2.9119268110236218
 30
0
 11
5.3801991732283465
 21
-2.9165655905511811
 31
0
  0
LINE
  5
743
330
22
100
AcDbEntity
  8
F.Paste
  6
CONTINUOUS
100
AcDbLine
 10
5.3801991732283465
 20
-2.9165655905511811
 30
0
 11
5.3838438188976374
 21
-2.9220201968503936
 31
0
  0
LINE
  5
744
330
22
100
AcDbEntity
  8
F.Paste
  6
CONTINUOUS
100
AcDbLine
 10
5.3838438188976374
 20
-2.9220201968503936
 30
0
 11
5.3863542913385825
 21
-2.9280810236220471
 31
0
  0
LINE
  5
745
330
22
100
AcDbEntity
  8
F.Paste
  6
CONTINUOUS
100
AcDbLine
 10
5.3863542913385825
 20
-2.9280810236220471
 30
0
 11
5.3876341338582678
 21
-2.9345151574803148
 31
0
  0
LINE
  5
746
330
22
100
AcDbEntity
  8
F.Paste
  6
CONTINUOUS
100
AcDbLine
 10
5.3876341338582678
 20
-2.9345151574803148
 30
0
 11
5.3876341338582678
 21
-2.9410753937007872
 31
0
  0
LINE
  5
747
330
22
100
AcDbEntity
  8
F.Paste
  6
CONTINUOUS
100
AcDbLine
 10
5.3876341338582678
 20
-2.9410753937007872
 30
0
 11
5.3863542913385825
 21
-2.9475095275590553
 31
0
  0
LINE
  5
748
330
22
100
AcDbEntity
  8
F.Paste
  6
CONTINUOUS
100
AcDbLine
 10
5.3863542913385825
 20
-2.9475095275590553
 30
0
 11
5.3838438188976374
 21
-2.9535703543307088
 31
0
  0
LINE
  5
749
330
22
100
AcDbEntity
  8
F.Paste
  6
CONTINUOUS
100
AcDbLine
 10
5.3838438188976374
 20
-2.9535703543307088
 30
0
 11
5.3801991732283465
 21
-2.9590249606299213
 31
0
  0
LINE
  5
74A
330
22
100
AcDbEntity
  8
F.Paste
  6
CONTINUOUS
100
AcDbLine
 10
5.3801991732283465
 20
-2.9590249606299213
 30
0
 11
5.3755603937007876
 21
-2.9636637401574801
 31
0
  0
LINE
  5
74B
330
22
100
AcDbEntity
  8
F.Paste
  6
CONTINUOUS
100
AcDbLine
 10
5.3755603937007876
 20
-2.9636637401574801
 30
0
 11
5.3701057874015747
 21
-2.9673083858267715
 31
0
  0
LINE
  5
74C
330
22
100
AcDbEntity
  8
F.Paste
  6
CONTINUOUS
100
AcDbLine
 10
5.3701057874015747
 20
-2.9673083858267715
 30
0
 11
5.3640449606299212
 21
-2.9698188582677165
 31
0
  0
LINE
  5
74D
330
22
100
AcDbEntity
  8
F.Paste
  6
CONTINUOUS
100
AcDbLine
 10
5.3640449606299212
 20
-2.9698188582677165
 30
0
 11
5.3576108267716531
 21
-2.9710987007874015
 31
0
  0
LINE
  5
74E
330
22
100
AcDbEntity
  8
F.Paste
  6
CONTINUOUS
100
AcDbLine
 10
5.3576108267716531
 20
-2.9710987007874015
 30
0
 11
5.3543307086614176
 21
-2.971259842519685
 31
0
  0
LINE
  5
74F
330
22
100
AcDbEntity
  8
F.Paste
  6
CONTINUOUS
100
AcDbLine
 10
5.3543307086614176
 20
-2.971259842519685
 30
0
 11
5.2755905511811019
 21
-2.971259842519685
 31
0
  0
LINE
  5
750
330
22
100
AcDbEntity
  8
F.Paste
  6
CONTINUOUS
100
AcDbLine
 10
5.2755905511811019
 20
-2.971259842519685
 30
0
 11
5.2723104330708663
 21
-2.9710987007874015
 31
0
  0
LINE
  5
751
330
22
100
AcDbEntity
  8
F.Paste
  6
CONTINUOUS
100
AcDbLine
 10
5.2723104330708663
 20
-2.9710987007874015
 30
0
 11
5.2658762992125983
 21
-2.9698188582677165
 31
0
  0
LINE
  5
752
330
22
100
AcDbEntity
  8
F.Paste
  6
CONTINUOUS
100
AcDbLine
 10
5.2658762992125983
 20
-2.9698188582677165
 30
0
 11
5.2598154724409447
 21
-2.9673083858267715
 31
0
  0
LINE
  5
753
330
22
100
AcDbEntity
  8
F.Paste
  6
CONTINUOUS
100
AcDbLine
 10
5.2598154724409447
 20
-2.9673083858267715
 30
0
 11
5.2543608661417318
 21
-2.9636637401574801
 31
0
  0
LINE
  5
754
330
22
100
AcDbEntity
  8
F.Paste
  6
CONTINUOUS
100
AcDbLine
 10
5.2543608661417318
 20
-2.9636637401574801
 30
0
 11
5.2497220866141729
 21
-2.9590249606299213
 31
0
  0
LINE
  5
755
330
22
100
AcDbEntity
  8
F.Paste
  6
CONTINUOUS
100
AcDbLine
 10
5.2497220866141729
 20
-2.9590249606299213
 30
0
 11
5.246077440944882
 21
-2.9535703543307088
 31
0
  0
LINE
  5
756
330
22
100
AcDbEntity
  8
F.Paste
  6
CONTINUOUS
100
AcDbLine
 10
5.246077440944882
 20
-2.9535703543307088
 30
0
 11
5.243566968503937
 21
-2.9475095275590553
 31
0
  0
LINE
  5
757
330
22
100
AcDbEntity
  8
F.Paste
  6
CONTINUOUS
100
AcDbLine
 10
5.243566968503937
 20
-2.9475095275590553
 30
0
 11
5.2422871259842516
 21
-2.9410753937007872
 31
0
  0
LINE
  5
758
330
22
100
AcDbEntity
  8
F.Paste
  6
CONTINUOUS
100
AcDbLine
 10
5.2422871259842516
 20
-2.9410753937007872
 30
0
 11
5.2422871259842516
 21
-2.9345151574803148
 31
0
  0
LINE
  5
759
330
22
100
AcDbEntity
  8
F.Paste
  6
CONTINUOUS
100
AcDbLine
 10
5.2422871259842516
 20
-2.9345151574803148
 30
0
 11
5.243566968503937
 21
-2.9280810236220471
 31
0
  0
LINE
  5
75A
330
22
100
AcDbEntity
  8
F.Paste
  6
CONTINUOUS
100
AcDbLine
 10
5.243566968503937
 20
-2.9280810236220471
 30
0
 11
5.246077440944882
 21
-2.9220201968503936
 31
0
  0
LINE
  5
75B
330
22
100
AcDbEntity
  8
F.Paste
  6
CONTINUOUS
100
AcDbLine
 10
5.246077440944882
 20
-2.9220201968503936
 30
0
 11
5.2497220866141729
 21
-2.9165655905511811
 31
0
  0
LINE
  5
75C
330
22
100
AcDbEntity
  8
F.Paste
  6
CONTINUOUS
100
AcDbLine
 10
5.2497220866141729
 20
-2.9165655905511811
 30
0
 11
5.2543608661417318
 21
-2.9119268110236218
 31
0
  0
LINE
  5
75D
330
22
100
AcDbEntity
  8
F.Paste
  6
CONTINUOUS
100
AcDbLine
 10
5.2543608661417318
 20
-2.9119268110236218
 30
0
 11
5.2598154724409447
 21
-2.9082821653543305
 31
0
  0
LINE
  5
75E
330
22
100
AcDbEntity
  8
F.Paste
  6
CONTINUOUS
100
AcDbLine
 10
5.2598154724409447
 20
-2.9082821653543305
 30
0
 11
5.2658762992125983
 21
-2.9057716929133859
 31
0
  0
LINE
  5
75F
330
22
100
AcDbEntity
  8
F.Paste
  6
CONTINUOUS
100
AcDbLine
 10
5.2658762992125983
 20
-2.9057716929133859
 30
0
 11
5.2723104330708663
 21
-2.9044918503937005
 31
0
  0
LINE
  5
760
330
22
100
AcDbEntity
  8
F.Paste
  6
CONTINUOUS
100
AcDbLine
 10
5.2723104330708663
 20
-2.9044918503937005
 30
0
 11
5.2755905511811019
 21
-2.9043307086614174
 31
0
  0
LINE
  5
761
330
22
100
AcDbEntity
  8
F.Paste
  6
CONTINUOUS
100
AcDbLine
 10
5.2755905511811019
 20
-2.9043307086614174
 30
0
 11
5.3543307086614176
 21
-2.9043307086614174
 31
0
  0
LINE
  5
762
330
22
100
AcDbEntity
  8
F.Paste
  6
CONTINUOUS
100
AcDbLine
 10
5.3543307086614176
 20
-2.9043307086614174
 30
0
 11
5.3576108267716531
 21
-2.9044918503937005
 31
0
  0
LINE
  5
763
330
22
100
AcDbEntity
  8
F.Paste
  6
CONTINUOUS
100
AcDbLine
 10
6.5455429133858267
 20
-2.8515902755905511
 30
0
 11
6.5520059842519682
 21
-2.8536902755905511
 31
0
  0
LINE
  5
764
330
22
100
AcDbEntity
  8
F.Paste
  6
CONTINUOUS
100
AcDbLine
 10
6.5520059842519682
 20
-2.8536902755905511
 30
0
 11
6.5580609448818894
 21
-2.8567754330708661
 31
0
  0
LINE
  5
765
330
22
100
AcDbEntity
  8
F.Paste
  6
CONTINUOUS
100
AcDbLine
 10
6.5580609448818894
 20
-2.8567754330708661
 30
0
 11
6.5635587795275585
 21
-2.8607698031496063
 31
0
  0
LINE
  5
766
330
22
100
AcDbEntity
  8
F.Paste
  6
CONTINUOUS
100
AcDbLine
 10
6.5635587795275585
 20
-2.8607698031496063
 30
0
 11
6.5683640551181099
 21
-2.8655750787401573
 31
0
  0
LINE
  5
767
330
22
100
AcDbEntity
  8
F.Paste
  6
CONTINUOUS
100
AcDbLine
 10
6.5683640551181099
 20
-2.8655750787401573
 30
0
 11
6.5723584251968505
 21
-2.8710729133858268
 31
0
  0
LINE
  5
768
330
22
100
AcDbEntity
  8
F.Paste
  6
CONTINUOUS
100
AcDbLine
 10
6.5723584251968505
 20
-2.8710729133858268
 30
0
 11
6.5754435826771651
 21
-2.877127874015748
 31
0
  0
LINE
  5
769
330
22
100
AcDbEntity
  8
F.Paste
  6
CONTINUOUS
100
AcDbLine
 10
6.5754435826771651
 20
-2.877127874015748
 30
0
 11
6.5775435826771655
 21
-2.8835909448818895
 31
0
  0
LINE
  5
76A
330
22
100
AcDbEntity
  8
F.Paste
  6
CONTINUOUS
100
AcDbLine
 10
6.5775435826771655
 20
-2.8835909448818895
 30
0
 11
6.5786066535433072
 21
-2.8903029527559054
 31
0
  0
LINE
  5
76B
330
22
100
AcDbEntity
  8
F.Paste
  6
CONTINUOUS
100
AcDbLine
 10
6.5786066535433072
 20
-2.8903029527559054
 30
0
 11
6.5786066535433072
 21
-2.8970986220472441
 31
0
  0
LINE
  5
76C
330
22
100
AcDbEntity
  8
F.Paste
  6
CONTINUOUS
100
AcDbLine
 10
6.5786066535433072
 20
-2.8970986220472441
 30
0
 11
6.5775435826771655
 21
-2.9038106299212596
 31
0
  0
LINE
  5
76D
330
22
100
AcDbEntity
  8
F.Paste
  6
CONTINUOUS
100
AcDbLine
 10
6.5775435826771655
 20
-2.9038106299212596
 30
0
 11
6.5754435826771651
 21
-2.9102737007874016
 31
0
  0
LINE
  5
76E
330
22
100
AcDbEntity
  8
F.Paste
  6
CONTINUOUS
100
AcDbLine
 10
6.5754435826771651
 20
-2.9102737007874016
 30
0
 11
6.5723584251968505
 21
-2.9163286614173227
 31
0
  0
LINE
  5
76F
330
22
100
AcDbEntity
  8
F.Paste
  6
CONTINUOUS
100
AcDbLine
 10
6.5723584251968505
 20
-2.9163286614173227
 30
0
 11
6.5683640551181099
 21
-2.9218264960629923
 31
0
  0
LINE
  5
770
330
22
100
AcDbEntity
  8
F.Paste
  6
CONTINUOUS
100
AcDbLine
 10
6.5683640551181099
 20
-2.9218264960629923
 30
0
 11
6.5635587795275585
 21
-2.9266317716535433
 31
0
  0
LINE
  5
771
330
22
100
AcDbEntity
  8
F.Paste
  6
CONTINUOUS
100
AcDbLine
 10
6.5635587795275585
 20
-2.9266317716535433
 30
0
 11
6.5580609448818894
 21
-2.9306261417322834
 31
0
  0
LINE
  5
772
330
22
100
AcDbEntity
  8
F.Paste
  6
CONTINUOUS
100
AcDbLine
 10
6.5580609448818894
 20
-2.9306261417322834
 30
0
 11
6.5520059842519682
 21
-2.9337112992125984
 31
0
  0
LINE
  5
773
330
22
100
AcDbEntity
  8
F.Paste
  6
CONTINUOUS
100
AcDbLine
 10
6.5520059842519682
 20
-2.9337112992125984
 30
0
 11
6.5455429133858267
 21
-2.9358112992125984
 31
0
  0
LINE
  5
774
330
22
100
AcDbEntity
  8
F.Paste
  6
CONTINUOUS
100
AcDbLine
 10
6.5455429133858267
 20
-2.9358112992125984
 30
0
 11
6.5388309055118112
 21
-2.9368743700787401
 31
0
  0
LINE
  5
775
330
22
100
AcDbEntity
  8
F.Paste
  6
CONTINUOUS
100
AcDbLine
 10
6.5388309055118112
 20
-2.9368743700787401
 30
0
 11
6.5320352362204721
 21
-2.9368743700787401
 31
0
  0
LINE
  5
776
330
22
100
AcDbEntity
  8
F.Paste
  6
CONTINUOUS
100
AcDbLine
 10
6.5320352362204721
 20
-2.9368743700787401
 30
0
 11
6.5253232283464566
 21
-2.9358112992125984
 31
0
  0
LINE
  5
777
330
22
100
AcDbEntity
  8
F.Paste
  6
CONTINUOUS
100
AcDbLine
 10
6.5253232283464566
 20
-2.9358112992125984
 30
0
 11
6.5188601574803151
 21
-2.9337112992125984
 31
0
  0
LINE
  5
778
330
22
100
AcDbEntity
  8
F.Paste
  6
CONTINUOUS
100
AcDbLine
 10
6.5188601574803151
 20
-2.9337112992125984
 30
0
 11
6.5128051968503939
 21
-2.9306261417322834
 31
0
  0
LINE
  5
779
330
22
100
AcDbEntity
  8
F.Paste
  6
CONTINUOUS
100
AcDbLine
 10
6.5128051968503939
 20
-2.9306261417322834
 30
0
 11
6.5073073622047239
 21
-2.9266317716535433
 31
0
  0
LINE
  5
77A
330
22
100
AcDbEntity
  8
F.Paste
  6
CONTINUOUS
100
AcDbLine
 10
6.5073073622047239
 20
-2.9266317716535433
 30
0
 11
6.5025020866141734
 21
-2.9218264960629923
 31
0
  0
LINE
  5
77B
330
22
100
AcDbEntity
  8
F.Paste
  6
CONTINUOUS
100
AcDbLine
 10
6.5025020866141734
 20
-2.9218264960629923
 30
0
 11
6.4985077165354328
 21
-2.9163286614173227
 31
0
  0
LINE
  5
77C
330
22
100
AcDbEntity
  8
F.Paste
  6
CONTINUOUS
100
AcDbLine
 10
6.4985077165354328
 20
-2.9163286614173227
 30
0
 11
6.4954225590551182
 21
-2.9102737007874016
 31
0
  0
LINE
  5
77D
330
22
100
AcDbEntity
  8
F.Paste
  6
CONTINUOUS
100
AcDbLine
 10
6.4954225590551182
 20
-2.9102737007874016
 30
0
 11
6.4933225590551178
 21
-2.9038106299212596
 31
0
  0
LINE
  5
77E
330
22
100
AcDbEntity
  8
F.Paste
  6
CONTINUOUS
100
AcDbLine
 10
6.4933225590551178
 20
-2.9038106299212596
 30
0
 11
6.4922594881889761
 21
-2.8970986220472441
 31
0
  0
LINE
  5
77F
330
22
100
AcDbEntity
  8
F.Paste
  6
CONTINUOUS
100
AcDbLine
 10
6.4922594881889761
 20
-2.8970986220472441
 30
0
 11
6.4922594881889761
 21
-2.8903029527559054
 31
0
  0
LINE
  5
780
330
22
100
AcDbEntity
  8
F.Paste
  6
CONTINUOUS
100
AcDbLine
 10
6.4922594881889761
 20
-2.8903029527559054
 30
0
 11
6.4933225590551178
 21
-2.8835909448818895
 31
0
  0
LINE
  5
781
330
22
100
AcDbEntity
  8
F.Paste
  6
CONTINUOUS
100
AcDbLine
 10
6.4933225590551178
 20
-2.8835909448818895
 30
0
 11
6.4954225590551182
 21
-2.877127874015748
 31
0
  0
LINE
  5
782
330
22
100
AcDbEntity
  8
F.Paste
  6
CONTINUOUS
100
AcDbLine
 10
6.4954225590551182
 20
-2.877127874015748
 30
0
 11
6.4985077165354328
 21
-2.8710729133858268
 31
0
  0
LINE
  5
783
330
22
100
AcDbEntity
  8
F.Paste
  6
CONTINUOUS
100
AcDbLine
 10
6.4985077165354328
 20
-2.8710729133858268
 30
0
 11
6.5025020866141734
 21
-2.8655750787401573
 31
0
  0
LINE
  5
784
330
22
100
AcDbEntity
  8
F.Paste
  6
CONTINUOUS
100
AcDbLine
 10
6.5025020866141734
 20
-2.8655750787401573
 30
0
 11
6.5073073622047239
 21
-2.8607698031496063
 31
0
  0
LINE
  5
785
330
22
100
AcDbEntity
  8
F.Paste
  6
CONTINUOUS
100
AcDbLine
 10
6.5073073622047239
 20
-2.8607698031496063
 30
0
 11
6.5128051968503939
 21
-2.8567754330708661
 31
0
  0
LINE
  5
786
330
22
100
AcDbEntity
  8
F.Paste
  6
CONTINUOUS
100
AcDbLine
 10
6.5128051968503939
 20
-2.8567754330708661
 30
0
 11
6.5188601574803151
 21
-2.8536902755905511
 31
0
  0
LINE
  5
787
330
22
100
AcDbEntity
  8
F.Paste
  6
CONTINUOUS
100
AcDbLine
 10
6.5188601574803151
 20
-2.8536902755905511
 30
0
 11
6.5253232283464566
 21
-2.8515902755905511
 31
0
  0
LINE
  5
788
330
22
100
AcDbEntity
  8
F.Paste
  6
CONTINUOUS
100
AcDbLine
 10
6.5253232283464566
 20
-2.8515902755905511
 30
0
 11
6.5320352362204721
 21
-2.8505272047244095
 31
0
  0
LINE
  5
789
330
22
100
AcDbEntity
  8
F.Paste
  6
CONTINUOUS
100
AcDbLine
 10
6.5320352362204721
 20
-2.8505272047244095
 30
0
 11
6.5388309055118112
 21
-2.8505272047244095
 31
0
  0
LINE
  5
78A
330
22
100
AcDbEntity
  8
F.Paste
  6
CONTINUOUS
100
AcDbLine
 10
6.5388309055118112
 20
-2.8505272047244095
 30
0
 11
6.5455429133858267
 21
-2.8515902755905511
 31
0
  0
LINE
  5
78B
330
22
100
AcDbEntity
  8
F.Paste
  6
CONTINUOUS
100
AcDbLine
 10
4.676508464566929
 20
-2.8044918503937009
 30
0
 11
4.6829425984251971
 21
-2.8057716929133858
 31
0
  0
LINE
  5
78C
330
22
100
AcDbEntity
  8
F.Paste
  6
CONTINUOUS
100
AcDbLine
 10
4.6829425984251971
 20
-2.8057716929133858
 30
0
 11
4.6890034251968506
 21
-2.8082821653543308
 31
0
  0
LINE
  5
78D
330
22
100
AcDbEntity
  8
F.Paste
  6
CONTINUOUS
100
AcDbLine
 10
4.6890034251968506
 20
-2.8082821653543308
 30
0
 11
4.6944580314960627
 21
-2.8119268110236222
 31
0
  0
LINE
  5
78E
330
22
100
AcDbEntity
  8
F.Paste
  6
CONTINUOUS
100
AcDbLine
 10
4.6944580314960627
 20
-2.8119268110236222
 30
0
 11
4.6990968110236215
 21
-2.8165655905511811
 31
0
  0
LINE
  5
78F
330
22
100
AcDbEntity
  8
F.Paste
  6
CONTINUOUS
100
AcDbLine
 10
4.6990968110236215
 20
-2.8165655905511811
 30
0
 11
4.7027414566929133
 21
-2.8220201968503935
 31
0
  0
LINE
  5
790
330
22
100
AcDbEntity
  8
F.Paste
  6
CONTINUOUS
100
AcDbLine
 10
4.7027414566929133
 20
-2.8220201968503935
 30
0
 11
4.7052519291338584
 21
-2.8280810236220471
 31
0
  0
LINE
  5
791
330
22
100
AcDbEntity
  8
F.Paste
  6
CONTINUOUS
100
AcDbLine
 10
4.7052519291338584
 20
-2.8280810236220471
 30
0
 11
4.7065317716535429
 21
-2.8345151574803147
 31
0
  0
LINE
  5
792
330
22
100
AcDbEntity
  8
F.Paste
  6
CONTINUOUS
100
AcDbLine
 10
4.7065317716535429
 20
-2.8345151574803147
 30
0
 11
4.7065317716535429
 21
-2.8410753937007875
 31
0
  0
LINE
  5
793
330
22
100
AcDbEntity
  8
F.Paste
  6
CONTINUOUS
100
AcDbLine
 10
4.7065317716535429
 20
-2.8410753937007875
 30
0
 11
4.7052519291338584
 21
-2.8475095275590552
 31
0
  0
LINE
  5
794
330
22
100
AcDbEntity
  8
F.Paste
  6
CONTINUOUS
100
AcDbLine
 10
4.7052519291338584
 20
-2.8475095275590552
 30
0
 11
4.7027414566929133
 21
-2.8535703543307087
 31
0
  0
LINE
  5
795
330
22
100
AcDbEntity
  8
F.Paste
  6
CONTINUOUS
100
AcDbLine
 10
4.7027414566929133
 20
-2.8535703543307087
 30
0
 11
4.6990968110236215
 21
-2.8590249606299212
 31
0
  0
LINE
  5
796
330
22
100
AcDbEntity
  8
F.Paste
  6
CONTINUOUS
100
AcDbLine
 10
4.6990968110236215
 20
-2.8590249606299212
 30
0
 11
4.6944580314960627
 21
-2.86366374015748
 31
0
  0
LINE
  5
797
330
22
100
AcDbEntity
  8
F.Paste
  6
CONTINUOUS
100
AcDbLine
 10
4.6944580314960627
 20
-2.86366374015748
 30
0
 11
4.6890034251968506
 21
-2.8673083858267714
 31
0
  0
LINE
  5
798
330
22
100
AcDbEntity
  8
F.Paste
  6
CONTINUOUS
100
AcDbLine
 10
4.6890034251968506
 20
-2.8673083858267714
 30
0
 11
4.6829425984251971
 21
-2.8698188582677164
 31
0
  0
LINE
  5
799
330
22
100
AcDbEntity
  8
F.Paste
  6
CONTINUOUS
100
AcDbLine
 10
4.6829425984251971
 20
-2.8698188582677164
 30
0
 11
4.676508464566929
 21
-2.8710987007874014
 31
0
  0
LINE
  5
79A
330
22
100
AcDbEntity
  8
F.Paste
  6
CONTINUOUS
100
AcDbLine
 10
4.676508464566929
 20
-2.8710987007874014
 30
0
 11
4.6732283464566926
 21
-2.8712598425196849
 31
0
  0
LINE
  5
79B
330
22
100
AcDbEntity
  8
F.Paste
  6
CONTINUOUS
100
AcDbLine
 10
4.6732283464566926
 20
-2.8712598425196849
 30
0
 11
4.5984251968503935
 21
-2.8712598425196849
 31
0
  0
LINE
  5
79C
330
22
100
AcDbEntity
  8
F.Paste
  6
CONTINUOUS
100
AcDbLine
 10
4.5984251968503935
 20
-2.8712598425196849
 30
0
 11
4.5951450787401571
 21
-2.8710987007874014
 31
0
  0
LINE
  5
79D
330
22
100
AcDbEntity
  8
F.Paste
  6
CONTINUOUS
100
AcDbLine
 10
4.5951450787401571
 20
-2.8710987007874014
 30
0
 11
4.5887109448818899
 21
-2.8698188582677164
 31
0
  0
LINE
  5
79E
330
22
100
AcDbEntity
  8
F.Paste
  6
CONTINUOUS
100
AcDbLine
 10
4.5887109448818899
 20
-2.8698188582677164
 30
0
 11
4.5826501181102364
 21
-2.8673083858267714
 31
0
  0
LINE
  5
79F
330
22
100
AcDbEntity
  8
F.Paste
  6
CONTINUOUS
100
AcDbLine
 10
4.5826501181102364
 20
-2.8673083858267714
 30
0
 11
4.5771955118110235
 21
-2.86366374015748
 31
0
  0
LINE
  5
7A0
330
22
100
AcDbEntity
  8
F.Paste
  6
CONTINUOUS
100
AcDbLine
 10
4.5771955118110235
 20
-2.86366374015748
 30
0
 11
4.5725567322834646
 21
-2.8590249606299212
 31
0
  0
LINE
  5
7A1
330
22
100
AcDbEntity
  8
F.Paste
  6
CONTINUOUS
100
AcDbLine
 10
4.5725567322834646
 20
-2.8590249606299212
 30
0
 11
4.5689120866141728
 21
-2.8535703543307087
 31
0
  0
LINE
  5
7A2
330
22
100
AcDbEntity
  8
F.Paste
  6
CONTINUOUS
100
AcDbLine
 10
4.5689120866141728
 20
-2.8535703543307087
 30
0
 11
4.5664016141732287
 21
-2.8475095275590552
 31
0
  0
LINE
  5
7A3
330
22
100
AcDbEntity
  8
F.Paste
  6
CONTINUOUS
100
AcDbLine
 10
4.5664016141732287
 20
-2.8475095275590552
 30
0
 11
4.5651217716535433
 21
-2.8410753937007875
 31
0
  0
LINE
  5
7A4
330
22
100
AcDbEntity
  8
F.Paste
  6
CONTINUOUS
100
AcDbLine
 10
4.5651217716535433
 20
-2.8410753937007875
 30
0
 11
4.5651217716535433
 21
-2.8345151574803147
 31
0
  0
LINE
  5
7A5
330
22
100
AcDbEntity
  8
F.Paste
  6
CONTINUOUS
100
AcDbLine
 10
4.5651217716535433
 20
-2.8345151574803147
 30
0
 11
4.5664016141732287
 21
-2.8280810236220471
 31
0
  0
LINE
  5
7A6
330
22
100
AcDbEntity
  8
F.Paste
  6
CONTINUOUS
100
AcDbLine
 10
4.5664016141732287
 20
-2.8280810236220471
 30
0
 11
4.5689120866141728
 21
-2.8220201968503935
 31
0
  0
LINE
  5
7A7
330
22
100
AcDbEntity
  8
F.Paste
  6
CONTINUOUS
100
AcDbLine
 10
4.5689120866141728
 20
-2.8220201968503935
 30
0
 11
4.5725567322834646
 21
-2.8165655905511811
 31
0
  0
LINE
  5
7A8
330
22
100
AcDbEntity
  8
F.Paste
  6
CONTINUOUS
100
AcDbLine
 10
4.5725567322834646
 20
-2.8165655905511811
 30
0
 11
4.5771955118110235
 21
-2.8119268110236222
 31
0
  0
LINE
  5
7A9
330
22
100
AcDbEntity
  8
F.Paste
  6
CONTINUOUS
100
AcDbLine
 10
4.5771955118110235
 20
-2.8119268110236222
 30
0
 11
4.5826501181102364
 21
-2.8082821653543308
 31
0
  0
LINE
  5
7AA
330
22
100
AcDbEntity
  8
F.Paste
  6
CONTINUOUS
100
AcDbLine
 10
4.5826501181102364
 20
-2.8082821653543308
 30
0
 11
4.5887109448818899
 21
-2.8057716929133858
 31
0
  0
LINE
  5
7AB
330
22
100
AcDbEntity
  8
F.Paste
  6
CONTINUOUS
100
AcDbLine
 10
4.5887109448818899
 20
-2.8057716929133858
 30
0
 11
4.5951450787401571
 21
-2.8044918503937009
 31
0
  0
LINE
  5
7AC
330
22
100
AcDbEntity
  8
F.Paste
  6
CONTINUOUS
100
AcDbLine
 10
4.5951450787401571
 20
-2.8044918503937009
 30
0
 11
4.5984251968503935
 21
-2.8043307086614173
 31
0
  0
LINE
  5
7AD
330
22
100
AcDbEntity
  8
F.Paste
  6
CONTINUOUS
100
AcDbLine
 10
4.5984251968503935
 20
-2.8043307086614173
 30
0
 11
4.6732283464566926
 21
-2.8043307086614173
 31
0
  0
LINE
  5
7AE
330
22
100
AcDbEntity
  8
F.Paste
  6
CONTINUOUS
100
AcDbLine
 10
4.6732283464566926
 20
-2.8043307086614173
 30
0
 11
4.676508464566929
 21
-2.8044918503937009
 31
0
  0
LINE
  5
7AF
330
22
100
AcDbEntity
  8
F.Paste
  6
CONTINUOUS
100
AcDbLine
 10
5.3576108267716531
 20
-2.8044918503937009
 30
0
 11
5.3640449606299212
 21
-2.8057716929133858
 31
0
  0
LINE
  5
7B0
330
22
100
AcDbEntity
  8
F.Paste
  6
CONTINUOUS
100
AcDbLine
 10
5.3640449606299212
 20
-2.8057716929133858
 30
0
 11
5.3701057874015747
 21
-2.8082821653543308
 31
0
  0
LINE
  5
7B1
330
22
100
AcDbEntity
  8
F.Paste
  6
CONTINUOUS
100
AcDbLine
 10
5.3701057874015747
 20
-2.8082821653543308
 30
0
 11
5.3755603937007876
 21
-2.8119268110236222
 31
0
  0
LINE
  5
7B2
330
22
100
AcDbEntity
  8
F.Paste
  6
CONTINUOUS
100
AcDbLine
 10
5.3755603937007876
 20
-2.8119268110236222
 30
0
 11
5.3801991732283465
 21
-2.8165655905511811
 31
0
  0
LINE
  5
7B3
330
22
100
AcDbEntity
  8
F.Paste
  6
CONTINUOUS
100
AcDbLine
 10
5.3801991732283465
 20
-2.8165655905511811
 30
0
 11
5.3838438188976374
 21
-2.8220201968503935
 31
0
  0
LINE
  5
7B4
330
22
100
AcDbEntity
  8
F.Paste
  6
CONTINUOUS
100
AcDbLine
 10
5.3838438188976374
 20
-2.8220201968503935
 30
0
 11
5.3863542913385825
 21
-2.8280810236220471
 31
0
  0
LINE
  5
7B5
330
22
100
AcDbEntity
  8
F.Paste
  6
CONTINUOUS
100
AcDbLine
 10
5.3863542913385825
 20
-2.8280810236220471
 30
0
 11
5.3876341338582678
 21
-2.8345151574803147
 31
0
  0
LINE
  5
7B6
330
22
100
AcDbEntity
  8
F.Paste
  6
CONTINUOUS
100
AcDbLine
 10
5.3876341338582678
 20
-2.8345151574803147
 30
0
 11
5.3876341338582678
 21
-2.8410753937007875
 31
0
  0
LINE
  5
7B7
330
22
100
AcDbEntity
  8
F.Paste
  6
CONTINUOUS
100
AcDbLine
 10
5.3876341338582678
 20
-2.8410753937007875
 30
0
 11
5.3863542913385825
 21
-2.8475095275590552
 31
0
  0
LINE
  5
7B8
330
22
100
AcDbEntity
  8
F.Paste
  6
CONTINUOUS
100
AcDbLine
 10
5.3863542913385825
 20
-2.8475095275590552
 30
0
 11
5.3838438188976374
 21
-2.8535703543307087
 31
0
  0
LINE
  5
7B9
330
22
100
AcDbEntity
  8
F.Paste
  6
CONTINUOUS
100
AcDbLine
 10
5.3838438188976374
 20
-2.8535703543307087
 30
0
 11
5.3801991732283465
 21
-2.8590249606299212
 31
0
  0
LINE
  5
7BA
330
22
100
AcDbEntity
  8
F.Paste
  6
CONTINUOUS
100
AcDbLine
 10
5.3801991732283465
 20
-2.8590249606299212
 30
0
 11
5.3755603937007876
 21
-2.86366374015748
 31
0
  0
LINE
  5
7BB
330
22
100
AcDbEntity
  8
F.Paste
  6
CONTINUOUS
100
AcDbLine
 10
5.3755603937007876
 20
-2.86366374015748
 30
0
 11
5.3701057874015747
 21
-2.8673083858267714
 31
0
  0
LINE
  5
7BC
330
22
100
AcDbEntity
  8
F.Paste
  6
CONTINUOUS
100
AcDbLine
 10
5.3701057874015747
 20
-2.8673083858267714
 30
0
 11
5.3640449606299212
 21
-2.8698188582677164
 31
0
  0
LINE
  5
7BD
330
22
100
AcDbEntity
  8
F.Paste
  6
CONTINUOUS
100
AcDbLine
 10
5.3640449606299212
 20
-2.8698188582677164
 30
0
 11
5.3576108267716531
 21
-2.8710987007874014
 31
0
  0
LINE
  5
7BE
330
22
100
AcDbEntity
  8
F.Paste
  6
CONTINUOUS
100
AcDbLine
 10
5.3576108267716531
 20
-2.8710987007874014
 30
0
 11
5.3543307086614176
 21
-2.8712598425196849
 31
0
  0
LINE
  5
7BF
330
22
100
AcDbEntity
  8
F.Paste
  6
CONTINUOUS
100
AcDbLine
 10
5.3543307086614176
 20
-2.8712598425196849
 30
0
 11
5.2755905511811019
 21
-2.8712598425196849
 31
0
  0
LINE
  5
7C0
330
22
100
AcDbEntity
  8
F.Paste
  6
CONTINUOUS
100
AcDbLine
 10
5.2755905511811019
 20
-2.8712598425196849
 30
0
 11
5.2723104330708663
 21
-2.8710987007874014
 31
0
  0
LINE
  5
7C1
330
22
100
AcDbEntity
  8
F.Paste
  6
CONTINUOUS
100
AcDbLine
 10
5.2723104330708663
 20
-2.8710987007874014
 30
0
 11
5.2658762992125983
 21
-2.8698188582677164
 31
0
  0
LINE
  5
7C2
330
22
100
AcDbEntity
  8
F.Paste
  6
CONTINUOUS
100
AcDbLine
 10
5.2658762992125983
 20
-2.8698188582677164
 30
0
 11
5.2598154724409447
 21
-2.8673083858267714
 31
0
  0
LINE
  5
7C3
330
22
100
AcDbEntity
  8
F.Paste
  6
CONTINUOUS
100
AcDbLine
 10
5.2598154724409447
 20
-2.8673083858267714
 30
0
 11
5.2543608661417318
 21
-2.86366374015748
 31
0
  0
LINE
  5
7C4
330
22
100
AcDbEntity
  8
F.Paste
  6
CONTINUOUS
100
AcDbLine
 10
5.2543608661417318
 20
-2.86366374015748
 30
0
 11
5.2497220866141729
 21
-2.8590249606299212
 31
0
  0
LINE
  5
7C5
330
22
100
AcDbEntity
  8
F.Paste
  6
CONTINUOUS
100
AcDbLine
 10
5.2497220866141729
 20
-2.8590249606299212
 30
0
 11
5.246077440944882
 21
-2.8535703543307087
 31
0
  0
LINE
  5
7C6
330
22
100
AcDbEntity
  8
F.Paste
  6
CONTINUOUS
100
AcDbLine
 10
5.246077440944882
 20
-2.8535703543307087
 30
0
 11
5.243566968503937
 21
-2.8475095275590552
 31
0
  0
LINE
  5
7C7
330
22
100
AcDbEntity
  8
F.Paste
  6
CONTINUOUS
100
AcDbLine
 10
5.243566968503937
 20
-2.8475095275590552
 30
0
 11
5.2422871259842516
 21
-2.8410753937007875
 31
0
  0
LINE
  5
7C8
330
22
100
AcDbEntity
  8
F.Paste
  6
CONTINUOUS
100
AcDbLine
 10
5.2422871259842516
 20
-2.8410753937007875
 30
0
 11
5.2422871259842516
 21
-2.8345151574803147
 31
0
  0
LINE
  5
7C9
330
22
100
AcDbEntity
  8
F.Paste
  6
CONTINUOUS
100
AcDbLine
 10
5.2422871259842516
 20
-2.8345151574803147
 30
0
 11
5.243566968503937
 21
-2.8280810236220471
 31
0
  0
LINE
  5
7CA
330
22
100
AcDbEntity
  8
F.Paste
  6
CONTINUOUS
100
AcDbLine
 10
5.243566968503937
 20
-2.8280810236220471
 30
0
 11
5.246077440944882
 21
-2.8220201968503935
 31
0
  0
LINE
  5
7CB
330
22
100
AcDbEntity
  8
F.Paste
  6
CONTINUOUS
100
AcDbLine
 10
5.246077440944882
 20
-2.8220201968503935
 30
0
 11
5.2497220866141729
 21
-2.8165655905511811
 31
0
  0
LINE
  5
7CC
330
22
100
AcDbEntity
  8
F.Paste
  6
CONTINUOUS
100
AcDbLine
 10
5.2497220866141729
 20
-2.8165655905511811
 30
0
 11
5.2543608661417318
 21
-2.8119268110236222
 31
0
  0
LINE
  5
7CD
330
22
100
AcDbEntity
  8
F.Paste
  6
CONTINUOUS
100
AcDbLine
 10
5.2543608661417318
 20
-2.8119268110236222
 30
0
 11
5.2598154724409447
 21
-2.8082821653543308
 31
0
  0
LINE
  5
7CE
330
22
100
AcDbEntity
  8
F.Paste
  6
CONTINUOUS
100
AcDbLine
 10
5.2598154724409447
 20
-2.8082821653543308
 30
0
 11
5.2658762992125983
 21
-2.8057716929133858
 31
0
  0
LINE
  5
7CF
330
22
100
AcDbEntity
  8
F.Paste
  6
CONTINUOUS
100
AcDbLine
 10
5.2658762992125983
 20
-2.8057716929133858
 30
0
 11
5.2723104330708663
 21
-2.8044918503937009
 31
0
  0
LINE
  5
7D0
330
22
100
AcDbEntity
  8
F.Paste
  6
CONTINUOUS
100
AcDbLine
 10
5.2723104330708663
 20
-2.8044918503937009
 30
0
 11
5.2755905511811019
 21
-2.8043307086614173
 31
0
  0
LINE
  5
7D1
330
22
100
AcDbEntity
  8
F.Paste
  6
CONTINUOUS
100
AcDbLine
 10
5.2755905511811019
 20
-2.8043307086614173
 30
0
 11
5.3543307086614176
 21
-2.8043307086614173
 31
0
  0
LINE
  5
7D2
330
22
100
AcDbEntity
  8
F.Paste
  6
CONTINUOUS
100
AcDbLine
 10
5.3543307086614176
 20
-2.8043307086614173
 30
0
 11
5.3576108267716531
 21
-2.8044918503937009
 31
0
  0
LINE
  5
7D3
330
22
100
AcDbEntity
  8
F.Paste
  6
CONTINUOUS
100
AcDbLine
 10
6.7955429133858267
 20
-2.751590275590551
 30
0
 11
6.8020059842519682
 21
-2.753690275590551
 31
0
  0
LINE
  5
7D4
330
22
100
AcDbEntity
  8
F.Paste
  6
CONTINUOUS
100
AcDbLine
 10
6.8020059842519682
 20
-2.753690275590551
 30
0
 11
6.8080609448818894
 21
-2.756775433070866
 31
0
  0
LINE
  5
7D5
330
22
100
AcDbEntity
  8
F.Paste
  6
CONTINUOUS
100
AcDbLine
 10
6.8080609448818894
 20
-2.756775433070866
 30
0
 11
6.8135587795275585
 21
-2.7607698031496062
 31
0
  0
LINE
  5
7D6
330
22
100
AcDbEntity
  8
F.Paste
  6
CONTINUOUS
100
AcDbLine
 10
6.8135587795275585
 20
-2.7607698031496062
 30
0
 11
6.8183640551181099
 21
-2.7655750787401576
 31
0
  0
LINE
  5
7D7
330
22
100
AcDbEntity
  8
F.Paste
  6
CONTINUOUS
100
AcDbLine
 10
6.8183640551181099
 20
-2.7655750787401576
 30
0
 11
6.8223584251968505
 21
-2.7710729133858267
 31
0
  0
LINE
  5
7D8
330
22
100
AcDbEntity
  8
F.Paste
  6
CONTINUOUS
100
AcDbLine
 10
6.8223584251968505
 20
-2.7710729133858267
 30
0
 11
6.8254435826771651
 21
-2.7771278740157479
 31
0
  0
LINE
  5
7D9
330
22
100
AcDbEntity
  8
F.Paste
  6
CONTINUOUS
100
AcDbLine
 10
6.8254435826771651
 20
-2.7771278740157479
 30
0
 11
6.8275435826771655
 21
-2.7835909448818899
 31
0
  0
LINE
  5
7DA
330
22
100
AcDbEntity
  8
F.Paste
  6
CONTINUOUS
100
AcDbLine
 10
6.8275435826771655
 20
-2.7835909448818899
 30
0
 11
6.8286066535433072
 21
-2.7903029527559053
 31
0
  0
LINE
  5
7DB
330
22
100
AcDbEntity
  8
F.Paste
  6
CONTINUOUS
100
AcDbLine
 10
6.8286066535433072
 20
-2.7903029527559053
 30
0
 11
6.8286066535433072
 21
-2.797098622047244
 31
0
  0
LINE
  5
7DC
330
22
100
AcDbEntity
  8
F.Paste
  6
CONTINUOUS
100
AcDbLine
 10
6.8286066535433072
 20
-2.797098622047244
 30
0
 11
6.8275435826771655
 21
-2.80381062992126
 31
0
  0
LINE
  5
7DD
330
22
100
AcDbEntity
  8
F.Paste
  6
CONTINUOUS
100
AcDbLine
 10
6.8275435826771655
 20
-2.80381062992126
 30
0
 11
6.8254435826771651
 21
-2.8102737007874015
 31
0
  0
LINE
  5
7DE
330
22
100
AcDbEntity
  8
F.Paste
  6
CONTINUOUS
100
AcDbLine
 10
6.8254435826771651
 20
-2.8102737007874015
 30
0
 11
6.8223584251968505
 21
-2.8163286614173226
 31
0
  0
LINE
  5
7DF
330
22
100
AcDbEntity
  8
F.Paste
  6
CONTINUOUS
100
AcDbLine
 10
6.8223584251968505
 20
-2.8163286614173226
 30
0
 11
6.8183640551181099
 21
-2.8218264960629922
 31
0
  0
LINE
  5
7E0
330
22
100
AcDbEntity
  8
F.Paste
  6
CONTINUOUS
100
AcDbLine
 10
6.8183640551181099
 20
-2.8218264960629922
 30
0
 11
6.8135587795275585
 21
-2.8266317716535432
 31
0
  0
LINE
  5
7E1
330
22
100
AcDbEntity
  8
F.Paste
  6
CONTINUOUS
100
AcDbLine
 10
6.8135587795275585
 20
-2.8266317716535432
 30
0
 11
6.8080609448818894
 21
-2.8306261417322833
 31
0
  0
LINE
  5
7E2
330
22
100
AcDbEntity
  8
F.Paste
  6
CONTINUOUS
100
AcDbLine
 10
6.8080609448818894
 20
-2.8306261417322833
 30
0
 11
6.8020059842519682
 21
-2.8337112992125983
 31
0
  0
LINE
  5
7E3
330
22
100
AcDbEntity
  8
F.Paste
  6
CONTINUOUS
100
AcDbLine
 10
6.8020059842519682
 20
-2.8337112992125983
 30
0
 11
6.7955429133858267
 21
-2.8358112992125983
 31
0
  0
LINE
  5
7E4
330
22
100
AcDbEntity
  8
F.Paste
  6
CONTINUOUS
100
AcDbLine
 10
6.7955429133858267
 20
-2.8358112992125983
 30
0
 11
6.7888309055118112
 21
-2.83687437007874
 31
0
  0
LINE
  5
7E5
330
22
100
AcDbEntity
  8
F.Paste
  6
CONTINUOUS
100
AcDbLine
 10
6.7888309055118112
 20
-2.83687437007874
 30
0
 11
6.7820352362204721
 21
-2.83687437007874
 31
0
  0
LINE
  5
7E6
330
22
100
AcDbEntity
  8
F.Paste
  6
CONTINUOUS
100
AcDbLine
 10
6.7820352362204721
 20
-2.83687437007874
 30
0
 11
6.7753232283464566
 21
-2.8358112992125983
 31
0
  0
LINE
  5
7E7
330
22
100
AcDbEntity
  8
F.Paste
  6
CONTINUOUS
100
AcDbLine
 10
6.7753232283464566
 20
-2.8358112992125983
 30
0
 11
6.7688601574803151
 21
-2.8337112992125983
 31
0
  0
LINE
  5
7E8
330
22
100
AcDbEntity
  8
F.Paste
  6
CONTINUOUS
100
AcDbLine
 10
6.7688601574803151
 20
-2.8337112992125983
 30
0
 11
6.7628051968503939
 21
-2.8306261417322833
 31
0
  0
LINE
  5
7E9
330
22
100
AcDbEntity
  8
F.Paste
  6
CONTINUOUS
100
AcDbLine
 10
6.7628051968503939
 20
-2.8306261417322833
 30
0
 11
6.7573073622047239
 21
-2.8266317716535432
 31
0
  0
LINE
  5
7EA
330
22
100
AcDbEntity
  8
F.Paste
  6
CONTINUOUS
100
AcDbLine
 10
6.7573073622047239
 20
-2.8266317716535432
 30
0
 11
6.7525020866141734
 21
-2.8218264960629922
 31
0
  0
LINE
  5
7EB
330
22
100
AcDbEntity
  8
F.Paste
  6
CONTINUOUS
100
AcDbLine
 10
6.7525020866141734
 20
-2.8218264960629922
 30
0
 11
6.7485077165354328
 21
-2.8163286614173226
 31
0
  0
LINE
  5
7EC
330
22
100
AcDbEntity
  8
F.Paste
  6
CONTINUOUS
100
AcDbLine
 10
6.7485077165354328
 20
-2.8163286614173226
 30
0
 11
6.7454225590551182
 21
-2.8102737007874015
 31
0
  0
LINE
  5
7ED
330
22
100
AcDbEntity
  8
F.Paste
  6
CONTINUOUS
100
AcDbLine
 10
6.7454225590551182
 20
-2.8102737007874015
 30
0
 11
6.7433225590551178
 21
-2.80381062992126
 31
0
  0
LINE
  5
7EE
330
22
100
AcDbEntity
  8
F.Paste
  6
CONTINUOUS
100
AcDbLine
 10
6.7433225590551178
 20
-2.80381062992126
 30
0
 11
6.7422594881889761
 21
-2.797098622047244
 31
0
  0
LINE
  5
7EF
330
22
100
AcDbEntity
  8
F.Paste
  6
CONTINUOUS
100
AcDbLine
 10
6.7422594881889761
 20
-2.797098622047244
 30
0
 11
6.7422594881889761
 21
-2.7903029527559053
 31
0
  0
LINE
  5
7F0
330
22
100
AcDbEntity
  8
F.Paste
  6
CONTINUOUS
100
AcDbLine
 10
6.7422594881889761
 20
-2.7903029527559053
 30
0
 11
6.7433225590551178
 21
-2.7835909448818899
 31
0
  0
LINE
  5
7F1
330
22
100
AcDbEntity
  8
F.Paste
  6
CONTINUOUS
100
AcDbLine
 10
6.7433225590551178
 20
-2.7835909448818899
 30
0
 11
6.7454225590551182
 21
-2.7771278740157479
 31
0
  0
LINE
  5
7F2
330
22
100
AcDbEntity
  8
F.Paste
  6
CONTINUOUS
100
AcDbLine
 10
6.7454225590551182
 20
-2.7771278740157479
 30
0
 11
6.7485077165354328
 21
-2.7710729133858267
 31
0
  0
LINE
  5
7F3
330
22
100
AcDbEntity
  8
F.Paste
  6
CONTINUOUS
100
AcDbLine
 10
6.7485077165354328
 20
-2.7710729133858267
 30
0
 11
6.7525020866141734
 21
-2.7655750787401576
 31
0
  0
LINE
  5
7F4
330
22
100
AcDbEntity
  8
F.Paste
  6
CONTINUOUS
100
AcDbLine
 10
6.7525020866141734
 20
-2.7655750787401576
 30
0
 11
6.7573073622047239
 21
-2.7607698031496062
 31
0
  0
LINE
  5
7F5
330
22
100
AcDbEntity
  8
F.Paste
  6
CONTINUOUS
100
AcDbLine
 10
6.7573073622047239
 20
-2.7607698031496062
 30
0
 11
6.7628051968503939
 21
-2.756775433070866
 31
0
  0
LINE
  5
7F6
330
22
100
AcDbEntity
  8
F.Paste
  6
CONTINUOUS
100
AcDbLine
 10
6.7628051968503939
 20
-2.756775433070866
 30
0
 11
6.7688601574803151
 21
-2.753690275590551
 31
0
  0
LINE
  5
7F7
330
22
100
AcDbEntity
  8
F.Paste
  6
CONTINUOUS
100
AcDbLine
 10
6.7688601574803151
 20
-2.753690275590551
 30
0
 11
6.7753232283464566
 21
-2.751590275590551
 31
0
  0
LINE
  5
7F8
330
22
100
AcDbEntity
  8
F.Paste
  6
CONTINUOUS
100
AcDbLine
 10
6.7753232283464566
 20
-2.751590275590551
 30
0
 11
6.7820352362204721
 21
-2.7505272047244094
 31
0
  0
LINE
  5
7F9
330
22
100
AcDbEntity
  8
F.Paste
  6
CONTINUOUS
100
AcDbLine
 10
6.7820352362204721
 20
-2.7505272047244094
 30
0
 11
6.7888309055118112
 21
-2.7505272047244094
 31
0
  0
LINE
  5
7FA
330
22
100
AcDbEntity
  8
F.Paste
  6
CONTINUOUS
100
AcDbLine
 10
6.7888309055118112
 20
-2.7505272047244094
 30
0
 11
6.7955429133858267
 21
-2.751590275590551
 31
0
  0
LINE
  5
7FB
330
22
100
AcDbEntity
  8
F.Paste
  6
CONTINUOUS
100
AcDbLine
 10
4.676508464566929
 20
-2.7044918503937008
 30
0
 11
4.6829425984251971
 21
-2.7057716929133857
 31
0
  0
LINE
  5
7FC
330
22
100
AcDbEntity
  8
F.Paste
  6
CONTINUOUS
100
AcDbLine
 10
4.6829425984251971
 20
-2.7057716929133857
 30
0
 11
4.6890034251968506
 21
-2.7082821653543308
 31
0
  0
LINE
  5
7FD
330
22
100
AcDbEntity
  8
F.Paste
  6
CONTINUOUS
100
AcDbLine
 10
4.6890034251968506
 20
-2.7082821653543308
 30
0
 11
4.6944580314960627
 21
-2.7119268110236221
 31
0
  0
LINE
  5
7FE
330
22
100
AcDbEntity
  8
F.Paste
  6
CONTINUOUS
100
AcDbLine
 10
4.6944580314960627
 20
-2.7119268110236221
 30
0
 11
4.6990968110236215
 21
-2.716565590551181
 31
0
  0
LINE
  5
7FF
330
22
100
AcDbEntity
  8
F.Paste
  6
CONTINUOUS
100
AcDbLine
 10
4.6990968110236215
 20
-2.716565590551181
 30
0
 11
4.7027414566929133
 21
-2.7220201968503934
 31
0
  0
LINE
  5
800
330
22
100
AcDbEntity
  8
F.Paste
  6
CONTINUOUS
100
AcDbLine
 10
4.7027414566929133
 20
-2.7220201968503934
 30
0
 11
4.7052519291338584
 21
-2.728081023622047
 31
0
  0
LINE
  5
801
330
22
100
AcDbEntity
  8
F.Paste
  6
CONTINUOUS
100
AcDbLine
 10
4.7052519291338584
 20
-2.728081023622047
 30
0
 11
4.7065317716535429
 21
-2.734515157480315
 31
0
  0
LINE
  5
802
330
22
100
AcDbEntity
  8
F.Paste
  6
CONTINUOUS
100
AcDbLine
 10
4.7065317716535429
 20
-2.734515157480315
 30
0
 11
4.7065317716535429
 21
-2.7410753937007875
 31
0
  0
LINE
  5
803
330
22
100
AcDbEntity
  8
F.Paste
  6
CONTINUOUS
100
AcDbLine
 10
4.7065317716535429
 20
-2.7410753937007875
 30
0
 11
4.7052519291338584
 21
-2.7475095275590551
 31
0
  0
LINE
  5
804
330
22
100
AcDbEntity
  8
F.Paste
  6
CONTINUOUS
100
AcDbLine
 10
4.7052519291338584
 20
-2.7475095275590551
 30
0
 11
4.7027414566929133
 21
-2.7535703543307086
 31
0
  0
LINE
  5
805
330
22
100
AcDbEntity
  8
F.Paste
  6
CONTINUOUS
100
AcDbLine
 10
4.7027414566929133
 20
-2.7535703543307086
 30
0
 11
4.6990968110236215
 21
-2.7590249606299211
 31
0
  0
LINE
  5
806
330
22
100
AcDbEntity
  8
F.Paste
  6
CONTINUOUS
100
AcDbLine
 10
4.6990968110236215
 20
-2.7590249606299211
 30
0
 11
4.6944580314960627
 21
-2.7636637401574804
 31
0
  0
LINE
  5
807
330
22
100
AcDbEntity
  8
F.Paste
  6
CONTINUOUS
100
AcDbLine
 10
4.6944580314960627
 20
-2.7636637401574804
 30
0
 11
4.6890034251968506
 21
-2.7673083858267717
 31
0
  0
LINE
  5
808
330
22
100
AcDbEntity
  8
F.Paste
  6
CONTINUOUS
100
AcDbLine
 10
4.6890034251968506
 20
-2.7673083858267717
 30
0
 11
4.6829425984251971
 21
-2.7698188582677163
 31
0
  0
LINE
  5
809
330
22
100
AcDbEntity
  8
F.Paste
  6
CONTINUOUS
100
AcDbLine
 10
4.6829425984251971
 20
-2.7698188582677163
 30
0
 11
4.676508464566929
 21
-2.7710987007874017
 31
0
  0
LINE
  5
80A
330
22
100
AcDbEntity
  8
F.Paste
  6
CONTINUOUS
100
AcDbLine
 10
4.676508464566929
 20
-2.7710987007874017
 30
0
 11
4.6732283464566926
 21
-2.7712598425196848
 31
0
  0
LINE
  5
80B
330
22
100
AcDbEntity
  8
F.Paste
  6
CONTINUOUS
100
AcDbLine
 10
4.6732283464566926
 20
-2.7712598425196848
 30
0
 11
4.5984251968503935
 21
-2.7712598425196848
 31
0
  0
LINE
  5
80C
330
22
100
AcDbEntity
  8
F.Paste
  6
CONTINUOUS
100
AcDbLine
 10
4.5984251968503935
 20
-2.7712598425196848
 30
0
 11
4.5951450787401571
 21
-2.7710987007874017
 31
0
  0
LINE
  5
80D
330
22
100
AcDbEntity
  8
F.Paste
  6
CONTINUOUS
100
AcDbLine
 10
4.5951450787401571
 20
-2.7710987007874017
 30
0
 11
4.5887109448818899
 21
-2.7698188582677163
 31
0
  0
LINE
  5
80E
330
22
100
AcDbEntity
  8
F.Paste
  6
CONTINUOUS
100
AcDbLine
 10
4.5887109448818899
 20
-2.7698188582677163
 30
0
 11
4.5826501181102364
 21
-2.7673083858267717
 31
0
  0
LINE
  5
80F
330
22
100
AcDbEntity
  8
F.Paste
  6
CONTINUOUS
100
AcDbLine
 10
4.5826501181102364
 20
-2.7673083858267717
 30
0
 11
4.5771955118110235
 21
-2.7636637401574804
 31
0
  0
LINE
  5
810
330
22
100
AcDbEntity
  8
F.Paste
  6
CONTINUOUS
100
AcDbLine
 10
4.5771955118110235
 20
-2.7636637401574804
 30
0
 11
4.5725567322834646
 21
-2.7590249606299211
 31
0
  0
LINE
  5
811
330
22
100
AcDbEntity
  8
F.Paste
  6
CONTINUOUS
100
AcDbLine
 10
4.5725567322834646
 20
-2.7590249606299211
 30
0
 11
4.5689120866141728
 21
-2.7535703543307086
 31
0
  0
LINE
  5
812
330
22
100
AcDbEntity
  8
F.Paste
  6
CONTINUOUS
100
AcDbLine
 10
4.5689120866141728
 20
-2.7535703543307086
 30
0
 11
4.5664016141732287
 21
-2.7475095275590551
 31
0
  0
LINE
  5
813
330
22
100
AcDbEntity
  8
F.Paste
  6
CONTINUOUS
100
AcDbLine
 10
4.5664016141732287
 20
-2.7475095275590551
 30
0
 11
4.5651217716535433
 21
-2.7410753937007875
 31
0
  0
LINE
  5
814
330
22
100
AcDbEntity
  8
F.Paste
  6
CONTINUOUS
100
AcDbLine
 10
4.5651217716535433
 20
-2.7410753937007875
 30
0
 11
4.5651217716535433
 21
-2.734515157480315
 31
0
  0
LINE
  5
815
330
22
100
AcDbEntity
  8
F.Paste
  6
CONTINUOUS
100
AcDbLine
 10
4.5651217716535433
 20
-2.734515157480315
 30
0
 11
4.5664016141732287
 21
-2.728081023622047
 31
0
  0
LINE
  5
816
330
22
100
AcDbEntity
  8
F.Paste
  6
CONTINUOUS
100
AcDbLine
 10
4.5664016141732287
 20
-2.728081023622047
 30
0
 11
4.5689120866141728
 21
-2.7220201968503934
 31
0
  0
LINE
  5
817
330
22
100
AcDbEntity
  8
F.Paste
  6
CONTINUOUS
100
AcDbLine
 10
4.5689120866141728
 20
-2.7220201968503934
 30
0
 11
4.5725567322834646
 21
-2.716565590551181
 31
0
  0
LINE
  5
818
330
22
100
AcDbEntity
  8
F.Paste
  6
CONTINUOUS
100
AcDbLine
 10
4.5725567322834646
 20
-2.716565590551181
 30
0
 11
4.5771955118110235
 21
-2.7119268110236221
 31
0
  0
LINE
  5
819
330
22
100
AcDbEntity
  8
F.Paste
  6
CONTINUOUS
100
AcDbLine
 10
4.5771955118110235
 20
-2.7119268110236221
 30
0
 11
4.5826501181102364
 21
-2.7082821653543308
 31
0
  0
LINE
  5
81A
330
22
100
AcDbEntity
  8
F.Paste
  6
CONTINUOUS
100
AcDbLine
 10
4.5826501181102364
 20
-2.7082821653543308
 30
0
 11
4.5887109448818899
 21
-2.7057716929133857
 31
0
  0
LINE
  5
81B
330
22
100
AcDbEntity
  8
F.Paste
  6
CONTINUOUS
100
AcDbLine
 10
4.5887109448818899
 20
-2.7057716929133857
 30
0
 11
4.5951450787401571
 21
-2.7044918503937008
 31
0
  0
LINE
  5
81C
330
22
100
AcDbEntity
  8
F.Paste
  6
CONTINUOUS
100
AcDbLine
 10
4.5951450787401571
 20
-2.7044918503937008
 30
0
 11
4.5984251968503935
 21
-2.7043307086614172
 31
0
  0
LINE
  5
81D
330
22
100
AcDbEntity
  8
F.Paste
  6
CONTINUOUS
100
AcDbLine
 10
4.5984251968503935
 20
-2.7043307086614172
 30
0
 11
4.6732283464566926
 21
-2.7043307086614172
 31
0
  0
LINE
  5
81E
330
22
100
AcDbEntity
  8
F.Paste
  6
CONTINUOUS
100
AcDbLine
 10
4.6732283464566926
 20
-2.7043307086614172
 30
0
 11
4.676508464566929
 21
-2.7044918503937008
 31
0
  0
LINE
  5
81F
330
22
100
AcDbEntity
  8
F.Paste
  6
CONTINUOUS
100
AcDbLine
 10
5.3576108267716531
 20
-2.7044918503937008
 30
0
 11
5.3640449606299212
 21
-2.7057716929133857
 31
0
  0
LINE
  5
820
330
22
100
AcDbEntity
  8
F.Paste
  6
CONTINUOUS
100
AcDbLine
 10
5.3640449606299212
 20
-2.7057716929133857
 30
0
 11
5.3701057874015747
 21
-2.7082821653543308
 31
0
  0
LINE
  5
821
330
22
100
AcDbEntity
  8
F.Paste
  6
CONTINUOUS
100
AcDbLine
 10
5.3701057874015747
 20
-2.7082821653543308
 30
0
 11
5.3755603937007876
 21
-2.7119268110236221
 31
0
  0
LINE
  5
822
330
22
100
AcDbEntity
  8
F.Paste
  6
CONTINUOUS
100
AcDbLine
 10
5.3755603937007876
 20
-2.7119268110236221
 30
0
 11
5.3801991732283465
 21
-2.716565590551181
 31
0
  0
LINE
  5
823
330
22
100
AcDbEntity
  8
F.Paste
  6
CONTINUOUS
100
AcDbLine
 10
5.3801991732283465
 20
-2.716565590551181
 30
0
 11
5.3838438188976374
 21
-2.7220201968503934
 31
0
  0
LINE
  5
824
330
22
100
AcDbEntity
  8
F.Paste
  6
CONTINUOUS
100
AcDbLine
 10
5.3838438188976374
 20
-2.7220201968503934
 30
0
 11
5.3863542913385825
 21
-2.728081023622047
 31
0
  0
LINE
  5
825
330
22
100
AcDbEntity
  8
F.Paste
  6
CONTINUOUS
100
AcDbLine
 10
5.3863542913385825
 20
-2.728081023622047
 30
0
 11
5.3876341338582678
 21
-2.734515157480315
 31
0
  0
LINE
  5
826
330
22
100
AcDbEntity
  8
F.Paste
  6
CONTINUOUS
100
AcDbLine
 10
5.3876341338582678
 20
-2.734515157480315
 30
0
 11
5.3876341338582678
 21
-2.7410753937007875
 31
0
  0
LINE
  5
827
330
22
100
AcDbEntity
  8
F.Paste
  6
CONTINUOUS
100
AcDbLine
 10
5.3876341338582678
 20
-2.7410753937007875
 30
0
 11
5.3863542913385825
 21
-2.7475095275590551
 31
0
  0
LINE
  5
828
330
22
100
AcDbEntity
  8
F.Paste
  6
CONTINUOUS
100
AcDbLine
 10
5.3863542913385825
 20
-2.7475095275590551
 30
0
 11
5.3838438188976374
 21
-2.7535703543307086
 31
0
  0
LINE
  5
829
330
22
100
AcDbEntity
  8
F.Paste
  6
CONTINUOUS
100
AcDbLine
 10
5.3838438188976374
 20
-2.7535703543307086
 30
0
 11
5.3801991732283465
 21
-2.7590249606299211
 31
0
  0
LINE
  5
82A
330
22
100
AcDbEntity
  8
F.Paste
  6
CONTINUOUS
100
AcDbLine
 10
5.3801991732283465
 20
-2.7590249606299211
 30
0
 11
5.3755603937007876
 21
-2.7636637401574804
 31
0
  0
LINE
  5
82B
330
22
100
AcDbEntity
  8
F.Paste
  6
CONTINUOUS
100
AcDbLine
 10
5.3755603937007876
 20
-2.7636637401574804
 30
0
 11
5.3701057874015747
 21
-2.7673083858267717
 31
0
  0
LINE
  5
82C
330
22
100
AcDbEntity
  8
F.Paste
  6
CONTINUOUS
100
AcDbLine
 10
5.3701057874015747
 20
-2.7673083858267717
 30
0
 11
5.3640449606299212
 21
-2.7698188582677163
 31
0
  0
LINE
  5
82D
330
22
100
AcDbEntity
  8
F.Paste
  6
CONTINUOUS
100
AcDbLine
 10
5.3640449606299212
 20
-2.7698188582677163
 30
0
 11
5.3576108267716531
 21
-2.7710987007874017
 31
0
  0
LINE
  5
82E
330
22
100
AcDbEntity
  8
F.Paste
  6
CONTINUOUS
100
AcDbLine
 10
5.3576108267716531
 20
-2.7710987007874017
 30
0
 11
5.3543307086614176
 21
-2.7712598425196848
 31
0
  0
LINE
  5
82F
330
22
100
AcDbEntity
  8
F.Paste
  6
CONTINUOUS
100
AcDbLine
 10
5.3543307086614176
 20
-2.7712598425196848
 30
0
 11
5.2755905511811019
 21
-2.7712598425196848
 31
0
  0
LINE
  5
830
330
22
100
AcDbEntity
  8
F.Paste
  6
CONTINUOUS
100
AcDbLine
 10
5.2755905511811019
 20
-2.7712598425196848
 30
0
 11
5.2723104330708663
 21
-2.7710987007874017
 31
0
  0
LINE
  5
831
330
22
100
AcDbEntity
  8
F.Paste
  6
CONTINUOUS
100
AcDbLine
 10
5.2723104330708663
 20
-2.7710987007874017
 30
0
 11
5.2658762992125983
 21
-2.7698188582677163
 31
0
  0
LINE
  5
832
330
22
100
AcDbEntity
  8
F.Paste
  6
CONTINUOUS
100
AcDbLine
 10
5.2658762992125983
 20
-2.7698188582677163
 30
0
 11
5.2598154724409447
 21
-2.7673083858267717
 31
0
  0
LINE
  5
833
330
22
100
AcDbEntity
  8
F.Paste
  6
CONTINUOUS
100
AcDbLine
 10
5.2598154724409447
 20
-2.7673083858267717
 30
0
 11
5.2543608661417318
 21
-2.7636637401574804
 31
0
  0
LINE
  5
834
330
22
100
AcDbEntity
  8
F.Paste
  6
CONTINUOUS
100
AcDbLine
 10
5.2543608661417318
 20
-2.7636637401574804
 30
0
 11
5.2497220866141729
 21
-2.7590249606299211
 31
0
  0
LINE
  5
835
330
22
100
AcDbEntity
  8
F.Paste
  6
CONTINUOUS
100
AcDbLine
 10
5.2497220866141729
 20
-2.7590249606299211
 30
0
 11
5.246077440944882
 21
-2.7535703543307086
 31
0
  0
LINE
  5
836
330
22
100
AcDbEntity
  8
F.Paste
  6
CONTINUOUS
100
AcDbLine
 10
5.246077440944882
 20
-2.7535703543307086
 30
0
 11
5.243566968503937
 21
-2.7475095275590551
 31
0
  0
LINE
  5
837
330
22
100
AcDbEntity
  8
F.Paste
  6
CONTINUOUS
100
AcDbLine
 10
5.243566968503937
 20
-2.7475095275590551
 30
0
 11
5.2422871259842516
 21
-2.7410753937007875
 31
0
  0
LINE
  5
838
330
22
100
AcDbEntity
  8
F.Paste
  6
CONTINUOUS
100
AcDbLine
 10
5.2422871259842516
 20
-2.7410753937007875
 30
0
 11
5.2422871259842516
 21
-2.734515157480315
 31
0
  0
LINE
  5
839
330
22
100
AcDbEntity
  8
F.Paste
  6
CONTINUOUS
100
AcDbLine
 10
5.2422871259842516
 20
-2.734515157480315
 30
0
 11
5.243566968503937
 21
-2.728081023622047
 31
0
  0
LINE
  5
83A
330
22
100
AcDbEntity
  8
F.Paste
  6
CONTINUOUS
100
AcDbLine
 10
5.243566968503937
 20
-2.728081023622047
 30
0
 11
5.246077440944882
 21
-2.7220201968503934
 31
0
  0
LINE
  5
83B
330
22
100
AcDbEntity
  8
F.Paste
  6
CONTINUOUS
100
AcDbLine
 10
5.246077440944882
 20
-2.7220201968503934
 30
0
 11
5.2497220866141729
 21
-2.716565590551181
 31
0
  0
LINE
  5
83C
330
22
100
AcDbEntity
  8
F.Paste
  6
CONTINUOUS
100
AcDbLine
 10
5.2497220866141729
 20
-2.716565590551181
 30
0
 11
5.2543608661417318
 21
-2.7119268110236221
 31
0
  0
LINE
  5
83D
330
22
100
AcDbEntity
  8
F.Paste
  6
CONTINUOUS
100
AcDbLine
 10
5.2543608661417318
 20
-2.7119268110236221
 30
0
 11
5.2598154724409447
 21
-2.7082821653543308
 31
0
  0
LINE
  5
83E
330
22
100
AcDbEntity
  8
F.Paste
  6
CONTINUOUS
100
AcDbLine
 10
5.2598154724409447
 20
-2.7082821653543308
 30
0
 11
5.2658762992125983
 21
-2.7057716929133857
 31
0
  0
LINE
  5
83F
330
22
100
AcDbEntity
  8
F.Paste
  6
CONTINUOUS
100
AcDbLine
 10
5.2658762992125983
 20
-2.7057716929133857
 30
0
 11
5.2723104330708663
 21
-2.7044918503937008
 31
0
  0
LINE
  5
840
330
22
100
AcDbEntity
  8
F.Paste
  6
CONTINUOUS
100
AcDbLine
 10
5.2723104330708663
 20
-2.7044918503937008
 30
0
 11
5.2755905511811019
 21
-2.7043307086614172
 31
0
  0
LINE
  5
841
330
22
100
AcDbEntity
  8
F.Paste
  6
CONTINUOUS
100
AcDbLine
 10
5.2755905511811019
 20
-2.7043307086614172
 30
0
 11
5.3543307086614176
 21
-2.7043307086614172
 31
0
  0
LINE
  5
842
330
22
100
AcDbEntity
  8
F.Paste
  6
CONTINUOUS
100
AcDbLine
 10
5.3543307086614176
 20
-2.7043307086614172
 30
0
 11
5.3576108267716531
 21
-2.7044918503937008
 31
0
  0
LINE
  5
843
330
22
100
AcDbEntity
  8
F.Paste
  6
CONTINUOUS
100
AcDbLine
 10
4.7047244094488185
 20
-2.6712598425196852
 30
0
 11
4.5669291338582676
 21
-2.6712598425196852
 31
0
  0
LINE
  5
844
330
22
100
AcDbEntity
  8
F.Paste
  6
CONTINUOUS
100
AcDbLine
 10
4.5669291338582676
 20
-2.6712598425196852
 30
0
 11
4.5669291338582676
 21
-2.6043307086614171
 31
0
  0
LINE
  5
845
330
22
100
AcDbEntity
  8
F.Paste
  6
CONTINUOUS
100
AcDbLine
 10
4.5669291338582676
 20
-2.6043307086614171
 30
0
 11
4.7047244094488185
 21
-2.6043307086614171
 31
0
  0
LINE
  5
846
330
22
100
AcDbEntity
  8
F.Paste
  6
CONTINUOUS
100
AcDbLine
 10
4.7047244094488185
 20
-2.6043307086614171
 30
0
 11
4.7047244094488185
 21
-2.6712598425196852
 31
0
  0
LINE
  5
847
330
22
100
AcDbEntity
  8
F.Paste
  6
CONTINUOUS
100
AcDbLine
 10
5.3576108267716531
 20
-2.6044918503937007
 30
0
 11
5.3640449606299212
 21
-2.6057716929133856
 31
0
  0
LINE
  5
848
330
22
100
AcDbEntity
  8
F.Paste
  6
CONTINUOUS
100
AcDbLine
 10
5.3640449606299212
 20
-2.6057716929133856
 30
0
 11
5.3701057874015747
 21
-2.6082821653543307
 31
0
  0
LINE
  5
849
330
22
100
AcDbEntity
  8
F.Paste
  6
CONTINUOUS
100
AcDbLine
 10
5.3701057874015747
 20
-2.6082821653543307
 30
0
 11
5.3755603937007876
 21
-2.611926811023622
 31
0
  0
LINE
  5
84A
330
22
100
AcDbEntity
  8
F.Paste
  6
CONTINUOUS
100
AcDbLine
 10
5.3755603937007876
 20
-2.611926811023622
 30
0
 11
5.3801991732283465
 21
-2.6165655905511809
 31
0
  0
LINE
  5
84B
330
22
100
AcDbEntity
  8
F.Paste
  6
CONTINUOUS
100
AcDbLine
 10
5.3801991732283465
 20
-2.6165655905511809
 30
0
 11
5.3838438188976374
 21
-2.6220201968503938
 31
0
  0
LINE
  5
84C
330
22
100
AcDbEntity
  8
F.Paste
  6
CONTINUOUS
100
AcDbLine
 10
5.3838438188976374
 20
-2.6220201968503938
 30
0
 11
5.3863542913385825
 21
-2.6280810236220473
 31
0
  0
LINE
  5
84D
330
22
100
AcDbEntity
  8
F.Paste
  6
CONTINUOUS
100
AcDbLine
 10
5.3863542913385825
 20
-2.6280810236220473
 30
0
 11
5.3876341338582678
 21
-2.634515157480315
 31
0
  0
LINE
  5
84E
330
22
100
AcDbEntity
  8
F.Paste
  6
CONTINUOUS
100
AcDbLine
 10
5.3876341338582678
 20
-2.634515157480315
 30
0
 11
5.3876341338582678
 21
-2.6410753937007874
 31
0
  0
LINE
  5
84F
330
22
100
AcDbEntity
  8
F.Paste
  6
CONTINUOUS
100
AcDbLine
 10
5.3876341338582678
 20
-2.6410753937007874
 30
0
 11
5.3863542913385825
 21
-2.647509527559055
 31
0
  0
LINE
  5
850
330
22
100
AcDbEntity
  8
F.Paste
  6
CONTINUOUS
100
AcDbLine
 10
5.3863542913385825
 20
-2.647509527559055
 30
0
 11
5.3838438188976374
 21
-2.6535703543307085
 31
0
  0
LINE
  5
851
330
22
100
AcDbEntity
  8
F.Paste
  6
CONTINUOUS
100
AcDbLine
 10
5.3838438188976374
 20
-2.6535703543307085
 30
0
 11
5.3801991732283465
 21
-2.659024960629921
 31
0
  0
LINE
  5
852
330
22
100
AcDbEntity
  8
F.Paste
  6
CONTINUOUS
100
AcDbLine
 10
5.3801991732283465
 20
-2.659024960629921
 30
0
 11
5.3755603937007876
 21
-2.6636637401574803
 31
0
  0
LINE
  5
853
330
22
100
AcDbEntity
  8
F.Paste
  6
CONTINUOUS
100
AcDbLine
 10
5.3755603937007876
 20
-2.6636637401574803
 30
0
 11
5.3701057874015747
 21
-2.6673083858267717
 31
0
  0
LINE
  5
854
330
22
100
AcDbEntity
  8
F.Paste
  6
CONTINUOUS
100
AcDbLine
 10
5.3701057874015747
 20
-2.6673083858267717
 30
0
 11
5.3640449606299212
 21
-2.6698188582677163
 31
0
  0
LINE
  5
855
330
22
100
AcDbEntity
  8
F.Paste
  6
CONTINUOUS
100
AcDbLine
 10
5.3640449606299212
 20
-2.6698188582677163
 30
0
 11
5.3576108267716531
 21
-2.6710987007874016
 31
0
  0
LINE
  5
856
330
22
100
AcDbEntity
  8
F.Paste
  6
CONTINUOUS
100
AcDbLine
 10
5.3576108267716531
 20
-2.6710987007874016
 30
0
 11
5.3543307086614176
 21
-2.6712598425196852
 31
0
  0
LINE
  5
857
330
22
100
AcDbEntity
  8
F.Paste
  6
CONTINUOUS
100
AcDbLine
 10
5.3543307086614176
 20
-2.6712598425196852
 30
0
 11
5.2755905511811019
 21
-2.6712598425196852
 31
0
  0
LINE
  5
858
330
22
100
AcDbEntity
  8
F.Paste
  6
CONTINUOUS
100
AcDbLine
 10
5.2755905511811019
 20
-2.6712598425196852
 30
0
 11
5.2723104330708663
 21
-2.6710987007874016
 31
0
  0
LINE
  5
859
330
22
100
AcDbEntity
  8
F.Paste
  6
CONTINUOUS
100
AcDbLine
 10
5.2723104330708663
 20
-2.6710987007874016
 30
0
 11
5.2658762992125983
 21
-2.6698188582677163
 31
0
  0
LINE
  5
85A
330
22
100
AcDbEntity
  8
F.Paste
  6
CONTINUOUS
100
AcDbLine
 10
5.2658762992125983
 20
-2.6698188582677163
 30
0
 11
5.2598154724409447
 21
-2.6673083858267717
 31
0
  0
LINE
  5
85B
330
22
100
AcDbEntity
  8
F.Paste
  6
CONTINUOUS
100
AcDbLine
 10
5.2598154724409447
 20
-2.6673083858267717
 30
0
 11
5.2543608661417318
 21
-2.6636637401574803
 31
0
  0
LINE
  5
85C
330
22
100
AcDbEntity
  8
F.Paste
  6
CONTINUOUS
100
AcDbLine
 10
5.2543608661417318
 20
-2.6636637401574803
 30
0
 11
5.2497220866141729
 21
-2.659024960629921
 31
0
  0
LINE
  5
85D
330
22
100
AcDbEntity
  8
F.Paste
  6
CONTINUOUS
100
AcDbLine
 10
5.2497220866141729
 20
-2.659024960629921
 30
0
 11
5.246077440944882
 21
-2.6535703543307085
 31
0
  0
LINE
  5
85E
330
22
100
AcDbEntity
  8
F.Paste
  6
CONTINUOUS
100
AcDbLine
 10
5.246077440944882
 20
-2.6535703543307085
 30
0
 11
5.243566968503937
 21
-2.647509527559055
 31
0
  0
LINE
  5
85F
330
22
100
AcDbEntity
  8
F.Paste
  6
CONTINUOUS
100
AcDbLine
 10
5.243566968503937
 20
-2.647509527559055
 30
0
 11
5.2422871259842516
 21
-2.6410753937007874
 31
0
  0
LINE
  5
860
330
22
100
AcDbEntity
  8
F.Paste
  6
CONTINUOUS
100
AcDbLine
 10
5.2422871259842516
 20
-2.6410753937007874
 30
0
 11
5.2422871259842516
 21
-2.634515157480315
 31
0
  0
LINE
  5
861
330
22
100
AcDbEntity
  8
F.Paste
  6
CONTINUOUS
100
AcDbLine
 10
5.2422871259842516
 20
-2.634515157480315
 30
0
 11
5.243566968503937
 21
-2.6280810236220473
 31
0
  0
LINE
  5
862
330
22
100
AcDbEntity
  8
F.Paste
  6
CONTINUOUS
100
AcDbLine
 10
5.243566968503937
 20
-2.6280810236220473
 30
0
 11
5.246077440944882
 21
-2.6220201968503938
 31
0
  0
LINE
  5
863
330
22
100
AcDbEntity
  8
F.Paste
  6
CONTINUOUS
100
AcDbLine
 10
5.246077440944882
 20
-2.6220201968503938
 30
0
 11
5.2497220866141729
 21
-2.6165655905511809
 31
0
  0
LINE
  5
864
330
22
100
AcDbEntity
  8
F.Paste
  6
CONTINUOUS
100
AcDbLine
 10
5.2497220866141729
 20
-2.6165655905511809
 30
0
 11
5.2543608661417318
 21
-2.611926811023622
 31
0
  0
LINE
  5
865
330
22
100
AcDbEntity
  8
F.Paste
  6
CONTINUOUS
100
AcDbLine
 10
5.2543608661417318
 20
-2.611926811023622
 30
0
 11
5.2598154724409447
 21
-2.6082821653543307
 31
0
  0
LINE
  5
866
330
22
100
AcDbEntity
  8
F.Paste
  6
CONTINUOUS
100
AcDbLine
 10
5.2598154724409447
 20
-2.6082821653543307
 30
0
 11
5.2658762992125983
 21
-2.6057716929133856
 31
0
  0
LINE
  5
867
330
22
100
AcDbEntity
  8
F.Paste
  6
CONTINUOUS
100
AcDbLine
 10
5.2658762992125983
 20
-2.6057716929133856
 30
0
 11
5.2723104330708663
 21
-2.6044918503937007
 31
0
  0
LINE
  5
868
330
22
100
AcDbEntity
  8
F.Paste
  6
CONTINUOUS
100
AcDbLine
 10
5.2723104330708663
 20
-2.6044918503937007
 30
0
 11
5.2755905511811019
 21
-2.6043307086614171
 31
0
  0
LINE
  5
869
330
22
100
AcDbEntity
  8
F.Paste
  6
CONTINUOUS
100
AcDbLine
 10
5.2755905511811019
 20
-2.6043307086614171
 30
0
 11
5.3543307086614176
 21
-2.6043307086614171
 31
0
  0
LINE
  5
86A
330
22
100
AcDbEntity
  8
F.Paste
  6
CONTINUOUS
100
AcDbLine
 10
5.3543307086614176
 20
-2.6043307086614171
 30
0
 11
5.3576108267716531
 21
-2.6044918503937007
 31
0
  0
ENDSEC
  0
SECTION
  2
OBJECTS
  0
DICTIONARY
  5
28
330
0
100
AcDbDictionary
281
1
  3
ACAD_GROUP
350
86B
  3
ACAD_LAYOUT
350
29
  3
ACAD_PLOTSTYLENAME
350
11
  0
DICTIONARY
  5
86B
330
28
100
AcDbDictionary
281
1
  0
ACDBDICTIONARYWDFLT
  5
11
330
28
100
AcDbDictionary
281
1
  3
Normal
350
10
100
AcDbDictionaryWithDefault
340
10
  0
ACDBPLACEHOLDER
  5
10
330
11
  0
DICTIONARY
  5
29
330
28
100
AcDbDictionary
281
1
  3
Model
350
25
  3
Layout1
350
26
  3
Layout2
350
27
  0
LAYOUT
  5
25
330
29
100
AcDbPlotSettings
  1

  2
none_device
  4
A3
  6

 40
0.0
 41
0.0
 42
0.0
 43
0.0
 44
420.0
 45
297.0
 46
0.0
 47
0.0
 48
0.0
 49
0.0
140
0.0
141
0.0
142
1.0
143
1.0
 70
1024
 72
1
 73
0
 74
5
  7

 75
16
 76
0
 77
2
 78
300
147
1.0
148
0.0
149
0.0
100
AcDbLayout
  1
Model
 70
1
 71
0
 10
0.0
 20
0.0
 11
420.0
 21
297.0
 12
0.0
 22
0.0
 32
0.0
 14
1e+20
 24
1e+20
 34
1e+20
 15
-1e+20
 25
-1e+20
 35
-1e+20
146
0.0
 13
0.0
 23
0.0
 33
0.0
 16
1.0
 26
0.0
 36
0.0
 17
0.0
 27
1.0
 37
0.0
 76
0
330
22
  0
LAYOUT
  5
26
330
29
100
AcDbPlotSettings
  1

  2
none_device
  4
A3
  6

 40
0.0
 41
0.0
 42
0.0
 43
0.0
 44
420.0
 45
297.0
 46
0.0
 47
0.0
 48
0.0
 49
0.0
140
0.0
141
0.0
142
1.0
143
1.0
 70
0
 72
1
 73
0
 74
5
  7

 75
16
 76
0
 77
2
 78
300
147
1.0
148
0.0
149
0.0
100
AcDbLayout
  1
Layout1
 70
1
 71
1
 10
0.0
 20
0.0
 11
420.0
 21
297.0
 12
0.0
 22
0.0
 32
0.0
 14
1e+20
 24
1e+20
 34
1e+20
 15
-1e+20
 25
-1e+20
 35
-1e+20
146
0.0
 13
0.0
 23
0.0
 33
0.0
 16
1.0
 26
0.0
 36
0.0
 17
0.0
 27
1.0
 37
0.0
 76
0
330
23
  0
LAYOUT
  5
27
330
29
100
AcDbPlotSettings
  1

  2
none_device
  4
A3
  6

 40
0.0
 41
0.0
 42
0.0
 43
0.0
 44
420.0
 45
297.0
 46
0.0
 47
0.0
 48
0.0
 49
0.0
140
0.0
141
0.0
142
1.0
143
1.0
 70
0
 72
1
 73
0
 74
5
  7

 75
16
 76
0
 77
2
 78
300
147
1.0
148
0.0
149
0.0
100
AcDbLayout
  1
Layout2
 70
1
 71
2
 10
0.0
 20
0.0
 11
420.0
 21
297.0
 12
0.0
 22
0.0
 32
0.0
 14
1e+20
 24
1e+20
 34
1e+20
 15
-1e+20
 25
-1e+20
 35
-1e+20
146
0.0
 13
0.0
 23
0.0
 33
0.0
 16
1.0
 26
0.0
 36
0.0
 17
0.0
 27
1.0
 37
0.0
 76
0
330
24
  0
ENDSEC
  0
EOF
