  0
SECTION
  2
HEADER
  9
$ACADVER
  1
AC1018
  9
$HANDSEED
  5
FFFFFFFF
  9
$ANGBASE
  50
0.0
  9
$ANGDIR
  70
1
  9
$MEASUREMENT
  70
0
  9
$INSUNITS
  70
1
  0
ENDSEC
  0
SECTION
  2
TABLES
  0
TABLE
  2
APPID
  5
1
330
0
100
AcDbSymbolTable
 70
1
  0
APPID
  5
2
330
1
100
AcDbSymbolTableRecord
100
AcDbRegAppTableRecord
  2
ACAD
 70
0
  0
ENDTAB
  0
TABLE
  2
LTYPE
  5
3
330
0
100
AcDbSymbolTable
 70
6
  0
LTYPE
  5
4
330
3
100
AcDbSymbolTableRecord
100
AcDbLinetypeTableRecord
  2
ByBlock
 70
0
  3

 72
65
 73
0
 40
0
  0
LTYPE
  5
5
330
3
100
AcDbSymbolTableRecord
100
AcDbLinetypeTableRecord
  2
ByLayer
 70
0
  3

 72
65
 73
0
 40
0
  0
LTYPE
  5
6
330
3
100
AcDbSymbolTableRecord
100
AcDbLinetypeTableRecord
  2
CONTINUOUS
 70
0
  3
Solid line
 72
65
 73
0
 40
0
  0
LTYPE
  5
7
330
3
100
AcDbSymbolTableRecord
100
AcDbLinetypeTableRecord
  2
DASHDOT
 70
0
  3
Dash Dot ____ _ ____ _
 72
65
 73
4
 40
2
 49
1.25
 74
0
 49
-0.25
 74
0
 49
0.25
 74
0
 49
-0.25
 74
0
  0
LTYPE
  5
8
330
3
100
AcDbSymbolTableRecord
100
AcDbLinetypeTableRecord
  2
DASHED
 70
0
  3
Dashed __ __ __ __ __
 72
65
 73
2
 40
0.75
 49
0.5
 74
0
 49
-0.25
 74
0
  0
LTYPE
  5
9
330
3
100
AcDbSymbolTableRecord
100
AcDbLinetypeTableRecord
  2
DOTTED
 70
0
  3
Dotted .  .  .  .
 72
65
 73
2
 40
0.2
 49
0.0
 74
0
 49
-0.2
 74
0
  0
ENDTAB
  0
TABLE
  2
STYLE
  5
A
330
0
100
AcDbSymbolTable
 70
4
  0
STYLE
  5
B
330
A
100
AcDbSymbolTableRecord
100
AcDbTextStyleTableRecord
  2
KICAD
 70
0
 40
0
 41
1
 42
1
 50
0
 71
0
  3
isocp.shx
  0
STYLE
  5
C
330
A
100
AcDbSymbolTableRecord
100
AcDbTextStyleTableRecord
  2
KICADB
 70
0
 40
0
 41
1
 42
1
 50
0
 71
0
  3
isocp.shx
  0
STYLE
  5
D
330
A
100
AcDbSymbolTableRecord
100
AcDbTextStyleTableRecord
  2
KICADI
 70
0
 40
0
 41
1
 42
1
 50
15
 71
0
  3
isocp.shx
  0
STYLE
  5
E
330
A
100
AcDbSymbolTableRecord
100
AcDbTextStyleTableRecord
  2
KICADBI
 70
0
 40
0
 41
1
 42
1
 50
15
 71
0
  3
isocp.shx
  0
ENDTAB
  0
TABLE
  2
LAYER
  5
F
330
0
100
AcDbSymbolTable
 70
10
  0
LAYER
  5
12
330
F
100
AcDbSymbolTableRecord
100
AcDbLayerTableRecord
  2
0
 70
0
 62
7
  6
CONTINUOUS
390
10
  0
LAYER
  5
13
330
F
100
AcDbSymbolTableRecord
100
AcDbLayerTableRecord
  2
F.Cu
 70
0
 62
13
420
13120564
  6
CONTINUOUS
390
10
  0
LAYER
  5
14
330
F
100
AcDbSymbolTableRecord
100
AcDbLayerTableRecord
  2
B.Cu
 70
0
 62
153
420
5078980
  6
CONTINUOUS
390
10
  0
LAYER
  5
15
330
F
100
AcDbSymbolTableRecord
100
AcDbLayerTableRecord
  2
F.Paste
 70
0
 62
253
420
11837594
  6
CONTINUOUS
390
10
  0
LAYER
  5
16
330
F
100
AcDbSymbolTableRecord
100
AcDbLayerTableRecord
  2
B.Paste
 70
0
 62
132
420
49858
  6
CONTINUOUS
390
10
  0
LAYER
  5
17
330
F
100
AcDbSymbolTableRecord
100
AcDbLayerTableRecord
  2
F.Silkscreen
 70
0
 62
41
420
15920545
  6
CONTINUOUS
390
10
  0
LAYER
  5
18
330
F
100
AcDbSymbolTableRecord
100
AcDbLayerTableRecord
  2
B.Silkscreen
 70
0
 62
31
420
15250087
  6
CONTINUOUS
390
10
  0
LAYER
  5
19
330
F
100
AcDbSymbolTableRecord
100
AcDbLayerTableRecord
  2
F.Mask
 70
0
 62
201
420
14181631
  6
CONTINUOUS
390
10
  0
LAYER
  5
1A
330
F
100
AcDbSymbolTableRecord
100
AcDbLayerTableRecord
  2
B.Mask
 70
0
 62
4
420
196590
  6
CONTINUOUS
390
10
  0
LAYER
  5
1B
330
F
100
AcDbSymbolTableRecord
100
AcDbLayerTableRecord
  2
Edge.Cuts
 70
0
 62
254
420
13685453
  6
CONTINUOUS
390
10
  0
ENDTAB
  0
TABLE
  2
VPORT
  5
1C
330
0
100
AcDbSymbolTable
 70
0
  0
ENDTAB
  0
TABLE
  2
VIEW
  5
1D
330
0
100
AcDbSymbolTable
 70
0
  0
ENDTAB
  0
TABLE
  2
UCS
  5
1E
330
0
100
AcDbSymbolTable
 70
0
  0
ENDTAB
  0
TABLE
  2
DIMSTYLE
  5
1F
330
0
100
AcDbSymbolTable
 70
1
100
AcDbDimStyleTable
 71
0
  0
DIMSTYLE
105
20
330
1F
100
AcDbSymbolTableRecord
100
AcDbDimStyleTableRecord
  2
Standard
 70
0
  0
ENDTAB
  0
TABLE
  2
BLOCK_RECORD
  5
21
330
0
100
AcDbSymbolTable
 70
3
  0
BLOCK_RECORD
  5
22
330
21
100
AcDbSymbolTableRecord
100
AcDbBlockTableRecord
  2
*Model_Space
340
25
 70
0
280
1
281
0
  0
BLOCK_RECORD
  5
23
330
21
100
AcDbSymbolTableRecord
100
AcDbBlockTableRecord
  2
*Paper_Space
340
26
 70
0
280
1
281
0
  0
BLOCK_RECORD
  5
24
330
21
100
AcDbSymbolTableRecord
100
AcDbBlockTableRecord
  2
*Paper_Space0
340
27
 70
0
280
1
281
0
  0
ENDTAB
  0
ENDSEC
  0
SECTION
  2
BLOCKS
  0
BLOCK
  5
2B
330
22
100
AcDbEntity
  8
0
100
AcDbBlockBegin
  2
*Model_Space
 70
0
 10
0.0
 20
0.0
 30
0.0
  3
*Model_Space
  1

  0
ENDBLK
  5
2A
330
22
100
AcDbEntity
  8
0
100
AcDbBlockEnd
  0
BLOCK
  5
2D
330
23
100
AcDbEntity
 67
1
  8
0
100
AcDbBlockBegin
  2
*Paper_Space
 70
0
 10
0.0
 20
0.0
 30
0.0
  3
*Paper_Space
  1

  0
ENDBLK
  5
2C
330
23
100
AcDbEntity
 67
1
  8
0
100
AcDbBlockEnd
  0
BLOCK
  5
2F
330
24
100
AcDbEntity
 67
1
  8
0
100
AcDbBlockBegin
  2
*Paper_Space0
 70
0
 10
0.0
 20
0.0
 30
0.0
  3
*Paper_Space0
  1

  0
ENDBLK
  5
2E
330
24
100
AcDbEntity
 67
1
  8
0
100
AcDbBlockEnd
  0
ENDSEC
  0
SECTION
  2
ENTITIES
  0
LINE
  5
30
330
22
100
AcDbEntity
  8
F.Mask
  6
CONTINUOUS
100
AcDbLine
 10
6.7007945275590552
 20
-3.6645050787401572
 30
0
 11
6.7107432677165351
 21
-3.6671708661417322
 31
0
  0
LINE
  5
31
330
22
100
AcDbEntity
  8
F.Mask
  6
CONTINUOUS
100
AcDbLine
 10
6.7107432677165351
 20
-3.6671708661417322
 30
0
 11
6.7202589370078742
 21
-3.6711124015748031
 31
0
  0
LINE
  5
32
330
22
100
AcDbEntity
  8
F.Mask
  6
CONTINUOUS
100
AcDbLine
 10
6.7202589370078742
 20
-3.6711124015748031
 30
0
 11
6.7291787401574803
 21
-3.6762622440944881
 31
0
  0
LINE
  5
33
330
22
100
AcDbEntity
  8
F.Mask
  6
CONTINUOUS
100
AcDbLine
 10
6.7291787401574803
 20
-3.6762622440944881
 30
0
 11
6.7373500787401577
 21
-3.6825322834645666
 31
0
  0
LINE
  5
34
330
22
100
AcDbEntity
  8
F.Mask
  6
CONTINUOUS
100
AcDbLine
 10
6.7373500787401577
 20
-3.6825322834645666
 30
0
 11
6.7446330708661417
 21
-3.6898152755905511
 31
0
  0
LINE
  5
35
330
22
100
AcDbEntity
  8
F.Mask
  6
CONTINUOUS
100
AcDbLine
 10
6.7446330708661417
 20
-3.6898152755905511
 30
0
 11
6.7509031102362203
 21
-3.697986614173228
 31
0
  0
LINE
  5
36
330
22
100
AcDbEntity
  8
F.Mask
  6
CONTINUOUS
100
AcDbLine
 10
6.7509031102362203
 20
-3.697986614173228
 30
0
 11
6.7560529527559057
 21
-3.7069064173228345
 31
0
  0
LINE
  5
37
330
22
100
AcDbEntity
  8
F.Mask
  6
CONTINUOUS
100
AcDbLine
 10
6.7560529527559057
 20
-3.7069064173228345
 30
0
 11
6.7599944881889762
 21
-3.7164220866141733
 31
0
  0
LINE
  5
38
330
22
100
AcDbEntity
  8
F.Mask
  6
CONTINUOUS
100
AcDbLine
 10
6.7599944881889762
 20
-3.7164220866141733
 30
0
 11
6.7626602755905507
 21
-3.7263708267716535
 31
0
  0
LINE
  5
39
330
22
100
AcDbEntity
  8
F.Mask
  6
CONTINUOUS
100
AcDbLine
 10
6.7626602755905507
 20
-3.7263708267716535
 30
0
 11
6.7640046456692913
 21
-3.7365824409448818
 31
0
  0
LINE
  5
3A
330
22
100
AcDbEntity
  8
F.Mask
  6
CONTINUOUS
100
AcDbLine
 10
6.7640046456692913
 20
-3.7365824409448818
 30
0
 11
6.7640046456692913
 21
-3.7468821259842517
 31
0
  0
LINE
  5
3B
330
22
100
AcDbEntity
  8
F.Mask
  6
CONTINUOUS
100
AcDbLine
 10
6.7640046456692913
 20
-3.7468821259842517
 30
0
 11
6.7626602755905507
 21
-3.7570937401574804
 31
0
  0
LINE
  5
3C
330
22
100
AcDbEntity
  8
F.Mask
  6
CONTINUOUS
100
AcDbLine
 10
6.7626602755905507
 20
-3.7570937401574804
 30
0
 11
6.7599944881889762
 21
-3.7670424803149607
 31
0
  0
LINE
  5
3D
330
22
100
AcDbEntity
  8
F.Mask
  6
CONTINUOUS
100
AcDbLine
 10
6.7599944881889762
 20
-3.7670424803149607
 30
0
 11
6.7560529527559057
 21
-3.776558149606299
 31
0
  0
LINE
  5
3E
330
22
100
AcDbEntity
  8
F.Mask
  6
CONTINUOUS
100
AcDbLine
 10
6.7560529527559057
 20
-3.776558149606299
 30
0
 11
6.7509031102362203
 21
-3.7854779527559055
 31
0
  0
LINE
  5
3F
330
22
100
AcDbEntity
  8
F.Mask
  6
CONTINUOUS
100
AcDbLine
 10
6.7509031102362203
 20
-3.7854779527559055
 30
0
 11
6.7446330708661417
 21
-3.7936492913385824
 31
0
  0
LINE
  5
40
330
22
100
AcDbEntity
  8
F.Mask
  6
CONTINUOUS
100
AcDbLine
 10
6.7446330708661417
 20
-3.7936492913385824
 30
0
 11
6.7373500787401577
 21
-3.8009322834645669
 31
0
  0
LINE
  5
41
330
22
100
AcDbEntity
  8
F.Mask
  6
CONTINUOUS
100
AcDbLine
 10
6.7373500787401577
 20
-3.8009322834645669
 30
0
 11
6.7291787401574803
 21
-3.8072023228346454
 31
0
  0
LINE
  5
42
330
22
100
AcDbEntity
  8
F.Mask
  6
CONTINUOUS
100
AcDbLine
 10
6.7291787401574803
 20
-3.8072023228346454
 30
0
 11
6.7202589370078742
 21
-3.8123521653543304
 31
0
  0
LINE
  5
43
330
22
100
AcDbEntity
  8
F.Mask
  6
CONTINUOUS
100
AcDbLine
 10
6.7202589370078742
 20
-3.8123521653543304
 30
0
 11
6.7107432677165351
 21
-3.8162937007874014
 31
0
  0
LINE
  5
44
330
22
100
AcDbEntity
  8
F.Mask
  6
CONTINUOUS
100
AcDbLine
 10
6.7107432677165351
 20
-3.8162937007874014
 30
0
 11
6.7007945275590552
 21
-3.8189594881889763
 31
0
  0
LINE
  5
45
330
22
100
AcDbEntity
  8
F.Mask
  6
CONTINUOUS
100
AcDbLine
 10
6.7007945275590552
 20
-3.8189594881889763
 30
0
 11
6.6905829133858266
 21
-3.8203038582677165
 31
0
  0
LINE
  5
46
330
22
100
AcDbEntity
  8
F.Mask
  6
CONTINUOUS
100
AcDbLine
 10
6.6905829133858266
 20
-3.8203038582677165
 30
0
 11
6.6802832283464566
 21
-3.8203038582677165
 31
0
  0
LINE
  5
47
330
22
100
AcDbEntity
  8
F.Mask
  6
CONTINUOUS
100
AcDbLine
 10
6.6802832283464566
 20
-3.8203038582677165
 30
0
 11
6.6700716141732279
 21
-3.8189594881889763
 31
0
  0
LINE
  5
48
330
22
100
AcDbEntity
  8
F.Mask
  6
CONTINUOUS
100
AcDbLine
 10
6.6700716141732279
 20
-3.8189594881889763
 30
0
 11
6.6601228740157481
 21
-3.8162937007874014
 31
0
  0
LINE
  5
49
330
22
100
AcDbEntity
  8
F.Mask
  6
CONTINUOUS
100
AcDbLine
 10
6.6601228740157481
 20
-3.8162937007874014
 30
0
 11
6.6506072047244089
 21
-3.8123521653543304
 31
0
  0
LINE
  5
4A
330
22
100
AcDbEntity
  8
F.Mask
  6
CONTINUOUS
100
AcDbLine
 10
6.6506072047244089
 20
-3.8123521653543304
 30
0
 11
6.6416874015748029
 21
-3.8072023228346454
 31
0
  0
LINE
  5
4B
330
22
100
AcDbEntity
  8
F.Mask
  6
CONTINUOUS
100
AcDbLine
 10
6.6416874015748029
 20
-3.8072023228346454
 30
0
 11
6.6335160629921255
 21
-3.8009322834645669
 31
0
  0
LINE
  5
4C
330
22
100
AcDbEntity
  8
F.Mask
  6
CONTINUOUS
100
AcDbLine
 10
6.6335160629921255
 20
-3.8009322834645669
 30
0
 11
6.6262330708661414
 21
-3.7936492913385824
 31
0
  0
LINE
  5
4D
330
22
100
AcDbEntity
  8
F.Mask
  6
CONTINUOUS
100
AcDbLine
 10
6.6262330708661414
 20
-3.7936492913385824
 30
0
 11
6.6199630314960629
 21
-3.7854779527559055
 31
0
  0
LINE
  5
4E
330
22
100
AcDbEntity
  8
F.Mask
  6
CONTINUOUS
100
AcDbLine
 10
6.6199630314960629
 20
-3.7854779527559055
 30
0
 11
6.6148131889763775
 21
-3.776558149606299
 31
0
  0
LINE
  5
4F
330
22
100
AcDbEntity
  8
F.Mask
  6
CONTINUOUS
100
AcDbLine
 10
6.6148131889763775
 20
-3.776558149606299
 30
0
 11
6.610871653543307
 21
-3.7670424803149607
 31
0
  0
LINE
  5
50
330
22
100
AcDbEntity
  8
F.Mask
  6
CONTINUOUS
100
AcDbLine
 10
6.610871653543307
 20
-3.7670424803149607
 30
0
 11
6.6082058661417324
 21
-3.7570937401574804
 31
0
  0
LINE
  5
51
330
22
100
AcDbEntity
  8
F.Mask
  6
CONTINUOUS
100
AcDbLine
 10
6.6082058661417324
 20
-3.7570937401574804
 30
0
 11
6.6068614960629919
 21
-3.7468821259842517
 31
0
  0
LINE
  5
52
330
22
100
AcDbEntity
  8
F.Mask
  6
CONTINUOUS
100
AcDbLine
 10
6.6068614960629919
 20
-3.7468821259842517
 30
0
 11
6.6068614960629919
 21
-3.7365824409448818
 31
0
  0
LINE
  5
53
330
22
100
AcDbEntity
  8
F.Mask
  6
CONTINUOUS
100
AcDbLine
 10
6.6068614960629919
 20
-3.7365824409448818
 30
0
 11
6.6082058661417324
 21
-3.7263708267716535
 31
0
  0
LINE
  5
54
330
22
100
AcDbEntity
  8
F.Mask
  6
CONTINUOUS
100
AcDbLine
 10
6.6082058661417324
 20
-3.7263708267716535
 30
0
 11
6.610871653543307
 21
-3.7164220866141733
 31
0
  0
LINE
  5
55
330
22
100
AcDbEntity
  8
F.Mask
  6
CONTINUOUS
100
AcDbLine
 10
6.610871653543307
 20
-3.7164220866141733
 30
0
 11
6.6148131889763775
 21
-3.7069064173228345
 31
0
  0
LINE
  5
56
330
22
100
AcDbEntity
  8
F.Mask
  6
CONTINUOUS
100
AcDbLine
 10
6.6148131889763775
 20
-3.7069064173228345
 30
0
 11
6.6199630314960629
 21
-3.697986614173228
 31
0
  0
LINE
  5
57
330
22
100
AcDbEntity
  8
F.Mask
  6
CONTINUOUS
100
AcDbLine
 10
6.6199630314960629
 20
-3.697986614173228
 30
0
 11
6.6262330708661414
 21
-3.6898152755905511
 31
0
  0
LINE
  5
58
330
22
100
AcDbEntity
  8
F.Mask
  6
CONTINUOUS
100
AcDbLine
 10
6.6262330708661414
 20
-3.6898152755905511
 30
0
 11
6.6335160629921255
 21
-3.6825322834645666
 31
0
  0
LINE
  5
59
330
22
100
AcDbEntity
  8
F.Mask
  6
CONTINUOUS
100
AcDbLine
 10
6.6335160629921255
 20
-3.6825322834645666
 30
0
 11
6.6416874015748029
 21
-3.6762622440944881
 31
0
  0
LINE
  5
5A
330
22
100
AcDbEntity
  8
F.Mask
  6
CONTINUOUS
100
AcDbLine
 10
6.6416874015748029
 20
-3.6762622440944881
 30
0
 11
6.6506072047244089
 21
-3.6711124015748031
 31
0
  0
LINE
  5
5B
330
22
100
AcDbEntity
  8
F.Mask
  6
CONTINUOUS
100
AcDbLine
 10
6.6506072047244089
 20
-3.6711124015748031
 30
0
 11
6.6601228740157481
 21
-3.6671708661417322
 31
0
  0
LINE
  5
5C
330
22
100
AcDbEntity
  8
F.Mask
  6
CONTINUOUS
100
AcDbLine
 10
6.6601228740157481
 20
-3.6671708661417322
 30
0
 11
6.6700716141732279
 21
-3.6645050787401572
 31
0
  0
LINE
  5
5D
330
22
100
AcDbEntity
  8
F.Mask
  6
CONTINUOUS
100
AcDbLine
 10
6.6700716141732279
 20
-3.6645050787401572
 30
0
 11
6.6802832283464566
 21
-3.6631607086614171
 31
0
  0
LINE
  5
5E
330
22
100
AcDbEntity
  8
F.Mask
  6
CONTINUOUS
100
AcDbLine
 10
6.6802832283464566
 20
-3.6631607086614171
 30
0
 11
6.6905829133858266
 21
-3.6631607086614171
 31
0
  0
LINE
  5
5F
330
22
100
AcDbEntity
  8
F.Mask
  6
CONTINUOUS
100
AcDbLine
 10
6.6905829133858266
 20
-3.6631607086614171
 30
0
 11
6.7007945275590552
 21
-3.6645050787401572
 31
0
  0
LINE
  5
60
330
22
100
AcDbEntity
  8
F.Mask
  6
CONTINUOUS
100
AcDbLine
 10
5.9405583070866141
 20
-3.6629302755905511
 30
0
 11
5.950507047244094
 21
-3.665596062992126
 31
0
  0
LINE
  5
61
330
22
100
AcDbEntity
  8
F.Mask
  6
CONTINUOUS
100
AcDbLine
 10
5.950507047244094
 20
-3.665596062992126
 30
0
 11
5.9600227165354331
 21
-3.6695375984251966
 31
0
  0
LINE
  5
62
330
22
100
AcDbEntity
  8
F.Mask
  6
CONTINUOUS
100
AcDbLine
 10
5.9600227165354331
 20
-3.6695375984251966
 30
0
 11
5.9689425196850392
 21
-3.674687440944882
 31
0
  0
LINE
  5
63
330
22
100
AcDbEntity
  8
F.Mask
  6
CONTINUOUS
100
AcDbLine
 10
5.9689425196850392
 20
-3.674687440944882
 30
0
 11
5.9771138582677166
 21
-3.6809574803149605
 31
0
  0
LINE
  5
64
330
22
100
AcDbEntity
  8
F.Mask
  6
CONTINUOUS
100
AcDbLine
 10
5.9771138582677166
 20
-3.6809574803149605
 30
0
 11
5.9843968503937006
 21
-3.688240472440945
 31
0
  0
LINE
  5
65
330
22
100
AcDbEntity
  8
F.Mask
  6
CONTINUOUS
100
AcDbLine
 10
5.9843968503937006
 20
-3.688240472440945
 30
0
 11
5.9906668897637791
 21
-3.6964118110236219
 31
0
  0
LINE
  5
66
330
22
100
AcDbEntity
  8
F.Mask
  6
CONTINUOUS
100
AcDbLine
 10
5.9906668897637791
 20
-3.6964118110236219
 30
0
 11
5.9958167322834646
 21
-3.7053316141732284
 31
0
  0
LINE
  5
67
330
22
100
AcDbEntity
  8
F.Mask
  6
CONTINUOUS
100
AcDbLine
 10
5.9958167322834646
 20
-3.7053316141732284
 30
0
 11
5.9997582677165351
 21
-3.7148472834645667
 31
0
  0
LINE
  5
68
330
22
100
AcDbEntity
  8
F.Mask
  6
CONTINUOUS
100
AcDbLine
 10
5.9997582677165351
 20
-3.7148472834645667
 30
0
 11
6.0024240551181105
 21
-3.724796023622047
 31
0
  0
LINE
  5
69
330
22
100
AcDbEntity
  8
F.Mask
  6
CONTINUOUS
100
AcDbLine
 10
6.0024240551181105
 20
-3.724796023622047
 30
0
 11
6.0037684251968502
 21
-3.7350076377952757
 31
0
  0
LINE
  5
6A
330
22
100
AcDbEntity
  8
F.Mask
  6
CONTINUOUS
100
AcDbLine
 10
6.0037684251968502
 20
-3.7350076377952757
 30
0
 11
6.0037684251968502
 21
-3.7453073228346456
 31
0
  0
LINE
  5
6B
330
22
100
AcDbEntity
  8
F.Mask
  6
CONTINUOUS
100
AcDbLine
 10
6.0037684251968502
 20
-3.7453073228346456
 30
0
 11
6.0024240551181105
 21
-3.7555189370078739
 31
0
  0
LINE
  5
6C
330
22
100
AcDbEntity
  8
F.Mask
  6
CONTINUOUS
100
AcDbLine
 10
6.0024240551181105
 20
-3.7555189370078739
 30
0
 11
5.9997582677165351
 21
-3.7654676771653541
 31
0
  0
LINE
  5
6D
330
22
100
AcDbEntity
  8
F.Mask
  6
CONTINUOUS
100
AcDbLine
 10
5.9997582677165351
 20
-3.7654676771653541
 30
0
 11
5.9958167322834646
 21
-3.7749833464566929
 31
0
  0
LINE
  5
6E
330
22
100
AcDbEntity
  8
F.Mask
  6
CONTINUOUS
100
AcDbLine
 10
5.9958167322834646
 20
-3.7749833464566929
 30
0
 11
5.9906668897637791
 21
-3.7839031496062989
 31
0
  0
LINE
  5
6F
330
22
100
AcDbEntity
  8
F.Mask
  6
CONTINUOUS
100
AcDbLine
 10
5.9906668897637791
 20
-3.7839031496062989
 30
0
 11
5.9843968503937006
 21
-3.7920744881889763
 31
0
  0
LINE
  5
70
330
22
100
AcDbEntity
  8
F.Mask
  6
CONTINUOUS
100
AcDbLine
 10
5.9843968503937006
 20
-3.7920744881889763
 30
0
 11
5.9771138582677166
 21
-3.7993574803149603
 31
0
  0
LINE
  5
71
330
22
100
AcDbEntity
  8
F.Mask
  6
CONTINUOUS
100
AcDbLine
 10
5.9771138582677166
 20
-3.7993574803149603
 30
0
 11
5.9689425196850392
 21
-3.8056275196850393
 31
0
  0
LINE
  5
72
330
22
100
AcDbEntity
  8
F.Mask
  6
CONTINUOUS
100
AcDbLine
 10
5.9689425196850392
 20
-3.8056275196850393
 30
0
 11
5.9600227165354331
 21
-3.8107773622047243
 31
0
  0
LINE
  5
73
330
22
100
AcDbEntity
  8
F.Mask
  6
CONTINUOUS
100
AcDbLine
 10
5.9600227165354331
 20
-3.8107773622047243
 30
0
 11
5.950507047244094
 21
-3.8147188976377953
 31
0
  0
LINE
  5
74
330
22
100
AcDbEntity
  8
F.Mask
  6
CONTINUOUS
100
AcDbLine
 10
5.950507047244094
 20
-3.8147188976377953
 30
0
 11
5.9405583070866141
 21
-3.8173846850393698
 31
0
  0
LINE
  5
75
330
22
100
AcDbEntity
  8
F.Mask
  6
CONTINUOUS
100
AcDbLine
 10
5.9405583070866141
 20
-3.8173846850393698
 30
0
 11
5.9303466929133855
 21
-3.8187290551181103
 31
0
  0
LINE
  5
76
330
22
100
AcDbEntity
  8
F.Mask
  6
CONTINUOUS
100
AcDbLine
 10
5.9303466929133855
 20
-3.8187290551181103
 30
0
 11
5.9200470078740155
 21
-3.8187290551181103
 31
0
  0
LINE
  5
77
330
22
100
AcDbEntity
  8
F.Mask
  6
CONTINUOUS
100
AcDbLine
 10
5.9200470078740155
 20
-3.8187290551181103
 30
0
 11
5.9098353937007877
 21
-3.8173846850393698
 31
0
  0
LINE
  5
78
330
22
100
AcDbEntity
  8
F.Mask
  6
CONTINUOUS
100
AcDbLine
 10
5.9098353937007877
 20
-3.8173846850393698
 30
0
 11
5.899886653543307
 21
-3.8147188976377953
 31
0
  0
LINE
  5
79
330
22
100
AcDbEntity
  8
F.Mask
  6
CONTINUOUS
100
AcDbLine
 10
5.899886653543307
 20
-3.8147188976377953
 30
0
 11
5.8903709842519687
 21
-3.8107773622047243
 31
0
  0
LINE
  5
7A
330
22
100
AcDbEntity
  8
F.Mask
  6
CONTINUOUS
100
AcDbLine
 10
5.8903709842519687
 20
-3.8107773622047243
 30
0
 11
5.8814511811023618
 21
-3.8056275196850393
 31
0
  0
LINE
  5
7B
330
22
100
AcDbEntity
  8
F.Mask
  6
CONTINUOUS
100
AcDbLine
 10
5.8814511811023618
 20
-3.8056275196850393
 30
0
 11
5.8732798425196853
 21
-3.7993574803149603
 31
0
  0
LINE
  5
7C
330
22
100
AcDbEntity
  8
F.Mask
  6
CONTINUOUS
100
AcDbLine
 10
5.8732798425196853
 20
-3.7993574803149603
 30
0
 11
5.8659968503937003
 21
-3.7920744881889763
 31
0
  0
LINE
  5
7D
330
22
100
AcDbEntity
  8
F.Mask
  6
CONTINUOUS
100
AcDbLine
 10
5.8659968503937003
 20
-3.7920744881889763
 30
0
 11
5.8597268110236218
 21
-3.7839031496062989
 31
0
  0
LINE
  5
7E
330
22
100
AcDbEntity
  8
F.Mask
  6
CONTINUOUS
100
AcDbLine
 10
5.8597268110236218
 20
-3.7839031496062989
 30
0
 11
5.8545769685039373
 21
-3.7749833464566929
 31
0
  0
LINE
  5
7F
330
22
100
AcDbEntity
  8
F.Mask
  6
CONTINUOUS
100
AcDbLine
 10
5.8545769685039373
 20
-3.7749833464566929
 30
0
 11
5.8506354330708659
 21
-3.7654676771653541
 31
0
  0
LINE
  5
80
330
22
100
AcDbEntity
  8
F.Mask
  6
CONTINUOUS
100
AcDbLine
 10
5.8506354330708659
 20
-3.7654676771653541
 30
0
 11
5.8479696456692913
 21
-3.7555189370078739
 31
0
  0
LINE
  5
81
330
22
100
AcDbEntity
  8
F.Mask
  6
CONTINUOUS
100
AcDbLine
 10
5.8479696456692913
 20
-3.7555189370078739
 30
0
 11
5.8466252755905508
 21
-3.7453073228346456
 31
0
  0
LINE
  5
82
330
22
100
AcDbEntity
  8
F.Mask
  6
CONTINUOUS
100
AcDbLine
 10
5.8466252755905508
 20
-3.7453073228346456
 30
0
 11
5.8466252755905508
 21
-3.7350076377952757
 31
0
  0
LINE
  5
83
330
22
100
AcDbEntity
  8
F.Mask
  6
CONTINUOUS
100
AcDbLine
 10
5.8466252755905508
 20
-3.7350076377952757
 30
0
 11
5.8479696456692913
 21
-3.724796023622047
 31
0
  0
LINE
  5
84
330
22
100
AcDbEntity
  8
F.Mask
  6
CONTINUOUS
100
AcDbLine
 10
5.8479696456692913
 20
-3.724796023622047
 30
0
 11
5.8506354330708659
 21
-3.7148472834645667
 31
0
  0
LINE
  5
85
330
22
100
AcDbEntity
  8
F.Mask
  6
CONTINUOUS
100
AcDbLine
 10
5.8506354330708659
 20
-3.7148472834645667
 30
0
 11
5.8545769685039373
 21
-3.7053316141732284
 31
0
  0
LINE
  5
86
330
22
100
AcDbEntity
  8
F.Mask
  6
CONTINUOUS
100
AcDbLine
 10
5.8545769685039373
 20
-3.7053316141732284
 30
0
 11
5.8597268110236218
 21
-3.6964118110236219
 31
0
  0
LINE
  5
87
330
22
100
AcDbEntity
  8
F.Mask
  6
CONTINUOUS
100
AcDbLine
 10
5.8597268110236218
 20
-3.6964118110236219
 30
0
 11
5.8659968503937003
 21
-3.688240472440945
 31
0
  0
LINE
  5
88
330
22
100
AcDbEntity
  8
F.Mask
  6
CONTINUOUS
100
AcDbLine
 10
5.8659968503937003
 20
-3.688240472440945
 30
0
 11
5.8732798425196853
 21
-3.6809574803149605
 31
0
  0
LINE
  5
89
330
22
100
AcDbEntity
  8
F.Mask
  6
CONTINUOUS
100
AcDbLine
 10
5.8732798425196853
 20
-3.6809574803149605
 30
0
 11
5.8814511811023618
 21
-3.674687440944882
 31
0
  0
LINE
  5
8A
330
22
100
AcDbEntity
  8
F.Mask
  6
CONTINUOUS
100
AcDbLine
 10
5.8814511811023618
 20
-3.674687440944882
 30
0
 11
5.8903709842519687
 21
-3.6695375984251966
 31
0
  0
LINE
  5
8B
330
22
100
AcDbEntity
  8
F.Mask
  6
CONTINUOUS
100
AcDbLine
 10
5.8903709842519687
 20
-3.6695375984251966
 30
0
 11
5.899886653543307
 21
-3.665596062992126
 31
0
  0
LINE
  5
8C
330
22
100
AcDbEntity
  8
F.Mask
  6
CONTINUOUS
100
AcDbLine
 10
5.899886653543307
 20
-3.665596062992126
 30
0
 11
5.9098353937007877
 21
-3.6629302755905511
 31
0
  0
LINE
  5
8D
330
22
100
AcDbEntity
  8
F.Mask
  6
CONTINUOUS
100
AcDbLine
 10
5.9098353937007877
 20
-3.6629302755905511
 30
0
 11
5.9200470078740155
 21
-3.661585905511811
 31
0
  0
LINE
  5
8E
330
22
100
AcDbEntity
  8
F.Mask
  6
CONTINUOUS
100
AcDbLine
 10
5.9200470078740155
 20
-3.661585905511811
 30
0
 11
5.9303466929133855
 21
-3.661585905511811
 31
0
  0
LINE
  5
8F
330
22
100
AcDbEntity
  8
F.Mask
  6
CONTINUOUS
100
AcDbLine
 10
5.9303466929133855
 20
-3.661585905511811
 30
0
 11
5.9405583070866141
 21
-3.6629302755905511
 31
0
  0
LINE
  5
90
330
22
100
AcDbEntity
  8
F.Mask
  6
CONTINUOUS
100
AcDbLine
 10
7.4563063385826771
 20
-3.6629302755905511
 30
0
 11
7.4662550787401569
 21
-3.665596062992126
 31
0
  0
LINE
  5
91
330
22
100
AcDbEntity
  8
F.Mask
  6
CONTINUOUS
100
AcDbLine
 10
7.4662550787401569
 20
-3.665596062992126
 30
0
 11
7.4757707480314961
 21
-3.6695375984251966
 31
0
  0
LINE
  5
92
330
22
100
AcDbEntity
  8
F.Mask
  6
CONTINUOUS
100
AcDbLine
 10
7.4757707480314961
 20
-3.6695375984251966
 30
0
 11
7.4846905511811022
 21
-3.674687440944882
 31
0
  0
LINE
  5
93
330
22
100
AcDbEntity
  8
F.Mask
  6
CONTINUOUS
100
AcDbLine
 10
7.4846905511811022
 20
-3.674687440944882
 30
0
 11
7.4928618897637795
 21
-3.6809574803149605
 31
0
  0
LINE
  5
94
330
22
100
AcDbEntity
  8
F.Mask
  6
CONTINUOUS
100
AcDbLine
 10
7.4928618897637795
 20
-3.6809574803149605
 30
0
 11
7.5001448818897636
 21
-3.688240472440945
 31
0
  0
LINE
  5
95
330
22
100
AcDbEntity
  8
F.Mask
  6
CONTINUOUS
100
AcDbLine
 10
7.5001448818897636
 20
-3.688240472440945
 30
0
 11
7.5064149212598421
 21
-3.6964118110236219
 31
0
  0
LINE
  5
96
330
22
100
AcDbEntity
  8
F.Mask
  6
CONTINUOUS
100
AcDbLine
 10
7.5064149212598421
 20
-3.6964118110236219
 30
0
 11
7.5115647637795275
 21
-3.7053316141732284
 31
0
  0
LINE
  5
97
330
22
100
AcDbEntity
  8
F.Mask
  6
CONTINUOUS
100
AcDbLine
 10
7.5115647637795275
 20
-3.7053316141732284
 30
0
 11
7.5155062992125981
 21
-3.7148472834645667
 31
0
  0
LINE
  5
98
330
22
100
AcDbEntity
  8
F.Mask
  6
CONTINUOUS
100
AcDbLine
 10
7.5155062992125981
 20
-3.7148472834645667
 30
0
 11
7.5181720866141735
 21
-3.724796023622047
 31
0
  0
LINE
  5
99
330
22
100
AcDbEntity
  8
F.Mask
  6
CONTINUOUS
100
AcDbLine
 10
7.5181720866141735
 20
-3.724796023622047
 30
0
 11
7.5195164566929131
 21
-3.7350076377952757
 31
0
  0
LINE
  5
9A
330
22
100
AcDbEntity
  8
F.Mask
  6
CONTINUOUS
100
AcDbLine
 10
7.5195164566929131
 20
-3.7350076377952757
 30
0
 11
7.5195164566929131
 21
-3.7453073228346456
 31
0
  0
LINE
  5
9B
330
22
100
AcDbEntity
  8
F.Mask
  6
CONTINUOUS
100
AcDbLine
 10
7.5195164566929131
 20
-3.7453073228346456
 30
0
 11
7.5181720866141735
 21
-3.7555189370078739
 31
0
  0
LINE
  5
9C
330
22
100
AcDbEntity
  8
F.Mask
  6
CONTINUOUS
100
AcDbLine
 10
7.5181720866141735
 20
-3.7555189370078739
 30
0
 11
7.5155062992125981
 21
-3.7654676771653541
 31
0
  0
LINE
  5
9D
330
22
100
AcDbEntity
  8
F.Mask
  6
CONTINUOUS
100
AcDbLine
 10
7.5155062992125981
 20
-3.7654676771653541
 30
0
 11
7.5115647637795275
 21
-3.7749833464566929
 31
0
  0
LINE
  5
9E
330
22
100
AcDbEntity
  8
F.Mask
  6
CONTINUOUS
100
AcDbLine
 10
7.5115647637795275
 20
-3.7749833464566929
 30
0
 11
7.5064149212598421
 21
-3.7839031496062989
 31
0
  0
LINE
  5
9F
330
22
100
AcDbEntity
  8
F.Mask
  6
CONTINUOUS
100
AcDbLine
 10
7.5064149212598421
 20
-3.7839031496062989
 30
0
 11
7.5001448818897636
 21
-3.7920744881889763
 31
0
  0
LINE
  5
A0
330
22
100
AcDbEntity
  8
F.Mask
  6
CONTINUOUS
100
AcDbLine
 10
7.5001448818897636
 20
-3.7920744881889763
 30
0
 11
7.4928618897637795
 21
-3.7993574803149603
 31
0
  0
LINE
  5
A1
330
22
100
AcDbEntity
  8
F.Mask
  6
CONTINUOUS
100
AcDbLine
 10
7.4928618897637795
 20
-3.7993574803149603
 30
0
 11
7.4846905511811022
 21
-3.8056275196850393
 31
0
  0
LINE
  5
A2
330
22
100
AcDbEntity
  8
F.Mask
  6
CONTINUOUS
100
AcDbLine
 10
7.4846905511811022
 20
-3.8056275196850393
 30
0
 11
7.4757707480314961
 21
-3.8107773622047243
 31
0
  0
LINE
  5
A3
330
22
100
AcDbEntity
  8
F.Mask
  6
CONTINUOUS
100
AcDbLine
 10
7.4757707480314961
 20
-3.8107773622047243
 30
0
 11
7.4662550787401569
 21
-3.8147188976377953
 31
0
  0
LINE
  5
A4
330
22
100
AcDbEntity
  8
F.Mask
  6
CONTINUOUS
100
AcDbLine
 10
7.4662550787401569
 20
-3.8147188976377953
 30
0
 11
7.4563063385826771
 21
-3.8173846850393698
 31
0
  0
LINE
  5
A5
330
22
100
AcDbEntity
  8
F.Mask
  6
CONTINUOUS
100
AcDbLine
 10
7.4563063385826771
 20
-3.8173846850393698
 30
0
 11
7.4460947244094484
 21
-3.8187290551181103
 31
0
  0
LINE
  5
A6
330
22
100
AcDbEntity
  8
F.Mask
  6
CONTINUOUS
100
AcDbLine
 10
7.4460947244094484
 20
-3.8187290551181103
 30
0
 11
7.4357950393700785
 21
-3.8187290551181103
 31
0
  0
LINE
  5
A7
330
22
100
AcDbEntity
  8
F.Mask
  6
CONTINUOUS
100
AcDbLine
 10
7.4357950393700785
 20
-3.8187290551181103
 30
0
 11
7.4255834251968507
 21
-3.8173846850393698
 31
0
  0
LINE
  5
A8
330
22
100
AcDbEntity
  8
F.Mask
  6
CONTINUOUS
100
AcDbLine
 10
7.4255834251968507
 20
-3.8173846850393698
 30
0
 11
7.41563468503937
 21
-3.8147188976377953
 31
0
  0
LINE
  5
A9
330
22
100
AcDbEntity
  8
F.Mask
  6
CONTINUOUS
100
AcDbLine
 10
7.41563468503937
 20
-3.8147188976377953
 30
0
 11
7.4061190157480317
 21
-3.8107773622047243
 31
0
  0
LINE
  5
AA
330
22
100
AcDbEntity
  8
F.Mask
  6
CONTINUOUS
100
AcDbLine
 10
7.4061190157480317
 20
-3.8107773622047243
 30
0
 11
7.3971992125984247
 21
-3.8056275196850393
 31
0
  0
LINE
  5
AB
330
22
100
AcDbEntity
  8
F.Mask
  6
CONTINUOUS
100
AcDbLine
 10
7.3971992125984247
 20
-3.8056275196850393
 30
0
 11
7.3890278740157482
 21
-3.7993574803149603
 31
0
  0
LINE
  5
AC
330
22
100
AcDbEntity
  8
F.Mask
  6
CONTINUOUS
100
AcDbLine
 10
7.3890278740157482
 20
-3.7993574803149603
 30
0
 11
7.3817448818897633
 21
-3.7920744881889763
 31
0
  0
LINE
  5
AD
330
22
100
AcDbEntity
  8
F.Mask
  6
CONTINUOUS
100
AcDbLine
 10
7.3817448818897633
 20
-3.7920744881889763
 30
0
 11
7.3754748425196848
 21
-3.7839031496062989
 31
0
  0
LINE
  5
AE
330
22
100
AcDbEntity
  8
F.Mask
  6
CONTINUOUS
100
AcDbLine
 10
7.3754748425196848
 20
-3.7839031496062989
 30
0
 11
7.3703250000000002
 21
-3.7749833464566929
 31
0
  0
LINE
  5
AF
330
22
100
AcDbEntity
  8
F.Mask
  6
CONTINUOUS
100
AcDbLine
 10
7.3703250000000002
 20
-3.7749833464566929
 30
0
 11
7.3663834645669288
 21
-3.7654676771653541
 31
0
  0
LINE
  5
B0
330
22
100
AcDbEntity
  8
F.Mask
  6
CONTINUOUS
100
AcDbLine
 10
7.3663834645669288
 20
-3.7654676771653541
 30
0
 11
7.3637176771653543
 21
-3.7555189370078739
 31
0
  0
LINE
  5
B1
330
22
100
AcDbEntity
  8
F.Mask
  6
CONTINUOUS
100
AcDbLine
 10
7.3637176771653543
 20
-3.7555189370078739
 30
0
 11
7.3623733070866137
 21
-3.7453073228346456
 31
0
  0
LINE
  5
B2
330
22
100
AcDbEntity
  8
F.Mask
  6
CONTINUOUS
100
AcDbLine
 10
7.3623733070866137
 20
-3.7453073228346456
 30
0
 11
7.3623733070866137
 21
-3.7350076377952757
 31
0
  0
LINE
  5
B3
330
22
100
AcDbEntity
  8
F.Mask
  6
CONTINUOUS
100
AcDbLine
 10
7.3623733070866137
 20
-3.7350076377952757
 30
0
 11
7.3637176771653543
 21
-3.724796023622047
 31
0
  0
LINE
  5
B4
330
22
100
AcDbEntity
  8
F.Mask
  6
CONTINUOUS
100
AcDbLine
 10
7.3637176771653543
 20
-3.724796023622047
 30
0
 11
7.3663834645669288
 21
-3.7148472834645667
 31
0
  0
LINE
  5
B5
330
22
100
AcDbEntity
  8
F.Mask
  6
CONTINUOUS
100
AcDbLine
 10
7.3663834645669288
 20
-3.7148472834645667
 30
0
 11
7.3703250000000002
 21
-3.7053316141732284
 31
0
  0
LINE
  5
B6
330
22
100
AcDbEntity
  8
F.Mask
  6
CONTINUOUS
100
AcDbLine
 10
7.3703250000000002
 20
-3.7053316141732284
 30
0
 11
7.3754748425196848
 21
-3.6964118110236219
 31
0
  0
LINE
  5
B7
330
22
100
AcDbEntity
  8
F.Mask
  6
CONTINUOUS
100
AcDbLine
 10
7.3754748425196848
 20
-3.6964118110236219
 30
0
 11
7.3817448818897633
 21
-3.688240472440945
 31
0
  0
LINE
  5
B8
330
22
100
AcDbEntity
  8
F.Mask
  6
CONTINUOUS
100
AcDbLine
 10
7.3817448818897633
 20
-3.688240472440945
 30
0
 11
7.3890278740157482
 21
-3.6809574803149605
 31
0
  0
LINE
  5
B9
330
22
100
AcDbEntity
  8
F.Mask
  6
CONTINUOUS
100
AcDbLine
 10
7.3890278740157482
 20
-3.6809574803149605
 30
0
 11
7.3971992125984247
 21
-3.674687440944882
 31
0
  0
LINE
  5
BA
330
22
100
AcDbEntity
  8
F.Mask
  6
CONTINUOUS
100
AcDbLine
 10
7.3971992125984247
 20
-3.674687440944882
 30
0
 11
7.4061190157480317
 21
-3.6695375984251966
 31
0
  0
LINE
  5
BB
330
22
100
AcDbEntity
  8
F.Mask
  6
CONTINUOUS
100
AcDbLine
 10
7.4061190157480317
 20
-3.6695375984251966
 30
0
 11
7.41563468503937
 21
-3.665596062992126
 31
0
  0
LINE
  5
BC
330
22
100
AcDbEntity
  8
F.Mask
  6
CONTINUOUS
100
AcDbLine
 10
7.41563468503937
 20
-3.665596062992126
 30
0
 11
7.4255834251968507
 21
-3.6629302755905511
 31
0
  0
LINE
  5
BD
330
22
100
AcDbEntity
  8
F.Mask
  6
CONTINUOUS
100
AcDbLine
 10
7.4255834251968507
 20
-3.6629302755905511
 30
0
 11
7.4357950393700785
 21
-3.661585905511811
 31
0
  0
LINE
  5
BE
330
22
100
AcDbEntity
  8
F.Mask
  6
CONTINUOUS
100
AcDbLine
 10
7.4357950393700785
 20
-3.661585905511811
 30
0
 11
7.4460947244094484
 21
-3.661585905511811
 31
0
  0
LINE
  5
BF
330
22
100
AcDbEntity
  8
F.Mask
  6
CONTINUOUS
100
AcDbLine
 10
7.4460947244094484
 20
-3.661585905511811
 30
0
 11
7.4563063385826771
 21
-3.6629302755905511
 31
0
  0
LINE
  5
C0
330
22
100
AcDbEntity
  8
F.Mask
  6
CONTINUOUS
100
AcDbLine
 10
6.4951473228346455
 20
-3.7097087007874014
 30
0
 11
6.501208149606299
 21
-3.7122191732283465
 31
0
  0
LINE
  5
C1
330
22
100
AcDbEntity
  8
F.Mask
  6
CONTINUOUS
100
AcDbLine
 10
6.501208149606299
 20
-3.7122191732283465
 30
0
 11
6.5066627559055119
 21
-3.7158638188976378
 31
0
  0
LINE
  5
C2
330
22
100
AcDbEntity
  8
F.Mask
  6
CONTINUOUS
100
AcDbLine
 10
6.5066627559055119
 20
-3.7158638188976378
 30
0
 11
6.5113015354330708
 21
-3.7205025984251967
 31
0
  0
LINE
  5
C3
330
22
100
AcDbEntity
  8
F.Mask
  6
CONTINUOUS
100
AcDbLine
 10
6.5113015354330708
 20
-3.7205025984251967
 30
0
 11
6.5149461811023617
 21
-3.7259572047244092
 31
0
  0
LINE
  5
C4
330
22
100
AcDbEntity
  8
F.Mask
  6
CONTINUOUS
100
AcDbLine
 10
6.5149461811023617
 20
-3.7259572047244092
 30
0
 11
6.5174566535433067
 21
-3.7320180314960627
 31
0
  0
LINE
  5
C5
330
22
100
AcDbEntity
  8
F.Mask
  6
CONTINUOUS
100
AcDbLine
 10
6.5174566535433067
 20
-3.7320180314960627
 30
0
 11
6.5187364960629921
 21
-3.7384521653543308
 31
0
  0
LINE
  5
C6
330
22
100
AcDbEntity
  8
F.Mask
  6
CONTINUOUS
100
AcDbLine
 10
6.5187364960629921
 20
-3.7384521653543308
 30
0
 11
6.5187364960629921
 21
-3.7450124015748032
 31
0
  0
LINE
  5
C7
330
22
100
AcDbEntity
  8
F.Mask
  6
CONTINUOUS
100
AcDbLine
 10
6.5187364960629921
 20
-3.7450124015748032
 30
0
 11
6.5174566535433067
 21
-3.7514465354330708
 31
0
  0
LINE
  5
C8
330
22
100
AcDbEntity
  8
F.Mask
  6
CONTINUOUS
100
AcDbLine
 10
6.5174566535433067
 20
-3.7514465354330708
 30
0
 11
6.5149461811023617
 21
-3.7575073622047244
 31
0
  0
LINE
  5
C9
330
22
100
AcDbEntity
  8
F.Mask
  6
CONTINUOUS
100
AcDbLine
 10
6.5149461811023617
 20
-3.7575073622047244
 30
0
 11
6.5113015354330708
 21
-3.7629619685039368
 31
0
  0
LINE
  5
CA
330
22
100
AcDbEntity
  8
F.Mask
  6
CONTINUOUS
100
AcDbLine
 10
6.5113015354330708
 20
-3.7629619685039368
 30
0
 11
6.5066627559055119
 21
-3.7676007480314961
 31
0
  0
LINE
  5
CB
330
22
100
AcDbEntity
  8
F.Mask
  6
CONTINUOUS
100
AcDbLine
 10
6.5066627559055119
 20
-3.7676007480314961
 30
0
 11
6.501208149606299
 21
-3.7712453937007875
 31
0
  0
LINE
  5
CC
330
22
100
AcDbEntity
  8
F.Mask
  6
CONTINUOUS
100
AcDbLine
 10
6.501208149606299
 20
-3.7712453937007875
 30
0
 11
6.4951473228346455
 21
-3.7737558661417321
 31
0
  0
LINE
  5
CD
330
22
100
AcDbEntity
  8
F.Mask
  6
CONTINUOUS
100
AcDbLine
 10
6.4951473228346455
 20
-3.7737558661417321
 30
0
 11
6.4887131889763774
 21
-3.775035708661417
 31
0
  0
LINE
  5
CE
330
22
100
AcDbEntity
  8
F.Mask
  6
CONTINUOUS
100
AcDbLine
 10
6.4887131889763774
 20
-3.775035708661417
 30
0
 11
6.4821529527559054
 21
-3.775035708661417
 31
0
  0
LINE
  5
CF
330
22
100
AcDbEntity
  8
F.Mask
  6
CONTINUOUS
100
AcDbLine
 10
6.4821529527559054
 20
-3.775035708661417
 30
0
 11
6.4757188188976373
 21
-3.7737558661417321
 31
0
  0
LINE
  5
D0
330
22
100
AcDbEntity
  8
F.Mask
  6
CONTINUOUS
100
AcDbLine
 10
6.4757188188976373
 20
-3.7737558661417321
 30
0
 11
6.4696579921259838
 21
-3.7712453937007875
 31
0
  0
LINE
  5
D1
330
22
100
AcDbEntity
  8
F.Mask
  6
CONTINUOUS
100
AcDbLine
 10
6.4696579921259838
 20
-3.7712453937007875
 30
0
 11
6.4642033858267718
 21
-3.7676007480314961
 31
0
  0
LINE
  5
D2
330
22
100
AcDbEntity
  8
F.Mask
  6
CONTINUOUS
100
AcDbLine
 10
6.4642033858267718
 20
-3.7676007480314961
 30
0
 11
6.459564606299212
 21
-3.7629619685039368
 31
0
  0
LINE
  5
D3
330
22
100
AcDbEntity
  8
F.Mask
  6
CONTINUOUS
100
AcDbLine
 10
6.459564606299212
 20
-3.7629619685039368
 30
0
 11
6.4559199606299211
 21
-3.7575073622047244
 31
0
  0
LINE
  5
D4
330
22
100
AcDbEntity
  8
F.Mask
  6
CONTINUOUS
100
AcDbLine
 10
6.4559199606299211
 20
-3.7575073622047244
 30
0
 11
6.4534094881889761
 21
-3.7514465354330708
 31
0
  0
LINE
  5
D5
330
22
100
AcDbEntity
  8
F.Mask
  6
CONTINUOUS
100
AcDbLine
 10
6.4534094881889761
 20
-3.7514465354330708
 30
0
 11
6.4521296456692916
 21
-3.7450124015748032
 31
0
  0
LINE
  5
D6
330
22
100
AcDbEntity
  8
F.Mask
  6
CONTINUOUS
100
AcDbLine
 10
6.4521296456692916
 20
-3.7450124015748032
 30
0
 11
6.4521296456692916
 21
-3.7384521653543308
 31
0
  0
LINE
  5
D7
330
22
100
AcDbEntity
  8
F.Mask
  6
CONTINUOUS
100
AcDbLine
 10
6.4521296456692916
 20
-3.7384521653543308
 30
0
 11
6.4534094881889761
 21
-3.7320180314960627
 31
0
  0
LINE
  5
D8
330
22
100
AcDbEntity
  8
F.Mask
  6
CONTINUOUS
100
AcDbLine
 10
6.4534094881889761
 20
-3.7320180314960627
 30
0
 11
6.4559199606299211
 21
-3.7259572047244092
 31
0
  0
LINE
  5
D9
330
22
100
AcDbEntity
  8
F.Mask
  6
CONTINUOUS
100
AcDbLine
 10
6.4559199606299211
 20
-3.7259572047244092
 30
0
 11
6.459564606299212
 21
-3.7205025984251967
 31
0
  0
LINE
  5
DA
330
22
100
AcDbEntity
  8
F.Mask
  6
CONTINUOUS
100
AcDbLine
 10
6.459564606299212
 20
-3.7205025984251967
 30
0
 11
6.4642033858267718
 21
-3.7158638188976378
 31
0
  0
LINE
  5
DB
330
22
100
AcDbEntity
  8
F.Mask
  6
CONTINUOUS
100
AcDbLine
 10
6.4642033858267718
 20
-3.7158638188976378
 30
0
 11
6.4696579921259838
 21
-3.7122191732283465
 31
0
  0
LINE
  5
DC
330
22
100
AcDbEntity
  8
F.Mask
  6
CONTINUOUS
100
AcDbLine
 10
6.4696579921259838
 20
-3.7122191732283465
 30
0
 11
6.4757188188976373
 21
-3.7097087007874014
 31
0
  0
LINE
  5
DD
330
22
100
AcDbEntity
  8
F.Mask
  6
CONTINUOUS
100
AcDbLine
 10
6.4757188188976373
 20
-3.7097087007874014
 30
0
 11
6.4821529527559054
 21
-3.7084288582677165
 31
0
  0
LINE
  5
DE
330
22
100
AcDbEntity
  8
F.Mask
  6
CONTINUOUS
100
AcDbLine
 10
6.4821529527559054
 20
-3.7084288582677165
 30
0
 11
6.4887131889763774
 21
-3.7084288582677165
 31
0
  0
LINE
  5
DF
330
22
100
AcDbEntity
  8
F.Mask
  6
CONTINUOUS
100
AcDbLine
 10
6.4887131889763774
 20
-3.7084288582677165
 30
0
 11
6.4951473228346455
 21
-3.7097087007874014
 31
0
  0
LINE
  5
E0
330
22
100
AcDbEntity
  8
F.Mask
  6
CONTINUOUS
100
AcDbLine
 10
6.8951473228346458
 20
-3.7097087007874014
 30
0
 11
6.9012081496062994
 21
-3.7122191732283465
 31
0
  0
LINE
  5
E1
330
22
100
AcDbEntity
  8
F.Mask
  6
CONTINUOUS
100
AcDbLine
 10
6.9012081496062994
 20
-3.7122191732283465
 30
0
 11
6.9066627559055114
 21
-3.7158638188976378
 31
0
  0
LINE
  5
E2
330
22
100
AcDbEntity
  8
F.Mask
  6
CONTINUOUS
100
AcDbLine
 10
6.9066627559055114
 20
-3.7158638188976378
 30
0
 11
6.9113015354330711
 21
-3.7205025984251967
 31
0
  0
LINE
  5
E3
330
22
100
AcDbEntity
  8
F.Mask
  6
CONTINUOUS
100
AcDbLine
 10
6.9113015354330711
 20
-3.7205025984251967
 30
0
 11
6.914946181102362
 21
-3.7259572047244092
 31
0
  0
LINE
  5
E4
330
22
100
AcDbEntity
  8
F.Mask
  6
CONTINUOUS
100
AcDbLine
 10
6.914946181102362
 20
-3.7259572047244092
 30
0
 11
6.9174566535433071
 21
-3.7320180314960627
 31
0
  0
LINE
  5
E5
330
22
100
AcDbEntity
  8
F.Mask
  6
CONTINUOUS
100
AcDbLine
 10
6.9174566535433071
 20
-3.7320180314960627
 30
0
 11
6.9187364960629916
 21
-3.7384521653543308
 31
0
  0
LINE
  5
E6
330
22
100
AcDbEntity
  8
F.Mask
  6
CONTINUOUS
100
AcDbLine
 10
6.9187364960629916
 20
-3.7384521653543308
 30
0
 11
6.9187364960629916
 21
-3.7450124015748032
 31
0
  0
LINE
  5
E7
330
22
100
AcDbEntity
  8
F.Mask
  6
CONTINUOUS
100
AcDbLine
 10
6.9187364960629916
 20
-3.7450124015748032
 30
0
 11
6.9174566535433071
 21
-3.7514465354330708
 31
0
  0
LINE
  5
E8
330
22
100
AcDbEntity
  8
F.Mask
  6
CONTINUOUS
100
AcDbLine
 10
6.9174566535433071
 20
-3.7514465354330708
 30
0
 11
6.914946181102362
 21
-3.7575073622047244
 31
0
  0
LINE
  5
E9
330
22
100
AcDbEntity
  8
F.Mask
  6
CONTINUOUS
100
AcDbLine
 10
6.914946181102362
 20
-3.7575073622047244
 30
0
 11
6.9113015354330711
 21
-3.7629619685039368
 31
0
  0
LINE
  5
EA
330
22
100
AcDbEntity
  8
F.Mask
  6
CONTINUOUS
100
AcDbLine
 10
6.9113015354330711
 20
-3.7629619685039368
 30
0
 11
6.9066627559055114
 21
-3.7676007480314961
 31
0
  0
LINE
  5
EB
330
22
100
AcDbEntity
  8
F.Mask
  6
CONTINUOUS
100
AcDbLine
 10
6.9066627559055114
 20
-3.7676007480314961
 30
0
 11
6.9012081496062994
 21
-3.7712453937007875
 31
0
  0
LINE
  5
EC
330
22
100
AcDbEntity
  8
F.Mask
  6
CONTINUOUS
100
AcDbLine
 10
6.9012081496062994
 20
-3.7712453937007875
 30
0
 11
6.8951473228346458
 21
-3.7737558661417321
 31
0
  0
LINE
  5
ED
330
22
100
AcDbEntity
  8
F.Mask
  6
CONTINUOUS
100
AcDbLine
 10
6.8951473228346458
 20
-3.7737558661417321
 30
0
 11
6.8887131889763777
 21
-3.775035708661417
 31
0
  0
LINE
  5
EE
330
22
100
AcDbEntity
  8
F.Mask
  6
CONTINUOUS
100
AcDbLine
 10
6.8887131889763777
 20
-3.775035708661417
 30
0
 11
6.8821529527559058
 21
-3.775035708661417
 31
0
  0
LINE
  5
EF
330
22
100
AcDbEntity
  8
F.Mask
  6
CONTINUOUS
100
AcDbLine
 10
6.8821529527559058
 20
-3.775035708661417
 30
0
 11
6.8757188188976377
 21
-3.7737558661417321
 31
0
  0
LINE
  5
F0
330
22
100
AcDbEntity
  8
F.Mask
  6
CONTINUOUS
100
AcDbLine
 10
6.8757188188976377
 20
-3.7737558661417321
 30
0
 11
6.8696579921259842
 21
-3.7712453937007875
 31
0
  0
LINE
  5
F1
330
22
100
AcDbEntity
  8
F.Mask
  6
CONTINUOUS
100
AcDbLine
 10
6.8696579921259842
 20
-3.7712453937007875
 30
0
 11
6.8642033858267713
 21
-3.7676007480314961
 31
0
  0
LINE
  5
F2
330
22
100
AcDbEntity
  8
F.Mask
  6
CONTINUOUS
100
AcDbLine
 10
6.8642033858267713
 20
-3.7676007480314961
 30
0
 11
6.8595646062992124
 21
-3.7629619685039368
 31
0
  0
LINE
  5
F3
330
22
100
AcDbEntity
  8
F.Mask
  6
CONTINUOUS
100
AcDbLine
 10
6.8595646062992124
 20
-3.7629619685039368
 30
0
 11
6.8559199606299215
 21
-3.7575073622047244
 31
0
  0
LINE
  5
F4
330
22
100
AcDbEntity
  8
F.Mask
  6
CONTINUOUS
100
AcDbLine
 10
6.8559199606299215
 20
-3.7575073622047244
 30
0
 11
6.8534094881889764
 21
-3.7514465354330708
 31
0
  0
LINE
  5
F5
330
22
100
AcDbEntity
  8
F.Mask
  6
CONTINUOUS
100
AcDbLine
 10
6.8534094881889764
 20
-3.7514465354330708
 30
0
 11
6.8521296456692911
 21
-3.7450124015748032
 31
0
  0
LINE
  5
F6
330
22
100
AcDbEntity
  8
F.Mask
  6
CONTINUOUS
100
AcDbLine
 10
6.8521296456692911
 20
-3.7450124015748032
 30
0
 11
6.8521296456692911
 21
-3.7384521653543308
 31
0
  0
LINE
  5
F7
330
22
100
AcDbEntity
  8
F.Mask
  6
CONTINUOUS
100
AcDbLine
 10
6.8521296456692911
 20
-3.7384521653543308
 30
0
 11
6.8534094881889764
 21
-3.7320180314960627
 31
0
  0
LINE
  5
F8
330
22
100
AcDbEntity
  8
F.Mask
  6
CONTINUOUS
100
AcDbLine
 10
6.8534094881889764
 20
-3.7320180314960627
 30
0
 11
6.8559199606299215
 21
-3.7259572047244092
 31
0
  0
LINE
  5
F9
330
22
100
AcDbEntity
  8
F.Mask
  6
CONTINUOUS
100
AcDbLine
 10
6.8559199606299215
 20
-3.7259572047244092
 30
0
 11
6.8595646062992124
 21
-3.7205025984251967
 31
0
  0
LINE
  5
FA
330
22
100
AcDbEntity
  8
F.Mask
  6
CONTINUOUS
100
AcDbLine
 10
6.8595646062992124
 20
-3.7205025984251967
 30
0
 11
6.8642033858267713
 21
-3.7158638188976378
 31
0
  0
LINE
  5
FB
330
22
100
AcDbEntity
  8
F.Mask
  6
CONTINUOUS
100
AcDbLine
 10
6.8642033858267713
 20
-3.7158638188976378
 30
0
 11
6.8696579921259842
 21
-3.7122191732283465
 31
0
  0
LINE
  5
FC
330
22
100
AcDbEntity
  8
F.Mask
  6
CONTINUOUS
100
AcDbLine
 10
6.8696579921259842
 20
-3.7122191732283465
 30
0
 11
6.8757188188976377
 21
-3.7097087007874014
 31
0
  0
LINE
  5
FD
330
22
100
AcDbEntity
  8
F.Mask
  6
CONTINUOUS
100
AcDbLine
 10
6.8757188188976377
 20
-3.7097087007874014
 30
0
 11
6.8821529527559058
 21
-3.7084288582677165
 31
0
  0
LINE
  5
FE
330
22
100
AcDbEntity
  8
F.Mask
  6
CONTINUOUS
100
AcDbLine
 10
6.8821529527559058
 20
-3.7084288582677165
 30
0
 11
6.8887131889763777
 21
-3.7084288582677165
 31
0
  0
LINE
  5
FF
330
22
100
AcDbEntity
  8
F.Mask
  6
CONTINUOUS
100
AcDbLine
 10
6.8887131889763777
 20
-3.7084288582677165
 30
0
 11
6.8951473228346458
 21
-3.7097087007874014
 31
0
  0
LINE
  5
100
330
22
100
AcDbEntity
  8
F.Mask
  6
CONTINUOUS
100
AcDbLine
 10
5.7349111023622044
 20
-3.7081338976377953
 30
0
 11
5.7409719291338579
 21
-3.7106443700787399
 31
0
  0
LINE
  5
101
330
22
100
AcDbEntity
  8
F.Mask
  6
CONTINUOUS
100
AcDbLine
 10
5.7409719291338579
 20
-3.7106443700787399
 30
0
 11
5.7464265354330708
 21
-3.7142890157480313
 31
0
  0
LINE
  5
102
330
22
100
AcDbEntity
  8
F.Mask
  6
CONTINUOUS
100
AcDbLine
 10
5.7464265354330708
 20
-3.7142890157480313
 30
0
 11
5.7510653149606297
 21
-3.7189277952755906
 31
0
  0
LINE
  5
103
330
22
100
AcDbEntity
  8
F.Mask
  6
CONTINUOUS
100
AcDbLine
 10
5.7510653149606297
 20
-3.7189277952755906
 30
0
 11
5.7547099606299215
 21
-3.724382401574803
 31
0
  0
LINE
  5
104
330
22
100
AcDbEntity
  8
F.Mask
  6
CONTINUOUS
100
AcDbLine
 10
5.7547099606299215
 20
-3.724382401574803
 30
0
 11
5.7572204330708656
 21
-3.7304432283464566
 31
0
  0
LINE
  5
105
330
22
100
AcDbEntity
  8
F.Mask
  6
CONTINUOUS
100
AcDbLine
 10
5.7572204330708656
 20
-3.7304432283464566
 30
0
 11
5.758500275590551
 21
-3.7368773622047242
 31
0
  0
LINE
  5
106
330
22
100
AcDbEntity
  8
F.Mask
  6
CONTINUOUS
100
AcDbLine
 10
5.758500275590551
 20
-3.7368773622047242
 30
0
 11
5.758500275590551
 21
-3.7434375984251966
 31
0
  0
LINE
  5
107
330
22
100
AcDbEntity
  8
F.Mask
  6
CONTINUOUS
100
AcDbLine
 10
5.758500275590551
 20
-3.7434375984251966
 30
0
 11
5.7572204330708656
 21
-3.7498717322834643
 31
0
  0
LINE
  5
108
330
22
100
AcDbEntity
  8
F.Mask
  6
CONTINUOUS
100
AcDbLine
 10
5.7572204330708656
 20
-3.7498717322834643
 30
0
 11
5.7547099606299215
 21
-3.7559325590551178
 31
0
  0
LINE
  5
109
330
22
100
AcDbEntity
  8
F.Mask
  6
CONTINUOUS
100
AcDbLine
 10
5.7547099606299215
 20
-3.7559325590551178
 30
0
 11
5.7510653149606297
 21
-3.7613871653543307
 31
0
  0
LINE
  5
10A
330
22
100
AcDbEntity
  8
F.Mask
  6
CONTINUOUS
100
AcDbLine
 10
5.7510653149606297
 20
-3.7613871653543307
 30
0
 11
5.7464265354330708
 21
-3.7660259448818896
 31
0
  0
LINE
  5
10B
330
22
100
AcDbEntity
  8
F.Mask
  6
CONTINUOUS
100
AcDbLine
 10
5.7464265354330708
 20
-3.7660259448818896
 30
0
 11
5.7409719291338579
 21
-3.7696705905511809
 31
0
  0
LINE
  5
10C
330
22
100
AcDbEntity
  8
F.Mask
  6
CONTINUOUS
100
AcDbLine
 10
5.7409719291338579
 20
-3.7696705905511809
 30
0
 11
5.7349111023622044
 21
-3.772181062992126
 31
0
  0
LINE
  5
10D
330
22
100
AcDbEntity
  8
F.Mask
  6
CONTINUOUS
100
AcDbLine
 10
5.7349111023622044
 20
-3.772181062992126
 30
0
 11
5.7284769685039372
 21
-3.7734609055118109
 31
0
  0
LINE
  5
10E
330
22
100
AcDbEntity
  8
F.Mask
  6
CONTINUOUS
100
AcDbLine
 10
5.7284769685039372
 20
-3.7734609055118109
 30
0
 11
5.7219167322834643
 21
-3.7734609055118109
 31
0
  0
LINE
  5
10F
330
22
100
AcDbEntity
  8
F.Mask
  6
CONTINUOUS
100
AcDbLine
 10
5.7219167322834643
 20
-3.7734609055118109
 30
0
 11
5.7154825984251971
 21
-3.772181062992126
 31
0
  0
LINE
  5
110
330
22
100
AcDbEntity
  8
F.Mask
  6
CONTINUOUS
100
AcDbLine
 10
5.7154825984251971
 20
-3.772181062992126
 30
0
 11
5.7094217716535436
 21
-3.7696705905511809
 31
0
  0
LINE
  5
111
330
22
100
AcDbEntity
  8
F.Mask
  6
CONTINUOUS
100
AcDbLine
 10
5.7094217716535436
 20
-3.7696705905511809
 30
0
 11
5.7039671653543307
 21
-3.7660259448818896
 31
0
  0
LINE
  5
112
330
22
100
AcDbEntity
  8
F.Mask
  6
CONTINUOUS
100
AcDbLine
 10
5.7039671653543307
 20
-3.7660259448818896
 30
0
 11
5.6993283858267718
 21
-3.7613871653543307
 31
0
  0
LINE
  5
113
330
22
100
AcDbEntity
  8
F.Mask
  6
CONTINUOUS
100
AcDbLine
 10
5.6993283858267718
 20
-3.7613871653543307
 30
0
 11
5.69568374015748
 21
-3.7559325590551178
 31
0
  0
LINE
  5
114
330
22
100
AcDbEntity
  8
F.Mask
  6
CONTINUOUS
100
AcDbLine
 10
5.69568374015748
 20
-3.7559325590551178
 30
0
 11
5.693173267716535
 21
-3.7498717322834643
 31
0
  0
LINE
  5
115
330
22
100
AcDbEntity
  8
F.Mask
  6
CONTINUOUS
100
AcDbLine
 10
5.693173267716535
 20
-3.7498717322834643
 30
0
 11
5.6918934251968505
 21
-3.7434375984251966
 31
0
  0
LINE
  5
116
330
22
100
AcDbEntity
  8
F.Mask
  6
CONTINUOUS
100
AcDbLine
 10
5.6918934251968505
 20
-3.7434375984251966
 30
0
 11
5.6918934251968505
 21
-3.7368773622047242
 31
0
  0
LINE
  5
117
330
22
100
AcDbEntity
  8
F.Mask
  6
CONTINUOUS
100
AcDbLine
 10
5.6918934251968505
 20
-3.7368773622047242
 30
0
 11
5.693173267716535
 21
-3.7304432283464566
 31
0
  0
LINE
  5
118
330
22
100
AcDbEntity
  8
F.Mask
  6
CONTINUOUS
100
AcDbLine
 10
5.693173267716535
 20
-3.7304432283464566
 30
0
 11
5.69568374015748
 21
-3.724382401574803
 31
0
  0
LINE
  5
119
330
22
100
AcDbEntity
  8
F.Mask
  6
CONTINUOUS
100
AcDbLine
 10
5.69568374015748
 20
-3.724382401574803
 30
0
 11
5.6993283858267718
 21
-3.7189277952755906
 31
0
  0
LINE
  5
11A
330
22
100
AcDbEntity
  8
F.Mask
  6
CONTINUOUS
100
AcDbLine
 10
5.6993283858267718
 20
-3.7189277952755906
 30
0
 11
5.7039671653543307
 21
-3.7142890157480313
 31
0
  0
LINE
  5
11B
330
22
100
AcDbEntity
  8
F.Mask
  6
CONTINUOUS
100
AcDbLine
 10
5.7039671653543307
 20
-3.7142890157480313
 30
0
 11
5.7094217716535436
 21
-3.7106443700787399
 31
0
  0
LINE
  5
11C
330
22
100
AcDbEntity
  8
F.Mask
  6
CONTINUOUS
100
AcDbLine
 10
5.7094217716535436
 20
-3.7106443700787399
 30
0
 11
5.7154825984251971
 21
-3.7081338976377953
 31
0
  0
LINE
  5
11D
330
22
100
AcDbEntity
  8
F.Mask
  6
CONTINUOUS
100
AcDbLine
 10
5.7154825984251971
 20
-3.7081338976377953
 30
0
 11
5.7219167322834643
 21
-3.7068540551181099
 31
0
  0
LINE
  5
11E
330
22
100
AcDbEntity
  8
F.Mask
  6
CONTINUOUS
100
AcDbLine
 10
5.7219167322834643
 20
-3.7068540551181099
 30
0
 11
5.7284769685039372
 21
-3.7068540551181099
 31
0
  0
LINE
  5
11F
330
22
100
AcDbEntity
  8
F.Mask
  6
CONTINUOUS
100
AcDbLine
 10
5.7284769685039372
 20
-3.7068540551181099
 30
0
 11
5.7349111023622044
 21
-3.7081338976377953
 31
0
  0
LINE
  5
120
330
22
100
AcDbEntity
  8
F.Mask
  6
CONTINUOUS
100
AcDbLine
 10
6.1349111023622047
 20
-3.7081338976377953
 30
0
 11
6.1409719291338583
 21
-3.7106443700787399
 31
0
  0
LINE
  5
121
330
22
100
AcDbEntity
  8
F.Mask
  6
CONTINUOUS
100
AcDbLine
 10
6.1409719291338583
 20
-3.7106443700787399
 30
0
 11
6.1464265354330712
 21
-3.7142890157480313
 31
0
  0
LINE
  5
122
330
22
100
AcDbEntity
  8
F.Mask
  6
CONTINUOUS
100
AcDbLine
 10
6.1464265354330712
 20
-3.7142890157480313
 30
0
 11
6.15106531496063
 21
-3.7189277952755906
 31
0
  0
LINE
  5
123
330
22
100
AcDbEntity
  8
F.Mask
  6
CONTINUOUS
100
AcDbLine
 10
6.15106531496063
 20
-3.7189277952755906
 30
0
 11
6.1547099606299209
 21
-3.724382401574803
 31
0
  0
LINE
  5
124
330
22
100
AcDbEntity
  8
F.Mask
  6
CONTINUOUS
100
AcDbLine
 10
6.1547099606299209
 20
-3.724382401574803
 30
0
 11
6.157220433070866
 21
-3.7304432283464566
 31
0
  0
LINE
  5
125
330
22
100
AcDbEntity
  8
F.Mask
  6
CONTINUOUS
100
AcDbLine
 10
6.157220433070866
 20
-3.7304432283464566
 30
0
 11
6.1585002755905514
 21
-3.7368773622047242
 31
0
  0
LINE
  5
126
330
22
100
AcDbEntity
  8
F.Mask
  6
CONTINUOUS
100
AcDbLine
 10
6.1585002755905514
 20
-3.7368773622047242
 30
0
 11
6.1585002755905514
 21
-3.7434375984251966
 31
0
  0
LINE
  5
127
330
22
100
AcDbEntity
  8
F.Mask
  6
CONTINUOUS
100
AcDbLine
 10
6.1585002755905514
 20
-3.7434375984251966
 30
0
 11
6.157220433070866
 21
-3.7498717322834643
 31
0
  0
LINE
  5
128
330
22
100
AcDbEntity
  8
F.Mask
  6
CONTINUOUS
100
AcDbLine
 10
6.157220433070866
 20
-3.7498717322834643
 30
0
 11
6.1547099606299209
 21
-3.7559325590551178
 31
0
  0
LINE
  5
129
330
22
100
AcDbEntity
  8
F.Mask
  6
CONTINUOUS
100
AcDbLine
 10
6.1547099606299209
 20
-3.7559325590551178
 30
0
 11
6.15106531496063
 21
-3.7613871653543307
 31
0
  0
LINE
  5
12A
330
22
100
AcDbEntity
  8
F.Mask
  6
CONTINUOUS
100
AcDbLine
 10
6.15106531496063
 20
-3.7613871653543307
 30
0
 11
6.1464265354330712
 21
-3.7660259448818896
 31
0
  0
LINE
  5
12B
330
22
100
AcDbEntity
  8
F.Mask
  6
CONTINUOUS
100
AcDbLine
 10
6.1464265354330712
 20
-3.7660259448818896
 30
0
 11
6.1409719291338583
 21
-3.7696705905511809
 31
0
  0
LINE
  5
12C
330
22
100
AcDbEntity
  8
F.Mask
  6
CONTINUOUS
100
AcDbLine
 10
6.1409719291338583
 20
-3.7696705905511809
 30
0
 11
6.1349111023622047
 21
-3.772181062992126
 31
0
  0
LINE
  5
12D
330
22
100
AcDbEntity
  8
F.Mask
  6
CONTINUOUS
100
AcDbLine
 10
6.1349111023622047
 20
-3.772181062992126
 30
0
 11
6.1284769685039366
 21
-3.7734609055118109
 31
0
  0
LINE
  5
12E
330
22
100
AcDbEntity
  8
F.Mask
  6
CONTINUOUS
100
AcDbLine
 10
6.1284769685039366
 20
-3.7734609055118109
 30
0
 11
6.1219167322834647
 21
-3.7734609055118109
 31
0
  0
LINE
  5
12F
330
22
100
AcDbEntity
  8
F.Mask
  6
CONTINUOUS
100
AcDbLine
 10
6.1219167322834647
 20
-3.7734609055118109
 30
0
 11
6.1154825984251966
 21
-3.772181062992126
 31
0
  0
LINE
  5
130
330
22
100
AcDbEntity
  8
F.Mask
  6
CONTINUOUS
100
AcDbLine
 10
6.1154825984251966
 20
-3.772181062992126
 30
0
 11
6.1094217716535431
 21
-3.7696705905511809
 31
0
  0
LINE
  5
131
330
22
100
AcDbEntity
  8
F.Mask
  6
CONTINUOUS
100
AcDbLine
 10
6.1094217716535431
 20
-3.7696705905511809
 30
0
 11
6.1039671653543301
 21
-3.7660259448818896
 31
0
  0
LINE
  5
132
330
22
100
AcDbEntity
  8
F.Mask
  6
CONTINUOUS
100
AcDbLine
 10
6.1039671653543301
 20
-3.7660259448818896
 30
0
 11
6.0993283858267713
 21
-3.7613871653543307
 31
0
  0
LINE
  5
133
330
22
100
AcDbEntity
  8
F.Mask
  6
CONTINUOUS
100
AcDbLine
 10
6.0993283858267713
 20
-3.7613871653543307
 30
0
 11
6.0956837401574804
 21
-3.7559325590551178
 31
0
  0
LINE
  5
134
330
22
100
AcDbEntity
  8
F.Mask
  6
CONTINUOUS
100
AcDbLine
 10
6.0956837401574804
 20
-3.7559325590551178
 30
0
 11
6.0931732677165353
 21
-3.7498717322834643
 31
0
  0
LINE
  5
135
330
22
100
AcDbEntity
  8
F.Mask
  6
CONTINUOUS
100
AcDbLine
 10
6.0931732677165353
 20
-3.7498717322834643
 30
0
 11
6.09189342519685
 21
-3.7434375984251966
 31
0
  0
LINE
  5
136
330
22
100
AcDbEntity
  8
F.Mask
  6
CONTINUOUS
100
AcDbLine
 10
6.09189342519685
 20
-3.7434375984251966
 30
0
 11
6.09189342519685
 21
-3.7368773622047242
 31
0
  0
LINE
  5
137
330
22
100
AcDbEntity
  8
F.Mask
  6
CONTINUOUS
100
AcDbLine
 10
6.09189342519685
 20
-3.7368773622047242
 30
0
 11
6.0931732677165353
 21
-3.7304432283464566
 31
0
  0
LINE
  5
138
330
22
100
AcDbEntity
  8
F.Mask
  6
CONTINUOUS
100
AcDbLine
 10
6.0931732677165353
 20
-3.7304432283464566
 30
0
 11
6.0956837401574804
 21
-3.724382401574803
 31
0
  0
LINE
  5
139
330
22
100
AcDbEntity
  8
F.Mask
  6
CONTINUOUS
100
AcDbLine
 10
6.0956837401574804
 20
-3.724382401574803
 30
0
 11
6.0993283858267713
 21
-3.7189277952755906
 31
0
  0
LINE
  5
13A
330
22
100
AcDbEntity
  8
F.Mask
  6
CONTINUOUS
100
AcDbLine
 10
6.0993283858267713
 20
-3.7189277952755906
 30
0
 11
6.1039671653543301
 21
-3.7142890157480313
 31
0
  0
LINE
  5
13B
330
22
100
AcDbEntity
  8
F.Mask
  6
CONTINUOUS
100
AcDbLine
 10
6.1039671653543301
 20
-3.7142890157480313
 30
0
 11
6.1094217716535431
 21
-3.7106443700787399
 31
0
  0
LINE
  5
13C
330
22
100
AcDbEntity
  8
F.Mask
  6
CONTINUOUS
100
AcDbLine
 10
6.1094217716535431
 20
-3.7106443700787399
 30
0
 11
6.1154825984251966
 21
-3.7081338976377953
 31
0
  0
LINE
  5
13D
330
22
100
AcDbEntity
  8
F.Mask
  6
CONTINUOUS
100
AcDbLine
 10
6.1154825984251966
 20
-3.7081338976377953
 30
0
 11
6.1219167322834647
 21
-3.7068540551181099
 31
0
  0
LINE
  5
13E
330
22
100
AcDbEntity
  8
F.Mask
  6
CONTINUOUS
100
AcDbLine
 10
6.1219167322834647
 20
-3.7068540551181099
 30
0
 11
6.1284769685039366
 21
-3.7068540551181099
 31
0
  0
LINE
  5
13F
330
22
100
AcDbEntity
  8
F.Mask
  6
CONTINUOUS
100
AcDbLine
 10
6.1284769685039366
 20
-3.7068540551181099
 30
0
 11
6.1349111023622047
 21
-3.7081338976377953
 31
0
  0
LINE
  5
140
330
22
100
AcDbEntity
  8
F.Mask
  6
CONTINUOUS
100
AcDbLine
 10
7.2506591338582673
 20
-3.7081338976377953
 30
0
 11
7.2567199606299209
 21
-3.7106443700787399
 31
0
  0
LINE
  5
141
330
22
100
AcDbEntity
  8
F.Mask
  6
CONTINUOUS
100
AcDbLine
 10
7.2567199606299209
 20
-3.7106443700787399
 30
0
 11
7.2621745669291338
 21
-3.7142890157480313
 31
0
  0
LINE
  5
142
330
22
100
AcDbEntity
  8
F.Mask
  6
CONTINUOUS
100
AcDbLine
 10
7.2621745669291338
 20
-3.7142890157480313
 30
0
 11
7.2668133464566926
 21
-3.7189277952755906
 31
0
  0
LINE
  5
143
330
22
100
AcDbEntity
  8
F.Mask
  6
CONTINUOUS
100
AcDbLine
 10
7.2668133464566926
 20
-3.7189277952755906
 30
0
 11
7.2704579921259844
 21
-3.724382401574803
 31
0
  0
LINE
  5
144
330
22
100
AcDbEntity
  8
F.Mask
  6
CONTINUOUS
100
AcDbLine
 10
7.2704579921259844
 20
-3.724382401574803
 30
0
 11
7.2729684645669286
 21
-3.7304432283464566
 31
0
  0
LINE
  5
145
330
22
100
AcDbEntity
  8
F.Mask
  6
CONTINUOUS
100
AcDbLine
 10
7.2729684645669286
 20
-3.7304432283464566
 30
0
 11
7.274248307086614
 21
-3.7368773622047242
 31
0
  0
LINE
  5
146
330
22
100
AcDbEntity
  8
F.Mask
  6
CONTINUOUS
100
AcDbLine
 10
7.274248307086614
 20
-3.7368773622047242
 30
0
 11
7.274248307086614
 21
-3.7434375984251966
 31
0
  0
LINE
  5
147
330
22
100
AcDbEntity
  8
F.Mask
  6
CONTINUOUS
100
AcDbLine
 10
7.274248307086614
 20
-3.7434375984251966
 30
0
 11
7.2729684645669286
 21
-3.7498717322834643
 31
0
  0
LINE
  5
148
330
22
100
AcDbEntity
  8
F.Mask
  6
CONTINUOUS
100
AcDbLine
 10
7.2729684645669286
 20
-3.7498717322834643
 30
0
 11
7.2704579921259844
 21
-3.7559325590551178
 31
0
  0
LINE
  5
149
330
22
100
AcDbEntity
  8
F.Mask
  6
CONTINUOUS
100
AcDbLine
 10
7.2704579921259844
 20
-3.7559325590551178
 30
0
 11
7.2668133464566926
 21
-3.7613871653543307
 31
0
  0
LINE
  5
14A
330
22
100
AcDbEntity
  8
F.Mask
  6
CONTINUOUS
100
AcDbLine
 10
7.2668133464566926
 20
-3.7613871653543307
 30
0
 11
7.2621745669291338
 21
-3.7660259448818896
 31
0
  0
LINE
  5
14B
330
22
100
AcDbEntity
  8
F.Mask
  6
CONTINUOUS
100
AcDbLine
 10
7.2621745669291338
 20
-3.7660259448818896
 30
0
 11
7.2567199606299209
 21
-3.7696705905511809
 31
0
  0
LINE
  5
14C
330
22
100
AcDbEntity
  8
F.Mask
  6
CONTINUOUS
100
AcDbLine
 10
7.2567199606299209
 20
-3.7696705905511809
 30
0
 11
7.2506591338582673
 21
-3.772181062992126
 31
0
  0
LINE
  5
14D
330
22
100
AcDbEntity
  8
F.Mask
  6
CONTINUOUS
100
AcDbLine
 10
7.2506591338582673
 20
-3.772181062992126
 30
0
 11
7.2442250000000001
 21
-3.7734609055118109
 31
0
  0
LINE
  5
14E
330
22
100
AcDbEntity
  8
F.Mask
  6
CONTINUOUS
100
AcDbLine
 10
7.2442250000000001
 20
-3.7734609055118109
 30
0
 11
7.2376647637795273
 21
-3.7734609055118109
 31
0
  0
LINE
  5
14F
330
22
100
AcDbEntity
  8
F.Mask
  6
CONTINUOUS
100
AcDbLine
 10
7.2376647637795273
 20
-3.7734609055118109
 30
0
 11
7.2312306299212601
 21
-3.772181062992126
 31
0
  0
LINE
  5
150
330
22
100
AcDbEntity
  8
F.Mask
  6
CONTINUOUS
100
AcDbLine
 10
7.2312306299212601
 20
-3.772181062992126
 30
0
 11
7.2251698031496066
 21
-3.7696705905511809
 31
0
  0
LINE
  5
151
330
22
100
AcDbEntity
  8
F.Mask
  6
CONTINUOUS
100
AcDbLine
 10
7.2251698031496066
 20
-3.7696705905511809
 30
0
 11
7.2197151968503936
 21
-3.7660259448818896
 31
0
  0
LINE
  5
152
330
22
100
AcDbEntity
  8
F.Mask
  6
CONTINUOUS
100
AcDbLine
 10
7.2197151968503936
 20
-3.7660259448818896
 30
0
 11
7.2150764173228348
 21
-3.7613871653543307
 31
0
  0
LINE
  5
153
330
22
100
AcDbEntity
  8
F.Mask
  6
CONTINUOUS
100
AcDbLine
 10
7.2150764173228348
 20
-3.7613871653543307
 30
0
 11
7.211431771653543
 21
-3.7559325590551178
 31
0
  0
LINE
  5
154
330
22
100
AcDbEntity
  8
F.Mask
  6
CONTINUOUS
100
AcDbLine
 10
7.211431771653543
 20
-3.7559325590551178
 30
0
 11
7.2089212992125979
 21
-3.7498717322834643
 31
0
  0
LINE
  5
155
330
22
100
AcDbEntity
  8
F.Mask
  6
CONTINUOUS
100
AcDbLine
 10
7.2089212992125979
 20
-3.7498717322834643
 30
0
 11
7.2076414566929135
 21
-3.7434375984251966
 31
0
  0
LINE
  5
156
330
22
100
AcDbEntity
  8
F.Mask
  6
CONTINUOUS
100
AcDbLine
 10
7.2076414566929135
 20
-3.7434375984251966
 30
0
 11
7.2076414566929135
 21
-3.7368773622047242
 31
0
  0
LINE
  5
157
330
22
100
AcDbEntity
  8
F.Mask
  6
CONTINUOUS
100
AcDbLine
 10
7.2076414566929135
 20
-3.7368773622047242
 30
0
 11
7.2089212992125979
 21
-3.7304432283464566
 31
0
  0
LINE
  5
158
330
22
100
AcDbEntity
  8
F.Mask
  6
CONTINUOUS
100
AcDbLine
 10
7.2089212992125979
 20
-3.7304432283464566
 30
0
 11
7.211431771653543
 21
-3.724382401574803
 31
0
  0
LINE
  5
159
330
22
100
AcDbEntity
  8
F.Mask
  6
CONTINUOUS
100
AcDbLine
 10
7.211431771653543
 20
-3.724382401574803
 30
0
 11
7.2150764173228348
 21
-3.7189277952755906
 31
0
  0
LINE
  5
15A
330
22
100
AcDbEntity
  8
F.Mask
  6
CONTINUOUS
100
AcDbLine
 10
7.2150764173228348
 20
-3.7189277952755906
 30
0
 11
7.2197151968503936
 21
-3.7142890157480313
 31
0
  0
LINE
  5
15B
330
22
100
AcDbEntity
  8
F.Mask
  6
CONTINUOUS
100
AcDbLine
 10
7.2197151968503936
 20
-3.7142890157480313
 30
0
 11
7.2251698031496066
 21
-3.7106443700787399
 31
0
  0
LINE
  5
15C
330
22
100
AcDbEntity
  8
F.Mask
  6
CONTINUOUS
100
AcDbLine
 10
7.2251698031496066
 20
-3.7106443700787399
 30
0
 11
7.2312306299212601
 21
-3.7081338976377953
 31
0
  0
LINE
  5
15D
330
22
100
AcDbEntity
  8
F.Mask
  6
CONTINUOUS
100
AcDbLine
 10
7.2312306299212601
 20
-3.7081338976377953
 30
0
 11
7.2376647637795273
 21
-3.7068540551181099
 31
0
  0
LINE
  5
15E
330
22
100
AcDbEntity
  8
F.Mask
  6
CONTINUOUS
100
AcDbLine
 10
7.2376647637795273
 20
-3.7068540551181099
 30
0
 11
7.2442250000000001
 21
-3.7068540551181099
 31
0
  0
LINE
  5
15F
330
22
100
AcDbEntity
  8
F.Mask
  6
CONTINUOUS
100
AcDbLine
 10
7.2442250000000001
 20
-3.7068540551181099
 30
0
 11
7.2506591338582673
 21
-3.7081338976377953
 31
0
  0
LINE
  5
160
330
22
100
AcDbEntity
  8
F.Mask
  6
CONTINUOUS
100
AcDbLine
 10
7.6506591338582677
 20
-3.7081338976377953
 30
0
 11
7.6567199606299212
 21
-3.7106443700787399
 31
0
  0
LINE
  5
161
330
22
100
AcDbEntity
  8
F.Mask
  6
CONTINUOUS
100
AcDbLine
 10
7.6567199606299212
 20
-3.7106443700787399
 30
0
 11
7.6621745669291341
 21
-3.7142890157480313
 31
0
  0
LINE
  5
162
330
22
100
AcDbEntity
  8
F.Mask
  6
CONTINUOUS
100
AcDbLine
 10
7.6621745669291341
 20
-3.7142890157480313
 30
0
 11
7.666813346456693
 21
-3.7189277952755906
 31
0
  0
LINE
  5
163
330
22
100
AcDbEntity
  8
F.Mask
  6
CONTINUOUS
100
AcDbLine
 10
7.666813346456693
 20
-3.7189277952755906
 30
0
 11
7.6704579921259839
 21
-3.724382401574803
 31
0
  0
LINE
  5
164
330
22
100
AcDbEntity
  8
F.Mask
  6
CONTINUOUS
100
AcDbLine
 10
7.6704579921259839
 20
-3.724382401574803
 30
0
 11
7.6729684645669289
 21
-3.7304432283464566
 31
0
  0
LINE
  5
165
330
22
100
AcDbEntity
  8
F.Mask
  6
CONTINUOUS
100
AcDbLine
 10
7.6729684645669289
 20
-3.7304432283464566
 30
0
 11
7.6742483070866143
 21
-3.7368773622047242
 31
0
  0
LINE
  5
166
330
22
100
AcDbEntity
  8
F.Mask
  6
CONTINUOUS
100
AcDbLine
 10
7.6742483070866143
 20
-3.7368773622047242
 30
0
 11
7.6742483070866143
 21
-3.7434375984251966
 31
0
  0
LINE
  5
167
330
22
100
AcDbEntity
  8
F.Mask
  6
CONTINUOUS
100
AcDbLine
 10
7.6742483070866143
 20
-3.7434375984251966
 30
0
 11
7.6729684645669289
 21
-3.7498717322834643
 31
0
  0
LINE
  5
168
330
22
100
AcDbEntity
  8
F.Mask
  6
CONTINUOUS
100
AcDbLine
 10
7.6729684645669289
 20
-3.7498717322834643
 30
0
 11
7.6704579921259839
 21
-3.7559325590551178
 31
0
  0
LINE
  5
169
330
22
100
AcDbEntity
  8
F.Mask
  6
CONTINUOUS
100
AcDbLine
 10
7.6704579921259839
 20
-3.7559325590551178
 30
0
 11
7.666813346456693
 21
-3.7613871653543307
 31
0
  0
LINE
  5
16A
330
22
100
AcDbEntity
  8
F.Mask
  6
CONTINUOUS
100
AcDbLine
 10
7.666813346456693
 20
-3.7613871653543307
 30
0
 11
7.6621745669291341
 21
-3.7660259448818896
 31
0
  0
LINE
  5
16B
330
22
100
AcDbEntity
  8
F.Mask
  6
CONTINUOUS
100
AcDbLine
 10
7.6621745669291341
 20
-3.7660259448818896
 30
0
 11
7.6567199606299212
 21
-3.7696705905511809
 31
0
  0
LINE
  5
16C
330
22
100
AcDbEntity
  8
F.Mask
  6
CONTINUOUS
100
AcDbLine
 10
7.6567199606299212
 20
-3.7696705905511809
 30
0
 11
7.6506591338582677
 21
-3.772181062992126
 31
0
  0
LINE
  5
16D
330
22
100
AcDbEntity
  8
F.Mask
  6
CONTINUOUS
100
AcDbLine
 10
7.6506591338582677
 20
-3.772181062992126
 30
0
 11
7.6442249999999996
 21
-3.7734609055118109
 31
0
  0
LINE
  5
16E
330
22
100
AcDbEntity
  8
F.Mask
  6
CONTINUOUS
100
AcDbLine
 10
7.6442249999999996
 20
-3.7734609055118109
 30
0
 11
7.6376647637795276
 21
-3.7734609055118109
 31
0
  0
LINE
  5
16F
330
22
100
AcDbEntity
  8
F.Mask
  6
CONTINUOUS
100
AcDbLine
 10
7.6376647637795276
 20
-3.7734609055118109
 30
0
 11
7.6312306299212596
 21
-3.772181062992126
 31
0
  0
LINE
  5
170
330
22
100
AcDbEntity
  8
F.Mask
  6
CONTINUOUS
100
AcDbLine
 10
7.6312306299212596
 20
-3.772181062992126
 30
0
 11
7.625169803149606
 21
-3.7696705905511809
 31
0
  0
LINE
  5
171
330
22
100
AcDbEntity
  8
F.Mask
  6
CONTINUOUS
100
AcDbLine
 10
7.625169803149606
 20
-3.7696705905511809
 30
0
 11
7.6197151968503931
 21
-3.7660259448818896
 31
0
  0
LINE
  5
172
330
22
100
AcDbEntity
  8
F.Mask
  6
CONTINUOUS
100
AcDbLine
 10
7.6197151968503931
 20
-3.7660259448818896
 30
0
 11
7.6150764173228342
 21
-3.7613871653543307
 31
0
  0
LINE
  5
173
330
22
100
AcDbEntity
  8
F.Mask
  6
CONTINUOUS
100
AcDbLine
 10
7.6150764173228342
 20
-3.7613871653543307
 30
0
 11
7.6114317716535433
 21
-3.7559325590551178
 31
0
  0
LINE
  5
174
330
22
100
AcDbEntity
  8
F.Mask
  6
CONTINUOUS
100
AcDbLine
 10
7.6114317716535433
 20
-3.7559325590551178
 30
0
 11
7.6089212992125983
 21
-3.7498717322834643
 31
0
  0
LINE
  5
175
330
22
100
AcDbEntity
  8
F.Mask
  6
CONTINUOUS
100
AcDbLine
 10
7.6089212992125983
 20
-3.7498717322834643
 30
0
 11
7.6076414566929129
 21
-3.7434375984251966
 31
0
  0
LINE
  5
176
330
22
100
AcDbEntity
  8
F.Mask
  6
CONTINUOUS
100
AcDbLine
 10
7.6076414566929129
 20
-3.7434375984251966
 30
0
 11
7.6076414566929129
 21
-3.7368773622047242
 31
0
  0
LINE
  5
177
330
22
100
AcDbEntity
  8
F.Mask
  6
CONTINUOUS
100
AcDbLine
 10
7.6076414566929129
 20
-3.7368773622047242
 30
0
 11
7.6089212992125983
 21
-3.7304432283464566
 31
0
  0
LINE
  5
178
330
22
100
AcDbEntity
  8
F.Mask
  6
CONTINUOUS
100
AcDbLine
 10
7.6089212992125983
 20
-3.7304432283464566
 30
0
 11
7.6114317716535433
 21
-3.724382401574803
 31
0
  0
LINE
  5
179
330
22
100
AcDbEntity
  8
F.Mask
  6
CONTINUOUS
100
AcDbLine
 10
7.6114317716535433
 20
-3.724382401574803
 30
0
 11
7.6150764173228342
 21
-3.7189277952755906
 31
0
  0
LINE
  5
17A
330
22
100
AcDbEntity
  8
F.Mask
  6
CONTINUOUS
100
AcDbLine
 10
7.6150764173228342
 20
-3.7189277952755906
 30
0
 11
7.6197151968503931
 21
-3.7142890157480313
 31
0
  0
LINE
  5
17B
330
22
100
AcDbEntity
  8
F.Mask
  6
CONTINUOUS
100
AcDbLine
 10
7.6197151968503931
 20
-3.7142890157480313
 30
0
 11
7.625169803149606
 21
-3.7106443700787399
 31
0
  0
LINE
  5
17C
330
22
100
AcDbEntity
  8
F.Mask
  6
CONTINUOUS
100
AcDbLine
 10
7.625169803149606
 20
-3.7106443700787399
 30
0
 11
7.6312306299212596
 21
-3.7081338976377953
 31
0
  0
LINE
  5
17D
330
22
100
AcDbEntity
  8
F.Mask
  6
CONTINUOUS
100
AcDbLine
 10
7.6312306299212596
 20
-3.7081338976377953
 30
0
 11
7.6376647637795276
 21
-3.7068540551181099
 31
0
  0
LINE
  5
17E
330
22
100
AcDbEntity
  8
F.Mask
  6
CONTINUOUS
100
AcDbLine
 10
7.6376647637795276
 20
-3.7068540551181099
 30
0
 11
7.6442249999999996
 21
-3.7068540551181099
 31
0
  0
LINE
  5
17F
330
22
100
AcDbEntity
  8
F.Mask
  6
CONTINUOUS
100
AcDbLine
 10
7.6442249999999996
 20
-3.7068540551181099
 30
0
 11
7.6506591338582677
 21
-3.7081338976377953
 31
0
  0
LINE
  5
180
330
22
100
AcDbEntity
  8
F.Mask
  6
CONTINUOUS
100
AcDbLine
 10
4.9191594094488185
 20
-3.6468343700787402
 30
0
 11
4.9192574015748027
 21
-3.6468749606299213
 31
0
  0
LINE
  5
181
330
22
100
AcDbEntity
  8
F.Mask
  6
CONTINUOUS
100
AcDbLine
 10
4.9192574015748027
 20
-3.6468749606299213
 30
0
 11
4.919363228346457
 21
-3.6468824803149604
 31
0
  0
LINE
  5
182
330
22
100
AcDbEntity
  8
F.Mask
  6
CONTINUOUS
100
AcDbLine
 10
4.919363228346457
 20
-3.6468824803149604
 30
0
 11
4.9199038582677161
 21
-3.6470893700787399
 31
0
  0
LINE
  5
183
330
22
100
AcDbEntity
  8
F.Mask
  6
CONTINUOUS
100
AcDbLine
 10
4.9199038582677161
 20
-3.6470893700787399
 30
0
 11
4.9205534645669289
 21
-3.6474141732283463
 31
0
  0
LINE
  5
184
330
22
100
AcDbEntity
  8
F.Mask
  6
CONTINUOUS
100
AcDbLine
 10
4.9205534645669289
 20
-3.6474141732283463
 30
0
 11
4.9206924015748035
 21
-3.6472752755905513
 31
0
  0
LINE
  5
185
330
22
100
AcDbEntity
  8
F.Mask
  6
CONTINUOUS
100
AcDbLine
 10
4.9206924015748035
 20
-3.6472752755905513
 30
0
 11
4.9217568110236218
 21
-3.6468343700787402
 31
0
  0
LINE
  5
186
330
22
100
AcDbEntity
  8
F.Mask
  6
CONTINUOUS
100
AcDbLine
 10
4.9217568110236218
 20
-3.6468343700787402
 30
0
 11
4.9229089370078736
 21
-3.6468343700787402
 31
0
  0
LINE
  5
187
330
22
100
AcDbEntity
  8
F.Mask
  6
CONTINUOUS
100
AcDbLine
 10
4.9229089370078736
 20
-3.6468343700787402
 30
0
 11
4.9239733464566928
 21
-3.6472752755905513
 31
0
  0
LINE
  5
188
330
22
100
AcDbEntity
  8
F.Mask
  6
CONTINUOUS
100
AcDbLine
 10
4.9239733464566928
 20
-3.6472752755905513
 30
0
 11
4.9247879921259843
 21
-3.6480899212598423
 31
0
  0
LINE
  5
189
330
22
100
AcDbEntity
  8
F.Mask
  6
CONTINUOUS
100
AcDbLine
 10
4.9247879921259843
 20
-3.6480899212598423
 30
0
 11
4.9252288976377949
 21
-3.6491543307086611
 31
0
  0
LINE
  5
18A
330
22
100
AcDbEntity
  8
F.Mask
  6
CONTINUOUS
100
AcDbLine
 10
4.9252288976377949
 20
-3.6491543307086611
 30
0
 11
4.9252856299212597
 21
-3.6497303937007874
 31
0
  0
LINE
  5
18B
330
22
100
AcDbEntity
  8
F.Mask
  6
CONTINUOUS
100
AcDbLine
 10
4.9252856299212597
 20
-3.6497303937007874
 30
0
 11
4.9252856299212597
 21
-3.6816014173228346
 31
0
  0
LINE
  5
18C
330
22
100
AcDbEntity
  8
F.Mask
  6
CONTINUOUS
100
AcDbLine
 10
4.9252856299212597
 20
-3.6816014173228346
 30
0
 11
4.9252288976377949
 21
-3.6821774803149605
 31
0
  0
LINE
  5
18D
330
22
100
AcDbEntity
  8
F.Mask
  6
CONTINUOUS
100
AcDbLine
 10
4.9252288976377949
 20
-3.6821774803149605
 30
0
 11
4.9251883070866143
 21
-3.682275433070866
 31
0
  0
LINE
  5
18E
330
22
100
AcDbEntity
  8
F.Mask
  6
CONTINUOUS
100
AcDbLine
 10
4.9251883070866143
 20
-3.682275433070866
 30
0
 11
4.9251807874015743
 21
-3.6823813385826769
 31
0
  0
LINE
  5
18F
330
22
100
AcDbEntity
  8
F.Mask
  6
CONTINUOUS
100
AcDbLine
 10
4.9251807874015743
 20
-3.6823813385826769
 30
0
 11
4.9249738976377948
 21
-3.6829219291338582
 31
0
  0
LINE
  5
190
330
22
100
AcDbEntity
  8
F.Mask
  6
CONTINUOUS
100
AcDbLine
 10
4.9249738976377948
 20
-3.6829219291338582
 30
0
 11
4.9230991338582673
 21
-3.6866714566929133
 31
0
  0
LINE
  5
191
330
22
100
AcDbEntity
  8
F.Mask
  6
CONTINUOUS
100
AcDbLine
 10
4.9230991338582673
 20
-3.6866714566929133
 30
0
 11
4.9229430314960627
 21
-3.6869194488188977
 31
0
  0
LINE
  5
192
330
22
100
AcDbEntity
  8
F.Mask
  6
CONTINUOUS
100
AcDbLine
 10
4.9229430314960627
 20
-3.6869194488188977
 30
0
 11
4.9229132283464567
 21
-3.6869914173228344
 31
0
  0
LINE
  5
193
330
22
100
AcDbEntity
  8
F.Mask
  6
CONTINUOUS
100
AcDbLine
 10
4.9229132283464567
 20
-3.6869914173228344
 30
0
 11
4.9228467322834648
 21
-3.6870723622047241
 31
0
  0
LINE
  5
194
330
22
100
AcDbEntity
  8
F.Mask
  6
CONTINUOUS
100
AcDbLine
 10
4.9228467322834648
 20
-3.6870723622047241
 30
0
 11
4.9227907874015751
 21
-3.6871613385826771
 31
0
  0
LINE
  5
195
330
22
100
AcDbEntity
  8
F.Mask
  6
CONTINUOUS
100
AcDbLine
 10
4.9227907874015751
 20
-3.6871613385826771
 30
0
 11
4.9227317716535435
 21
-3.6872124803149604
 31
0
  0
LINE
  5
196
330
22
100
AcDbEntity
  8
F.Mask
  6
CONTINUOUS
100
AcDbLine
 10
4.9227317716535435
 20
-3.6872124803149604
 30
0
 11
4.9225460236220471
 21
-3.6874388582677167
 31
0
  0
LINE
  5
197
330
22
100
AcDbEntity
  8
F.Mask
  6
CONTINUOUS
100
AcDbLine
 10
4.9225460236220471
 20
-3.6874388582677167
 30
0
 11
4.9206712598425195
 21
-3.6893136220472442
 31
0
  0
LINE
  5
198
330
22
100
AcDbEntity
  8
F.Mask
  6
CONTINUOUS
100
AcDbLine
 10
4.9206712598425195
 20
-3.6893136220472442
 30
0
 11
4.9204448818897637
 21
-3.6894993700787402
 31
0
  0
LINE
  5
199
330
22
100
AcDbEntity
  8
F.Mask
  6
CONTINUOUS
100
AcDbLine
 10
4.9204448818897637
 20
-3.6894993700787402
 30
0
 11
4.92039374015748
 21
-3.6895583858267718
 31
0
  0
LINE
  5
19A
330
22
100
AcDbEntity
  8
F.Mask
  6
CONTINUOUS
100
AcDbLine
 10
4.92039374015748
 20
-3.6895583858267718
 30
0
 11
4.9203047637795274
 21
-3.6896143307086615
 31
0
  0
LINE
  5
19B
330
22
100
AcDbEntity
  8
F.Mask
  6
CONTINUOUS
100
AcDbLine
 10
4.9203047637795274
 20
-3.6896143307086615
 30
0
 11
4.9202238188976377
 21
-3.6896808267716534
 31
0
  0
LINE
  5
19C
330
22
100
AcDbEntity
  8
F.Mask
  6
CONTINUOUS
100
AcDbLine
 10
4.9202238188976377
 20
-3.6896808267716534
 30
0
 11
4.920151850393701
 21
-3.6897106299212599
 31
0
  0
LINE
  5
19D
330
22
100
AcDbEntity
  8
F.Mask
  6
CONTINUOUS
100
AcDbLine
 10
4.920151850393701
 20
-3.6897106299212599
 30
0
 11
4.9199038582677161
 21
-3.6898667322834644
 31
0
  0
LINE
  5
19E
330
22
100
AcDbEntity
  8
F.Mask
  6
CONTINUOUS
100
AcDbLine
 10
4.9199038582677161
 20
-3.6898667322834644
 30
0
 11
4.916154330708661
 21
-3.691741496062992
 31
0
  0
LINE
  5
19F
330
22
100
AcDbEntity
  8
F.Mask
  6
CONTINUOUS
100
AcDbLine
 10
4.916154330708661
 20
-3.691741496062992
 30
0
 11
4.9156137007874019
 21
-3.6919483858267714
 31
0
  0
LINE
  5
1A0
330
22
100
AcDbEntity
  8
F.Mask
  6
CONTINUOUS
100
AcDbLine
 10
4.9156137007874019
 20
-3.6919483858267714
 30
0
 11
4.9155078740157476
 21
-3.6919558661417322
 31
0
  0
LINE
  5
1A1
330
22
100
AcDbEntity
  8
F.Mask
  6
CONTINUOUS
100
AcDbLine
 10
4.9155078740157476
 20
-3.6919558661417322
 30
0
 11
4.9154098818897634
 21
-3.6919964960629921
 31
0
  0
LINE
  5
1A2
330
22
100
AcDbEntity
  8
F.Mask
  6
CONTINUOUS
100
AcDbLine
 10
4.9154098818897634
 20
-3.6919964960629921
 30
0
 11
4.9148338188976375
 21
-3.6920532283464564
 31
0
  0
LINE
  5
1A3
330
22
100
AcDbEntity
  8
F.Mask
  6
CONTINUOUS
100
AcDbLine
 10
4.9148338188976375
 20
-3.6920532283464564
 30
0
 11
4.9092095275590548
 21
-3.6920532283464564
 31
0
  0
LINE
  5
1A4
330
22
100
AcDbEntity
  8
F.Mask
  6
CONTINUOUS
100
AcDbLine
 10
4.9092095275590548
 20
-3.6920532283464564
 30
0
 11
4.908633464566929
 21
-3.6919964960629921
 31
0
  0
LINE
  5
1A5
330
22
100
AcDbEntity
  8
F.Mask
  6
CONTINUOUS
100
AcDbLine
 10
4.908633464566929
 20
-3.6919964960629921
 30
0
 11
4.9085354724409447
 21
-3.691955905511811
 31
0
  0
LINE
  5
1A6
330
22
100
AcDbEntity
  8
F.Mask
  6
CONTINUOUS
100
AcDbLine
 10
4.9085354724409447
 20
-3.691955905511811
 30
0
 11
4.9084296062992125
 21
-3.6919483858267714
 31
0
  0
LINE
  5
1A7
330
22
100
AcDbEntity
  8
F.Mask
  6
CONTINUOUS
100
AcDbLine
 10
4.9084296062992125
 20
-3.6919483858267714
 30
0
 11
4.9078890157480313
 21
-3.691741496062992
 31
0
  0
LINE
  5
1A8
330
22
100
AcDbEntity
  8
F.Mask
  6
CONTINUOUS
100
AcDbLine
 10
4.9078890157480313
 20
-3.691741496062992
 30
0
 11
4.9041394881889762
 21
-3.6898667322834644
 31
0
  0
LINE
  5
1A9
330
22
100
AcDbEntity
  8
F.Mask
  6
CONTINUOUS
100
AcDbLine
 10
4.9041394881889762
 20
-3.6898667322834644
 30
0
 11
4.9036496062992123
 21
-3.6895583858267718
 31
0
  0
LINE
  5
1AA
330
22
100
AcDbEntity
  8
F.Mask
  6
CONTINUOUS
100
AcDbLine
 10
4.9036496062992123
 20
-3.6895583858267718
 30
0
 11
4.9028947637795275
 21
-3.6886879921259843
 31
0
  0
LINE
  5
1AB
330
22
100
AcDbEntity
  8
F.Mask
  6
CONTINUOUS
100
AcDbLine
 10
4.9028947637795275
 20
-3.6886879921259843
 30
0
 11
4.9025304330708659
 21
-3.6875950393700787
 31
0
  0
LINE
  5
1AC
330
22
100
AcDbEntity
  8
F.Mask
  6
CONTINUOUS
100
AcDbLine
 10
4.9025304330708659
 20
-3.6875950393700787
 30
0
 11
4.9026120866141731
 21
-3.6864458267716533
 31
0
  0
LINE
  5
1AD
330
22
100
AcDbEntity
  8
F.Mask
  6
CONTINUOUS
100
AcDbLine
 10
4.9026120866141731
 20
-3.6864458267716533
 30
0
 11
4.9031273228346457
 21
-3.6854153149606299
 31
0
  0
LINE
  5
1AE
330
22
100
AcDbEntity
  8
F.Mask
  6
CONTINUOUS
100
AcDbLine
 10
4.9031273228346457
 20
-3.6854153149606299
 30
0
 11
4.9039977165354331
 21
-3.6846604724409446
 31
0
  0
LINE
  5
1AF
330
22
100
AcDbEntity
  8
F.Mask
  6
CONTINUOUS
100
AcDbLine
 10
4.9039977165354331
 20
-3.6846604724409446
 30
0
 11
4.9050906692913383
 21
-3.6842961417322835
 31
0
  0
LINE
  5
1B0
330
22
100
AcDbEntity
  8
F.Mask
  6
CONTINUOUS
100
AcDbLine
 10
4.9050906692913383
 20
-3.6842961417322835
 30
0
 11
4.9062398818897632
 21
-3.6843777952755903
 31
0
  0
LINE
  5
1B1
330
22
100
AcDbEntity
  8
F.Mask
  6
CONTINUOUS
100
AcDbLine
 10
4.9062398818897632
 20
-3.6843777952755903
 30
0
 11
4.9067805118110233
 21
-3.6845846850393702
 31
0
  0
LINE
  5
1B2
330
22
100
AcDbEntity
  8
F.Mask
  6
CONTINUOUS
100
AcDbLine
 10
4.9067805118110233
 20
-3.6845846850393702
 30
0
 11
4.9099065748031494
 21
-3.6861477165354328
 31
0
  0
LINE
  5
1B3
330
22
100
AcDbEntity
  8
F.Mask
  6
CONTINUOUS
100
AcDbLine
 10
4.9099065748031494
 20
-3.6861477165354328
 30
0
 11
4.9141367716535429
 21
-3.6861477165354328
 31
0
  0
LINE
  5
1B4
330
22
100
AcDbEntity
  8
F.Mask
  6
CONTINUOUS
100
AcDbLine
 10
4.9141367716535429
 20
-3.6861477165354328
 30
0
 11
4.9168342519685035
 21
-3.6847989763779525
 31
0
  0
LINE
  5
1B5
330
22
100
AcDbEntity
  8
F.Mask
  6
CONTINUOUS
100
AcDbLine
 10
4.9168342519685035
 20
-3.6847989763779525
 30
0
 11
4.9180313779527554
 21
-3.6836018503937007
 31
0
  0
LINE
  5
1B6
330
22
100
AcDbEntity
  8
F.Mask
  6
CONTINUOUS
100
AcDbLine
 10
4.9180313779527554
 20
-3.6836018503937007
 30
0
 11
4.9193801181102357
 21
-3.6809043700787401
 31
0
  0
LINE
  5
1B7
330
22
100
AcDbEntity
  8
F.Mask
  6
CONTINUOUS
100
AcDbLine
 10
4.9193801181102357
 20
-3.6809043700787401
 30
0
 11
4.9193801181102357
 21
-3.6788185433070866
 31
0
  0
LINE
  5
1B8
330
22
100
AcDbEntity
  8
F.Mask
  6
CONTINUOUS
100
AcDbLine
 10
4.9193801181102357
 20
-3.6788185433070866
 30
0
 11
4.919363228346457
 21
-3.6788250393700785
 31
0
  0
LINE
  5
1B9
330
22
100
AcDbEntity
  8
F.Mask
  6
CONTINUOUS
100
AcDbLine
 10
4.919363228346457
 20
-3.6788250393700785
 30
0
 11
4.9192574015748027
 21
-3.6788325196850393
 31
0
  0
LINE
  5
1BA
330
22
100
AcDbEntity
  8
F.Mask
  6
CONTINUOUS
100
AcDbLine
 10
4.9192574015748027
 20
-3.6788325196850393
 30
0
 11
4.9191594094488185
 21
-3.6788731496062992
 31
0
  0
LINE
  5
1BB
330
22
100
AcDbEntity
  8
F.Mask
  6
CONTINUOUS
100
AcDbLine
 10
4.9191594094488185
 20
-3.6788731496062992
 30
0
 11
4.9185833464566926
 21
-3.6789298818897636
 31
0
  0
LINE
  5
1BC
330
22
100
AcDbEntity
  8
F.Mask
  6
CONTINUOUS
100
AcDbLine
 10
4.9185833464566926
 20
-3.6789298818897636
 30
0
 11
4.9110842913385824
 21
-3.6789298818897636
 31
0
  0
LINE
  5
1BD
330
22
100
AcDbEntity
  8
F.Mask
  6
CONTINUOUS
100
AcDbLine
 10
4.9110842913385824
 20
-3.6789298818897636
 30
0
 11
4.9105082283464565
 21
-3.6788731496062992
 31
0
  0
LINE
  5
1BE
330
22
100
AcDbEntity
  8
F.Mask
  6
CONTINUOUS
100
AcDbLine
 10
4.9105082283464565
 20
-3.6788731496062992
 30
0
 11
4.9104102362204722
 21
-3.6788325590551181
 31
0
  0
LINE
  5
1BF
330
22
100
AcDbEntity
  8
F.Mask
  6
CONTINUOUS
100
AcDbLine
 10
4.9104102362204722
 20
-3.6788325590551181
 30
0
 11
4.9103043700787401
 21
-3.6788250393700785
 31
0
  0
LINE
  5
1C0
330
22
100
AcDbEntity
  8
F.Mask
  6
CONTINUOUS
100
AcDbLine
 10
4.9103043700787401
 20
-3.6788250393700785
 30
0
 11
4.9097637795275588
 21
-3.6786181496062991
 31
0
  0
LINE
  5
1C1
330
22
100
AcDbEntity
  8
F.Mask
  6
CONTINUOUS
100
AcDbLine
 10
4.9097637795275588
 20
-3.6786181496062991
 30
0
 11
4.9060142519685037
 21
-3.6767433858267715
 31
0
  0
LINE
  5
1C2
330
22
100
AcDbEntity
  8
F.Mask
  6
CONTINUOUS
100
AcDbLine
 10
4.9060142519685037
 20
-3.6767433858267715
 30
0
 11
4.905766220472441
 21
-3.676587283464567
 31
0
  0
LINE
  5
1C3
330
22
100
AcDbEntity
  8
F.Mask
  6
CONTINUOUS
100
AcDbLine
 10
4.905766220472441
 20
-3.676587283464567
 30
0
 11
4.9056942913385821
 21
-3.6765574803149605
 31
0
  0
LINE
  5
1C4
330
22
100
AcDbEntity
  8
F.Mask
  6
CONTINUOUS
100
AcDbLine
 10
4.9056942913385821
 20
-3.6765574803149605
 30
0
 11
4.9056133070866137
 21
-3.6764910236220469
 31
0
  0
LINE
  5
1C5
330
22
100
AcDbEntity
  8
F.Mask
  6
CONTINUOUS
100
AcDbLine
 10
4.9056133070866137
 20
-3.6764910236220469
 30
0
 11
4.9055243700787399
 21
-3.6764350393700789
 31
0
  0
LINE
  5
1C6
330
22
100
AcDbEntity
  8
F.Mask
  6
CONTINUOUS
100
AcDbLine
 10
4.9055243700787399
 20
-3.6764350393700789
 30
0
 11
4.9054731496062995
 21
-3.6763759842519685
 31
0
  0
LINE
  5
1C7
330
22
100
AcDbEntity
  8
F.Mask
  6
CONTINUOUS
100
AcDbLine
 10
4.9054731496062995
 20
-3.6763759842519685
 30
0
 11
4.9052468110236216
 21
-3.6761902362204721
 31
0
  0
LINE
  5
1C8
330
22
100
AcDbEntity
  8
F.Mask
  6
CONTINUOUS
100
AcDbLine
 10
4.9052468110236216
 20
-3.6761902362204721
 30
0
 11
4.903372047244094
 21
-3.6743154330708663
 31
0
  0
LINE
  5
1C9
330
22
100
AcDbEntity
  8
F.Mask
  6
CONTINUOUS
100
AcDbLine
 10
4.903372047244094
 20
-3.6743154330708663
 30
0
 11
4.9031862992125985
 21
-3.6740890944881888
 31
0
  0
LINE
  5
1CA
330
22
100
AcDbEntity
  8
F.Mask
  6
CONTINUOUS
100
AcDbLine
 10
4.9031862992125985
 20
-3.6740890944881888
 30
0
 11
4.9031273228346457
 21
-3.6740379527559055
 31
0
  0
LINE
  5
1CB
330
22
100
AcDbEntity
  8
F.Mask
  6
CONTINUOUS
100
AcDbLine
 10
4.9031273228346457
 20
-3.6740379527559055
 30
0
 11
4.9030713385826772
 21
-3.6739490157480312
 31
0
  0
LINE
  5
1CC
330
22
100
AcDbEntity
  8
F.Mask
  6
CONTINUOUS
100
AcDbLine
 10
4.9030713385826772
 20
-3.6739490157480312
 30
0
 11
4.9030048425196853
 21
-3.673867992125984
 31
0
  0
LINE
  5
1CD
330
22
100
AcDbEntity
  8
F.Mask
  6
CONTINUOUS
100
AcDbLine
 10
4.9030048425196853
 20
-3.673867992125984
 30
0
 11
4.9029749999999996
 21
-3.6737959448818898
 31
0
  0
LINE
  5
1CE
330
22
100
AcDbEntity
  8
F.Mask
  6
CONTINUOUS
100
AcDbLine
 10
4.9029749999999996
 20
-3.6737959448818898
 30
0
 11
4.9028189763779526
 21
-3.6735480708661417
 31
0
  0
LINE
  5
1CF
330
22
100
AcDbEntity
  8
F.Mask
  6
CONTINUOUS
100
AcDbLine
 10
4.9028189763779526
 20
-3.6735480708661417
 30
0
 11
4.9009442125984251
 21
-3.6697985433070865
 31
0
  0
LINE
  5
1D0
330
22
100
AcDbEntity
  8
F.Mask
  6
CONTINUOUS
100
AcDbLine
 10
4.9009442125984251
 20
-3.6697985433070865
 30
0
 11
4.9007373228346456
 21
-3.6692579133858265
 31
0
  0
LINE
  5
1D1
330
22
100
AcDbEntity
  8
F.Mask
  6
CONTINUOUS
100
AcDbLine
 10
4.9007373228346456
 20
-3.6692579133858265
 30
0
 11
4.9007298031496065
 21
-3.6691520866141731
 31
0
  0
LINE
  5
1D2
330
22
100
AcDbEntity
  8
F.Mask
  6
CONTINUOUS
100
AcDbLine
 10
4.9007298031496065
 20
-3.6691520866141731
 30
0
 11
4.9006892125984249
 21
-3.6690540944881889
 31
0
  0
LINE
  5
1D3
330
22
100
AcDbEntity
  8
F.Mask
  6
CONTINUOUS
100
AcDbLine
 10
4.9006892125984249
 20
-3.6690540944881889
 30
0
 11
4.9006324803149601
 21
-3.668478031496063
 31
0
  0
LINE
  5
1D4
330
22
100
AcDbEntity
  8
F.Mask
  6
CONTINUOUS
100
AcDbLine
 10
4.9006324803149601
 20
-3.668478031496063
 30
0
 11
4.9006324803149601
 21
-3.6572294488188977
 31
0
  0
LINE
  5
1D5
330
22
100
AcDbEntity
  8
F.Mask
  6
CONTINUOUS
100
AcDbLine
 10
4.9006324803149601
 20
-3.6572294488188977
 30
0
 11
4.9006892125984249
 21
-3.6566533858267714
 31
0
  0
LINE
  5
1D6
330
22
100
AcDbEntity
  8
F.Mask
  6
CONTINUOUS
100
AcDbLine
 10
4.9006892125984249
 20
-3.6566533858267714
 30
0
 11
4.9007298031496065
 21
-3.6565553543307088
 31
0
  0
LINE
  5
1D7
330
22
100
AcDbEntity
  8
F.Mask
  6
CONTINUOUS
100
AcDbLine
 10
4.9007298031496065
 20
-3.6565553543307088
 30
0
 11
4.9007373228346456
 21
-3.6564495669291337
 31
0
  0
LINE
  5
1D8
330
22
100
AcDbEntity
  8
F.Mask
  6
CONTINUOUS
100
AcDbLine
 10
4.9007373228346456
 20
-3.6564495669291337
 30
0
 11
4.9009442125984251
 21
-3.6559089370078741
 31
0
  0
LINE
  5
1D9
330
22
100
AcDbEntity
  8
F.Mask
  6
CONTINUOUS
100
AcDbLine
 10
4.9009442125984251
 20
-3.6559089370078741
 30
0
 11
4.9028189763779526
 21
-3.652159409448819
 31
0
  0
LINE
  5
1DA
330
22
100
AcDbEntity
  8
F.Mask
  6
CONTINUOUS
100
AcDbLine
 10
4.9028189763779526
 20
-3.652159409448819
 30
0
 11
4.9029750393700784
 21
-3.6519113779527559
 31
0
  0
LINE
  5
1DB
330
22
100
AcDbEntity
  8
F.Mask
  6
CONTINUOUS
100
AcDbLine
 10
4.9029750393700784
 20
-3.6519113779527559
 30
0
 11
4.903004881889764
 21
-3.6518394488188974
 31
0
  0
LINE
  5
1DC
330
22
100
AcDbEntity
  8
F.Mask
  6
CONTINUOUS
100
AcDbLine
 10
4.903004881889764
 20
-3.6518394488188974
 30
0
 11
4.9030713385826772
 21
-3.651758464566929
 31
0
  0
LINE
  5
1DD
330
22
100
AcDbEntity
  8
F.Mask
  6
CONTINUOUS
100
AcDbLine
 10
4.9030713385826772
 20
-3.651758464566929
 30
0
 11
4.9031273228346457
 21
-3.6516695275590552
 31
0
  0
LINE
  5
1DE
330
22
100
AcDbEntity
  8
F.Mask
  6
CONTINUOUS
100
AcDbLine
 10
4.9031273228346457
 20
-3.6516695275590552
 30
0
 11
4.9031862992125985
 21
-3.6516183464566927
 31
0
  0
LINE
  5
1DF
330
22
100
AcDbEntity
  8
F.Mask
  6
CONTINUOUS
100
AcDbLine
 10
4.9031862992125985
 20
-3.6516183464566927
 30
0
 11
4.9033720866141728
 21
-3.6513920078740156
 31
0
  0
LINE
  5
1E0
330
22
100
AcDbEntity
  8
F.Mask
  6
CONTINUOUS
100
AcDbLine
 10
4.9033720866141728
 20
-3.6513920078740156
 30
0
 11
4.9052468503937003
 21
-3.6495172440944881
 31
0
  0
LINE
  5
1E1
330
22
100
AcDbEntity
  8
F.Mask
  6
CONTINUOUS
100
AcDbLine
 10
4.9052468503937003
 20
-3.6495172440944881
 30
0
 11
4.9054731889763774
 21
-3.6493314566929134
 31
0
  0
LINE
  5
1E2
330
22
100
AcDbEntity
  8
F.Mask
  6
CONTINUOUS
100
AcDbLine
 10
4.9054731889763774
 20
-3.6493314566929134
 30
0
 11
4.9055243700787399
 21
-3.6492724803149605
 31
0
  0
LINE
  5
1E3
330
22
100
AcDbEntity
  8
F.Mask
  6
CONTINUOUS
100
AcDbLine
 10
4.9055243700787399
 20
-3.6492724803149605
 30
0
 11
4.9056133070866137
 21
-3.649216496062992
 31
0
  0
LINE
  5
1E4
330
22
100
AcDbEntity
  8
F.Mask
  6
CONTINUOUS
100
AcDbLine
 10
4.9056133070866137
 20
-3.649216496062992
 30
0
 11
4.9056942913385821
 21
-3.6491500393700789
 31
0
  0
LINE
  5
1E5
330
22
100
AcDbEntity
  8
F.Mask
  6
CONTINUOUS
100
AcDbLine
 10
4.9056942913385821
 20
-3.6491500393700789
 30
0
 11
4.905766220472441
 21
-3.6491201968503937
 31
0
  0
LINE
  5
1E6
330
22
100
AcDbEntity
  8
F.Mask
  6
CONTINUOUS
100
AcDbLine
 10
4.905766220472441
 20
-3.6491201968503937
 30
0
 11
4.9060142519685037
 21
-3.6489641338582675
 31
0
  0
LINE
  5
1E7
330
22
100
AcDbEntity
  8
F.Mask
  6
CONTINUOUS
100
AcDbLine
 10
4.9060142519685037
 20
-3.6489641338582675
 30
0
 11
4.9097637795275588
 21
-3.6470893700787399
 31
0
  0
LINE
  5
1E8
330
22
100
AcDbEntity
  8
F.Mask
  6
CONTINUOUS
100
AcDbLine
 10
4.9097637795275588
 20
-3.6470893700787399
 30
0
 11
4.9103043700787401
 21
-3.6468824803149604
 31
0
  0
LINE
  5
1E9
330
22
100
AcDbEntity
  8
F.Mask
  6
CONTINUOUS
100
AcDbLine
 10
4.9103043700787401
 20
-3.6468824803149604
 30
0
 11
4.9104102362204722
 21
-3.6468749212598426
 31
0
  0
LINE
  5
1EA
330
22
100
AcDbEntity
  8
F.Mask
  6
CONTINUOUS
100
AcDbLine
 10
4.9104102362204722
 20
-3.6468749212598426
 30
0
 11
4.9105082283464565
 21
-3.6468343700787402
 31
0
  0
LINE
  5
1EB
330
22
100
AcDbEntity
  8
F.Mask
  6
CONTINUOUS
100
AcDbLine
 10
4.9105082283464565
 20
-3.6468343700787402
 30
0
 11
4.9110842913385824
 21
-3.6467776377952754
 31
0
  0
LINE
  5
1EC
330
22
100
AcDbEntity
  8
F.Mask
  6
CONTINUOUS
100
AcDbLine
 10
4.9110842913385824
 20
-3.6467776377952754
 30
0
 11
4.9185833464566926
 21
-3.6467776377952754
 31
0
  0
LINE
  5
1ED
330
22
100
AcDbEntity
  8
F.Mask
  6
CONTINUOUS
100
AcDbLine
 10
4.9185833464566926
 20
-3.6467776377952754
 30
0
 11
4.9191594094488185
 21
-3.6468343700787402
 31
0
  0
LINE
  5
1EE
330
22
100
AcDbEntity
  8
F.Mask
  6
CONTINUOUS
100
AcDbLine
 10
4.9090838582677163
 20
-3.6540318897637794
 30
0
 11
4.9078867322834645
 21
-3.6552290157480316
 31
0
  0
LINE
  5
1EF
330
22
100
AcDbEntity
  8
F.Mask
  6
CONTINUOUS
100
AcDbLine
 10
4.9078867322834645
 20
-3.6552290157480316
 30
0
 11
4.9065379921259842
 21
-3.6579264960629922
 31
0
  0
LINE
  5
1F0
330
22
100
AcDbEntity
  8
F.Mask
  6
CONTINUOUS
100
AcDbLine
 10
4.9065379921259842
 20
-3.6579264960629922
 30
0
 11
4.9065379921259842
 21
-3.6677809842519684
 31
0
  0
LINE
  5
1F1
330
22
100
AcDbEntity
  8
F.Mask
  6
CONTINUOUS
100
AcDbLine
 10
4.9065379921259842
 20
-3.6677809842519684
 30
0
 11
4.9078867322834645
 21
-3.6704784645669291
 31
0
  0
LINE
  5
1F2
330
22
100
AcDbEntity
  8
F.Mask
  6
CONTINUOUS
100
AcDbLine
 10
4.9078867322834645
 20
-3.6704784645669291
 30
0
 11
4.9090838582677163
 21
-3.6716756299212596
 31
0
  0
LINE
  5
1F3
330
22
100
AcDbEntity
  8
F.Mask
  6
CONTINUOUS
100
AcDbLine
 10
4.9090838582677163
 20
-3.6716756299212596
 30
0
 11
4.911781338582677
 21
-3.6730243700787399
 31
0
  0
LINE
  5
1F4
330
22
100
AcDbEntity
  8
F.Mask
  6
CONTINUOUS
100
AcDbLine
 10
4.911781338582677
 20
-3.6730243700787399
 30
0
 11
4.917886299212598
 21
-3.6730243700787399
 31
0
  0
LINE
  5
1F5
330
22
100
AcDbEntity
  8
F.Mask
  6
CONTINUOUS
100
AcDbLine
 10
4.917886299212598
 20
-3.6730243700787399
 30
0
 11
4.9193801181102357
 21
-3.6722774409448817
 31
0
  0
LINE
  5
1F6
330
22
100
AcDbEntity
  8
F.Mask
  6
CONTINUOUS
100
AcDbLine
 10
4.9193801181102357
 20
-3.6722774409448817
 30
0
 11
4.9193801181102357
 21
-3.6534300393700785
 31
0
  0
LINE
  5
1F7
330
22
100
AcDbEntity
  8
F.Mask
  6
CONTINUOUS
100
AcDbLine
 10
4.9193801181102357
 20
-3.6534300393700785
 30
0
 11
4.917886299212598
 21
-3.652683149606299
 31
0
  0
LINE
  5
1F8
330
22
100
AcDbEntity
  8
F.Mask
  6
CONTINUOUS
100
AcDbLine
 10
4.917886299212598
 20
-3.652683149606299
 30
0
 11
4.911781338582677
 21
-3.652683149606299
 31
0
  0
LINE
  5
1F9
330
22
100
AcDbEntity
  8
F.Mask
  6
CONTINUOUS
100
AcDbLine
 10
4.911781338582677
 20
-3.652683149606299
 30
0
 11
4.9090838582677163
 21
-3.6540318897637794
 31
0
  0
LINE
  5
1FA
330
22
100
AcDbEntity
  8
F.Mask
  6
CONTINUOUS
100
AcDbLine
 10
6.5455429133858267
 20
-3.5996217716535432
 30
0
 11
6.5520059842519682
 21
-3.6017217716535432
 31
0
  0
LINE
  5
1FB
330
22
100
AcDbEntity
  8
F.Mask
  6
CONTINUOUS
100
AcDbLine
 10
6.5520059842519682
 20
-3.6017217716535432
 30
0
 11
6.5580609448818894
 21
-3.6048069291338583
 31
0
  0
LINE
  5
1FC
330
22
100
AcDbEntity
  8
F.Mask
  6
CONTINUOUS
100
AcDbLine
 10
6.5580609448818894
 20
-3.6048069291338583
 30
0
 11
6.5635587795275585
 21
-3.6088012992125984
 31
0
  0
LINE
  5
1FD
330
22
100
AcDbEntity
  8
F.Mask
  6
CONTINUOUS
100
AcDbLine
 10
6.5635587795275585
 20
-3.6088012992125984
 30
0
 11
6.5683640551181099
 21
-3.6136065748031494
 31
0
  0
LINE
  5
1FE
330
22
100
AcDbEntity
  8
F.Mask
  6
CONTINUOUS
100
AcDbLine
 10
6.5683640551181099
 20
-3.6136065748031494
 30
0
 11
6.5723584251968505
 21
-3.6191044094488189
 31
0
  0
LINE
  5
1FF
330
22
100
AcDbEntity
  8
F.Mask
  6
CONTINUOUS
100
AcDbLine
 10
6.5723584251968505
 20
-3.6191044094488189
 30
0
 11
6.5754435826771651
 21
-3.6251593700787401
 31
0
  0
LINE
  5
200
330
22
100
AcDbEntity
  8
F.Mask
  6
CONTINUOUS
100
AcDbLine
 10
6.5754435826771651
 20
-3.6251593700787401
 30
0
 11
6.5775435826771655
 21
-3.6316224409448816
 31
0
  0
LINE
  5
201
330
22
100
AcDbEntity
  8
F.Mask
  6
CONTINUOUS
100
AcDbLine
 10
6.5775435826771655
 20
-3.6316224409448816
 30
0
 11
6.5786066535433072
 21
-3.6383344488188976
 31
0
  0
LINE
  5
202
330
22
100
AcDbEntity
  8
F.Mask
  6
CONTINUOUS
100
AcDbLine
 10
6.5786066535433072
 20
-3.6383344488188976
 30
0
 11
6.5786066535433072
 21
-3.6451301181102362
 31
0
  0
LINE
  5
203
330
22
100
AcDbEntity
  8
F.Mask
  6
CONTINUOUS
100
AcDbLine
 10
6.5786066535433072
 20
-3.6451301181102362
 30
0
 11
6.5775435826771655
 21
-3.6518421259842517
 31
0
  0
LINE
  5
204
330
22
100
AcDbEntity
  8
F.Mask
  6
CONTINUOUS
100
AcDbLine
 10
6.5775435826771655
 20
-3.6518421259842517
 30
0
 11
6.5754435826771651
 21
-3.6583051968503937
 31
0
  0
LINE
  5
205
330
22
100
AcDbEntity
  8
F.Mask
  6
CONTINUOUS
100
AcDbLine
 10
6.5754435826771651
 20
-3.6583051968503937
 30
0
 11
6.5723584251968505
 21
-3.6643601574803149
 31
0
  0
LINE
  5
206
330
22
100
AcDbEntity
  8
F.Mask
  6
CONTINUOUS
100
AcDbLine
 10
6.5723584251968505
 20
-3.6643601574803149
 30
0
 11
6.5683640551181099
 21
-3.669857992125984
 31
0
  0
LINE
  5
207
330
22
100
AcDbEntity
  8
F.Mask
  6
CONTINUOUS
100
AcDbLine
 10
6.5683640551181099
 20
-3.669857992125984
 30
0
 11
6.5635587795275585
 21
-3.6746632677165354
 31
0
  0
LINE
  5
208
330
22
100
AcDbEntity
  8
F.Mask
  6
CONTINUOUS
100
AcDbLine
 10
6.5635587795275585
 20
-3.6746632677165354
 30
0
 11
6.5580609448818894
 21
-3.6786576377952755
 31
0
  0
LINE
  5
209
330
22
100
AcDbEntity
  8
F.Mask
  6
CONTINUOUS
100
AcDbLine
 10
6.5580609448818894
 20
-3.6786576377952755
 30
0
 11
6.5520059842519682
 21
-3.6817427952755906
 31
0
  0
LINE
  5
20A
330
22
100
AcDbEntity
  8
F.Mask
  6
CONTINUOUS
100
AcDbLine
 10
6.5520059842519682
 20
-3.6817427952755906
 30
0
 11
6.5455429133858267
 21
-3.6838427952755906
 31
0
  0
LINE
  5
20B
330
22
100
AcDbEntity
  8
F.Mask
  6
CONTINUOUS
100
AcDbLine
 10
6.5455429133858267
 20
-3.6838427952755906
 30
0
 11
6.5388309055118112
 21
-3.6849058661417322
 31
0
  0
LINE
  5
20C
330
22
100
AcDbEntity
  8
F.Mask
  6
CONTINUOUS
100
AcDbLine
 10
6.5388309055118112
 20
-3.6849058661417322
 30
0
 11
6.5320352362204721
 21
-3.6849058661417322
 31
0
  0
LINE
  5
20D
330
22
100
AcDbEntity
  8
F.Mask
  6
CONTINUOUS
100
AcDbLine
 10
6.5320352362204721
 20
-3.6849058661417322
 30
0
 11
6.5253232283464566
 21
-3.6838427952755906
 31
0
  0
LINE
  5
20E
330
22
100
AcDbEntity
  8
F.Mask
  6
CONTINUOUS
100
AcDbLine
 10
6.5253232283464566
 20
-3.6838427952755906
 30
0
 11
6.5188601574803151
 21
-3.6817427952755906
 31
0
  0
LINE
  5
20F
330
22
100
AcDbEntity
  8
F.Mask
  6
CONTINUOUS
100
AcDbLine
 10
6.5188601574803151
 20
-3.6817427952755906
 30
0
 11
6.5128051968503939
 21
-3.6786576377952755
 31
0
  0
LINE
  5
210
330
22
100
AcDbEntity
  8
F.Mask
  6
CONTINUOUS
100
AcDbLine
 10
6.5128051968503939
 20
-3.6786576377952755
 30
0
 11
6.5073073622047239
 21
-3.6746632677165354
 31
0
  0
LINE
  5
211
330
22
100
AcDbEntity
  8
F.Mask
  6
CONTINUOUS
100
AcDbLine
 10
6.5073073622047239
 20
-3.6746632677165354
 30
0
 11
6.5025020866141734
 21
-3.669857992125984
 31
0
  0
LINE
  5
212
330
22
100
AcDbEntity
  8
F.Mask
  6
CONTINUOUS
100
AcDbLine
 10
6.5025020866141734
 20
-3.669857992125984
 30
0
 11
6.4985077165354328
 21
-3.6643601574803149
 31
0
  0
LINE
  5
213
330
22
100
AcDbEntity
  8
F.Mask
  6
CONTINUOUS
100
AcDbLine
 10
6.4985077165354328
 20
-3.6643601574803149
 30
0
 11
6.4954225590551182
 21
-3.6583051968503937
 31
0
  0
LINE
  5
214
330
22
100
AcDbEntity
  8
F.Mask
  6
CONTINUOUS
100
AcDbLine
 10
6.4954225590551182
 20
-3.6583051968503937
 30
0
 11
6.4933225590551178
 21
-3.6518421259842517
 31
0
  0
LINE
  5
215
330
22
100
AcDbEntity
  8
F.Mask
  6
CONTINUOUS
100
AcDbLine
 10
6.4933225590551178
 20
-3.6518421259842517
 30
0
 11
6.4922594881889761
 21
-3.6451301181102362
 31
0
  0
LINE
  5
216
330
22
100
AcDbEntity
  8
F.Mask
  6
CONTINUOUS
100
AcDbLine
 10
6.4922594881889761
 20
-3.6451301181102362
 30
0
 11
6.4922594881889761
 21
-3.6383344488188976
 31
0
  0
LINE
  5
217
330
22
100
AcDbEntity
  8
F.Mask
  6
CONTINUOUS
100
AcDbLine
 10
6.4922594881889761
 20
-3.6383344488188976
 30
0
 11
6.4933225590551178
 21
-3.6316224409448816
 31
0
  0
LINE
  5
218
330
22
100
AcDbEntity
  8
F.Mask
  6
CONTINUOUS
100
AcDbLine
 10
6.4933225590551178
 20
-3.6316224409448816
 30
0
 11
6.4954225590551182
 21
-3.6251593700787401
 31
0
  0
LINE
  5
219
330
22
100
AcDbEntity
  8
F.Mask
  6
CONTINUOUS
100
AcDbLine
 10
6.4954225590551182
 20
-3.6251593700787401
 30
0
 11
6.4985077165354328
 21
-3.6191044094488189
 31
0
  0
LINE
  5
21A
330
22
100
AcDbEntity
  8
F.Mask
  6
CONTINUOUS
100
AcDbLine
 10
6.4985077165354328
 20
-3.6191044094488189
 30
0
 11
6.5025020866141734
 21
-3.6136065748031494
 31
0
  0
LINE
  5
21B
330
22
100
AcDbEntity
  8
F.Mask
  6
CONTINUOUS
100
AcDbLine
 10
6.5025020866141734
 20
-3.6136065748031494
 30
0
 11
6.5073073622047239
 21
-3.6088012992125984
 31
0
  0
LINE
  5
21C
330
22
100
AcDbEntity
  8
F.Mask
  6
CONTINUOUS
100
AcDbLine
 10
6.5073073622047239
 20
-3.6088012992125984
 30
0
 11
6.5128051968503939
 21
-3.6048069291338583
 31
0
  0
LINE
  5
21D
330
22
100
AcDbEntity
  8
F.Mask
  6
CONTINUOUS
100
AcDbLine
 10
6.5128051968503939
 20
-3.6048069291338583
 30
0
 11
6.5188601574803151
 21
-3.6017217716535432
 31
0
  0
LINE
  5
21E
330
22
100
AcDbEntity
  8
F.Mask
  6
CONTINUOUS
100
AcDbLine
 10
6.5188601574803151
 20
-3.6017217716535432
 30
0
 11
6.5253232283464566
 21
-3.5996217716535432
 31
0
  0
LINE
  5
21F
330
22
100
AcDbEntity
  8
F.Mask
  6
CONTINUOUS
100
AcDbLine
 10
6.5253232283464566
 20
-3.5996217716535432
 30
0
 11
6.5320352362204721
 21
-3.5985587007874016
 31
0
  0
LINE
  5
220
330
22
100
AcDbEntity
  8
F.Mask
  6
CONTINUOUS
100
AcDbLine
 10
6.5320352362204721
 20
-3.5985587007874016
 30
0
 11
6.5388309055118112
 21
-3.5985587007874016
 31
0
  0
LINE
  5
221
330
22
100
AcDbEntity
  8
F.Mask
  6
CONTINUOUS
100
AcDbLine
 10
6.5388309055118112
 20
-3.5985587007874016
 30
0
 11
6.5455429133858267
 21
-3.5996217716535432
 31
0
  0
LINE
  5
222
330
22
100
AcDbEntity
  8
F.Mask
  6
CONTINUOUS
100
AcDbLine
 10
5.7853066929133856
 20
-3.5980469685039371
 30
0
 11
5.7917697637795271
 21
-3.6001469685039371
 31
0
  0
LINE
  5
223
330
22
100
AcDbEntity
  8
F.Mask
  6
CONTINUOUS
100
AcDbLine
 10
5.7917697637795271
 20
-3.6001469685039371
 30
0
 11
5.7978247244094483
 21
-3.6032321259842517
 31
0
  0
LINE
  5
224
330
22
100
AcDbEntity
  8
F.Mask
  6
CONTINUOUS
100
AcDbLine
 10
5.7978247244094483
 20
-3.6032321259842517
 30
0
 11
5.8033225590551183
 21
-3.6072264960629918
 31
0
  0
LINE
  5
225
330
22
100
AcDbEntity
  8
F.Mask
  6
CONTINUOUS
100
AcDbLine
 10
5.8033225590551183
 20
-3.6072264960629918
 30
0
 11
5.8081278346456688
 21
-3.6120317716535433
 31
0
  0
LINE
  5
226
330
22
100
AcDbEntity
  8
F.Mask
  6
CONTINUOUS
100
AcDbLine
 10
5.8081278346456688
 20
-3.6120317716535433
 30
0
 11
5.8121222047244094
 21
-3.6175296062992124
 31
0
  0
LINE
  5
227
330
22
100
AcDbEntity
  8
F.Mask
  6
CONTINUOUS
100
AcDbLine
 10
5.8121222047244094
 20
-3.6175296062992124
 30
0
 11
5.815207362204724
 21
-3.6235845669291336
 31
0
  0
LINE
  5
228
330
22
100
AcDbEntity
  8
F.Mask
  6
CONTINUOUS
100
AcDbLine
 10
5.815207362204724
 20
-3.6235845669291336
 30
0
 11
5.8173073622047244
 21
-3.6300476377952755
 31
0
  0
LINE
  5
229
330
22
100
AcDbEntity
  8
F.Mask
  6
CONTINUOUS
100
AcDbLine
 10
5.8173073622047244
 20
-3.6300476377952755
 30
0
 11
5.8183704330708661
 21
-3.6367596456692914
 31
0
  0
LINE
  5
22A
330
22
100
AcDbEntity
  8
F.Mask
  6
CONTINUOUS
100
AcDbLine
 10
5.8183704330708661
 20
-3.6367596456692914
 30
0
 11
5.8183704330708661
 21
-3.6435553149606297
 31
0
  0
LINE
  5
22B
330
22
100
AcDbEntity
  8
F.Mask
  6
CONTINUOUS
100
AcDbLine
 10
5.8183704330708661
 20
-3.6435553149606297
 30
0
 11
5.8173073622047244
 21
-3.6502673228346456
 31
0
  0
LINE
  5
22C
330
22
100
AcDbEntity
  8
F.Mask
  6
CONTINUOUS
100
AcDbLine
 10
5.8173073622047244
 20
-3.6502673228346456
 30
0
 11
5.815207362204724
 21
-3.6567303937007871
 31
0
  0
LINE
  5
22D
330
22
100
AcDbEntity
  8
F.Mask
  6
CONTINUOUS
100
AcDbLine
 10
5.815207362204724
 20
-3.6567303937007871
 30
0
 11
5.8121222047244094
 21
-3.6627853543307087
 31
0
  0
LINE
  5
22E
330
22
100
AcDbEntity
  8
F.Mask
  6
CONTINUOUS
100
AcDbLine
 10
5.8121222047244094
 20
-3.6627853543307087
 30
0
 11
5.8081278346456688
 21
-3.6682831889763778
 31
0
  0
LINE
  5
22F
330
22
100
AcDbEntity
  8
F.Mask
  6
CONTINUOUS
100
AcDbLine
 10
5.8081278346456688
 20
-3.6682831889763778
 30
0
 11
5.8033225590551183
 21
-3.6730884645669288
 31
0
  0
LINE
  5
230
330
22
100
AcDbEntity
  8
F.Mask
  6
CONTINUOUS
100
AcDbLine
 10
5.8033225590551183
 20
-3.6730884645669288
 30
0
 11
5.7978247244094483
 21
-3.6770828346456694
 31
0
  0
LINE
  5
231
330
22
100
AcDbEntity
  8
F.Mask
  6
CONTINUOUS
100
AcDbLine
 10
5.7978247244094483
 20
-3.6770828346456694
 30
0
 11
5.7917697637795271
 21
-3.680167992125984
 31
0
  0
LINE
  5
232
330
22
100
AcDbEntity
  8
F.Mask
  6
CONTINUOUS
100
AcDbLine
 10
5.7917697637795271
 20
-3.680167992125984
 30
0
 11
5.7853066929133856
 21
-3.682267992125984
 31
0
  0
LINE
  5
233
330
22
100
AcDbEntity
  8
F.Mask
  6
CONTINUOUS
100
AcDbLine
 10
5.7853066929133856
 20
-3.682267992125984
 30
0
 11
5.7785946850393701
 21
-3.6833310629921261
 31
0
  0
LINE
  5
234
330
22
100
AcDbEntity
  8
F.Mask
  6
CONTINUOUS
100
AcDbLine
 10
5.7785946850393701
 20
-3.6833310629921261
 30
0
 11
5.771799015748031
 21
-3.6833310629921261
 31
0
  0
LINE
  5
235
330
22
100
AcDbEntity
  8
F.Mask
  6
CONTINUOUS
100
AcDbLine
 10
5.771799015748031
 20
-3.6833310629921261
 30
0
 11
5.7650870078740155
 21
-3.682267992125984
 31
0
  0
LINE
  5
236
330
22
100
AcDbEntity
  8
F.Mask
  6
CONTINUOUS
100
AcDbLine
 10
5.7650870078740155
 20
-3.682267992125984
 30
0
 11
5.758623937007874
 21
-3.680167992125984
 31
0
  0
LINE
  5
237
330
22
100
AcDbEntity
  8
F.Mask
  6
CONTINUOUS
100
AcDbLine
 10
5.758623937007874
 20
-3.680167992125984
 30
0
 11
5.7525689763779528
 21
-3.6770828346456694
 31
0
  0
LINE
  5
238
330
22
100
AcDbEntity
  8
F.Mask
  6
CONTINUOUS
100
AcDbLine
 10
5.7525689763779528
 20
-3.6770828346456694
 30
0
 11
5.7470711417322837
 21
-3.6730884645669288
 31
0
  0
LINE
  5
239
330
22
100
AcDbEntity
  8
F.Mask
  6
CONTINUOUS
100
AcDbLine
 10
5.7470711417322837
 20
-3.6730884645669288
 30
0
 11
5.7422658661417323
 21
-3.6682831889763778
 31
0
  0
LINE
  5
23A
330
22
100
AcDbEntity
  8
F.Mask
  6
CONTINUOUS
100
AcDbLine
 10
5.7422658661417323
 20
-3.6682831889763778
 30
0
 11
5.7382714960629917
 21
-3.6627853543307087
 31
0
  0
LINE
  5
23B
330
22
100
AcDbEntity
  8
F.Mask
  6
CONTINUOUS
100
AcDbLine
 10
5.7382714960629917
 20
-3.6627853543307087
 30
0
 11
5.7351863385826771
 21
-3.6567303937007871
 31
0
  0
LINE
  5
23C
330
22
100
AcDbEntity
  8
F.Mask
  6
CONTINUOUS
100
AcDbLine
 10
5.7351863385826771
 20
-3.6567303937007871
 30
0
 11
5.7330863385826767
 21
-3.6502673228346456
 31
0
  0
LINE
  5
23D
330
22
100
AcDbEntity
  8
F.Mask
  6
CONTINUOUS
100
AcDbLine
 10
5.7330863385826767
 20
-3.6502673228346456
 30
0
 11
5.732023267716535
 21
-3.6435553149606297
 31
0
  0
LINE
  5
23E
330
22
100
AcDbEntity
  8
F.Mask
  6
CONTINUOUS
100
AcDbLine
 10
5.732023267716535
 20
-3.6435553149606297
 30
0
 11
5.732023267716535
 21
-3.6367596456692914
 31
0
  0
LINE
  5
23F
330
22
100
AcDbEntity
  8
F.Mask
  6
CONTINUOUS
100
AcDbLine
 10
5.732023267716535
 20
-3.6367596456692914
 30
0
 11
5.7330863385826767
 21
-3.6300476377952755
 31
0
  0
LINE
  5
240
330
22
100
AcDbEntity
  8
F.Mask
  6
CONTINUOUS
100
AcDbLine
 10
5.7330863385826767
 20
-3.6300476377952755
 30
0
 11
5.7351863385826771
 21
-3.6235845669291336
 31
0
  0
LINE
  5
241
330
22
100
AcDbEntity
  8
F.Mask
  6
CONTINUOUS
100
AcDbLine
 10
5.7351863385826771
 20
-3.6235845669291336
 30
0
 11
5.7382714960629917
 21
-3.6175296062992124
 31
0
  0
LINE
  5
242
330
22
100
AcDbEntity
  8
F.Mask
  6
CONTINUOUS
100
AcDbLine
 10
5.7382714960629917
 20
-3.6175296062992124
 30
0
 11
5.7422658661417323
 21
-3.6120317716535433
 31
0
  0
LINE
  5
243
330
22
100
AcDbEntity
  8
F.Mask
  6
CONTINUOUS
100
AcDbLine
 10
5.7422658661417323
 20
-3.6120317716535433
 30
0
 11
5.7470711417322837
 21
-3.6072264960629918
 31
0
  0
LINE
  5
244
330
22
100
AcDbEntity
  8
F.Mask
  6
CONTINUOUS
100
AcDbLine
 10
5.7470711417322837
 20
-3.6072264960629918
 30
0
 11
5.7525689763779528
 21
-3.6032321259842517
 31
0
  0
LINE
  5
245
330
22
100
AcDbEntity
  8
F.Mask
  6
CONTINUOUS
100
AcDbLine
 10
5.7525689763779528
 20
-3.6032321259842517
 30
0
 11
5.758623937007874
 21
-3.6001469685039371
 31
0
  0
LINE
  5
246
330
22
100
AcDbEntity
  8
F.Mask
  6
CONTINUOUS
100
AcDbLine
 10
5.758623937007874
 20
-3.6001469685039371
 30
0
 11
5.7650870078740155
 21
-3.5980469685039371
 31
0
  0
LINE
  5
247
330
22
100
AcDbEntity
  8
F.Mask
  6
CONTINUOUS
100
AcDbLine
 10
5.7650870078740155
 20
-3.5980469685039371
 30
0
 11
5.771799015748031
 21
-3.596983897637795
 31
0
  0
LINE
  5
248
330
22
100
AcDbEntity
  8
F.Mask
  6
CONTINUOUS
100
AcDbLine
 10
5.771799015748031
 20
-3.596983897637795
 30
0
 11
5.7785946850393701
 21
-3.596983897637795
 31
0
  0
LINE
  5
249
330
22
100
AcDbEntity
  8
F.Mask
  6
CONTINUOUS
100
AcDbLine
 10
5.7785946850393701
 20
-3.596983897637795
 30
0
 11
5.7853066929133856
 21
-3.5980469685039371
 31
0
  0
LINE
  5
24A
330
22
100
AcDbEntity
  8
F.Mask
  6
CONTINUOUS
100
AcDbLine
 10
7.3010547244094486
 20
-3.5980469685039371
 30
0
 11
7.3075177952755901
 21
-3.6001469685039371
 31
0
  0
LINE
  5
24B
330
22
100
AcDbEntity
  8
F.Mask
  6
CONTINUOUS
100
AcDbLine
 10
7.3075177952755901
 20
-3.6001469685039371
 30
0
 11
7.3135727559055113
 21
-3.6032321259842517
 31
0
  0
LINE
  5
24C
330
22
100
AcDbEntity
  8
F.Mask
  6
CONTINUOUS
100
AcDbLine
 10
7.3135727559055113
 20
-3.6032321259842517
 30
0
 11
7.3190705905511813
 21
-3.6072264960629918
 31
0
  0
LINE
  5
24D
330
22
100
AcDbEntity
  8
F.Mask
  6
CONTINUOUS
100
AcDbLine
 10
7.3190705905511813
 20
-3.6072264960629918
 30
0
 11
7.3238758661417318
 21
-3.6120317716535433
 31
0
  0
LINE
  5
24E
330
22
100
AcDbEntity
  8
F.Mask
  6
CONTINUOUS
100
AcDbLine
 10
7.3238758661417318
 20
-3.6120317716535433
 30
0
 11
7.3278702362204724
 21
-3.6175296062992124
 31
0
  0
LINE
  5
24F
330
22
100
AcDbEntity
  8
F.Mask
  6
CONTINUOUS
100
AcDbLine
 10
7.3278702362204724
 20
-3.6175296062992124
 30
0
 11
7.330955393700787
 21
-3.6235845669291336
 31
0
  0
LINE
  5
250
330
22
100
AcDbEntity
  8
F.Mask
  6
CONTINUOUS
100
AcDbLine
 10
7.330955393700787
 20
-3.6235845669291336
 30
0
 11
7.3330553937007874
 21
-3.6300476377952755
 31
0
  0
LINE
  5
251
330
22
100
AcDbEntity
  8
F.Mask
  6
CONTINUOUS
100
AcDbLine
 10
7.3330553937007874
 20
-3.6300476377952755
 30
0
 11
7.3341184645669291
 21
-3.6367596456692914
 31
0
  0
LINE
  5
252
330
22
100
AcDbEntity
  8
F.Mask
  6
CONTINUOUS
100
AcDbLine
 10
7.3341184645669291
 20
-3.6367596456692914
 30
0
 11
7.3341184645669291
 21
-3.6435553149606297
 31
0
  0
LINE
  5
253
330
22
100
AcDbEntity
  8
F.Mask
  6
CONTINUOUS
100
AcDbLine
 10
7.3341184645669291
 20
-3.6435553149606297
 30
0
 11
7.3330553937007874
 21
-3.6502673228346456
 31
0
  0
LINE
  5
254
330
22
100
AcDbEntity
  8
F.Mask
  6
CONTINUOUS
100
AcDbLine
 10
7.3330553937007874
 20
-3.6502673228346456
 30
0
 11
7.330955393700787
 21
-3.6567303937007871
 31
0
  0
LINE
  5
255
330
22
100
AcDbEntity
  8
F.Mask
  6
CONTINUOUS
100
AcDbLine
 10
7.330955393700787
 20
-3.6567303937007871
 30
0
 11
7.3278702362204724
 21
-3.6627853543307087
 31
0
  0
LINE
  5
256
330
22
100
AcDbEntity
  8
F.Mask
  6
CONTINUOUS
100
AcDbLine
 10
7.3278702362204724
 20
-3.6627853543307087
 30
0
 11
7.3238758661417318
 21
-3.6682831889763778
 31
0
  0
LINE
  5
257
330
22
100
AcDbEntity
  8
F.Mask
  6
CONTINUOUS
100
AcDbLine
 10
7.3238758661417318
 20
-3.6682831889763778
 30
0
 11
7.3190705905511813
 21
-3.6730884645669288
 31
0
  0
LINE
  5
258
330
22
100
AcDbEntity
  8
F.Mask
  6
CONTINUOUS
100
AcDbLine
 10
7.3190705905511813
 20
-3.6730884645669288
 30
0
 11
7.3135727559055113
 21
-3.6770828346456694
 31
0
  0
LINE
  5
259
330
22
100
AcDbEntity
  8
F.Mask
  6
CONTINUOUS
100
AcDbLine
 10
7.3135727559055113
 20
-3.6770828346456694
 30
0
 11
7.3075177952755901
 21
-3.680167992125984
 31
0
  0
LINE
  5
25A
330
22
100
AcDbEntity
  8
F.Mask
  6
CONTINUOUS
100
AcDbLine
 10
7.3075177952755901
 20
-3.680167992125984
 30
0
 11
7.3010547244094486
 21
-3.682267992125984
 31
0
  0
LINE
  5
25B
330
22
100
AcDbEntity
  8
F.Mask
  6
CONTINUOUS
100
AcDbLine
 10
7.3010547244094486
 20
-3.682267992125984
 30
0
 11
7.2943427165354331
 21
-3.6833310629921261
 31
0
  0
LINE
  5
25C
330
22
100
AcDbEntity
  8
F.Mask
  6
CONTINUOUS
100
AcDbLine
 10
7.2943427165354331
 20
-3.6833310629921261
 30
0
 11
7.287547047244094
 21
-3.6833310629921261
 31
0
  0
LINE
  5
25D
330
22
100
AcDbEntity
  8
F.Mask
  6
CONTINUOUS
100
AcDbLine
 10
7.287547047244094
 20
-3.6833310629921261
 30
0
 11
7.2808350393700785
 21
-3.682267992125984
 31
0
  0
LINE
  5
25E
330
22
100
AcDbEntity
  8
F.Mask
  6
CONTINUOUS
100
AcDbLine
 10
7.2808350393700785
 20
-3.682267992125984
 30
0
 11
7.274371968503937
 21
-3.680167992125984
 31
0
  0
LINE
  5
25F
330
22
100
AcDbEntity
  8
F.Mask
  6
CONTINUOUS
100
AcDbLine
 10
7.274371968503937
 20
-3.680167992125984
 30
0
 11
7.2683170078740158
 21
-3.6770828346456694
 31
0
  0
LINE
  5
260
330
22
100
AcDbEntity
  8
F.Mask
  6
CONTINUOUS
100
AcDbLine
 10
7.2683170078740158
 20
-3.6770828346456694
 30
0
 11
7.2628191732283467
 21
-3.6730884645669288
 31
0
  0
LINE
  5
261
330
22
100
AcDbEntity
  8
F.Mask
  6
CONTINUOUS
100
AcDbLine
 10
7.2628191732283467
 20
-3.6730884645669288
 30
0
 11
7.2580138976377953
 21
-3.6682831889763778
 31
0
  0
LINE
  5
262
330
22
100
AcDbEntity
  8
F.Mask
  6
CONTINUOUS
100
AcDbLine
 10
7.2580138976377953
 20
-3.6682831889763778
 30
0
 11
7.2540195275590547
 21
-3.6627853543307087
 31
0
  0
LINE
  5
263
330
22
100
AcDbEntity
  8
F.Mask
  6
CONTINUOUS
100
AcDbLine
 10
7.2540195275590547
 20
-3.6627853543307087
 30
0
 11
7.2509343700787401
 21
-3.6567303937007871
 31
0
  0
LINE
  5
264
330
22
100
AcDbEntity
  8
F.Mask
  6
CONTINUOUS
100
AcDbLine
 10
7.2509343700787401
 20
-3.6567303937007871
 30
0
 11
7.2488343700787397
 21
-3.6502673228346456
 31
0
  0
LINE
  5
265
330
22
100
AcDbEntity
  8
F.Mask
  6
CONTINUOUS
100
AcDbLine
 10
7.2488343700787397
 20
-3.6502673228346456
 30
0
 11
7.247771299212598
 21
-3.6435553149606297
 31
0
  0
LINE
  5
266
330
22
100
AcDbEntity
  8
F.Mask
  6
CONTINUOUS
100
AcDbLine
 10
7.247771299212598
 20
-3.6435553149606297
 30
0
 11
7.247771299212598
 21
-3.6367596456692914
 31
0
  0
LINE
  5
267
330
22
100
AcDbEntity
  8
F.Mask
  6
CONTINUOUS
100
AcDbLine
 10
7.247771299212598
 20
-3.6367596456692914
 30
0
 11
7.2488343700787397
 21
-3.6300476377952755
 31
0
  0
LINE
  5
268
330
22
100
AcDbEntity
  8
F.Mask
  6
CONTINUOUS
100
AcDbLine
 10
7.2488343700787397
 20
-3.6300476377952755
 30
0
 11
7.2509343700787401
 21
-3.6235845669291336
 31
0
  0
LINE
  5
269
330
22
100
AcDbEntity
  8
F.Mask
  6
CONTINUOUS
100
AcDbLine
 10
7.2509343700787401
 20
-3.6235845669291336
 30
0
 11
7.2540195275590547
 21
-3.6175296062992124
 31
0
  0
LINE
  5
26A
330
22
100
AcDbEntity
  8
F.Mask
  6
CONTINUOUS
100
AcDbLine
 10
7.2540195275590547
 20
-3.6175296062992124
 30
0
 11
7.2580138976377953
 21
-3.6120317716535433
 31
0
  0
LINE
  5
26B
330
22
100
AcDbEntity
  8
F.Mask
  6
CONTINUOUS
100
AcDbLine
 10
7.2580138976377953
 20
-3.6120317716535433
 30
0
 11
7.2628191732283467
 21
-3.6072264960629918
 31
0
  0
LINE
  5
26C
330
22
100
AcDbEntity
  8
F.Mask
  6
CONTINUOUS
100
AcDbLine
 10
7.2628191732283467
 20
-3.6072264960629918
 30
0
 11
7.2683170078740158
 21
-3.6032321259842517
 31
0
  0
LINE
  5
26D
330
22
100
AcDbEntity
  8
F.Mask
  6
CONTINUOUS
100
AcDbLine
 10
7.2683170078740158
 20
-3.6032321259842517
 30
0
 11
7.274371968503937
 21
-3.6001469685039371
 31
0
  0
LINE
  5
26E
330
22
100
AcDbEntity
  8
F.Mask
  6
CONTINUOUS
100
AcDbLine
 10
7.274371968503937
 20
-3.6001469685039371
 30
0
 11
7.2808350393700785
 21
-3.5980469685039371
 31
0
  0
LINE
  5
26F
330
22
100
AcDbEntity
  8
F.Mask
  6
CONTINUOUS
100
AcDbLine
 10
7.2808350393700785
 20
-3.5980469685039371
 30
0
 11
7.287547047244094
 21
-3.596983897637795
 31
0
  0
LINE
  5
270
330
22
100
AcDbEntity
  8
F.Mask
  6
CONTINUOUS
100
AcDbLine
 10
7.287547047244094
 20
-3.596983897637795
 30
0
 11
7.2943427165354331
 21
-3.596983897637795
 31
0
  0
LINE
  5
271
330
22
100
AcDbEntity
  8
F.Mask
  6
CONTINUOUS
100
AcDbLine
 10
7.2943427165354331
 20
-3.596983897637795
 30
0
 11
7.3010547244094486
 21
-3.5980469685039371
 31
0
  0
LINE
  5
272
330
22
100
AcDbEntity
  8
F.Mask
  6
CONTINUOUS
100
AcDbLine
 10
4.9529051968503932
 20
-3.6468343700787402
 30
0
 11
4.9530031889763775
 21
-3.6468749606299213
 31
0
  0
LINE
  5
273
330
22
100
AcDbEntity
  8
F.Mask
  6
CONTINUOUS
100
AcDbLine
 10
4.9530031889763775
 20
-3.6468749606299213
 30
0
 11
4.9531090157480318
 21
-3.6468824803149604
 31
0
  0
LINE
  5
274
330
22
100
AcDbEntity
  8
F.Mask
  6
CONTINUOUS
100
AcDbLine
 10
4.9531090157480318
 20
-3.6468824803149604
 30
0
 11
4.9536496456692909
 21
-3.6470893700787399
 31
0
  0
LINE
  5
275
330
22
100
AcDbEntity
  8
F.Mask
  6
CONTINUOUS
100
AcDbLine
 10
4.9536496456692909
 20
-3.6470893700787399
 30
0
 11
4.957399173228346
 21
-3.6489641338582675
 31
0
  0
LINE
  5
276
330
22
100
AcDbEntity
  8
F.Mask
  6
CONTINUOUS
100
AcDbLine
 10
4.957399173228346
 20
-3.6489641338582675
 30
0
 11
4.9574955118110235
 21
-3.6490247637795274
 31
0
  0
LINE
  5
277
330
22
100
AcDbEntity
  8
F.Mask
  6
CONTINUOUS
100
AcDbLine
 10
4.9574955118110235
 20
-3.6490247637795274
 30
0
 11
4.9575409448818899
 21
-3.6490399212598423
 31
0
  0
LINE
  5
278
330
22
100
AcDbEntity
  8
F.Mask
  6
CONTINUOUS
100
AcDbLine
 10
4.9575409448818899
 20
-3.6490399212598423
 30
0
 11
4.9575974803149609
 21
-3.6490889370078738
 31
0
  0
LINE
  5
279
330
22
100
AcDbEntity
  8
F.Mask
  6
CONTINUOUS
100
AcDbLine
 10
4.9575974803149609
 20
-3.6490889370078738
 30
0
 11
4.9578890551181098
 21
-3.6492724803149605
 31
0
  0
LINE
  5
27A
330
22
100
AcDbEntity
  8
F.Mask
  6
CONTINUOUS
100
AcDbLine
 10
4.9578890551181098
 20
-3.6492724803149605
 30
0
 11
4.9581316141732286
 21
-3.6495521653543306
 31
0
  0
LINE
  5
27B
330
22
100
AcDbEntity
  8
F.Mask
  6
CONTINUOUS
100
AcDbLine
 10
4.9581316141732286
 20
-3.6495521653543306
 30
0
 11
4.9584113385826774
 21
-3.6497947637795276
 31
0
  0
LINE
  5
27C
330
22
100
AcDbEntity
  8
F.Mask
  6
CONTINUOUS
100
AcDbLine
 10
4.9584113385826774
 20
-3.6497947637795276
 30
0
 11
4.9585948425196849
 21
-3.6500862992125982
 31
0
  0
LINE
  5
27D
330
22
100
AcDbEntity
  8
F.Mask
  6
CONTINUOUS
100
AcDbLine
 10
4.9585948425196849
 20
-3.6500862992125982
 30
0
 11
4.9586438976377956
 21
-3.650142874015748
 31
0
  0
LINE
  5
27E
330
22
100
AcDbEntity
  8
F.Mask
  6
CONTINUOUS
100
AcDbLine
 10
4.9586438976377956
 20
-3.650142874015748
 30
0
 11
4.9586590157480313
 21
-3.6501882677165352
 31
0
  0
LINE
  5
27F
330
22
100
AcDbEntity
  8
F.Mask
  6
CONTINUOUS
100
AcDbLine
 10
4.9586590157480313
 20
-3.6501882677165352
 30
0
 11
4.9587196850393696
 21
-3.6502846456692915
 31
0
  0
LINE
  5
280
330
22
100
AcDbEntity
  8
F.Mask
  6
CONTINUOUS
100
AcDbLine
 10
4.9587196850393696
 20
-3.6502846456692915
 30
0
 11
4.9605944488188971
 21
-3.6540341732283466
 31
0
  0
LINE
  5
281
330
22
100
AcDbEntity
  8
F.Mask
  6
CONTINUOUS
100
AcDbLine
 10
4.9605944488188971
 20
-3.6540341732283466
 30
0
 11
4.9608013385826775
 21
-3.6545747637795274
 31
0
  0
LINE
  5
282
330
22
100
AcDbEntity
  8
F.Mask
  6
CONTINUOUS
100
AcDbLine
 10
4.9608013385826775
 20
-3.6545747637795274
 30
0
 11
4.9608088582677166
 21
-3.65468062992126
 31
0
  0
LINE
  5
283
330
22
100
AcDbEntity
  8
F.Mask
  6
CONTINUOUS
100
AcDbLine
 10
4.9608088582677166
 20
-3.65468062992126
 30
0
 11
4.9608494488188972
 21
-3.6547786220472438
 31
0
  0
LINE
  5
284
330
22
100
AcDbEntity
  8
F.Mask
  6
CONTINUOUS
100
AcDbLine
 10
4.9608494488188972
 20
-3.6547786220472438
 30
0
 11
4.960906181102362
 21
-3.6553546850393701
 31
0
  0
LINE
  5
285
330
22
100
AcDbEntity
  8
F.Mask
  6
CONTINUOUS
100
AcDbLine
 10
4.960906181102362
 20
-3.6553546850393701
 30
0
 11
4.960906181102362
 21
-3.6591042125984252
 31
0
  0
LINE
  5
286
330
22
100
AcDbEntity
  8
F.Mask
  6
CONTINUOUS
100
AcDbLine
 10
4.960906181102362
 20
-3.6591042125984252
 30
0
 11
4.9608494488188972
 21
-3.6596802755905511
 31
0
  0
LINE
  5
287
330
22
100
AcDbEntity
  8
F.Mask
  6
CONTINUOUS
100
AcDbLine
 10
4.9608494488188972
 20
-3.6596802755905511
 30
0
 11
4.9607386614173228
 21
-3.6599476377952755
 31
0
  0
LINE
  5
288
330
22
100
AcDbEntity
  8
F.Mask
  6
CONTINUOUS
100
AcDbLine
 10
4.9607386614173228
 20
-3.6599476377952755
 30
0
 11
4.960682559055118
 21
-3.660231338582677
 31
0
  0
LINE
  5
289
330
22
100
AcDbEntity
  8
F.Mask
  6
CONTINUOUS
100
AcDbLine
 10
4.960682559055118
 20
-3.660231338582677
 30
0
 11
4.9605204724409449
 21
-3.6604744488188974
 31
0
  0
LINE
  5
28A
330
22
100
AcDbEntity
  8
F.Mask
  6
CONTINUOUS
100
AcDbLine
 10
4.9605204724409449
 20
-3.6604744488188974
 30
0
 11
4.9604085433070866
 21
-3.6607446850393699
 31
0
  0
LINE
  5
28B
330
22
100
AcDbEntity
  8
F.Mask
  6
CONTINUOUS
100
AcDbLine
 10
4.9604085433070866
 20
-3.6607446850393699
 30
0
 11
4.9602038976377951
 21
-3.6609493307086614
 31
0
  0
LINE
  5
28C
330
22
100
AcDbEntity
  8
F.Mask
  6
CONTINUOUS
100
AcDbLine
 10
4.9602038976377951
 20
-3.6609493307086614
 30
0
 11
4.9600435039370074
 21
-3.6611899212598424
 31
0
  0
LINE
  5
28D
330
22
100
AcDbEntity
  8
F.Mask
  6
CONTINUOUS
100
AcDbLine
 10
4.9600435039370074
 20
-3.6611899212598424
 30
0
 11
4.9598006692913383
 21
-3.6613525196850394
 31
0
  0
LINE
  5
28E
330
22
100
AcDbEntity
  8
F.Mask
  6
CONTINUOUS
100
AcDbLine
 10
4.9598006692913383
 20
-3.6613525196850394
 30
0
 11
4.9595938976377951
 21
-3.6615593307086614
 31
0
  0
LINE
  5
28F
330
22
100
AcDbEntity
  8
F.Mask
  6
CONTINUOUS
100
AcDbLine
 10
4.9595938976377951
 20
-3.6615593307086614
 30
0
 11
4.9593266141732286
 21
-3.6616700393700787
 31
0
  0
LINE
  5
290
330
22
100
AcDbEntity
  8
F.Mask
  6
CONTINUOUS
100
AcDbLine
 10
4.9593266141732286
 20
-3.6616700393700787
 30
0
 11
4.9590862598425192
 21
-3.6618310236220473
 31
0
  0
LINE
  5
291
330
22
100
AcDbEntity
  8
F.Mask
  6
CONTINUOUS
100
AcDbLine
 10
4.9590862598425192
 20
-3.6618310236220473
 30
0
 11
4.9585324803149602
 21
-3.6619996456692911
 31
0
  0
LINE
  5
292
330
22
100
AcDbEntity
  8
F.Mask
  6
CONTINUOUS
100
AcDbLine
 10
4.9585324803149602
 20
-3.6619996456692911
 30
0
 11
4.9421585433070865
 21
-3.665274409448819
 31
0
  0
LINE
  5
293
330
22
100
AcDbEntity
  8
F.Mask
  6
CONTINUOUS
100
AcDbLine
 10
4.9421585433070865
 20
-3.665274409448819
 30
0
 11
4.9421585433070865
 21
-3.669655748031496
 31
0
  0
LINE
  5
294
330
22
100
AcDbEntity
  8
F.Mask
  6
CONTINUOUS
100
AcDbLine
 10
4.9421585433070865
 20
-3.669655748031496
 30
0
 11
4.943281377952756
 21
-3.6719014960629921
 31
0
  0
LINE
  5
295
330
22
100
AcDbEntity
  8
F.Mask
  6
CONTINUOUS
100
AcDbLine
 10
4.943281377952756
 20
-3.6719014960629921
 30
0
 11
4.9455271259842517
 21
-3.6730243700787399
 31
0
  0
LINE
  5
296
330
22
100
AcDbEntity
  8
F.Mask
  6
CONTINUOUS
100
AcDbLine
 10
4.9455271259842517
 20
-3.6730243700787399
 30
0
 11
4.9516320866141728
 21
-3.6730243700787399
 31
0
  0
LINE
  5
297
330
22
100
AcDbEntity
  8
F.Mask
  6
CONTINUOUS
100
AcDbLine
 10
4.9516320866141728
 20
-3.6730243700787399
 30
0
 11
4.9547581496062989
 21
-3.6714613385826769
 31
0
  0
LINE
  5
298
330
22
100
AcDbEntity
  8
F.Mask
  6
CONTINUOUS
100
AcDbLine
 10
4.9547581496062989
 20
-3.6714613385826769
 30
0
 11
4.9552987401574802
 21
-3.6712544488188974
 31
0
  0
LINE
  5
299
330
22
100
AcDbEntity
  8
F.Mask
  6
CONTINUOUS
100
AcDbLine
 10
4.9552987401574802
 20
-3.6712544488188974
 30
0
 11
4.9564479527559051
 21
-3.6711727952755906
 31
0
  0
LINE
  5
29A
330
22
100
AcDbEntity
  8
F.Mask
  6
CONTINUOUS
100
AcDbLine
 10
4.9564479527559051
 20
-3.6711727952755906
 30
0
 11
4.9575409448818899
 21
-3.6715371259842517
 31
0
  0
LINE
  5
29B
330
22
100
AcDbEntity
  8
F.Mask
  6
CONTINUOUS
100
AcDbLine
 10
4.9575409448818899
 20
-3.6715371259842517
 30
0
 11
4.9584112992125986
 21
-3.672291968503937
 31
0
  0
LINE
  5
29C
330
22
100
AcDbEntity
  8
F.Mask
  6
CONTINUOUS
100
AcDbLine
 10
4.9584112992125986
 20
-3.672291968503937
 30
0
 11
4.9589265748031499
 21
-3.6733224803149604
 31
0
  0
LINE
  5
29D
330
22
100
AcDbEntity
  8
F.Mask
  6
CONTINUOUS
100
AcDbLine
 10
4.9589265748031499
 20
-3.6733224803149604
 30
0
 11
4.9590082283464563
 21
-3.6744716929133858
 31
0
  0
LINE
  5
29E
330
22
100
AcDbEntity
  8
F.Mask
  6
CONTINUOUS
100
AcDbLine
 10
4.9590082283464563
 20
-3.6744716929133858
 30
0
 11
4.9586438976377956
 21
-3.6755646456692914
 31
0
  0
LINE
  5
29F
330
22
100
AcDbEntity
  8
F.Mask
  6
CONTINUOUS
100
AcDbLine
 10
4.9586438976377956
 20
-3.6755646456692914
 30
0
 11
4.9578890551181098
 21
-3.6764350393700789
 31
0
  0
LINE
  5
2A0
330
22
100
AcDbEntity
  8
F.Mask
  6
CONTINUOUS
100
AcDbLine
 10
4.9578890551181098
 20
-3.6764350393700789
 30
0
 11
4.957399173228346
 21
-3.6767433858267715
 31
0
  0
LINE
  5
2A1
330
22
100
AcDbEntity
  8
F.Mask
  6
CONTINUOUS
100
AcDbLine
 10
4.957399173228346
 20
-3.6767433858267715
 30
0
 11
4.9536496456692909
 21
-3.6786181496062991
 31
0
  0
LINE
  5
2A2
330
22
100
AcDbEntity
  8
F.Mask
  6
CONTINUOUS
100
AcDbLine
 10
4.9536496456692909
 20
-3.6786181496062991
 30
0
 11
4.9531090157480318
 21
-3.6788250393700785
 31
0
  0
LINE
  5
2A3
330
22
100
AcDbEntity
  8
F.Mask
  6
CONTINUOUS
100
AcDbLine
 10
4.9531090157480318
 20
-3.6788250393700785
 30
0
 11
4.9530031889763775
 21
-3.6788325196850393
 31
0
  0
LINE
  5
2A4
330
22
100
AcDbEntity
  8
F.Mask
  6
CONTINUOUS
100
AcDbLine
 10
4.9530031889763775
 20
-3.6788325196850393
 30
0
 11
4.9529051968503932
 21
-3.6788731496062992
 31
0
  0
LINE
  5
2A5
330
22
100
AcDbEntity
  8
F.Mask
  6
CONTINUOUS
100
AcDbLine
 10
4.9529051968503932
 20
-3.6788731496062992
 30
0
 11
4.9523291338582673
 21
-3.6789298818897636
 31
0
  0
LINE
  5
2A6
330
22
100
AcDbEntity
  8
F.Mask
  6
CONTINUOUS
100
AcDbLine
 10
4.9523291338582673
 20
-3.6789298818897636
 30
0
 11
4.9448300787401571
 21
-3.6789298818897636
 31
0
  0
LINE
  5
2A7
330
22
100
AcDbEntity
  8
F.Mask
  6
CONTINUOUS
100
AcDbLine
 10
4.9448300787401571
 20
-3.6789298818897636
 30
0
 11
4.9442540157480313
 21
-3.6788731496062992
 31
0
  0
LINE
  5
2A8
330
22
100
AcDbEntity
  8
F.Mask
  6
CONTINUOUS
100
AcDbLine
 10
4.9442540157480313
 20
-3.6788731496062992
 30
0
 11
4.944156023622047
 21
-3.6788325590551181
 31
0
  0
LINE
  5
2A9
330
22
100
AcDbEntity
  8
F.Mask
  6
CONTINUOUS
100
AcDbLine
 10
4.944156023622047
 20
-3.6788325590551181
 30
0
 11
4.9440501574803148
 21
-3.6788250393700785
 31
0
  0
LINE
  5
2AA
330
22
100
AcDbEntity
  8
F.Mask
  6
CONTINUOUS
100
AcDbLine
 10
4.9440501574803148
 20
-3.6788250393700785
 30
0
 11
4.9435095669291336
 21
-3.6786181496062991
 31
0
  0
LINE
  5
2AB
330
22
100
AcDbEntity
  8
F.Mask
  6
CONTINUOUS
100
AcDbLine
 10
4.9435095669291336
 20
-3.6786181496062991
 30
0
 11
4.9397600393700785
 21
-3.6767433858267715
 31
0
  0
LINE
  5
2AC
330
22
100
AcDbEntity
  8
F.Mask
  6
CONTINUOUS
100
AcDbLine
 10
4.9397600393700785
 20
-3.6767433858267715
 30
0
 11
4.939663661417323
 21
-3.6766827165354328
 31
0
  0
LINE
  5
2AD
330
22
100
AcDbEntity
  8
F.Mask
  6
CONTINUOUS
100
AcDbLine
 10
4.939663661417323
 20
-3.6766827165354328
 30
0
 11
4.9396182677165354
 21
-3.6766675984251966
 31
0
  0
LINE
  5
2AE
330
22
100
AcDbEntity
  8
F.Mask
  6
CONTINUOUS
100
AcDbLine
 10
4.9396182677165354
 20
-3.6766675984251966
 30
0
 11
4.9395616929133856
 21
-3.6766185433070864
 31
0
  0
LINE
  5
2AF
330
22
100
AcDbEntity
  8
F.Mask
  6
CONTINUOUS
100
AcDbLine
 10
4.9395616929133856
 20
-3.6766185433070864
 30
0
 11
4.9392701574803146
 21
-3.6764350393700789
 31
0
  0
LINE
  5
2B0
330
22
100
AcDbEntity
  8
F.Mask
  6
CONTINUOUS
100
AcDbLine
 10
4.9392701574803146
 20
-3.6764350393700789
 30
0
 11
4.9390274803149605
 21
-3.6761551968503938
 31
0
  0
LINE
  5
2B1
330
22
100
AcDbEntity
  8
F.Mask
  6
CONTINUOUS
100
AcDbLine
 10
4.9390274803149605
 20
-3.6761551968503938
 30
0
 11
4.938747874015748
 21
-3.6759127165354331
 31
0
  0
LINE
  5
2B2
330
22
100
AcDbEntity
  8
F.Mask
  6
CONTINUOUS
100
AcDbLine
 10
4.938747874015748
 20
-3.6759127165354331
 30
0
 11
4.9385643700787396
 21
-3.6756212204724408
 31
0
  0
LINE
  5
2B3
330
22
100
AcDbEntity
  8
F.Mask
  6
CONTINUOUS
100
AcDbLine
 10
4.9385643700787396
 20
-3.6756212204724408
 30
0
 11
4.9385153149606298
 21
-3.6755646456692914
 31
0
  0
LINE
  5
2B4
330
22
100
AcDbEntity
  8
F.Mask
  6
CONTINUOUS
100
AcDbLine
 10
4.9385153149606298
 20
-3.6755646456692914
 30
0
 11
4.9385001574803145
 21
-3.6755191732283463
 31
0
  0
LINE
  5
2B5
330
22
100
AcDbEntity
  8
F.Mask
  6
CONTINUOUS
100
AcDbLine
 10
4.9385001574803145
 20
-3.6755191732283463
 30
0
 11
4.9384395275590549
 21
-3.675422874015748
 31
0
  0
LINE
  5
2B6
330
22
100
AcDbEntity
  8
F.Mask
  6
CONTINUOUS
100
AcDbLine
 10
4.9384395275590549
 20
-3.675422874015748
 30
0
 11
4.9365647637795274
 21
-3.6716733070866141
 31
0
  0
LINE
  5
2B7
330
22
100
AcDbEntity
  8
F.Mask
  6
CONTINUOUS
100
AcDbLine
 10
4.9365647637795274
 20
-3.6716733070866141
 30
0
 11
4.9363578740157479
 21
-3.6711326771653541
 31
0
  0
LINE
  5
2B8
330
22
100
AcDbEntity
  8
F.Mask
  6
CONTINUOUS
100
AcDbLine
 10
4.9363578740157479
 20
-3.6711326771653541
 30
0
 11
4.9363503543307088
 21
-3.6710268503937007
 31
0
  0
LINE
  5
2B9
330
22
100
AcDbEntity
  8
F.Mask
  6
CONTINUOUS
100
AcDbLine
 10
4.9363503543307088
 20
-3.6710268503937007
 30
0
 11
4.9363097637795272
 21
-3.6709288582677164
 31
0
  0
LINE
  5
2BA
330
22
100
AcDbEntity
  8
F.Mask
  6
CONTINUOUS
100
AcDbLine
 10
4.9363097637795272
 20
-3.6709288582677164
 30
0
 11
4.9362530314960633
 21
-3.6703527952755906
 31
0
  0
LINE
  5
2BB
330
22
100
AcDbEntity
  8
F.Mask
  6
CONTINUOUS
100
AcDbLine
 10
4.9362530314960633
 20
-3.6703527952755906
 30
0
 11
4.9362530314960633
 21
-3.6553546850393701
 31
0
  0
LINE
  5
2BC
330
22
100
AcDbEntity
  8
F.Mask
  6
CONTINUOUS
100
AcDbLine
 10
4.9362530314960633
 20
-3.6553546850393701
 30
0
 11
4.9363097637795272
 21
-3.6547786220472438
 31
0
  0
LINE
  5
2BD
330
22
100
AcDbEntity
  8
F.Mask
  6
CONTINUOUS
100
AcDbLine
 10
4.9363097637795272
 20
-3.6547786220472438
 30
0
 11
4.9363503543307088
 21
-3.6546805905511812
 31
0
  0
LINE
  5
2BE
330
22
100
AcDbEntity
  8
F.Mask
  6
CONTINUOUS
100
AcDbLine
 10
4.9363503543307088
 20
-3.6546805905511812
 30
0
 11
4.9363578740157479
 21
-3.6545748031496061
 31
0
  0
LINE
  5
2BF
330
22
100
AcDbEntity
  8
F.Mask
  6
CONTINUOUS
100
AcDbLine
 10
4.9363578740157479
 20
-3.6545748031496061
 30
0
 11
4.9365647637795274
 21
-3.6540341732283466
 31
0
  0
LINE
  5
2C0
330
22
100
AcDbEntity
  8
F.Mask
  6
CONTINUOUS
100
AcDbLine
 10
4.9365647637795274
 20
-3.6540341732283466
 30
0
 11
4.9384395275590549
 21
-3.6502846456692915
 31
0
  0
LINE
  5
2C1
330
22
100
AcDbEntity
  8
F.Mask
  6
CONTINUOUS
100
AcDbLine
 10
4.9384395275590549
 20
-3.6502846456692915
 30
0
 11
4.9385001574803145
 21
-3.6501882677165352
 31
0
  0
LINE
  5
2C2
330
22
100
AcDbEntity
  8
F.Mask
  6
CONTINUOUS
100
AcDbLine
 10
4.9385001574803145
 20
-3.6501882677165352
 30
0
 11
4.9385153149606298
 21
-3.650142874015748
 31
0
  0
LINE
  5
2C3
330
22
100
AcDbEntity
  8
F.Mask
  6
CONTINUOUS
100
AcDbLine
 10
4.9385153149606298
 20
-3.650142874015748
 30
0
 11
4.9385643307086617
 21
-3.6500862992125982
 31
0
  0
LINE
  5
2C4
330
22
100
AcDbEntity
  8
F.Mask
  6
CONTINUOUS
100
AcDbLine
 10
4.9385643307086617
 20
-3.6500862992125982
 30
0
 11
4.938747874015748
 21
-3.6497947637795276
 31
0
  0
LINE
  5
2C5
330
22
100
AcDbEntity
  8
F.Mask
  6
CONTINUOUS
100
AcDbLine
 10
4.938747874015748
 20
-3.6497947637795276
 30
0
 11
4.939027559055118
 21
-3.6495521653543306
 31
0
  0
LINE
  5
2C6
330
22
100
AcDbEntity
  8
F.Mask
  6
CONTINUOUS
100
AcDbLine
 10
4.939027559055118
 20
-3.6495521653543306
 30
0
 11
4.9392701574803146
 21
-3.6492724803149605
 31
0
  0
LINE
  5
2C7
330
22
100
AcDbEntity
  8
F.Mask
  6
CONTINUOUS
100
AcDbLine
 10
4.9392701574803146
 20
-3.6492724803149605
 30
0
 11
4.9395616929133856
 21
-3.6490889370078738
 31
0
  0
LINE
  5
2C8
330
22
100
AcDbEntity
  8
F.Mask
  6
CONTINUOUS
100
AcDbLine
 10
4.9395616929133856
 20
-3.6490889370078738
 30
0
 11
4.9396182677165354
 21
-3.6490399212598423
 31
0
  0
LINE
  5
2C9
330
22
100
AcDbEntity
  8
F.Mask
  6
CONTINUOUS
100
AcDbLine
 10
4.9396182677165354
 20
-3.6490399212598423
 30
0
 11
4.939663661417323
 21
-3.6490247637795274
 31
0
  0
LINE
  5
2CA
330
22
100
AcDbEntity
  8
F.Mask
  6
CONTINUOUS
100
AcDbLine
 10
4.939663661417323
 20
-3.6490247637795274
 30
0
 11
4.9397600393700785
 21
-3.6489641338582675
 31
0
  0
LINE
  5
2CB
330
22
100
AcDbEntity
  8
F.Mask
  6
CONTINUOUS
100
AcDbLine
 10
4.9397600393700785
 20
-3.6489641338582675
 30
0
 11
4.9435095669291336
 21
-3.6470893700787399
 31
0
  0
LINE
  5
2CC
330
22
100
AcDbEntity
  8
F.Mask
  6
CONTINUOUS
100
AcDbLine
 10
4.9435095669291336
 20
-3.6470893700787399
 30
0
 11
4.9440501574803148
 21
-3.6468824803149604
 31
0
  0
LINE
  5
2CD
330
22
100
AcDbEntity
  8
F.Mask
  6
CONTINUOUS
100
AcDbLine
 10
4.9440501574803148
 20
-3.6468824803149604
 30
0
 11
4.944156023622047
 21
-3.6468749212598426
 31
0
  0
LINE
  5
2CE
330
22
100
AcDbEntity
  8
F.Mask
  6
CONTINUOUS
100
AcDbLine
 10
4.944156023622047
 20
-3.6468749212598426
 30
0
 11
4.9442540157480313
 21
-3.6468343700787402
 31
0
  0
LINE
  5
2CF
330
22
100
AcDbEntity
  8
F.Mask
  6
CONTINUOUS
100
AcDbLine
 10
4.9442540157480313
 20
-3.6468343700787402
 30
0
 11
4.9448300787401571
 21
-3.6467776377952754
 31
0
  0
LINE
  5
2D0
330
22
100
AcDbEntity
  8
F.Mask
  6
CONTINUOUS
100
AcDbLine
 10
4.9448300787401571
 20
-3.6467776377952754
 30
0
 11
4.9523291338582673
 21
-3.6467776377952754
 31
0
  0
LINE
  5
2D1
330
22
100
AcDbEntity
  8
F.Mask
  6
CONTINUOUS
100
AcDbLine
 10
4.9523291338582673
 20
-3.6467776377952754
 30
0
 11
4.9529051968503932
 21
-3.6468343700787402
 31
0
  0
LINE
  5
2D2
330
22
100
AcDbEntity
  8
F.Mask
  6
CONTINUOUS
100
AcDbLine
 10
4.943281377952756
 20
-3.6538059842519686
 30
0
 11
4.9421585433070865
 21
-3.6560517322834647
 31
0
  0
LINE
  5
2D3
330
22
100
AcDbEntity
  8
F.Mask
  6
CONTINUOUS
100
AcDbLine
 10
4.9421585433070865
 20
-3.6560517322834647
 30
0
 11
4.9421585433070865
 21
-3.6592519291338581
 31
0
  0
LINE
  5
2D4
330
22
100
AcDbEntity
  8
F.Mask
  6
CONTINUOUS
100
AcDbLine
 10
4.9421585433070865
 20
-3.6592519291338581
 30
0
 11
4.9550006692913389
 21
-3.6566835433070866
 31
0
  0
LINE
  5
2D5
330
22
100
AcDbEntity
  8
F.Mask
  6
CONTINUOUS
100
AcDbLine
 10
4.9550006692913389
 20
-3.6566835433070866
 30
0
 11
4.9550006692913389
 21
-3.6560517322834647
 31
0
  0
LINE
  5
2D6
330
22
100
AcDbEntity
  8
F.Mask
  6
CONTINUOUS
100
AcDbLine
 10
4.9550006692913389
 20
-3.6560517322834647
 30
0
 11
4.9538777952755906
 21
-3.6538059842519686
 31
0
  0
LINE
  5
2D7
330
22
100
AcDbEntity
  8
F.Mask
  6
CONTINUOUS
100
AcDbLine
 10
4.9538777952755906
 20
-3.6538059842519686
 30
0
 11
4.9516320866141728
 21
-3.652683149606299
 31
0
  0
LINE
  5
2D8
330
22
100
AcDbEntity
  8
F.Mask
  6
CONTINUOUS
100
AcDbLine
 10
4.9516320866141728
 20
-3.652683149606299
 30
0
 11
4.9455271259842517
 21
-3.652683149606299
 31
0
  0
LINE
  5
2D9
330
22
100
AcDbEntity
  8
F.Mask
  6
CONTINUOUS
100
AcDbLine
 10
4.9455271259842517
 20
-3.652683149606299
 30
0
 11
4.943281377952756
 21
-3.6538059842519686
 31
0
  0
LINE
  5
2DA
330
22
100
AcDbEntity
  8
F.Mask
  6
CONTINUOUS
100
AcDbLine
 10
5.0241462992125987
 20
-3.6468343700787402
 30
0
 11
5.024244291338583
 21
-3.6468749606299213
 31
0
  0
LINE
  5
2DB
330
22
100
AcDbEntity
  8
F.Mask
  6
CONTINUOUS
100
AcDbLine
 10
5.024244291338583
 20
-3.6468749606299213
 30
0
 11
5.0243501181102364
 21
-3.6468824803149604
 31
0
  0
LINE
  5
2DC
330
22
100
AcDbEntity
  8
F.Mask
  6
CONTINUOUS
100
AcDbLine
 10
5.0243501181102364
 20
-3.6468824803149604
 30
0
 11
5.0248907480314964
 21
-3.6470893700787399
 31
0
  0
LINE
  5
2DD
330
22
100
AcDbEntity
  8
F.Mask
  6
CONTINUOUS
100
AcDbLine
 10
5.0248907480314964
 20
-3.6470893700787399
 30
0
 11
5.0286402755905515
 21
-3.6489641338582675
 31
0
  0
LINE
  5
2DE
330
22
100
AcDbEntity
  8
F.Mask
  6
CONTINUOUS
100
AcDbLine
 10
5.0286402755905515
 20
-3.6489641338582675
 30
0
 11
5.0291301574803144
 21
-3.6492724803149605
 31
0
  0
LINE
  5
2DF
330
22
100
AcDbEntity
  8
F.Mask
  6
CONTINUOUS
100
AcDbLine
 10
5.0291301574803144
 20
-3.6492724803149605
 30
0
 11
5.0298850000000002
 21
-3.650142874015748
 31
0
  0
LINE
  5
2E0
330
22
100
AcDbEntity
  8
F.Mask
  6
CONTINUOUS
100
AcDbLine
 10
5.0298850000000002
 20
-3.650142874015748
 30
0
 11
5.0302493307086609
 21
-3.6512358267716536
 31
0
  0
LINE
  5
2E1
330
22
100
AcDbEntity
  8
F.Mask
  6
CONTINUOUS
100
AcDbLine
 10
5.0302493307086609
 20
-3.6512358267716536
 30
0
 11
5.0301676771653545
 21
-3.6523850393700785
 31
0
  0
LINE
  5
2E2
330
22
100
AcDbEntity
  8
F.Mask
  6
CONTINUOUS
100
AcDbLine
 10
5.0301676771653545
 20
-3.6523850393700785
 30
0
 11
5.0296524015748032
 21
-3.6534155511811024
 31
0
  0
LINE
  5
2E3
330
22
100
AcDbEntity
  8
F.Mask
  6
CONTINUOUS
100
AcDbLine
 10
5.0296524015748032
 20
-3.6534155511811024
 30
0
 11
5.0287820472440945
 21
-3.6541703937007872
 31
0
  0
LINE
  5
2E4
330
22
100
AcDbEntity
  8
F.Mask
  6
CONTINUOUS
100
AcDbLine
 10
5.0287820472440945
 20
-3.6541703937007872
 30
0
 11
5.0276890551181097
 21
-3.6545347244094488
 31
0
  0
LINE
  5
2E5
330
22
100
AcDbEntity
  8
F.Mask
  6
CONTINUOUS
100
AcDbLine
 10
5.0276890551181097
 20
-3.6545347244094488
 30
0
 11
5.0265398425196848
 21
-3.6544530708661416
 31
0
  0
LINE
  5
2E6
330
22
100
AcDbEntity
  8
F.Mask
  6
CONTINUOUS
100
AcDbLine
 10
5.0265398425196848
 20
-3.6544530708661416
 30
0
 11
5.0259992519685035
 21
-3.6542461811023621
 31
0
  0
LINE
  5
2E7
330
22
100
AcDbEntity
  8
F.Mask
  6
CONTINUOUS
100
AcDbLine
 10
5.0259992519685035
 20
-3.6542461811023621
 30
0
 11
5.0228731889763782
 21
-3.652683149606299
 31
0
  0
LINE
  5
2E8
330
22
100
AcDbEntity
  8
F.Mask
  6
CONTINUOUS
100
AcDbLine
 10
5.0228731889763782
 20
-3.652683149606299
 30
0
 11
5.0186429921259839
 21
-3.652683149606299
 31
0
  0
LINE
  5
2E9
330
22
100
AcDbEntity
  8
F.Mask
  6
CONTINUOUS
100
AcDbLine
 10
5.0186429921259839
 20
-3.652683149606299
 30
0
 11
5.0163972440944882
 21
-3.6538059842519686
 31
0
  0
LINE
  5
2EA
330
22
100
AcDbEntity
  8
F.Mask
  6
CONTINUOUS
100
AcDbLine
 10
5.0163972440944882
 20
-3.6538059842519686
 30
0
 11
5.0152744094488186
 21
-3.6560517322834647
 31
0
  0
LINE
  5
2EB
330
22
100
AcDbEntity
  8
F.Mask
  6
CONTINUOUS
100
AcDbLine
 10
5.0152744094488186
 20
-3.6560517322834647
 30
0
 11
5.0152744094488186
 21
-3.6565324015748031
 31
0
  0
LINE
  5
2EC
330
22
100
AcDbEntity
  8
F.Mask
  6
CONTINUOUS
100
AcDbLine
 10
5.0152744094488186
 20
-3.6565324015748031
 30
0
 11
5.0163972440944882
 21
-3.6587781102362205
 31
0
  0
LINE
  5
2ED
330
22
100
AcDbEntity
  8
F.Mask
  6
CONTINUOUS
100
AcDbLine
 10
5.0163972440944882
 20
-3.6587781102362205
 30
0
 11
5.0186429921259839
 21
-3.6599009842519683
 31
0
  0
LINE
  5
2EE
330
22
100
AcDbEntity
  8
F.Mask
  6
CONTINUOUS
100
AcDbLine
 10
5.0186429921259839
 20
-3.6599009842519683
 30
0
 11
5.0235702362204719
 21
-3.6599009842519683
 31
0
  0
LINE
  5
2EF
330
22
100
AcDbEntity
  8
F.Mask
  6
CONTINUOUS
100
AcDbLine
 10
5.0235702362204719
 20
-3.6599009842519683
 30
0
 11
5.0241462992125987
 21
-3.6599577165354331
 31
0
  0
LINE
  5
2F0
330
22
100
AcDbEntity
  8
F.Mask
  6
CONTINUOUS
100
AcDbLine
 10
5.0241462992125987
 20
-3.6599577165354331
 30
0
 11
5.024244291338583
 21
-3.6599983070866142
 31
0
  0
LINE
  5
2F1
330
22
100
AcDbEntity
  8
F.Mask
  6
CONTINUOUS
100
AcDbLine
 10
5.024244291338583
 20
-3.6599983070866142
 30
0
 11
5.0243501181102364
 21
-3.6600058267716533
 31
0
  0
LINE
  5
2F2
330
22
100
AcDbEntity
  8
F.Mask
  6
CONTINUOUS
100
AcDbLine
 10
5.0243501181102364
 20
-3.6600058267716533
 30
0
 11
5.0248907480314964
 21
-3.6602127165354328
 31
0
  0
LINE
  5
2F3
330
22
100
AcDbEntity
  8
F.Mask
  6
CONTINUOUS
100
AcDbLine
 10
5.0248907480314964
 20
-3.6602127165354328
 30
0
 11
5.0286402755905515
 21
-3.6620874803149603
 31
0
  0
LINE
  5
2F4
330
22
100
AcDbEntity
  8
F.Mask
  6
CONTINUOUS
100
AcDbLine
 10
5.0286402755905515
 20
-3.6620874803149603
 30
0
 11
5.0287366141732281
 21
-3.6621481102362203
 31
0
  0
LINE
  5
2F5
330
22
100
AcDbEntity
  8
F.Mask
  6
CONTINUOUS
100
AcDbLine
 10
5.0287366141732281
 20
-3.6621481102362203
 30
0
 11
5.0287820472440945
 21
-3.6621632677165352
 31
0
  0
LINE
  5
2F6
330
22
100
AcDbEntity
  8
F.Mask
  6
CONTINUOUS
100
AcDbLine
 10
5.0287820472440945
 20
-3.6621632677165352
 30
0
 11
5.0288385826771655
 21
-3.6622122834645667
 31
0
  0
LINE
  5
2F7
330
22
100
AcDbEntity
  8
F.Mask
  6
CONTINUOUS
100
AcDbLine
 10
5.0288385826771655
 20
-3.6622122834645667
 30
0
 11
5.0291301574803144
 21
-3.6623958267716534
 31
0
  0
LINE
  5
2F8
330
22
100
AcDbEntity
  8
F.Mask
  6
CONTINUOUS
100
AcDbLine
 10
5.0291301574803144
 20
-3.6623958267716534
 30
0
 11
5.0293727165354332
 21
-3.6626755118110235
 31
0
  0
LINE
  5
2F9
330
22
100
AcDbEntity
  8
F.Mask
  6
CONTINUOUS
100
AcDbLine
 10
5.0293727165354332
 20
-3.6626755118110235
 30
0
 11
5.029652440944882
 21
-3.6629181102362205
 31
0
  0
LINE
  5
2FA
330
22
100
AcDbEntity
  8
F.Mask
  6
CONTINUOUS
100
AcDbLine
 10
5.029652440944882
 20
-3.6629181102362205
 30
0
 11
5.0298359448818895
 21
-3.6632096456692911
 31
0
  0
LINE
  5
2FB
330
22
100
AcDbEntity
  8
F.Mask
  6
CONTINUOUS
100
AcDbLine
 10
5.0298359448818895
 20
-3.6632096456692911
 30
0
 11
5.0298850000000002
 21
-3.6632662204724409
 31
0
  0
LINE
  5
2FC
330
22
100
AcDbEntity
  8
F.Mask
  6
CONTINUOUS
100
AcDbLine
 10
5.0298850000000002
 20
-3.6632662204724409
 30
0
 11
5.0299001181102359
 21
-3.6633116141732285
 31
0
  0
LINE
  5
2FD
330
22
100
AcDbEntity
  8
F.Mask
  6
CONTINUOUS
100
AcDbLine
 10
5.0299001181102359
 20
-3.6633116141732285
 30
0
 11
5.029960787401575
 21
-3.6634079921259843
 31
0
  0
LINE
  5
2FE
330
22
100
AcDbEntity
  8
F.Mask
  6
CONTINUOUS
100
AcDbLine
 10
5.029960787401575
 20
-3.6634079921259843
 30
0
 11
5.0318355511811026
 21
-3.6671575196850394
 31
0
  0
LINE
  5
2FF
330
22
100
AcDbEntity
  8
F.Mask
  6
CONTINUOUS
100
AcDbLine
 10
5.0318355511811026
 20
-3.6671575196850394
 30
0
 11
5.0320424409448821
 21
-3.6676981102362203
 31
0
  0
LINE
  5
300
330
22
100
AcDbEntity
  8
F.Mask
  6
CONTINUOUS
100
AcDbLine
 10
5.0320424409448821
 20
-3.6676981102362203
 30
0
 11
5.0320499606299212
 21
-3.6678039763779529
 31
0
  0
LINE
  5
301
330
22
100
AcDbEntity
  8
F.Mask
  6
CONTINUOUS
100
AcDbLine
 10
5.0320499606299212
 20
-3.6678039763779529
 30
0
 11
5.0320905511811018
 21
-3.6679019685039371
 31
0
  0
LINE
  5
302
330
22
100
AcDbEntity
  8
F.Mask
  6
CONTINUOUS
100
AcDbLine
 10
5.0320905511811018
 20
-3.6679019685039371
 30
0
 11
5.0321472834645666
 21
-3.668478031496063
 31
0
  0
LINE
  5
303
330
22
100
AcDbEntity
  8
F.Mask
  6
CONTINUOUS
100
AcDbLine
 10
5.0321472834645666
 20
-3.668478031496063
 30
0
 11
5.0321472834645666
 21
-3.6703527952755906
 31
0
  0
LINE
  5
304
330
22
100
AcDbEntity
  8
F.Mask
  6
CONTINUOUS
100
AcDbLine
 10
5.0321472834645666
 20
-3.6703527952755906
 30
0
 11
5.0320905511811018
 21
-3.6709288582677164
 31
0
  0
LINE
  5
305
330
22
100
AcDbEntity
  8
F.Mask
  6
CONTINUOUS
100
AcDbLine
 10
5.0320905511811018
 20
-3.6709288582677164
 30
0
 11
5.0320499212598424
 21
-3.6710268503937007
 31
0
  0
LINE
  5
306
330
22
100
AcDbEntity
  8
F.Mask
  6
CONTINUOUS
100
AcDbLine
 10
5.0320499212598424
 20
-3.6710268503937007
 30
0
 11
5.0320424409448821
 21
-3.6711326771653541
 31
0
  0
LINE
  5
307
330
22
100
AcDbEntity
  8
F.Mask
  6
CONTINUOUS
100
AcDbLine
 10
5.0320424409448821
 20
-3.6711326771653541
 30
0
 11
5.0318355511811026
 21
-3.6716733070866141
 31
0
  0
LINE
  5
308
330
22
100
AcDbEntity
  8
F.Mask
  6
CONTINUOUS
100
AcDbLine
 10
5.0318355511811026
 20
-3.6716733070866141
 30
0
 11
5.029960787401575
 21
-3.675422874015748
 31
0
  0
LINE
  5
309
330
22
100
AcDbEntity
  8
F.Mask
  6
CONTINUOUS
100
AcDbLine
 10
5.029960787401575
 20
-3.675422874015748
 30
0
 11
5.0299001181102359
 21
-3.6755192125984251
 31
0
  0
LINE
  5
30A
330
22
100
AcDbEntity
  8
F.Mask
  6
CONTINUOUS
100
AcDbLine
 10
5.0299001181102359
 20
-3.6755192125984251
 30
0
 11
5.0298850000000002
 21
-3.6755646456692914
 31
0
  0
LINE
  5
30B
330
22
100
AcDbEntity
  8
F.Mask
  6
CONTINUOUS
100
AcDbLine
 10
5.0298850000000002
 20
-3.6755646456692914
 30
0
 11
5.0298359448818895
 21
-3.675621181102362
 31
0
  0
LINE
  5
30C
330
22
100
AcDbEntity
  8
F.Mask
  6
CONTINUOUS
100
AcDbLine
 10
5.0298359448818895
 20
-3.675621181102362
 30
0
 11
5.029652440944882
 21
-3.6759127559055118
 31
0
  0
LINE
  5
30D
330
22
100
AcDbEntity
  8
F.Mask
  6
CONTINUOUS
100
AcDbLine
 10
5.029652440944882
 20
-3.6759127559055118
 30
0
 11
5.0293727165354332
 21
-3.6761553149606296
 31
0
  0
LINE
  5
30E
330
22
100
AcDbEntity
  8
F.Mask
  6
CONTINUOUS
100
AcDbLine
 10
5.0293727165354332
 20
-3.6761553149606296
 30
0
 11
5.0291301574803144
 21
-3.6764350393700789
 31
0
  0
LINE
  5
30F
330
22
100
AcDbEntity
  8
F.Mask
  6
CONTINUOUS
100
AcDbLine
 10
5.0291301574803144
 20
-3.6764350393700789
 30
0
 11
5.0288385826771655
 21
-3.6766185433070864
 31
0
  0
LINE
  5
310
330
22
100
AcDbEntity
  8
F.Mask
  6
CONTINUOUS
100
AcDbLine
 10
5.0288385826771655
 20
-3.6766185433070864
 30
0
 11
5.0287820472440945
 21
-3.6766675984251966
 31
0
  0
LINE
  5
311
330
22
100
AcDbEntity
  8
F.Mask
  6
CONTINUOUS
100
AcDbLine
 10
5.0287820472440945
 20
-3.6766675984251966
 30
0
 11
5.0287366141732281
 21
-3.6766827165354328
 31
0
  0
LINE
  5
312
330
22
100
AcDbEntity
  8
F.Mask
  6
CONTINUOUS
100
AcDbLine
 10
5.0287366141732281
 20
-3.6766827165354328
 30
0
 11
5.0286402755905515
 21
-3.6767433858267715
 31
0
  0
LINE
  5
313
330
22
100
AcDbEntity
  8
F.Mask
  6
CONTINUOUS
100
AcDbLine
 10
5.0286402755905515
 20
-3.6767433858267715
 30
0
 11
5.0248907480314964
 21
-3.6786181496062991
 31
0
  0
LINE
  5
314
330
22
100
AcDbEntity
  8
F.Mask
  6
CONTINUOUS
100
AcDbLine
 10
5.0248907480314964
 20
-3.6786181496062991
 30
0
 11
5.0243501181102364
 21
-3.6788250393700785
 31
0
  0
LINE
  5
315
330
22
100
AcDbEntity
  8
F.Mask
  6
CONTINUOUS
100
AcDbLine
 10
5.0243501181102364
 20
-3.6788250393700785
 30
0
 11
5.024244291338583
 21
-3.6788325196850393
 31
0
  0
LINE
  5
316
330
22
100
AcDbEntity
  8
F.Mask
  6
CONTINUOUS
100
AcDbLine
 10
5.024244291338583
 20
-3.6788325196850393
 30
0
 11
5.0241462992125987
 21
-3.6788731496062992
 31
0
  0
LINE
  5
317
330
22
100
AcDbEntity
  8
F.Mask
  6
CONTINUOUS
100
AcDbLine
 10
5.0241462992125987
 20
-3.6788731496062992
 30
0
 11
5.0235702362204719
 21
-3.6789298818897636
 31
0
  0
LINE
  5
318
330
22
100
AcDbEntity
  8
F.Mask
  6
CONTINUOUS
100
AcDbLine
 10
5.0235702362204719
 20
-3.6789298818897636
 30
0
 11
5.0160711811023617
 21
-3.6789298818897636
 31
0
  0
LINE
  5
319
330
22
100
AcDbEntity
  8
F.Mask
  6
CONTINUOUS
100
AcDbLine
 10
5.0160711811023617
 20
-3.6789298818897636
 30
0
 11
5.0154951181102359
 21
-3.6788731496062992
 31
0
  0
LINE
  5
31A
330
22
100
AcDbEntity
  8
F.Mask
  6
CONTINUOUS
100
AcDbLine
 10
5.0154951181102359
 20
-3.6788731496062992
 30
0
 11
5.0153971259842516
 21
-3.6788325590551181
 31
0
  0
LINE
  5
31B
330
22
100
AcDbEntity
  8
F.Mask
  6
CONTINUOUS
100
AcDbLine
 10
5.0153971259842516
 20
-3.6788325590551181
 30
0
 11
5.0152912598425194
 21
-3.6788250393700785
 31
0
  0
LINE
  5
31C
330
22
100
AcDbEntity
  8
F.Mask
  6
CONTINUOUS
100
AcDbLine
 10
5.0152912598425194
 20
-3.6788250393700785
 30
0
 11
5.0147506692913382
 21
-3.6786181496062991
 31
0
  0
LINE
  5
31D
330
22
100
AcDbEntity
  8
F.Mask
  6
CONTINUOUS
100
AcDbLine
 10
5.0147506692913382
 20
-3.6786181496062991
 30
0
 11
5.0110011417322831
 21
-3.6767433858267715
 31
0
  0
LINE
  5
31E
330
22
100
AcDbEntity
  8
F.Mask
  6
CONTINUOUS
100
AcDbLine
 10
5.0110011417322831
 20
-3.6767433858267715
 30
0
 11
5.0105112598425192
 21
-3.6764350393700789
 31
0
  0
LINE
  5
31F
330
22
100
AcDbEntity
  8
F.Mask
  6
CONTINUOUS
100
AcDbLine
 10
5.0105112598425192
 20
-3.6764350393700789
 30
0
 11
5.0097564173228344
 21
-3.6755646456692914
 31
0
  0
LINE
  5
320
330
22
100
AcDbEntity
  8
F.Mask
  6
CONTINUOUS
100
AcDbLine
 10
5.0097564173228344
 20
-3.6755646456692914
 30
0
 11
5.0093920866141728
 21
-3.6744716929133858
 31
0
  0
LINE
  5
321
330
22
100
AcDbEntity
  8
F.Mask
  6
CONTINUOUS
100
AcDbLine
 10
5.0093920866141728
 20
-3.6744716929133858
 30
0
 11
5.00947374015748
 21
-3.6733224803149604
 31
0
  0
LINE
  5
322
330
22
100
AcDbEntity
  8
F.Mask
  6
CONTINUOUS
100
AcDbLine
 10
5.00947374015748
 20
-3.6733224803149604
 30
0
 11
5.0099889763779526
 21
-3.672291968503937
 31
0
  0
LINE
  5
323
330
22
100
AcDbEntity
  8
F.Mask
  6
CONTINUOUS
100
AcDbLine
 10
5.0099889763779526
 20
-3.672291968503937
 30
0
 11
5.01085937007874
 21
-3.6715371259842517
 31
0
  0
LINE
  5
324
330
22
100
AcDbEntity
  8
F.Mask
  6
CONTINUOUS
100
AcDbLine
 10
5.01085937007874
 20
-3.6715371259842517
 30
0
 11
5.0119523228346452
 21
-3.6711727952755906
 31
0
  0
LINE
  5
325
330
22
100
AcDbEntity
  8
F.Mask
  6
CONTINUOUS
100
AcDbLine
 10
5.0119523228346452
 20
-3.6711727952755906
 30
0
 11
5.013101535433071
 21
-3.6712544488188974
 31
0
  0
LINE
  5
326
330
22
100
AcDbEntity
  8
F.Mask
  6
CONTINUOUS
100
AcDbLine
 10
5.013101535433071
 20
-3.6712544488188974
 30
0
 11
5.0136421653543302
 21
-3.6714613385826769
 31
0
  0
LINE
  5
327
330
22
100
AcDbEntity
  8
F.Mask
  6
CONTINUOUS
100
AcDbLine
 10
5.0136421653543302
 20
-3.6714613385826769
 30
0
 11
5.0167682283464563
 21
-3.6730243700787399
 31
0
  0
LINE
  5
328
330
22
100
AcDbEntity
  8
F.Mask
  6
CONTINUOUS
100
AcDbLine
 10
5.0167682283464563
 20
-3.6730243700787399
 30
0
 11
5.0228731889763782
 21
-3.6730243700787399
 31
0
  0
LINE
  5
329
330
22
100
AcDbEntity
  8
F.Mask
  6
CONTINUOUS
100
AcDbLine
 10
5.0228731889763782
 20
-3.6730243700787399
 30
0
 11
5.0251188976377952
 21
-3.6719014960629921
 31
0
  0
LINE
  5
32A
330
22
100
AcDbEntity
  8
F.Mask
  6
CONTINUOUS
100
AcDbLine
 10
5.0251188976377952
 20
-3.6719014960629921
 30
0
 11
5.0262417716535435
 21
-3.669655748031496
 31
0
  0
LINE
  5
32B
330
22
100
AcDbEntity
  8
F.Mask
  6
CONTINUOUS
100
AcDbLine
 10
5.0262417716535435
 20
-3.669655748031496
 30
0
 11
5.0262417716535435
 21
-3.6691750787401576
 31
0
  0
LINE
  5
32C
330
22
100
AcDbEntity
  8
F.Mask
  6
CONTINUOUS
100
AcDbLine
 10
5.0262417716535435
 20
-3.6691750787401576
 30
0
 11
5.0251188976377952
 21
-3.6669293307086614
 31
0
  0
LINE
  5
32D
330
22
100
AcDbEntity
  8
F.Mask
  6
CONTINUOUS
100
AcDbLine
 10
5.0251188976377952
 20
-3.6669293307086614
 30
0
 11
5.0228731889763782
 21
-3.6658064960629919
 31
0
  0
LINE
  5
32E
330
22
100
AcDbEntity
  8
F.Mask
  6
CONTINUOUS
100
AcDbLine
 10
5.0228731889763782
 20
-3.6658064960629919
 30
0
 11
5.0179459448818893
 21
-3.6658064960629919
 31
0
  0
LINE
  5
32F
330
22
100
AcDbEntity
  8
F.Mask
  6
CONTINUOUS
100
AcDbLine
 10
5.0179459448818893
 20
-3.6658064960629919
 30
0
 11
5.0173698818897634
 21
-3.6657497637795275
 31
0
  0
LINE
  5
330
330
22
100
AcDbEntity
  8
F.Mask
  6
CONTINUOUS
100
AcDbLine
 10
5.0173698818897634
 20
-3.6657497637795275
 30
0
 11
5.0172718897637791
 21
-3.6657091732283464
 31
0
  0
LINE
  5
331
330
22
100
AcDbEntity
  8
F.Mask
  6
CONTINUOUS
100
AcDbLine
 10
5.0172718897637791
 20
-3.6657091732283464
 30
0
 11
5.017166023622047
 21
-3.6657016535433069
 31
0
  0
LINE
  5
332
330
22
100
AcDbEntity
  8
F.Mask
  6
CONTINUOUS
100
AcDbLine
 10
5.017166023622047
 20
-3.6657016535433069
 30
0
 11
5.0166254330708657
 21
-3.6654947637795274
 31
0
  0
LINE
  5
333
330
22
100
AcDbEntity
  8
F.Mask
  6
CONTINUOUS
100
AcDbLine
 10
5.0166254330708657
 20
-3.6654947637795274
 30
0
 11
5.0128759055118106
 21
-3.6636199999999999
 31
0
  0
LINE
  5
334
330
22
100
AcDbEntity
  8
F.Mask
  6
CONTINUOUS
100
AcDbLine
 10
5.0128759055118106
 20
-3.6636199999999999
 30
0
 11
5.0127795275590552
 21
-3.6635593307086611
 31
0
  0
LINE
  5
335
330
22
100
AcDbEntity
  8
F.Mask
  6
CONTINUOUS
100
AcDbLine
 10
5.0127795275590552
 20
-3.6635593307086611
 30
0
 11
5.0127341338582676
 21
-3.663544212598425
 31
0
  0
LINE
  5
336
330
22
100
AcDbEntity
  8
F.Mask
  6
CONTINUOUS
100
AcDbLine
 10
5.0127341338582676
 20
-3.663544212598425
 30
0
 11
5.0126775590551178
 21
-3.6634951574803147
 31
0
  0
LINE
  5
337
330
22
100
AcDbEntity
  8
F.Mask
  6
CONTINUOUS
100
AcDbLine
 10
5.0126775590551178
 20
-3.6634951574803147
 30
0
 11
5.0123860236220468
 21
-3.6633116535433068
 31
0
  0
LINE
  5
338
330
22
100
AcDbEntity
  8
F.Mask
  6
CONTINUOUS
100
AcDbLine
 10
5.0123860236220468
 20
-3.6633116535433068
 30
0
 11
5.0121434251968502
 21
-3.663031929133858
 31
0
  0
LINE
  5
339
330
22
100
AcDbEntity
  8
F.Mask
  6
CONTINUOUS
100
AcDbLine
 10
5.0121434251968502
 20
-3.663031929133858
 30
0
 11
5.0118637401574802
 21
-3.6627893700787402
 31
0
  0
LINE
  5
33A
330
22
100
AcDbEntity
  8
F.Mask
  6
CONTINUOUS
100
AcDbLine
 10
5.0118637401574802
 20
-3.6627893700787402
 30
0
 11
5.0116801968503939
 21
-3.6624977952755904
 31
0
  0
LINE
  5
33B
330
22
100
AcDbEntity
  8
F.Mask
  6
CONTINUOUS
100
AcDbLine
 10
5.0116801968503939
 20
-3.6624977952755904
 30
0
 11
5.0116311811023619
 21
-3.6624412598425198
 31
0
  0
LINE
  5
33C
330
22
100
AcDbEntity
  8
F.Mask
  6
CONTINUOUS
100
AcDbLine
 10
5.0116311811023619
 20
-3.6624412598425198
 30
0
 11
5.0116160236220475
 21
-3.6623958267716534
 31
0
  0
LINE
  5
33D
330
22
100
AcDbEntity
  8
F.Mask
  6
CONTINUOUS
100
AcDbLine
 10
5.0116160236220475
 20
-3.6623958267716534
 30
0
 11
5.0115553937007871
 21
-3.6622994881889763
 31
0
  0
LINE
  5
33E
330
22
100
AcDbEntity
  8
F.Mask
  6
CONTINUOUS
100
AcDbLine
 10
5.0115553937007871
 20
-3.6622994881889763
 30
0
 11
5.0096806299212595
 21
-3.6585499606299212
 31
0
  0
LINE
  5
33F
330
22
100
AcDbEntity
  8
F.Mask
  6
CONTINUOUS
100
AcDbLine
 10
5.0096806299212595
 20
-3.6585499606299212
 30
0
 11
5.00947374015748
 21
-3.6580093307086612
 31
0
  0
LINE
  5
340
330
22
100
AcDbEntity
  8
F.Mask
  6
CONTINUOUS
100
AcDbLine
 10
5.00947374015748
 20
-3.6580093307086612
 30
0
 11
5.0094662204724409
 21
-3.6579035039370078
 31
0
  0
LINE
  5
341
330
22
100
AcDbEntity
  8
F.Mask
  6
CONTINUOUS
100
AcDbLine
 10
5.0094662204724409
 20
-3.6579035039370078
 30
0
 11
5.0094256299212594
 21
-3.6578055118110235
 31
0
  0
LINE
  5
342
330
22
100
AcDbEntity
  8
F.Mask
  6
CONTINUOUS
100
AcDbLine
 10
5.0094256299212594
 20
-3.6578055118110235
 30
0
 11
5.0093688976377955
 21
-3.6572294488188977
 31
0
  0
LINE
  5
343
330
22
100
AcDbEntity
  8
F.Mask
  6
CONTINUOUS
100
AcDbLine
 10
5.0093688976377955
 20
-3.6572294488188977
 30
0
 11
5.0093688976377955
 21
-3.6553546850393701
 31
0
  0
LINE
  5
344
330
22
100
AcDbEntity
  8
F.Mask
  6
CONTINUOUS
100
AcDbLine
 10
5.0093688976377955
 20
-3.6553546850393701
 30
0
 11
5.0094256299212594
 21
-3.6547786220472438
 31
0
  0
LINE
  5
345
330
22
100
AcDbEntity
  8
F.Mask
  6
CONTINUOUS
100
AcDbLine
 10
5.0094256299212594
 20
-3.6547786220472438
 30
0
 11
5.0094662204724409
 21
-3.6546805905511812
 31
0
  0
LINE
  5
346
330
22
100
AcDbEntity
  8
F.Mask
  6
CONTINUOUS
100
AcDbLine
 10
5.0094662204724409
 20
-3.6546805905511812
 30
0
 11
5.00947374015748
 21
-3.6545748031496061
 31
0
  0
LINE
  5
347
330
22
100
AcDbEntity
  8
F.Mask
  6
CONTINUOUS
100
AcDbLine
 10
5.00947374015748
 20
-3.6545748031496061
 30
0
 11
5.0096806299212595
 21
-3.6540341732283466
 31
0
  0
LINE
  5
348
330
22
100
AcDbEntity
  8
F.Mask
  6
CONTINUOUS
100
AcDbLine
 10
5.0096806299212595
 20
-3.6540341732283466
 30
0
 11
5.0115553937007871
 21
-3.6502846456692915
 31
0
  0
LINE
  5
349
330
22
100
AcDbEntity
  8
F.Mask
  6
CONTINUOUS
100
AcDbLine
 10
5.0115553937007871
 20
-3.6502846456692915
 30
0
 11
5.0116160236220475
 21
-3.6501882677165352
 31
0
  0
LINE
  5
34A
330
22
100
AcDbEntity
  8
F.Mask
  6
CONTINUOUS
100
AcDbLine
 10
5.0116160236220475
 20
-3.6501882677165352
 30
0
 11
5.0116311811023619
 21
-3.650142874015748
 31
0
  0
LINE
  5
34B
330
22
100
AcDbEntity
  8
F.Mask
  6
CONTINUOUS
100
AcDbLine
 10
5.0116311811023619
 20
-3.650142874015748
 30
0
 11
5.0116801968503939
 21
-3.6500862992125982
 31
0
  0
LINE
  5
34C
330
22
100
AcDbEntity
  8
F.Mask
  6
CONTINUOUS
100
AcDbLine
 10
5.0116801968503939
 20
-3.6500862992125982
 30
0
 11
5.0118637401574802
 21
-3.6497947637795276
 31
0
  0
LINE
  5
34D
330
22
100
AcDbEntity
  8
F.Mask
  6
CONTINUOUS
100
AcDbLine
 10
5.0118637401574802
 20
-3.6497947637795276
 30
0
 11
5.0121434251968502
 21
-3.6495521653543306
 31
0
  0
LINE
  5
34E
330
22
100
AcDbEntity
  8
F.Mask
  6
CONTINUOUS
100
AcDbLine
 10
5.0121434251968502
 20
-3.6495521653543306
 30
0
 11
5.0123860236220468
 21
-3.6492724803149605
 31
0
  0
LINE
  5
34F
330
22
100
AcDbEntity
  8
F.Mask
  6
CONTINUOUS
100
AcDbLine
 10
5.0123860236220468
 20
-3.6492724803149605
 30
0
 11
5.0126775590551178
 21
-3.6490889370078738
 31
0
  0
LINE
  5
350
330
22
100
AcDbEntity
  8
F.Mask
  6
CONTINUOUS
100
AcDbLine
 10
5.0126775590551178
 20
-3.6490889370078738
 30
0
 11
5.0127341338582676
 21
-3.6490399212598423
 31
0
  0
LINE
  5
351
330
22
100
AcDbEntity
  8
F.Mask
  6
CONTINUOUS
100
AcDbLine
 10
5.0127341338582676
 20
-3.6490399212598423
 30
0
 11
5.0127795275590552
 21
-3.6490247637795274
 31
0
  0
LINE
  5
352
330
22
100
AcDbEntity
  8
F.Mask
  6
CONTINUOUS
100
AcDbLine
 10
5.0127795275590552
 20
-3.6490247637795274
 30
0
 11
5.0128759055118106
 21
-3.6489641338582675
 31
0
  0
LINE
  5
353
330
22
100
AcDbEntity
  8
F.Mask
  6
CONTINUOUS
100
AcDbLine
 10
5.0128759055118106
 20
-3.6489641338582675
 30
0
 11
5.0166254330708657
 21
-3.6470893700787399
 31
0
  0
LINE
  5
354
330
22
100
AcDbEntity
  8
F.Mask
  6
CONTINUOUS
100
AcDbLine
 10
5.0166254330708657
 20
-3.6470893700787399
 30
0
 11
5.017166023622047
 21
-3.6468824803149604
 31
0
  0
LINE
  5
355
330
22
100
AcDbEntity
  8
F.Mask
  6
CONTINUOUS
100
AcDbLine
 10
5.017166023622047
 20
-3.6468824803149604
 30
0
 11
5.0172718897637791
 21
-3.6468749212598426
 31
0
  0
LINE
  5
356
330
22
100
AcDbEntity
  8
F.Mask
  6
CONTINUOUS
100
AcDbLine
 10
5.0172718897637791
 20
-3.6468749212598426
 30
0
 11
5.0173698818897634
 21
-3.6468343700787402
 31
0
  0
LINE
  5
357
330
22
100
AcDbEntity
  8
F.Mask
  6
CONTINUOUS
100
AcDbLine
 10
5.0173698818897634
 20
-3.6468343700787402
 30
0
 11
5.0179459448818893
 21
-3.6467776377952754
 31
0
  0
LINE
  5
358
330
22
100
AcDbEntity
  8
F.Mask
  6
CONTINUOUS
100
AcDbLine
 10
5.0179459448818893
 20
-3.6467776377952754
 30
0
 11
5.0235702362204719
 21
-3.6467776377952754
 31
0
  0
LINE
  5
359
330
22
100
AcDbEntity
  8
F.Mask
  6
CONTINUOUS
100
AcDbLine
 10
5.0235702362204719
 20
-3.6467776377952754
 30
0
 11
5.0241462992125987
 21
-3.6468343700787402
 31
0
  0
LINE
  5
35A
330
22
100
AcDbEntity
  8
F.Mask
  6
CONTINUOUS
100
AcDbLine
 10
5.1272584251968505
 20
-3.6468343700787402
 30
0
 11
5.1273564173228348
 21
-3.6468749606299213
 31
0
  0
LINE
  5
35B
330
22
100
AcDbEntity
  8
F.Mask
  6
CONTINUOUS
100
AcDbLine
 10
5.1273564173228348
 20
-3.6468749606299213
 30
0
 11
5.1274622440944881
 21
-3.6468824803149604
 31
0
  0
LINE
  5
35C
330
22
100
AcDbEntity
  8
F.Mask
  6
CONTINUOUS
100
AcDbLine
 10
5.1274622440944881
 20
-3.6468824803149604
 30
0
 11
5.1280028740157482
 21
-3.6470893700787399
 31
0
  0
LINE
  5
35D
330
22
100
AcDbEntity
  8
F.Mask
  6
CONTINUOUS
100
AcDbLine
 10
5.1280028740157482
 20
-3.6470893700787399
 30
0
 11
5.1317524015748033
 21
-3.6489641338582675
 31
0
  0
LINE
  5
35E
330
22
100
AcDbEntity
  8
F.Mask
  6
CONTINUOUS
100
AcDbLine
 10
5.1317524015748033
 20
-3.6489641338582675
 30
0
 11
5.1318487401574799
 21
-3.6490247637795274
 31
0
  0
LINE
  5
35F
330
22
100
AcDbEntity
  8
F.Mask
  6
CONTINUOUS
100
AcDbLine
 10
5.1318487401574799
 20
-3.6490247637795274
 30
0
 11
5.1318941732283463
 21
-3.6490399212598423
 31
0
  0
LINE
  5
360
330
22
100
AcDbEntity
  8
F.Mask
  6
CONTINUOUS
100
AcDbLine
 10
5.1318941732283463
 20
-3.6490399212598423
 30
0
 11
5.1319507086614173
 21
-3.6490889370078738
 31
0
  0
LINE
  5
361
330
22
100
AcDbEntity
  8
F.Mask
  6
CONTINUOUS
100
AcDbLine
 10
5.1319507086614173
 20
-3.6490889370078738
 30
0
 11
5.1322422834645671
 21
-3.6492724803149605
 31
0
  0
LINE
  5
362
330
22
100
AcDbEntity
  8
F.Mask
  6
CONTINUOUS
100
AcDbLine
 10
5.1322422834645671
 20
-3.6492724803149605
 30
0
 11
5.132484842519685
 21
-3.6495521653543306
 31
0
  0
LINE
  5
363
330
22
100
AcDbEntity
  8
F.Mask
  6
CONTINUOUS
100
AcDbLine
 10
5.132484842519685
 20
-3.6495521653543306
 30
0
 11
5.1327645669291337
 21
-3.6497947637795276
 31
0
  0
LINE
  5
364
330
22
100
AcDbEntity
  8
F.Mask
  6
CONTINUOUS
100
AcDbLine
 10
5.1327645669291337
 20
-3.6497947637795276
 30
0
 11
5.1329480708661412
 21
-3.6500862992125982
 31
0
  0
LINE
  5
365
330
22
100
AcDbEntity
  8
F.Mask
  6
CONTINUOUS
100
AcDbLine
 10
5.1329480708661412
 20
-3.6500862992125982
 30
0
 11
5.132997125984252
 21
-3.650142874015748
 31
0
  0
LINE
  5
366
330
22
100
AcDbEntity
  8
F.Mask
  6
CONTINUOUS
100
AcDbLine
 10
5.132997125984252
 20
-3.650142874015748
 30
0
 11
5.1330122440944876
 21
-3.6501882677165352
 31
0
  0
LINE
  5
367
330
22
100
AcDbEntity
  8
F.Mask
  6
CONTINUOUS
100
AcDbLine
 10
5.1330122440944876
 20
-3.6501882677165352
 30
0
 11
5.1330729133858268
 21
-3.6502846456692915
 31
0
  0
LINE
  5
368
330
22
100
AcDbEntity
  8
F.Mask
  6
CONTINUOUS
100
AcDbLine
 10
5.1330729133858268
 20
-3.6502846456692915
 30
0
 11
5.1349476771653544
 21
-3.6540341732283466
 31
0
  0
LINE
  5
369
330
22
100
AcDbEntity
  8
F.Mask
  6
CONTINUOUS
100
AcDbLine
 10
5.1349476771653544
 20
-3.6540341732283466
 30
0
 11
5.1351545669291339
 21
-3.6545747637795274
 31
0
  0
LINE
  5
36A
330
22
100
AcDbEntity
  8
F.Mask
  6
CONTINUOUS
100
AcDbLine
 10
5.1351545669291339
 20
-3.6545747637795274
 30
0
 11
5.1351620866141729
 21
-3.65468062992126
 31
0
  0
LINE
  5
36B
330
22
100
AcDbEntity
  8
F.Mask
  6
CONTINUOUS
100
AcDbLine
 10
5.1351620866141729
 20
-3.65468062992126
 30
0
 11
5.1352026771653545
 21
-3.6547786220472438
 31
0
  0
LINE
  5
36C
330
22
100
AcDbEntity
  8
F.Mask
  6
CONTINUOUS
100
AcDbLine
 10
5.1352026771653545
 20
-3.6547786220472438
 30
0
 11
5.1352594094488184
 21
-3.6553546850393701
 31
0
  0
LINE
  5
36D
330
22
100
AcDbEntity
  8
F.Mask
  6
CONTINUOUS
100
AcDbLine
 10
5.1352594094488184
 20
-3.6553546850393701
 30
0
 11
5.1352594094488184
 21
-3.675977125984252
 31
0
  0
LINE
  5
36E
330
22
100
AcDbEntity
  8
F.Mask
  6
CONTINUOUS
100
AcDbLine
 10
5.1352594094488184
 20
-3.675977125984252
 30
0
 11
5.1352026771653545
 21
-3.6765531889763778
 31
0
  0
LINE
  5
36F
330
22
100
AcDbEntity
  8
F.Mask
  6
CONTINUOUS
100
AcDbLine
 10
5.1352026771653545
 20
-3.6765531889763778
 30
0
 11
5.134761771653543
 21
-3.6776175984251966
 31
0
  0
LINE
  5
370
330
22
100
AcDbEntity
  8
F.Mask
  6
CONTINUOUS
100
AcDbLine
 10
5.134761771653543
 20
-3.6776175984251966
 30
0
 11
5.1339471259842515
 21
-3.6784322440944881
 31
0
  0
LINE
  5
371
330
22
100
AcDbEntity
  8
F.Mask
  6
CONTINUOUS
100
AcDbLine
 10
5.1339471259842515
 20
-3.6784322440944881
 30
0
 11
5.1328827165354332
 21
-3.6788731496062992
 31
0
  0
LINE
  5
372
330
22
100
AcDbEntity
  8
F.Mask
  6
CONTINUOUS
100
AcDbLine
 10
5.1328827165354332
 20
-3.6788731496062992
 30
0
 11
5.1317305905511814
 21
-3.6788731496062992
 31
0
  0
LINE
  5
373
330
22
100
AcDbEntity
  8
F.Mask
  6
CONTINUOUS
100
AcDbLine
 10
5.1317305905511814
 20
-3.6788731496062992
 30
0
 11
5.1306661811023622
 21
-3.6784322440944881
 31
0
  0
LINE
  5
374
330
22
100
AcDbEntity
  8
F.Mask
  6
CONTINUOUS
100
AcDbLine
 10
5.1306661811023622
 20
-3.6784322440944881
 30
0
 11
5.1305272440944885
 21
-3.678293307086614
 31
0
  0
LINE
  5
375
330
22
100
AcDbEntity
  8
F.Mask
  6
CONTINUOUS
100
AcDbLine
 10
5.1305272440944885
 20
-3.678293307086614
 30
0
 11
5.1298776377952757
 21
-3.6786181496062991
 31
0
  0
LINE
  5
376
330
22
100
AcDbEntity
  8
F.Mask
  6
CONTINUOUS
100
AcDbLine
 10
5.1298776377952757
 20
-3.6786181496062991
 30
0
 11
5.1293370078740157
 21
-3.6788250393700785
 31
0
  0
LINE
  5
377
330
22
100
AcDbEntity
  8
F.Mask
  6
CONTINUOUS
100
AcDbLine
 10
5.1293370078740157
 20
-3.6788250393700785
 30
0
 11
5.1292311811023623
 21
-3.6788325196850393
 31
0
  0
LINE
  5
378
330
22
100
AcDbEntity
  8
F.Mask
  6
CONTINUOUS
100
AcDbLine
 10
5.1292311811023623
 20
-3.6788325196850393
 30
0
 11
5.129133188976378
 21
-3.6788731496062992
 31
0
  0
LINE
  5
379
330
22
100
AcDbEntity
  8
F.Mask
  6
CONTINUOUS
100
AcDbLine
 10
5.129133188976378
 20
-3.6788731496062992
 30
0
 11
5.1285571259842522
 21
-3.6789298818897636
 31
0
  0
LINE
  5
37A
330
22
100
AcDbEntity
  8
F.Mask
  6
CONTINUOUS
100
AcDbLine
 10
5.1285571259842522
 20
-3.6789298818897636
 30
0
 11
5.1191833070866144
 21
-3.6789298818897636
 31
0
  0
LINE
  5
37B
330
22
100
AcDbEntity
  8
F.Mask
  6
CONTINUOUS
100
AcDbLine
 10
5.1191833070866144
 20
-3.6789298818897636
 30
0
 11
5.1186072440944876
 21
-3.6788731496062992
 31
0
  0
LINE
  5
37C
330
22
100
AcDbEntity
  8
F.Mask
  6
CONTINUOUS
100
AcDbLine
 10
5.1186072440944876
 20
-3.6788731496062992
 30
0
 11
5.1185092519685043
 21
-3.6788325590551181
 31
0
  0
LINE
  5
37D
330
22
100
AcDbEntity
  8
F.Mask
  6
CONTINUOUS
100
AcDbLine
 10
5.1185092519685043
 20
-3.6788325590551181
 30
0
 11
5.1184033858267712
 21
-3.6788250393700785
 31
0
  0
LINE
  5
37E
330
22
100
AcDbEntity
  8
F.Mask
  6
CONTINUOUS
100
AcDbLine
 10
5.1184033858267712
 20
-3.6788250393700785
 30
0
 11
5.1178627952755908
 21
-3.6786181496062991
 31
0
  0
LINE
  5
37F
330
22
100
AcDbEntity
  8
F.Mask
  6
CONTINUOUS
100
AcDbLine
 10
5.1178627952755908
 20
-3.6786181496062991
 30
0
 11
5.1141132677165357
 21
-3.6767433858267715
 31
0
  0
LINE
  5
380
330
22
100
AcDbEntity
  8
F.Mask
  6
CONTINUOUS
100
AcDbLine
 10
5.1141132677165357
 20
-3.6767433858267715
 30
0
 11
5.1140168897637794
 21
-3.6766827165354328
 31
0
  0
LINE
  5
381
330
22
100
AcDbEntity
  8
F.Mask
  6
CONTINUOUS
100
AcDbLine
 10
5.1140168897637794
 20
-3.6766827165354328
 30
0
 11
5.1139714960629918
 21
-3.6766675984251966
 31
0
  0
LINE
  5
382
330
22
100
AcDbEntity
  8
F.Mask
  6
CONTINUOUS
100
AcDbLine
 10
5.1139714960629918
 20
-3.6766675984251966
 30
0
 11
5.113914921259842
 21
-3.6766185433070864
 31
0
  0
LINE
  5
383
330
22
100
AcDbEntity
  8
F.Mask
  6
CONTINUOUS
100
AcDbLine
 10
5.113914921259842
 20
-3.6766185433070864
 30
0
 11
5.1136233858267719
 21
-3.6764350393700789
 31
0
  0
LINE
  5
384
330
22
100
AcDbEntity
  8
F.Mask
  6
CONTINUOUS
100
AcDbLine
 10
5.1136233858267719
 20
-3.6764350393700789
 30
0
 11
5.1133807086614169
 21
-3.6761551968503938
 31
0
  0
LINE
  5
385
330
22
100
AcDbEntity
  8
F.Mask
  6
CONTINUOUS
100
AcDbLine
 10
5.1133807086614169
 20
-3.6761551968503938
 30
0
 11
5.1131011023622044
 21
-3.6759127165354331
 31
0
  0
LINE
  5
386
330
22
100
AcDbEntity
  8
F.Mask
  6
CONTINUOUS
100
AcDbLine
 10
5.1131011023622044
 20
-3.6759127165354331
 30
0
 11
5.1129175984251969
 21
-3.6756212204724408
 31
0
  0
LINE
  5
387
330
22
100
AcDbEntity
  8
F.Mask
  6
CONTINUOUS
100
AcDbLine
 10
5.1129175984251969
 20
-3.6756212204724408
 30
0
 11
5.1128685433070862
 21
-3.6755646456692914
 31
0
  0
LINE
  5
388
330
22
100
AcDbEntity
  8
F.Mask
  6
CONTINUOUS
100
AcDbLine
 10
5.1128685433070862
 20
-3.6755646456692914
 30
0
 11
5.1128533858267717
 21
-3.6755191732283463
 31
0
  0
LINE
  5
389
330
22
100
AcDbEntity
  8
F.Mask
  6
CONTINUOUS
100
AcDbLine
 10
5.1128533858267717
 20
-3.6755191732283463
 30
0
 11
5.1127927559055113
 21
-3.675422874015748
 31
0
  0
LINE
  5
38A
330
22
100
AcDbEntity
  8
F.Mask
  6
CONTINUOUS
100
AcDbLine
 10
5.1127927559055113
 20
-3.675422874015748
 30
0
 11
5.1109179921259837
 21
-3.6716733070866141
 31
0
  0
LINE
  5
38B
330
22
100
AcDbEntity
  8
F.Mask
  6
CONTINUOUS
100
AcDbLine
 10
5.1109179921259837
 20
-3.6716733070866141
 30
0
 11
5.1107111023622043
 21
-3.6711326771653541
 31
0
  0
LINE
  5
38C
330
22
100
AcDbEntity
  8
F.Mask
  6
CONTINUOUS
100
AcDbLine
 10
5.1107111023622043
 20
-3.6711326771653541
 30
0
 11
5.1107035826771652
 21
-3.6710268503937007
 31
0
  0
LINE
  5
38D
330
22
100
AcDbEntity
  8
F.Mask
  6
CONTINUOUS
100
AcDbLine
 10
5.1107035826771652
 20
-3.6710268503937007
 30
0
 11
5.1106629921259845
 21
-3.6709288582677164
 31
0
  0
LINE
  5
38E
330
22
100
AcDbEntity
  8
F.Mask
  6
CONTINUOUS
100
AcDbLine
 10
5.1106629921259845
 20
-3.6709288582677164
 30
0
 11
5.1106062598425197
 21
-3.6703527952755906
 31
0
  0
LINE
  5
38F
330
22
100
AcDbEntity
  8
F.Mask
  6
CONTINUOUS
100
AcDbLine
 10
5.1106062598425197
 20
-3.6703527952755906
 30
0
 11
5.1106062598425197
 21
-3.6666032677165354
 31
0
  0
LINE
  5
390
330
22
100
AcDbEntity
  8
F.Mask
  6
CONTINUOUS
100
AcDbLine
 10
5.1106062598425197
 20
-3.6666032677165354
 30
0
 11
5.1106629921259845
 21
-3.6660272047244096
 31
0
  0
LINE
  5
391
330
22
100
AcDbEntity
  8
F.Mask
  6
CONTINUOUS
100
AcDbLine
 10
5.1106629921259845
 20
-3.6660272047244096
 30
0
 11
5.1107035826771652
 21
-3.6659291732283465
 31
0
  0
LINE
  5
392
330
22
100
AcDbEntity
  8
F.Mask
  6
CONTINUOUS
100
AcDbLine
 10
5.1107035826771652
 20
-3.6659291732283465
 30
0
 11
5.1107111023622043
 21
-3.6658233858267715
 31
0
  0
LINE
  5
393
330
22
100
AcDbEntity
  8
F.Mask
  6
CONTINUOUS
100
AcDbLine
 10
5.1107111023622043
 20
-3.6658233858267715
 30
0
 11
5.1109179921259837
 21
-3.6652827559055119
 31
0
  0
LINE
  5
394
330
22
100
AcDbEntity
  8
F.Mask
  6
CONTINUOUS
100
AcDbLine
 10
5.1109179921259837
 20
-3.6652827559055119
 30
0
 11
5.1127927559055113
 21
-3.6615332283464568
 31
0
  0
LINE
  5
395
330
22
100
AcDbEntity
  8
F.Mask
  6
CONTINUOUS
100
AcDbLine
 10
5.1127927559055113
 20
-3.6615332283464568
 30
0
 11
5.1128533858267717
 21
-3.6614368503937009
 31
0
  0
LINE
  5
396
330
22
100
AcDbEntity
  8
F.Mask
  6
CONTINUOUS
100
AcDbLine
 10
5.1128533858267717
 20
-3.6614368503937009
 30
0
 11
5.1128685433070862
 21
-3.6613914566929133
 31
0
  0
LINE
  5
397
330
22
100
AcDbEntity
  8
F.Mask
  6
CONTINUOUS
100
AcDbLine
 10
5.1128685433070862
 20
-3.6613914566929133
 30
0
 11
5.1129175590551181
 21
-3.6613348818897635
 31
0
  0
LINE
  5
398
330
22
100
AcDbEntity
  8
F.Mask
  6
CONTINUOUS
100
AcDbLine
 10
5.1129175590551181
 20
-3.6613348818897635
 30
0
 11
5.1131011023622044
 21
-3.6610433464566929
 31
0
  0
LINE
  5
399
330
22
100
AcDbEntity
  8
F.Mask
  6
CONTINUOUS
100
AcDbLine
 10
5.1131011023622044
 20
-3.6610433464566929
 30
0
 11
5.1133807874015744
 21
-3.6608007480314959
 31
0
  0
LINE
  5
39A
330
22
100
AcDbEntity
  8
F.Mask
  6
CONTINUOUS
100
AcDbLine
 10
5.1133807874015744
 20
-3.6608007480314959
 30
0
 11
5.1136233858267719
 21
-3.6605210629921259
 31
0
  0
LINE
  5
39B
330
22
100
AcDbEntity
  8
F.Mask
  6
CONTINUOUS
100
AcDbLine
 10
5.1136233858267719
 20
-3.6605210629921259
 30
0
 11
5.113914921259842
 21
-3.6603375196850392
 31
0
  0
LINE
  5
39C
330
22
100
AcDbEntity
  8
F.Mask
  6
CONTINUOUS
100
AcDbLine
 10
5.113914921259842
 20
-3.6603375196850392
 30
0
 11
5.1139714960629918
 21
-3.6602885039370077
 31
0
  0
LINE
  5
39D
330
22
100
AcDbEntity
  8
F.Mask
  6
CONTINUOUS
100
AcDbLine
 10
5.1139714960629918
 20
-3.6602885039370077
 30
0
 11
5.1140168897637794
 21
-3.6602733464566928
 31
0
  0
LINE
  5
39E
330
22
100
AcDbEntity
  8
F.Mask
  6
CONTINUOUS
100
AcDbLine
 10
5.1140168897637794
 20
-3.6602733464566928
 30
0
 11
5.1141132677165357
 21
-3.6602127165354328
 31
0
  0
LINE
  5
39F
330
22
100
AcDbEntity
  8
F.Mask
  6
CONTINUOUS
100
AcDbLine
 10
5.1141132677165357
 20
-3.6602127165354328
 30
0
 11
5.1178627952755908
 21
-3.6583379527559052
 31
0
  0
LINE
  5
3A0
330
22
100
AcDbEntity
  8
F.Mask
  6
CONTINUOUS
100
AcDbLine
 10
5.1178627952755908
 20
-3.6583379527559052
 30
0
 11
5.1184033858267712
 21
-3.6581310629921258
 31
0
  0
LINE
  5
3A1
330
22
100
AcDbEntity
  8
F.Mask
  6
CONTINUOUS
100
AcDbLine
 10
5.1184033858267712
 20
-3.6581310629921258
 30
0
 11
5.1185092519685043
 21
-3.6581235039370079
 31
0
  0
LINE
  5
3A2
330
22
100
AcDbEntity
  8
F.Mask
  6
CONTINUOUS
100
AcDbLine
 10
5.1185092519685043
 20
-3.6581235039370079
 30
0
 11
5.1186072440944876
 21
-3.6580829527559056
 31
0
  0
LINE
  5
3A3
330
22
100
AcDbEntity
  8
F.Mask
  6
CONTINUOUS
100
AcDbLine
 10
5.1186072440944876
 20
-3.6580829527559056
 30
0
 11
5.1191833070866144
 21
-3.6580262204724407
 31
0
  0
LINE
  5
3A4
330
22
100
AcDbEntity
  8
F.Mask
  6
CONTINUOUS
100
AcDbLine
 10
5.1191833070866144
 20
-3.6580262204724407
 30
0
 11
5.1278600787401576
 21
-3.6580262204724407
 31
0
  0
LINE
  5
3A5
330
22
100
AcDbEntity
  8
F.Mask
  6
CONTINUOUS
100
AcDbLine
 10
5.1278600787401576
 20
-3.6580262204724407
 30
0
 11
5.1293538976377953
 21
-3.6572792913385825
 31
0
  0
LINE
  5
3A6
330
22
100
AcDbEntity
  8
F.Mask
  6
CONTINUOUS
100
AcDbLine
 10
5.1293538976377953
 20
-3.6572792913385825
 30
0
 11
5.1293538976377953
 21
-3.6560517322834647
 31
0
  0
LINE
  5
3A7
330
22
100
AcDbEntity
  8
F.Mask
  6
CONTINUOUS
100
AcDbLine
 10
5.1293538976377953
 20
-3.6560517322834647
 30
0
 11
5.128231023622047
 21
-3.6538059842519686
 31
0
  0
LINE
  5
3A8
330
22
100
AcDbEntity
  8
F.Mask
  6
CONTINUOUS
100
AcDbLine
 10
5.128231023622047
 20
-3.6538059842519686
 30
0
 11
5.12598531496063
 21
-3.652683149606299
 31
0
  0
LINE
  5
3A9
330
22
100
AcDbEntity
  8
F.Mask
  6
CONTINUOUS
100
AcDbLine
 10
5.12598531496063
 20
-3.652683149606299
 30
0
 11
5.119880354330709
 21
-3.652683149606299
 31
0
  0
LINE
  5
3AA
330
22
100
AcDbEntity
  8
F.Mask
  6
CONTINUOUS
100
AcDbLine
 10
5.119880354330709
 20
-3.652683149606299
 30
0
 11
5.1167542913385828
 21
-3.6542461811023621
 31
0
  0
LINE
  5
3AB
330
22
100
AcDbEntity
  8
F.Mask
  6
CONTINUOUS
100
AcDbLine
 10
5.1167542913385828
 20
-3.6542461811023621
 30
0
 11
5.1162136614173228
 21
-3.6544530708661416
 31
0
  0
LINE
  5
3AC
330
22
100
AcDbEntity
  8
F.Mask
  6
CONTINUOUS
100
AcDbLine
 10
5.1162136614173228
 20
-3.6544530708661416
 30
0
 11
5.1150644488188979
 21
-3.6545347244094488
 31
0
  0
LINE
  5
3AD
330
22
100
AcDbEntity
  8
F.Mask
  6
CONTINUOUS
100
AcDbLine
 10
5.1150644488188979
 20
-3.6545347244094488
 30
0
 11
5.1139714960629918
 21
-3.6541703937007872
 31
0
  0
LINE
  5
3AE
330
22
100
AcDbEntity
  8
F.Mask
  6
CONTINUOUS
100
AcDbLine
 10
5.1139714960629918
 20
-3.6541703937007872
 30
0
 11
5.1131011023622044
 21
-3.6534155511811024
 31
0
  0
LINE
  5
3AF
330
22
100
AcDbEntity
  8
F.Mask
  6
CONTINUOUS
100
AcDbLine
 10
5.1131011023622044
 20
-3.6534155511811024
 30
0
 11
5.1125858661417318
 21
-3.6523850393700785
 31
0
  0
LINE
  5
3B0
330
22
100
AcDbEntity
  8
F.Mask
  6
CONTINUOUS
100
AcDbLine
 10
5.1125858661417318
 20
-3.6523850393700785
 30
0
 11
5.1125042125984255
 21
-3.6512358267716536
 31
0
  0
LINE
  5
3B1
330
22
100
AcDbEntity
  8
F.Mask
  6
CONTINUOUS
100
AcDbLine
 10
5.1125042125984255
 20
-3.6512358267716536
 30
0
 11
5.1128685433070862
 21
-3.650142874015748
 31
0
  0
LINE
  5
3B2
330
22
100
AcDbEntity
  8
F.Mask
  6
CONTINUOUS
100
AcDbLine
 10
5.1128685433070862
 20
-3.650142874015748
 30
0
 11
5.1136233858267719
 21
-3.6492724803149605
 31
0
  0
LINE
  5
3B3
330
22
100
AcDbEntity
  8
F.Mask
  6
CONTINUOUS
100
AcDbLine
 10
5.1136233858267719
 20
-3.6492724803149605
 30
0
 11
5.1141132677165357
 21
-3.6489641338582675
 31
0
  0
LINE
  5
3B4
330
22
100
AcDbEntity
  8
F.Mask
  6
CONTINUOUS
100
AcDbLine
 10
5.1141132677165357
 20
-3.6489641338582675
 30
0
 11
5.1178627952755908
 21
-3.6470893700787399
 31
0
  0
LINE
  5
3B5
330
22
100
AcDbEntity
  8
F.Mask
  6
CONTINUOUS
100
AcDbLine
 10
5.1178627952755908
 20
-3.6470893700787399
 30
0
 11
5.1184033858267712
 21
-3.6468824803149604
 31
0
  0
LINE
  5
3B6
330
22
100
AcDbEntity
  8
F.Mask
  6
CONTINUOUS
100
AcDbLine
 10
5.1184033858267712
 20
-3.6468824803149604
 30
0
 11
5.1185092519685043
 21
-3.6468749212598426
 31
0
  0
LINE
  5
3B7
330
22
100
AcDbEntity
  8
F.Mask
  6
CONTINUOUS
100
AcDbLine
 10
5.1185092519685043
 20
-3.6468749212598426
 30
0
 11
5.1186072440944876
 21
-3.6468343700787402
 31
0
  0
LINE
  5
3B8
330
22
100
AcDbEntity
  8
F.Mask
  6
CONTINUOUS
100
AcDbLine
 10
5.1186072440944876
 20
-3.6468343700787402
 30
0
 11
5.1191833070866144
 21
-3.6467776377952754
 31
0
  0
LINE
  5
3B9
330
22
100
AcDbEntity
  8
F.Mask
  6
CONTINUOUS
100
AcDbLine
 10
5.1191833070866144
 20
-3.6467776377952754
 30
0
 11
5.1266823622047246
 21
-3.6467776377952754
 31
0
  0
LINE
  5
3BA
330
22
100
AcDbEntity
  8
F.Mask
  6
CONTINUOUS
100
AcDbLine
 10
5.1266823622047246
 20
-3.6467776377952754
 30
0
 11
5.1272584251968505
 21
-3.6468343700787402
 31
0
  0
LINE
  5
3BB
330
22
100
AcDbEntity
  8
F.Mask
  6
CONTINUOUS
100
AcDbLine
 10
5.1293370078740157
 20
-3.6638268897637793
 30
0
 11
5.1292311811023623
 21
-3.6638343700787401
 31
0
  0
LINE
  5
3BC
330
22
100
AcDbEntity
  8
F.Mask
  6
CONTINUOUS
100
AcDbLine
 10
5.1292311811023623
 20
-3.6638343700787401
 30
0
 11
5.129133188976378
 21
-3.663875
 31
0
  0
LINE
  5
3BD
330
22
100
AcDbEntity
  8
F.Mask
  6
CONTINUOUS
100
AcDbLine
 10
5.129133188976378
 20
-3.663875
 30
0
 11
5.1285571259842522
 21
-3.6639317322834644
 31
0
  0
LINE
  5
3BE
330
22
100
AcDbEntity
  8
F.Mask
  6
CONTINUOUS
100
AcDbLine
 10
5.1285571259842522
 20
-3.6639317322834644
 30
0
 11
5.119880354330709
 21
-3.6639317322834644
 31
0
  0
LINE
  5
3BF
330
22
100
AcDbEntity
  8
F.Mask
  6
CONTINUOUS
100
AcDbLine
 10
5.119880354330709
 20
-3.6639317322834644
 30
0
 11
5.1176346062992124
 21
-3.6650545669291339
 31
0
  0
LINE
  5
3C0
330
22
100
AcDbEntity
  8
F.Mask
  6
CONTINUOUS
100
AcDbLine
 10
5.1176346062992124
 20
-3.6650545669291339
 30
0
 11
5.1165117716535429
 21
-3.66730031496063
 31
0
  0
LINE
  5
3C1
330
22
100
AcDbEntity
  8
F.Mask
  6
CONTINUOUS
100
AcDbLine
 10
5.1165117716535429
 20
-3.66730031496063
 30
0
 11
5.1165117716535429
 21
-3.669655748031496
 31
0
  0
LINE
  5
3C2
330
22
100
AcDbEntity
  8
F.Mask
  6
CONTINUOUS
100
AcDbLine
 10
5.1165117716535429
 20
-3.669655748031496
 30
0
 11
5.1176346062992124
 21
-3.6719014960629921
 31
0
  0
LINE
  5
3C3
330
22
100
AcDbEntity
  8
F.Mask
  6
CONTINUOUS
100
AcDbLine
 10
5.1176346062992124
 20
-3.6719014960629921
 30
0
 11
5.119880354330709
 21
-3.6730243700787399
 31
0
  0
LINE
  5
3C4
330
22
100
AcDbEntity
  8
F.Mask
  6
CONTINUOUS
100
AcDbLine
 10
5.119880354330709
 20
-3.6730243700787399
 30
0
 11
5.1278600787401576
 21
-3.6730243700787399
 31
0
  0
LINE
  5
3C5
330
22
100
AcDbEntity
  8
F.Mask
  6
CONTINUOUS
100
AcDbLine
 10
5.1278600787401576
 20
-3.6730243700787399
 30
0
 11
5.1293538976377953
 21
-3.6722774409448817
 31
0
  0
LINE
  5
3C6
330
22
100
AcDbEntity
  8
F.Mask
  6
CONTINUOUS
100
AcDbLine
 10
5.1293538976377953
 20
-3.6722774409448817
 30
0
 11
5.1293538976377953
 21
-3.6638203937007874
 31
0
  0
LINE
  5
3C7
330
22
100
AcDbEntity
  8
F.Mask
  6
CONTINUOUS
100
AcDbLine
 10
5.1293538976377953
 20
-3.6638203937007874
 30
0
 11
5.1293370078740157
 21
-3.6638268897637793
 31
0
  0
LINE
  5
3C8
330
22
100
AcDbEntity
  8
F.Mask
  6
CONTINUOUS
100
AcDbLine
 10
5.1695676771653538
 20
-3.634151929133858
 30
0
 11
5.1703823228346453
 21
-3.6349665748031494
 31
0
  0
LINE
  5
3C9
330
22
100
AcDbEntity
  8
F.Mask
  6
CONTINUOUS
100
AcDbLine
 10
5.1703823228346453
 20
-3.6349665748031494
 30
0
 11
5.1708232283464568
 21
-3.6360309842519682
 31
0
  0
LINE
  5
3CA
330
22
100
AcDbEntity
  8
F.Mask
  6
CONTINUOUS
100
AcDbLine
 10
5.1708232283464568
 20
-3.6360309842519682
 30
0
 11
5.1708799606299207
 21
-3.6366070472440946
 31
0
  0
LINE
  5
3CB
330
22
100
AcDbEntity
  8
F.Mask
  6
CONTINUOUS
100
AcDbLine
 10
5.1708799606299207
 20
-3.6366070472440946
 30
0
 11
5.1708799606299207
 21
-3.675977125984252
 31
0
  0
LINE
  5
3CC
330
22
100
AcDbEntity
  8
F.Mask
  6
CONTINUOUS
100
AcDbLine
 10
5.1708799606299207
 20
-3.675977125984252
 30
0
 11
5.1708232283464568
 21
-3.6765531889763778
 31
0
  0
LINE
  5
3CD
330
22
100
AcDbEntity
  8
F.Mask
  6
CONTINUOUS
100
AcDbLine
 10
5.1708232283464568
 20
-3.6765531889763778
 30
0
 11
5.1703823228346453
 21
-3.6776175984251966
 31
0
  0
LINE
  5
3CE
330
22
100
AcDbEntity
  8
F.Mask
  6
CONTINUOUS
100
AcDbLine
 10
5.1703823228346453
 20
-3.6776175984251966
 30
0
 11
5.1695676771653538
 21
-3.6784322440944881
 31
0
  0
LINE
  5
3CF
330
22
100
AcDbEntity
  8
F.Mask
  6
CONTINUOUS
100
AcDbLine
 10
5.1695676771653538
 20
-3.6784322440944881
 30
0
 11
5.1685032677165355
 21
-3.6788731496062992
 31
0
  0
LINE
  5
3D0
330
22
100
AcDbEntity
  8
F.Mask
  6
CONTINUOUS
100
AcDbLine
 10
5.1685032677165355
 20
-3.6788731496062992
 30
0
 11
5.1673511417322837
 21
-3.6788731496062992
 31
0
  0
LINE
  5
3D1
330
22
100
AcDbEntity
  8
F.Mask
  6
CONTINUOUS
100
AcDbLine
 10
5.1673511417322837
 20
-3.6788731496062992
 30
0
 11
5.1662867322834645
 21
-3.6784322440944881
 31
0
  0
LINE
  5
3D2
330
22
100
AcDbEntity
  8
F.Mask
  6
CONTINUOUS
100
AcDbLine
 10
5.1662867322834645
 20
-3.6784322440944881
 30
0
 11
5.1661477952755908
 21
-3.678293307086614
 31
0
  0
LINE
  5
3D3
330
22
100
AcDbEntity
  8
F.Mask
  6
CONTINUOUS
100
AcDbLine
 10
5.1661477952755908
 20
-3.678293307086614
 30
0
 11
5.165498188976378
 21
-3.6786181496062991
 31
0
  0
LINE
  5
3D4
330
22
100
AcDbEntity
  8
F.Mask
  6
CONTINUOUS
100
AcDbLine
 10
5.165498188976378
 20
-3.6786181496062991
 30
0
 11
5.164957559055118
 21
-3.6788250393700785
 31
0
  0
LINE
  5
3D5
330
22
100
AcDbEntity
  8
F.Mask
  6
CONTINUOUS
100
AcDbLine
 10
5.164957559055118
 20
-3.6788250393700785
 30
0
 11
5.1648517322834646
 21
-3.6788325196850393
 31
0
  0
LINE
  5
3D6
330
22
100
AcDbEntity
  8
F.Mask
  6
CONTINUOUS
100
AcDbLine
 10
5.1648517322834646
 20
-3.6788325196850393
 30
0
 11
5.1647537401574803
 21
-3.6788731496062992
 31
0
  0
LINE
  5
3D7
330
22
100
AcDbEntity
  8
F.Mask
  6
CONTINUOUS
100
AcDbLine
 10
5.1647537401574803
 20
-3.6788731496062992
 30
0
 11
5.1641776771653545
 21
-3.6789298818897636
 31
0
  0
LINE
  5
3D8
330
22
100
AcDbEntity
  8
F.Mask
  6
CONTINUOUS
100
AcDbLine
 10
5.1641776771653545
 20
-3.6789298818897636
 30
0
 11
5.1566786220472443
 21
-3.6789298818897636
 31
0
  0
LINE
  5
3D9
330
22
100
AcDbEntity
  8
F.Mask
  6
CONTINUOUS
100
AcDbLine
 10
5.1566786220472443
 20
-3.6789298818897636
 30
0
 11
5.1561025590551184
 21
-3.6788731496062992
 31
0
  0
LINE
  5
3DA
330
22
100
AcDbEntity
  8
F.Mask
  6
CONTINUOUS
100
AcDbLine
 10
5.1561025590551184
 20
-3.6788731496062992
 30
0
 11
5.1560045669291341
 21
-3.6788325590551181
 31
0
  0
LINE
  5
3DB
330
22
100
AcDbEntity
  8
F.Mask
  6
CONTINUOUS
100
AcDbLine
 10
5.1560045669291341
 20
-3.6788325590551181
 30
0
 11
5.1558987007874011
 21
-3.6788250393700785
 31
0
  0
LINE
  5
3DC
330
22
100
AcDbEntity
  8
F.Mask
  6
CONTINUOUS
100
AcDbLine
 10
5.1558987007874011
 20
-3.6788250393700785
 30
0
 11
5.1553581102362207
 21
-3.6786181496062991
 31
0
  0
LINE
  5
3DD
330
22
100
AcDbEntity
  8
F.Mask
  6
CONTINUOUS
100
AcDbLine
 10
5.1553581102362207
 20
-3.6786181496062991
 30
0
 11
5.1516085826771656
 21
-3.6767433858267715
 31
0
  0
LINE
  5
3DE
330
22
100
AcDbEntity
  8
F.Mask
  6
CONTINUOUS
100
AcDbLine
 10
5.1516085826771656
 20
-3.6767433858267715
 30
0
 11
5.151360551181102
 21
-3.676587283464567
 31
0
  0
LINE
  5
3DF
330
22
100
AcDbEntity
  8
F.Mask
  6
CONTINUOUS
100
AcDbLine
 10
5.151360551181102
 20
-3.676587283464567
 30
0
 11
5.151288622047244
 21
-3.6765574803149605
 31
0
  0
LINE
  5
3E0
330
22
100
AcDbEntity
  8
F.Mask
  6
CONTINUOUS
100
AcDbLine
 10
5.151288622047244
 20
-3.6765574803149605
 30
0
 11
5.1512076377952756
 21
-3.6764910236220469
 31
0
  0
LINE
  5
3E1
330
22
100
AcDbEntity
  8
F.Mask
  6
CONTINUOUS
100
AcDbLine
 10
5.1512076377952756
 20
-3.6764910236220469
 30
0
 11
5.1511187007874017
 21
-3.6764350393700789
 31
0
  0
LINE
  5
3E2
330
22
100
AcDbEntity
  8
F.Mask
  6
CONTINUOUS
100
AcDbLine
 10
5.1511187007874017
 20
-3.6764350393700789
 30
0
 11
5.1510674803149605
 21
-3.6763759842519685
 31
0
  0
LINE
  5
3E3
330
22
100
AcDbEntity
  8
F.Mask
  6
CONTINUOUS
100
AcDbLine
 10
5.1510674803149605
 20
-3.6763759842519685
 30
0
 11
5.1508411417322835
 21
-3.6761902362204721
 31
0
  0
LINE
  5
3E4
330
22
100
AcDbEntity
  8
F.Mask
  6
CONTINUOUS
100
AcDbLine
 10
5.1508411417322835
 20
-3.6761902362204721
 30
0
 11
5.1489663779527559
 21
-3.6743154330708663
 31
0
  0
LINE
  5
3E5
330
22
100
AcDbEntity
  8
F.Mask
  6
CONTINUOUS
100
AcDbLine
 10
5.1489663779527559
 20
-3.6743154330708663
 30
0
 11
5.1487806299212595
 21
-3.6740890944881888
 31
0
  0
LINE
  5
3E6
330
22
100
AcDbEntity
  8
F.Mask
  6
CONTINUOUS
100
AcDbLine
 10
5.1487806299212595
 20
-3.6740890944881888
 30
0
 11
5.1487216535433067
 21
-3.6740379527559055
 31
0
  0
LINE
  5
3E7
330
22
100
AcDbEntity
  8
F.Mask
  6
CONTINUOUS
100
AcDbLine
 10
5.1487216535433067
 20
-3.6740379527559055
 30
0
 11
5.1486656692913382
 21
-3.6739490157480312
 31
0
  0
LINE
  5
3E8
330
22
100
AcDbEntity
  8
F.Mask
  6
CONTINUOUS
100
AcDbLine
 10
5.1486656692913382
 20
-3.6739490157480312
 30
0
 11
5.1485991732283463
 21
-3.673867992125984
 31
0
  0
LINE
  5
3E9
330
22
100
AcDbEntity
  8
F.Mask
  6
CONTINUOUS
100
AcDbLine
 10
5.1485991732283463
 20
-3.673867992125984
 30
0
 11
5.1485693307086615
 21
-3.6737959448818898
 31
0
  0
LINE
  5
3EA
330
22
100
AcDbEntity
  8
F.Mask
  6
CONTINUOUS
100
AcDbLine
 10
5.1485693307086615
 20
-3.6737959448818898
 30
0
 11
5.1484133070866145
 21
-3.6735480708661417
 31
0
  0
LINE
  5
3EB
330
22
100
AcDbEntity
  8
F.Mask
  6
CONTINUOUS
100
AcDbLine
 10
5.1484133070866145
 20
-3.6735480708661417
 30
0
 11
5.1465385433070869
 21
-3.6697985433070865
 31
0
  0
LINE
  5
3EC
330
22
100
AcDbEntity
  8
F.Mask
  6
CONTINUOUS
100
AcDbLine
 10
5.1465385433070869
 20
-3.6697985433070865
 30
0
 11
5.1463316535433066
 21
-3.6692579133858265
 31
0
  0
LINE
  5
3ED
330
22
100
AcDbEntity
  8
F.Mask
  6
CONTINUOUS
100
AcDbLine
 10
5.1463316535433066
 20
-3.6692579133858265
 30
0
 11
5.1463241338582675
 21
-3.6691520866141731
 31
0
  0
LINE
  5
3EE
330
22
100
AcDbEntity
  8
F.Mask
  6
CONTINUOUS
100
AcDbLine
 10
5.1463241338582675
 20
-3.6691520866141731
 30
0
 11
5.1462835433070868
 21
-3.6690540944881889
 31
0
  0
LINE
  5
3EF
330
22
100
AcDbEntity
  8
F.Mask
  6
CONTINUOUS
100
AcDbLine
 10
5.1462835433070868
 20
-3.6690540944881889
 30
0
 11
5.146226811023622
 21
-3.668478031496063
 31
0
  0
LINE
  5
3F0
330
22
100
AcDbEntity
  8
F.Mask
  6
CONTINUOUS
100
AcDbLine
 10
5.146226811023622
 20
-3.668478031496063
 30
0
 11
5.146226811023622
 21
-3.6572294488188977
 31
0
  0
LINE
  5
3F1
330
22
100
AcDbEntity
  8
F.Mask
  6
CONTINUOUS
100
AcDbLine
 10
5.146226811023622
 20
-3.6572294488188977
 30
0
 11
5.1462835433070868
 21
-3.6566533858267714
 31
0
  0
LINE
  5
3F2
330
22
100
AcDbEntity
  8
F.Mask
  6
CONTINUOUS
100
AcDbLine
 10
5.1462835433070868
 20
-3.6566533858267714
 30
0
 11
5.1463241338582675
 21
-3.6565553543307088
 31
0
  0
LINE
  5
3F3
330
22
100
AcDbEntity
  8
F.Mask
  6
CONTINUOUS
100
AcDbLine
 10
5.1463241338582675
 20
-3.6565553543307088
 30
0
 11
5.1463316535433066
 21
-3.6564495669291337
 31
0
  0
LINE
  5
3F4
330
22
100
AcDbEntity
  8
F.Mask
  6
CONTINUOUS
100
AcDbLine
 10
5.1463316535433066
 20
-3.6564495669291337
 30
0
 11
5.1465385433070869
 21
-3.6559089370078741
 31
0
  0
LINE
  5
3F5
330
22
100
AcDbEntity
  8
F.Mask
  6
CONTINUOUS
100
AcDbLine
 10
5.1465385433070869
 20
-3.6559089370078741
 30
0
 11
5.1484133070866145
 21
-3.652159409448819
 31
0
  0
LINE
  5
3F6
330
22
100
AcDbEntity
  8
F.Mask
  6
CONTINUOUS
100
AcDbLine
 10
5.1484133070866145
 20
-3.652159409448819
 30
0
 11
5.1485693700787403
 21
-3.6519113779527559
 31
0
  0
LINE
  5
3F7
330
22
100
AcDbEntity
  8
F.Mask
  6
CONTINUOUS
100
AcDbLine
 10
5.1485693700787403
 20
-3.6519113779527559
 30
0
 11
5.148599212598425
 21
-3.6518394488188974
 31
0
  0
LINE
  5
3F8
330
22
100
AcDbEntity
  8
F.Mask
  6
CONTINUOUS
100
AcDbLine
 10
5.148599212598425
 20
-3.6518394488188974
 30
0
 11
5.1486656692913382
 21
-3.651758464566929
 31
0
  0
LINE
  5
3F9
330
22
100
AcDbEntity
  8
F.Mask
  6
CONTINUOUS
100
AcDbLine
 10
5.1486656692913382
 20
-3.651758464566929
 30
0
 11
5.1487216535433067
 21
-3.6516695275590552
 31
0
  0
LINE
  5
3FA
330
22
100
AcDbEntity
  8
F.Mask
  6
CONTINUOUS
100
AcDbLine
 10
5.1487216535433067
 20
-3.6516695275590552
 30
0
 11
5.1487806299212595
 21
-3.6516183464566927
 31
0
  0
LINE
  5
3FB
330
22
100
AcDbEntity
  8
F.Mask
  6
CONTINUOUS
100
AcDbLine
 10
5.1487806299212595
 20
-3.6516183464566927
 30
0
 11
5.1489664173228347
 21
-3.6513920078740156
 31
0
  0
LINE
  5
3FC
330
22
100
AcDbEntity
  8
F.Mask
  6
CONTINUOUS
100
AcDbLine
 10
5.1489664173228347
 20
-3.6513920078740156
 30
0
 11
5.1508411811023622
 21
-3.6495172440944881
 31
0
  0
LINE
  5
3FD
330
22
100
AcDbEntity
  8
F.Mask
  6
CONTINUOUS
100
AcDbLine
 10
5.1508411811023622
 20
-3.6495172440944881
 30
0
 11
5.1510675196850393
 21
-3.6493314566929134
 31
0
  0
LINE
  5
3FE
330
22
100
AcDbEntity
  8
F.Mask
  6
CONTINUOUS
100
AcDbLine
 10
5.1510675196850393
 20
-3.6493314566929134
 30
0
 11
5.1511187007874017
 21
-3.6492724803149605
 31
0
  0
LINE
  5
3FF
330
22
100
AcDbEntity
  8
F.Mask
  6
CONTINUOUS
100
AcDbLine
 10
5.1511187007874017
 20
-3.6492724803149605
 30
0
 11
5.1512076377952756
 21
-3.649216496062992
 31
0
  0
LINE
  5
400
330
22
100
AcDbEntity
  8
F.Mask
  6
CONTINUOUS
100
AcDbLine
 10
5.1512076377952756
 20
-3.649216496062992
 30
0
 11
5.151288622047244
 21
-3.6491500393700789
 31
0
  0
LINE
  5
401
330
22
100
AcDbEntity
  8
F.Mask
  6
CONTINUOUS
100
AcDbLine
 10
5.151288622047244
 20
-3.6491500393700789
 30
0
 11
5.151360551181102
 21
-3.6491201968503937
 31
0
  0
LINE
  5
402
330
22
100
AcDbEntity
  8
F.Mask
  6
CONTINUOUS
100
AcDbLine
 10
5.151360551181102
 20
-3.6491201968503937
 30
0
 11
5.1516085826771656
 21
-3.6489641338582675
 31
0
  0
LINE
  5
403
330
22
100
AcDbEntity
  8
F.Mask
  6
CONTINUOUS
100
AcDbLine
 10
5.1516085826771656
 20
-3.6489641338582675
 30
0
 11
5.1553581102362207
 21
-3.6470893700787399
 31
0
  0
LINE
  5
404
330
22
100
AcDbEntity
  8
F.Mask
  6
CONTINUOUS
100
AcDbLine
 10
5.1553581102362207
 20
-3.6470893700787399
 30
0
 11
5.1558987007874011
 21
-3.6468824803149604
 31
0
  0
LINE
  5
405
330
22
100
AcDbEntity
  8
F.Mask
  6
CONTINUOUS
100
AcDbLine
 10
5.1558987007874011
 20
-3.6468824803149604
 30
0
 11
5.1560045669291341
 21
-3.6468749212598426
 31
0
  0
LINE
  5
406
330
22
100
AcDbEntity
  8
F.Mask
  6
CONTINUOUS
100
AcDbLine
 10
5.1560045669291341
 20
-3.6468749212598426
 30
0
 11
5.1561025590551184
 21
-3.6468343700787402
 31
0
  0
LINE
  5
407
330
22
100
AcDbEntity
  8
F.Mask
  6
CONTINUOUS
100
AcDbLine
 10
5.1561025590551184
 20
-3.6468343700787402
 30
0
 11
5.1566786220472443
 21
-3.6467776377952754
 31
0
  0
LINE
  5
408
330
22
100
AcDbEntity
  8
F.Mask
  6
CONTINUOUS
100
AcDbLine
 10
5.1566786220472443
 20
-3.6467776377952754
 30
0
 11
5.1641776771653545
 21
-3.6467776377952754
 31
0
  0
LINE
  5
409
330
22
100
AcDbEntity
  8
F.Mask
  6
CONTINUOUS
100
AcDbLine
 10
5.1641776771653545
 20
-3.6467776377952754
 30
0
 11
5.1647537401574803
 21
-3.6468343700787402
 31
0
  0
LINE
  5
40A
330
22
100
AcDbEntity
  8
F.Mask
  6
CONTINUOUS
100
AcDbLine
 10
5.1647537401574803
 20
-3.6468343700787402
 30
0
 11
5.1648517322834646
 21
-3.6468749606299213
 31
0
  0
LINE
  5
40B
330
22
100
AcDbEntity
  8
F.Mask
  6
CONTINUOUS
100
AcDbLine
 10
5.1648517322834646
 20
-3.6468749606299213
 30
0
 11
5.164957559055118
 21
-3.6468824803149604
 31
0
  0
LINE
  5
40C
330
22
100
AcDbEntity
  8
F.Mask
  6
CONTINUOUS
100
AcDbLine
 10
5.164957559055118
 20
-3.6468824803149604
 30
0
 11
5.1649744488188976
 21
-3.6468889370078741
 31
0
  0
LINE
  5
40D
330
22
100
AcDbEntity
  8
F.Mask
  6
CONTINUOUS
100
AcDbLine
 10
5.1649744488188976
 20
-3.6468889370078741
 30
0
 11
5.1649744488188976
 21
-3.6366070472440946
 31
0
  0
LINE
  5
40E
330
22
100
AcDbEntity
  8
F.Mask
  6
CONTINUOUS
100
AcDbLine
 10
5.1649744488188976
 20
-3.6366070472440946
 30
0
 11
5.1650311811023624
 21
-3.6360309842519682
 31
0
  0
LINE
  5
40F
330
22
100
AcDbEntity
  8
F.Mask
  6
CONTINUOUS
100
AcDbLine
 10
5.1650311811023624
 20
-3.6360309842519682
 30
0
 11
5.165472086614173
 21
-3.6349665748031494
 31
0
  0
LINE
  5
410
330
22
100
AcDbEntity
  8
F.Mask
  6
CONTINUOUS
100
AcDbLine
 10
5.165472086614173
 20
-3.6349665748031494
 30
0
 11
5.1662867322834645
 21
-3.634151929133858
 31
0
  0
LINE
  5
411
330
22
100
AcDbEntity
  8
F.Mask
  6
CONTINUOUS
100
AcDbLine
 10
5.1662867322834645
 20
-3.634151929133858
 30
0
 11
5.1673511417322837
 21
-3.6337110236220473
 31
0
  0
LINE
  5
412
330
22
100
AcDbEntity
  8
F.Mask
  6
CONTINUOUS
100
AcDbLine
 10
5.1673511417322837
 20
-3.6337110236220473
 30
0
 11
5.1685032677165355
 21
-3.6337110236220473
 31
0
  0
LINE
  5
413
330
22
100
AcDbEntity
  8
F.Mask
  6
CONTINUOUS
100
AcDbLine
 10
5.1685032677165355
 20
-3.6337110236220473
 30
0
 11
5.1695676771653538
 21
-3.634151929133858
 31
0
  0
LINE
  5
414
330
22
100
AcDbEntity
  8
F.Mask
  6
CONTINUOUS
100
AcDbLine
 10
5.1546781889763782
 20
-3.6540318897637794
 30
0
 11
5.1534810629921255
 21
-3.6552290157480316
 31
0
  0
LINE
  5
415
330
22
100
AcDbEntity
  8
F.Mask
  6
CONTINUOUS
100
AcDbLine
 10
5.1534810629921255
 20
-3.6552290157480316
 30
0
 11
5.1521323228346452
 21
-3.6579264960629922
 31
0
  0
LINE
  5
416
330
22
100
AcDbEntity
  8
F.Mask
  6
CONTINUOUS
100
AcDbLine
 10
5.1521323228346452
 20
-3.6579264960629922
 30
0
 11
5.1521323228346452
 21
-3.6677809842519684
 31
0
  0
LINE
  5
417
330
22
100
AcDbEntity
  8
F.Mask
  6
CONTINUOUS
100
AcDbLine
 10
5.1521323228346452
 20
-3.6677809842519684
 30
0
 11
5.1534810629921255
 21
-3.6704784645669291
 31
0
  0
LINE
  5
418
330
22
100
AcDbEntity
  8
F.Mask
  6
CONTINUOUS
100
AcDbLine
 10
5.1534810629921255
 20
-3.6704784645669291
 30
0
 11
5.1546781889763782
 21
-3.6716756299212596
 31
0
  0
LINE
  5
419
330
22
100
AcDbEntity
  8
F.Mask
  6
CONTINUOUS
100
AcDbLine
 10
5.1546781889763782
 20
-3.6716756299212596
 30
0
 11
5.1573756692913388
 21
-3.6730243700787399
 31
0
  0
LINE
  5
41A
330
22
100
AcDbEntity
  8
F.Mask
  6
CONTINUOUS
100
AcDbLine
 10
5.1573756692913388
 20
-3.6730243700787399
 30
0
 11
5.1634806299212599
 21
-3.6730243700787399
 31
0
  0
LINE
  5
41B
330
22
100
AcDbEntity
  8
F.Mask
  6
CONTINUOUS
100
AcDbLine
 10
5.1634806299212599
 20
-3.6730243700787399
 30
0
 11
5.1649744488188976
 21
-3.6722774409448817
 31
0
  0
LINE
  5
41C
330
22
100
AcDbEntity
  8
F.Mask
  6
CONTINUOUS
100
AcDbLine
 10
5.1649744488188976
 20
-3.6722774409448817
 30
0
 11
5.1649744488188976
 21
-3.6534300393700785
 31
0
  0
LINE
  5
41D
330
22
100
AcDbEntity
  8
F.Mask
  6
CONTINUOUS
100
AcDbLine
 10
5.1649744488188976
 20
-3.6534300393700785
 30
0
 11
5.1634806299212599
 21
-3.652683149606299
 31
0
  0
LINE
  5
41E
330
22
100
AcDbEntity
  8
F.Mask
  6
CONTINUOUS
100
AcDbLine
 10
5.1634806299212599
 20
-3.652683149606299
 30
0
 11
5.1573756692913388
 21
-3.652683149606299
 31
0
  0
LINE
  5
41F
330
22
100
AcDbEntity
  8
F.Mask
  6
CONTINUOUS
100
AcDbLine
 10
5.1573756692913388
 20
-3.652683149606299
 30
0
 11
5.1546781889763782
 21
-3.6540318897637794
 31
0
  0
LINE
  5
420
330
22
100
AcDbEntity
  8
F.Mask
  6
CONTINUOUS
100
AcDbLine
 10
4.8441622047244097
 20
-3.6337442125984252
 30
0
 11
4.8443726377952752
 21
-3.6337591732283463
 31
0
  0
LINE
  5
421
330
22
100
AcDbEntity
  8
F.Mask
  6
CONTINUOUS
100
AcDbLine
 10
4.8443726377952752
 20
-3.6337591732283463
 30
0
 11
4.8447037401574802
 21
-3.6339247244094488
 31
0
  0
LINE
  5
422
330
22
100
AcDbEntity
  8
F.Mask
  6
CONTINUOUS
100
AcDbLine
 10
4.8447037401574802
 20
-3.6339247244094488
 30
0
 11
4.8450550000000003
 21
-3.6340418110236219
 31
0
  0
LINE
  5
423
330
22
100
AcDbEntity
  8
F.Mask
  6
CONTINUOUS
100
AcDbLine
 10
4.8450550000000003
 20
-3.6340418110236219
 30
0
 11
4.8452143307086617
 21
-3.6341799999999997
 31
0
  0
LINE
  5
424
330
22
100
AcDbEntity
  8
F.Mask
  6
CONTINUOUS
100
AcDbLine
 10
4.8452143307086617
 20
-3.6341799999999997
 30
0
 11
4.8454030708661415
 21
-3.6342743700787401
 31
0
  0
LINE
  5
425
330
22
100
AcDbEntity
  8
F.Mask
  6
CONTINUOUS
100
AcDbLine
 10
4.8454030708661415
 20
-3.6342743700787401
 30
0
 11
4.8456457086614169
 21
-3.6345540944881889
 31
0
  0
LINE
  5
426
330
22
100
AcDbEntity
  8
F.Mask
  6
CONTINUOUS
100
AcDbLine
 10
4.8456457086614169
 20
-3.6345540944881889
 30
0
 11
4.8459253937007869
 21
-3.6347966929133859
 31
0
  0
LINE
  5
427
330
22
100
AcDbEntity
  8
F.Mask
  6
CONTINUOUS
100
AcDbLine
 10
4.8459253937007869
 20
-3.6347966929133859
 30
0
 11
4.8460196850393702
 21
-3.6349853149606299
 31
0
  0
LINE
  5
428
330
22
100
AcDbEntity
  8
F.Mask
  6
CONTINUOUS
100
AcDbLine
 10
4.8460196850393702
 20
-3.6349853149606299
 30
0
 11
4.8461579527559051
 21
-3.6351447244094488
 31
0
  0
LINE
  5
429
330
22
100
AcDbEntity
  8
F.Mask
  6
CONTINUOUS
100
AcDbLine
 10
4.8461579527559051
 20
-3.6351447244094488
 30
0
 11
4.8463939370078739
 21
-3.6356733070866141
 31
0
  0
LINE
  5
42A
330
22
100
AcDbEntity
  8
F.Mask
  6
CONTINUOUS
100
AcDbLine
 10
4.8463939370078739
 20
-3.6356733070866141
 30
0
 11
4.8595172834645668
 21
-3.6750433858267715
 31
0
  0
LINE
  5
42B
330
22
100
AcDbEntity
  8
F.Mask
  6
CONTINUOUS
100
AcDbLine
 10
4.8595172834645668
 20
-3.6750433858267715
 30
0
 11
4.8596456299212596
 21
-3.6756077952755906
 31
0
  0
LINE
  5
42C
330
22
100
AcDbEntity
  8
F.Mask
  6
CONTINUOUS
100
AcDbLine
 10
4.8596456299212596
 20
-3.6756077952755906
 30
0
 11
4.8595639370078736
 21
-3.6767570078740155
 31
0
  0
LINE
  5
42D
330
22
100
AcDbEntity
  8
F.Mask
  6
CONTINUOUS
100
AcDbLine
 10
4.8595639370078736
 20
-3.6767570078740155
 30
0
 11
4.8590487401574798
 21
-3.6777874803149606
 31
0
  0
LINE
  5
42E
330
22
100
AcDbEntity
  8
F.Mask
  6
CONTINUOUS
100
AcDbLine
 10
4.8590487401574798
 20
-3.6777874803149606
 30
0
 11
4.8581783464566932
 21
-3.6785423622047242
 31
0
  0
LINE
  5
42F
330
22
100
AcDbEntity
  8
F.Mask
  6
CONTINUOUS
100
AcDbLine
 10
4.8581783464566932
 20
-3.6785423622047242
 30
0
 11
4.8570853543307084
 21
-3.6789066929133858
 31
0
  0
LINE
  5
430
330
22
100
AcDbEntity
  8
F.Mask
  6
CONTINUOUS
100
AcDbLine
 10
4.8570853543307084
 20
-3.6789066929133858
 30
0
 11
4.8559361417322835
 21
-3.6788249999999998
 31
0
  0
LINE
  5
431
330
22
100
AcDbEntity
  8
F.Mask
  6
CONTINUOUS
100
AcDbLine
 10
4.8559361417322835
 20
-3.6788249999999998
 30
0
 11
4.8549057086614171
 21
-3.6783097637795277
 31
0
  0
LINE
  5
432
330
22
100
AcDbEntity
  8
F.Mask
  6
CONTINUOUS
100
AcDbLine
 10
4.8549057086614171
 20
-3.6783097637795277
 30
0
 11
4.8541508267716535
 21
-3.677439409448819
 31
0
  0
LINE
  5
433
330
22
100
AcDbEntity
  8
F.Mask
  6
CONTINUOUS
100
AcDbLine
 10
4.8541508267716535
 20
-3.677439409448819
 30
0
 11
4.8539148425196847
 21
-3.676910866141732
 31
0
  0
LINE
  5
434
330
22
100
AcDbEntity
  8
F.Mask
  6
CONTINUOUS
100
AcDbLine
 10
4.8539148425196847
 20
-3.676910866141732
 30
0
 11
4.8508383070866143
 21
-3.6676812598425195
 31
0
  0
LINE
  5
435
330
22
100
AcDbEntity
  8
F.Mask
  6
CONTINUOUS
100
AcDbLine
 10
4.8508383070866143
 20
-3.6676812598425195
 30
0
 11
4.8363471259842514
 21
-3.6676812598425195
 31
0
  0
LINE
  5
436
330
22
100
AcDbEntity
  8
F.Mask
  6
CONTINUOUS
100
AcDbLine
 10
4.8363471259842514
 20
-3.6676812598425195
 30
0
 11
4.833270590551181
 21
-3.676910866141732
 31
0
  0
LINE
  5
437
330
22
100
AcDbEntity
  8
F.Mask
  6
CONTINUOUS
100
AcDbLine
 10
4.833270590551181
 20
-3.676910866141732
 30
0
 11
4.8330346062992122
 21
-3.6774394488188977
 31
0
  0
LINE
  5
438
330
22
100
AcDbEntity
  8
F.Mask
  6
CONTINUOUS
100
AcDbLine
 10
4.8330346062992122
 20
-3.6774394488188977
 30
0
 11
4.8322797244094486
 21
-3.6783098031496064
 31
0
  0
LINE
  5
439
330
22
100
AcDbEntity
  8
F.Mask
  6
CONTINUOUS
100
AcDbLine
 10
4.8322797244094486
 20
-3.6783098031496064
 30
0
 11
4.8312492913385823
 21
-3.6788249999999998
 31
0
  0
LINE
  5
43A
330
22
100
AcDbEntity
  8
F.Mask
  6
CONTINUOUS
100
AcDbLine
 10
4.8312492913385823
 20
-3.6788249999999998
 30
0
 11
4.8301000787401573
 21
-3.6789066929133858
 31
0
  0
LINE
  5
43B
330
22
100
AcDbEntity
  8
F.Mask
  6
CONTINUOUS
100
AcDbLine
 10
4.8301000787401573
 20
-3.6789066929133858
 30
0
 11
4.8290070472440947
 21
-3.6785423622047242
 31
0
  0
LINE
  5
43C
330
22
100
AcDbEntity
  8
F.Mask
  6
CONTINUOUS
100
AcDbLine
 10
4.8290070472440947
 20
-3.6785423622047242
 30
0
 11
4.828136692913386
 21
-3.6777874803149606
 31
0
  0
LINE
  5
43D
330
22
100
AcDbEntity
  8
F.Mask
  6
CONTINUOUS
100
AcDbLine
 10
4.828136692913386
 20
-3.6777874803149606
 30
0
 11
4.8276214960629922
 21
-3.6767570472440942
 31
0
  0
LINE
  5
43E
330
22
100
AcDbEntity
  8
F.Mask
  6
CONTINUOUS
100
AcDbLine
 10
4.8276214960629922
 20
-3.6767570472440942
 30
0
 11
4.8275398031496062
 21
-3.6756078346456693
 31
0
  0
LINE
  5
43F
330
22
100
AcDbEntity
  8
F.Mask
  6
CONTINUOUS
100
AcDbLine
 10
4.8275398031496062
 20
-3.6756078346456693
 30
0
 11
4.827668149606299
 21
-3.6750433858267715
 31
0
  0
LINE
  5
440
330
22
100
AcDbEntity
  8
F.Mask
  6
CONTINUOUS
100
AcDbLine
 10
4.827668149606299
 20
-3.6750433858267715
 30
0
 11
4.8407914960629919
 21
-3.6356733070866141
 31
0
  0
LINE
  5
441
330
22
100
AcDbEntity
  8
F.Mask
  6
CONTINUOUS
100
AcDbLine
 10
4.8407914960629919
 20
-3.6356733070866141
 30
0
 11
4.8410274803149607
 21
-3.6351447637795276
 31
0
  0
LINE
  5
442
330
22
100
AcDbEntity
  8
F.Mask
  6
CONTINUOUS
100
AcDbLine
 10
4.8410274803149607
 20
-3.6351447637795276
 30
0
 11
4.8411656692913381
 21
-3.6349853937007874
 31
0
  0
LINE
  5
443
330
22
100
AcDbEntity
  8
F.Mask
  6
CONTINUOUS
100
AcDbLine
 10
4.8411656692913381
 20
-3.6349853937007874
 30
0
 11
4.8412600393700789
 21
-3.6347966929133859
 31
0
  0
LINE
  5
444
330
22
100
AcDbEntity
  8
F.Mask
  6
CONTINUOUS
100
AcDbLine
 10
4.8412600393700789
 20
-3.6347966929133859
 30
0
 11
4.8415398818897639
 21
-3.6345539370078739
 31
0
  0
LINE
  5
445
330
22
100
AcDbEntity
  8
F.Mask
  6
CONTINUOUS
100
AcDbLine
 10
4.8415398818897639
 20
-3.6345539370078739
 30
0
 11
4.8417823622047242
 21
-3.6342744094488189
 31
0
  0
LINE
  5
446
330
22
100
AcDbEntity
  8
F.Mask
  6
CONTINUOUS
100
AcDbLine
 10
4.8417823622047242
 20
-3.6342744094488189
 30
0
 11
4.8419709055118112
 21
-3.634180118110236
 31
0
  0
LINE
  5
447
330
22
100
AcDbEntity
  8
F.Mask
  6
CONTINUOUS
100
AcDbLine
 10
4.8419709055118112
 20
-3.634180118110236
 30
0
 11
4.8421303937007876
 21
-3.6340418110236219
 31
0
  0
LINE
  5
448
330
22
100
AcDbEntity
  8
F.Mask
  6
CONTINUOUS
100
AcDbLine
 10
4.8421303937007876
 20
-3.6340418110236219
 30
0
 11
4.8424817716535431
 21
-3.6339246850393701
 31
0
  0
LINE
  5
449
330
22
100
AcDbEntity
  8
F.Mask
  6
CONTINUOUS
100
AcDbLine
 10
4.8424817716535431
 20
-3.6339246850393701
 30
0
 11
4.8428127952755906
 21
-3.6337591732283463
 31
0
  0
LINE
  5
44A
330
22
100
AcDbEntity
  8
F.Mask
  6
CONTINUOUS
100
AcDbLine
 10
4.8428127952755906
 20
-3.6337591732283463
 30
0
 11
4.8430231889763782
 21
-3.6337442125984252
 31
0
  0
LINE
  5
44B
330
22
100
AcDbEntity
  8
F.Mask
  6
CONTINUOUS
100
AcDbLine
 10
4.8430231889763782
 20
-3.6337442125984252
 30
0
 11
4.8432234251968502
 21
-3.6336774803149607
 31
0
  0
LINE
  5
44C
330
22
100
AcDbEntity
  8
F.Mask
  6
CONTINUOUS
100
AcDbLine
 10
4.8432234251968502
 20
-3.6336774803149607
 30
0
 11
4.8435927165354329
 21
-3.6337037007874016
 31
0
  0
LINE
  5
44D
330
22
100
AcDbEntity
  8
F.Mask
  6
CONTINUOUS
100
AcDbLine
 10
4.8435927165354329
 20
-3.6337037007874016
 30
0
 11
4.8439620078740155
 21
-3.6336774803149607
 31
0
  0
LINE
  5
44E
330
22
100
AcDbEntity
  8
F.Mask
  6
CONTINUOUS
100
AcDbLine
 10
4.8439620078740155
 20
-3.6336774803149607
 30
0
 11
4.8441622047244097
 21
-3.6337442125984252
 31
0
  0
LINE
  5
44F
330
22
100
AcDbEntity
  8
F.Mask
  6
CONTINUOUS
100
AcDbLine
 10
4.8383156299212597
 20
-3.6617757480314959
 30
0
 11
4.848869803149606
 21
-3.6617757480314959
 31
0
  0
LINE
  5
450
330
22
100
AcDbEntity
  8
F.Mask
  6
CONTINUOUS
100
AcDbLine
 10
4.848869803149606
 20
-3.6617757480314959
 30
0
 11
4.8435927165354329
 21
-3.6459444488188977
 31
0
  0
LINE
  5
451
330
22
100
AcDbEntity
  8
F.Mask
  6
CONTINUOUS
100
AcDbLine
 10
4.8435927165354329
 20
-3.6459444488188977
 30
0
 11
4.8383156299212597
 21
-3.6617757480314959
 31
0
  0
LINE
  5
452
330
22
100
AcDbEntity
  8
F.Mask
  6
CONTINUOUS
100
AcDbLine
 10
4.9764668110236219
 20
-3.634151929133858
 30
0
 11
4.9772814566929133
 21
-3.6349665748031494
 31
0
  0
LINE
  5
453
330
22
100
AcDbEntity
  8
F.Mask
  6
CONTINUOUS
100
AcDbLine
 10
4.9772814566929133
 20
-3.6349665748031494
 30
0
 11
4.977722362204724
 21
-3.6360309842519682
 31
0
  0
LINE
  5
454
330
22
100
AcDbEntity
  8
F.Mask
  6
CONTINUOUS
100
AcDbLine
 10
4.977722362204724
 20
-3.6360309842519682
 30
0
 11
4.9777790944881888
 21
-3.6366070472440946
 31
0
  0
LINE
  5
455
330
22
100
AcDbEntity
  8
F.Mask
  6
CONTINUOUS
100
AcDbLine
 10
4.9777790944881888
 20
-3.6366070472440946
 30
0
 11
4.9777790944881888
 21
-3.669655748031496
 31
0
  0
LINE
  5
456
330
22
100
AcDbEntity
  8
F.Mask
  6
CONTINUOUS
100
AcDbLine
 10
4.9777790944881888
 20
-3.669655748031496
 30
0
 11
4.9789019291338583
 21
-3.6719014960629921
 31
0
  0
LINE
  5
457
330
22
100
AcDbEntity
  8
F.Mask
  6
CONTINUOUS
100
AcDbLine
 10
4.9789019291338583
 20
-3.6719014960629921
 30
0
 11
4.981771141732283
 21
-3.6733361023622044
 31
0
  0
LINE
  5
458
330
22
100
AcDbEntity
  8
F.Mask
  6
CONTINUOUS
100
AcDbLine
 10
4.981771141732283
 20
-3.6733361023622044
 30
0
 11
4.9822610236220468
 21
-3.6736444488188975
 31
0
  0
LINE
  5
459
330
22
100
AcDbEntity
  8
F.Mask
  6
CONTINUOUS
100
AcDbLine
 10
4.9822610236220468
 20
-3.6736444488188975
 30
0
 11
4.9830158661417325
 21
-3.674514842519685
 31
0
  0
LINE
  5
45A
330
22
100
AcDbEntity
  8
F.Mask
  6
CONTINUOUS
100
AcDbLine
 10
4.9830158661417325
 20
-3.674514842519685
 30
0
 11
4.9833801968503932
 21
-3.6756077952755906
 31
0
  0
LINE
  5
45B
330
22
100
AcDbEntity
  8
F.Mask
  6
CONTINUOUS
100
AcDbLine
 10
4.9833801968503932
 20
-3.6756077952755906
 30
0
 11
4.9832985433070869
 21
-3.6767570078740155
 31
0
  0
LINE
  5
45C
330
22
100
AcDbEntity
  8
F.Mask
  6
CONTINUOUS
100
AcDbLine
 10
4.9832985433070869
 20
-3.6767570078740155
 30
0
 11
4.9827832677165356
 21
-3.6777875196850394
 31
0
  0
LINE
  5
45D
330
22
100
AcDbEntity
  8
F.Mask
  6
CONTINUOUS
100
AcDbLine
 10
4.9827832677165356
 20
-3.6777875196850394
 30
0
 11
4.9819129133858269
 21
-3.6785423622047242
 31
0
  0
LINE
  5
45E
330
22
100
AcDbEntity
  8
F.Mask
  6
CONTINUOUS
100
AcDbLine
 10
4.9819129133858269
 20
-3.6785423622047242
 30
0
 11
4.9808199212598421
 21
-3.6789066929133858
 31
0
  0
LINE
  5
45F
330
22
100
AcDbEntity
  8
F.Mask
  6
CONTINUOUS
100
AcDbLine
 10
4.9808199212598421
 20
-3.6789066929133858
 30
0
 11
4.9796707086614171
 21
-3.6788250393700785
 31
0
  0
LINE
  5
460
330
22
100
AcDbEntity
  8
F.Mask
  6
CONTINUOUS
100
AcDbLine
 10
4.9796707086614171
 20
-3.6788250393700785
 30
0
 11
4.9791301181102359
 21
-3.6786181496062991
 31
0
  0
LINE
  5
461
330
22
100
AcDbEntity
  8
F.Mask
  6
CONTINUOUS
100
AcDbLine
 10
4.9791301181102359
 20
-3.6786181496062991
 30
0
 11
4.9753805905511808
 21
-3.6767433858267715
 31
0
  0
LINE
  5
462
330
22
100
AcDbEntity
  8
F.Mask
  6
CONTINUOUS
100
AcDbLine
 10
4.9753805905511808
 20
-3.6767433858267715
 30
0
 11
4.9752842125984253
 21
-3.6766827165354328
 31
0
  0
LINE
  5
463
330
22
100
AcDbEntity
  8
F.Mask
  6
CONTINUOUS
100
AcDbLine
 10
4.9752842125984253
 20
-3.6766827165354328
 30
0
 11
4.9752388188976377
 21
-3.6766675984251966
 31
0
  0
LINE
  5
464
330
22
100
AcDbEntity
  8
F.Mask
  6
CONTINUOUS
100
AcDbLine
 10
4.9752388188976377
 20
-3.6766675984251966
 30
0
 11
4.9751822440944879
 21
-3.6766185433070864
 31
0
  0
LINE
  5
465
330
22
100
AcDbEntity
  8
F.Mask
  6
CONTINUOUS
100
AcDbLine
 10
4.9751822440944879
 20
-3.6766185433070864
 30
0
 11
4.9748907086614169
 21
-3.6764350393700789
 31
0
  0
LINE
  5
466
330
22
100
AcDbEntity
  8
F.Mask
  6
CONTINUOUS
100
AcDbLine
 10
4.9748907086614169
 20
-3.6764350393700789
 30
0
 11
4.9746480314960628
 21
-3.6761551968503938
 31
0
  0
LINE
  5
467
330
22
100
AcDbEntity
  8
F.Mask
  6
CONTINUOUS
100
AcDbLine
 10
4.9746480314960628
 20
-3.6761551968503938
 30
0
 11
4.9743684251968503
 21
-3.6759127165354331
 31
0
  0
LINE
  5
468
330
22
100
AcDbEntity
  8
F.Mask
  6
CONTINUOUS
100
AcDbLine
 10
4.9743684251968503
 20
-3.6759127165354331
 30
0
 11
4.9741849212598428
 21
-3.6756212204724408
 31
0
  0
LINE
  5
469
330
22
100
AcDbEntity
  8
F.Mask
  6
CONTINUOUS
100
AcDbLine
 10
4.9741849212598428
 20
-3.6756212204724408
 30
0
 11
4.9741358661417321
 21
-3.6755646456692914
 31
0
  0
LINE
  5
46A
330
22
100
AcDbEntity
  8
F.Mask
  6
CONTINUOUS
100
AcDbLine
 10
4.9741358661417321
 20
-3.6755646456692914
 30
0
 11
4.9741207086614176
 21
-3.6755191732283463
 31
0
  0
LINE
  5
46B
330
22
100
AcDbEntity
  8
F.Mask
  6
CONTINUOUS
100
AcDbLine
 10
4.9741207086614176
 20
-3.6755191732283463
 30
0
 11
4.9740600787401572
 21
-3.675422874015748
 31
0
  0
LINE
  5
46C
330
22
100
AcDbEntity
  8
F.Mask
  6
CONTINUOUS
100
AcDbLine
 10
4.9740600787401572
 20
-3.675422874015748
 30
0
 11
4.9721853149606297
 21
-3.6716733070866141
 31
0
  0
LINE
  5
46D
330
22
100
AcDbEntity
  8
F.Mask
  6
CONTINUOUS
100
AcDbLine
 10
4.9721853149606297
 20
-3.6716733070866141
 30
0
 11
4.9719784251968502
 21
-3.6711326771653541
 31
0
  0
LINE
  5
46E
330
22
100
AcDbEntity
  8
F.Mask
  6
CONTINUOUS
100
AcDbLine
 10
4.9719784251968502
 20
-3.6711326771653541
 30
0
 11
4.9719709055118111
 21
-3.6710268503937007
 31
0
  0
LINE
  5
46F
330
22
100
AcDbEntity
  8
F.Mask
  6
CONTINUOUS
100
AcDbLine
 10
4.9719709055118111
 20
-3.6710268503937007
 30
0
 11
4.9719303149606295
 21
-3.6709288582677164
 31
0
  0
LINE
  5
470
330
22
100
AcDbEntity
  8
F.Mask
  6
CONTINUOUS
100
AcDbLine
 10
4.9719303149606295
 20
-3.6709288582677164
 30
0
 11
4.9718735826771656
 21
-3.6703527952755906
 31
0
  0
LINE
  5
471
330
22
100
AcDbEntity
  8
F.Mask
  6
CONTINUOUS
100
AcDbLine
 10
4.9718735826771656
 20
-3.6703527952755906
 30
0
 11
4.9718735826771656
 21
-3.6366070472440946
 31
0
  0
LINE
  5
472
330
22
100
AcDbEntity
  8
F.Mask
  6
CONTINUOUS
100
AcDbLine
 10
4.9718735826771656
 20
-3.6366070472440946
 30
0
 11
4.9719303149606295
 21
-3.6360309842519682
 31
0
  0
LINE
  5
473
330
22
100
AcDbEntity
  8
F.Mask
  6
CONTINUOUS
100
AcDbLine
 10
4.9719303149606295
 20
-3.6360309842519682
 30
0
 11
4.9723712204724411
 21
-3.6349665748031494
 31
0
  0
LINE
  5
474
330
22
100
AcDbEntity
  8
F.Mask
  6
CONTINUOUS
100
AcDbLine
 10
4.9723712204724411
 20
-3.6349665748031494
 30
0
 11
4.9731858661417325
 21
-3.634151929133858
 31
0
  0
LINE
  5
475
330
22
100
AcDbEntity
  8
F.Mask
  6
CONTINUOUS
100
AcDbLine
 10
4.9731858661417325
 20
-3.634151929133858
 30
0
 11
4.9742502755905509
 21
-3.6337110236220473
 31
0
  0
LINE
  5
476
330
22
100
AcDbEntity
  8
F.Mask
  6
CONTINUOUS
100
AcDbLine
 10
4.9742502755905509
 20
-3.6337110236220473
 30
0
 11
4.9754024015748026
 21
-3.6337110236220473
 31
0
  0
LINE
  5
477
330
22
100
AcDbEntity
  8
F.Mask
  6
CONTINUOUS
100
AcDbLine
 10
4.9754024015748026
 20
-3.6337110236220473
 30
0
 11
4.9764668110236219
 21
-3.634151929133858
 31
0
  0
LINE
  5
478
330
22
100
AcDbEntity
  8
F.Mask
  6
CONTINUOUS
100
AcDbLine
 10
4.8816640944881886
 20
-3.6468343700787402
 30
0
 11
4.8817620866141729
 21
-3.6468749606299213
 31
0
  0
LINE
  5
479
330
22
100
AcDbEntity
  8
F.Mask
  6
CONTINUOUS
100
AcDbLine
 10
4.8817620866141729
 20
-3.6468749606299213
 30
0
 11
4.8818679133858263
 21
-3.6468824803149604
 31
0
  0
LINE
  5
47A
330
22
100
AcDbEntity
  8
F.Mask
  6
CONTINUOUS
100
AcDbLine
 10
4.8818679133858263
 20
-3.6468824803149604
 30
0
 11
4.8824085433070863
 21
-3.6470893700787399
 31
0
  0
LINE
  5
47B
330
22
100
AcDbEntity
  8
F.Mask
  6
CONTINUOUS
100
AcDbLine
 10
4.8824085433070863
 20
-3.6470893700787399
 30
0
 11
4.8861580708661414
 21
-3.6489641338582675
 31
0
  0
LINE
  5
47C
330
22
100
AcDbEntity
  8
F.Mask
  6
CONTINUOUS
100
AcDbLine
 10
4.8861580708661414
 20
-3.6489641338582675
 30
0
 11
4.8862544094488189
 21
-3.6490247637795274
 31
0
  0
LINE
  5
47D
330
22
100
AcDbEntity
  8
F.Mask
  6
CONTINUOUS
100
AcDbLine
 10
4.8862544094488189
 20
-3.6490247637795274
 30
0
 11
4.8862998425196853
 21
-3.6490399212598423
 31
0
  0
LINE
  5
47E
330
22
100
AcDbEntity
  8
F.Mask
  6
CONTINUOUS
100
AcDbLine
 10
4.8862998425196853
 20
-3.6490399212598423
 30
0
 11
4.8863563779527555
 21
-3.6490889370078738
 31
0
  0
LINE
  5
47F
330
22
100
AcDbEntity
  8
F.Mask
  6
CONTINUOUS
100
AcDbLine
 10
4.8863563779527555
 20
-3.6490889370078738
 30
0
 11
4.8866479527559052
 21
-3.6492724803149605
 31
0
  0
LINE
  5
480
330
22
100
AcDbEntity
  8
F.Mask
  6
CONTINUOUS
100
AcDbLine
 10
4.8866479527559052
 20
-3.6492724803149605
 30
0
 11
4.8868905118110231
 21
-3.6495521653543306
 31
0
  0
LINE
  5
481
330
22
100
AcDbEntity
  8
F.Mask
  6
CONTINUOUS
100
AcDbLine
 10
4.8868905118110231
 20
-3.6495521653543306
 30
0
 11
4.8871702362204728
 21
-3.6497947637795276
 31
0
  0
LINE
  5
482
330
22
100
AcDbEntity
  8
F.Mask
  6
CONTINUOUS
100
AcDbLine
 10
4.8871702362204728
 20
-3.6497947637795276
 30
0
 11
4.8873537401574803
 21
-3.6500862992125982
 31
0
  0
LINE
  5
483
330
22
100
AcDbEntity
  8
F.Mask
  6
CONTINUOUS
100
AcDbLine
 10
4.8873537401574803
 20
-3.6500862992125982
 30
0
 11
4.8874027952755901
 21
-3.650142874015748
 31
0
  0
LINE
  5
484
330
22
100
AcDbEntity
  8
F.Mask
  6
CONTINUOUS
100
AcDbLine
 10
4.8874027952755901
 20
-3.650142874015748
 30
0
 11
4.8874179133858267
 21
-3.6501882677165352
 31
0
  0
LINE
  5
485
330
22
100
AcDbEntity
  8
F.Mask
  6
CONTINUOUS
100
AcDbLine
 10
4.8874179133858267
 20
-3.6501882677165352
 30
0
 11
4.887478582677165
 21
-3.6502846456692915
 31
0
  0
LINE
  5
486
330
22
100
AcDbEntity
  8
F.Mask
  6
CONTINUOUS
100
AcDbLine
 10
4.887478582677165
 20
-3.6502846456692915
 30
0
 11
4.8893533464566925
 21
-3.6540341732283466
 31
0
  0
LINE
  5
487
330
22
100
AcDbEntity
  8
F.Mask
  6
CONTINUOUS
100
AcDbLine
 10
4.8893533464566925
 20
-3.6540341732283466
 30
0
 11
4.889560236220472
 21
-3.6545747637795274
 31
0
  0
LINE
  5
488
330
22
100
AcDbEntity
  8
F.Mask
  6
CONTINUOUS
100
AcDbLine
 10
4.889560236220472
 20
-3.6545747637795274
 30
0
 11
4.889567755905512
 21
-3.65468062992126
 31
0
  0
LINE
  5
489
330
22
100
AcDbEntity
  8
F.Mask
  6
CONTINUOUS
100
AcDbLine
 10
4.889567755905512
 20
-3.65468062992126
 30
0
 11
4.8896083464566926
 21
-3.6547786220472438
 31
0
  0
LINE
  5
48A
330
22
100
AcDbEntity
  8
F.Mask
  6
CONTINUOUS
100
AcDbLine
 10
4.8896083464566926
 20
-3.6547786220472438
 30
0
 11
4.8896650787401574
 21
-3.6553546850393701
 31
0
  0
LINE
  5
48B
330
22
100
AcDbEntity
  8
F.Mask
  6
CONTINUOUS
100
AcDbLine
 10
4.8896650787401574
 20
-3.6553546850393701
 30
0
 11
4.8896650787401574
 21
-3.675977125984252
 31
0
  0
LINE
  5
48C
330
22
100
AcDbEntity
  8
F.Mask
  6
CONTINUOUS
100
AcDbLine
 10
4.8896650787401574
 20
-3.675977125984252
 30
0
 11
4.8896083464566926
 21
-3.6765531889763778
 31
0
  0
LINE
  5
48D
330
22
100
AcDbEntity
  8
F.Mask
  6
CONTINUOUS
100
AcDbLine
 10
4.8896083464566926
 20
-3.6765531889763778
 30
0
 11
4.889167440944882
 21
-3.6776175984251966
 31
0
  0
LINE
  5
48E
330
22
100
AcDbEntity
  8
F.Mask
  6
CONTINUOUS
100
AcDbLine
 10
4.889167440944882
 20
-3.6776175984251966
 30
0
 11
4.8883527952755905
 21
-3.6784322440944881
 31
0
  0
LINE
  5
48F
330
22
100
AcDbEntity
  8
F.Mask
  6
CONTINUOUS
100
AcDbLine
 10
4.8883527952755905
 20
-3.6784322440944881
 30
0
 11
4.8872883858267713
 21
-3.6788731496062992
 31
0
  0
LINE
  5
490
330
22
100
AcDbEntity
  8
F.Mask
  6
CONTINUOUS
100
AcDbLine
 10
4.8872883858267713
 20
-3.6788731496062992
 30
0
 11
4.8861362598425195
 21
-3.6788731496062992
 31
0
  0
LINE
  5
491
330
22
100
AcDbEntity
  8
F.Mask
  6
CONTINUOUS
100
AcDbLine
 10
4.8861362598425195
 20
-3.6788731496062992
 30
0
 11
4.8850718503937003
 21
-3.6784322440944881
 31
0
  0
LINE
  5
492
330
22
100
AcDbEntity
  8
F.Mask
  6
CONTINUOUS
100
AcDbLine
 10
4.8850718503937003
 20
-3.6784322440944881
 30
0
 11
4.8842572047244097
 21
-3.6776175984251966
 31
0
  0
LINE
  5
493
330
22
100
AcDbEntity
  8
F.Mask
  6
CONTINUOUS
100
AcDbLine
 10
4.8842572047244097
 20
-3.6776175984251966
 30
0
 11
4.8838162992125982
 21
-3.6765531889763778
 31
0
  0
LINE
  5
494
330
22
100
AcDbEntity
  8
F.Mask
  6
CONTINUOUS
100
AcDbLine
 10
4.8838162992125982
 20
-3.6765531889763778
 30
0
 11
4.8837595669291334
 21
-3.675977125984252
 31
0
  0
LINE
  5
495
330
22
100
AcDbEntity
  8
F.Mask
  6
CONTINUOUS
100
AcDbLine
 10
4.8837595669291334
 20
-3.675977125984252
 30
0
 11
4.8837595669291334
 21
-3.6560517322834647
 31
0
  0
LINE
  5
496
330
22
100
AcDbEntity
  8
F.Mask
  6
CONTINUOUS
100
AcDbLine
 10
4.8837595669291334
 20
-3.6560517322834647
 30
0
 11
4.882636692913386
 21
-3.6538059842519686
 31
0
  0
LINE
  5
497
330
22
100
AcDbEntity
  8
F.Mask
  6
CONTINUOUS
100
AcDbLine
 10
4.882636692913386
 20
-3.6538059842519686
 30
0
 11
4.8803909842519682
 21
-3.652683149606299
 31
0
  0
LINE
  5
498
330
22
100
AcDbEntity
  8
F.Mask
  6
CONTINUOUS
100
AcDbLine
 10
4.8803909842519682
 20
-3.652683149606299
 30
0
 11
4.8761607874015747
 21
-3.652683149606299
 31
0
  0
LINE
  5
499
330
22
100
AcDbEntity
  8
F.Mask
  6
CONTINUOUS
100
AcDbLine
 10
4.8761607874015747
 20
-3.652683149606299
 30
0
 11
4.873463307086614
 21
-3.6540318897637794
 31
0
  0
LINE
  5
49A
330
22
100
AcDbEntity
  8
F.Mask
  6
CONTINUOUS
100
AcDbLine
 10
4.873463307086614
 20
-3.6540318897637794
 30
0
 11
4.8727922047244094
 21
-3.6547029921259844
 31
0
  0
LINE
  5
49B
330
22
100
AcDbEntity
  8
F.Mask
  6
CONTINUOUS
100
AcDbLine
 10
4.8727922047244094
 20
-3.6547029921259844
 30
0
 11
4.8727922047244094
 21
-3.675977125984252
 31
0
  0
LINE
  5
49C
330
22
100
AcDbEntity
  8
F.Mask
  6
CONTINUOUS
100
AcDbLine
 10
4.8727922047244094
 20
-3.675977125984252
 30
0
 11
4.8727354724409446
 21
-3.6765531889763778
 31
0
  0
LINE
  5
49D
330
22
100
AcDbEntity
  8
F.Mask
  6
CONTINUOUS
100
AcDbLine
 10
4.8727354724409446
 20
-3.6765531889763778
 30
0
 11
4.872294566929134
 21
-3.6776175984251966
 31
0
  0
LINE
  5
49E
330
22
100
AcDbEntity
  8
F.Mask
  6
CONTINUOUS
100
AcDbLine
 10
4.872294566929134
 20
-3.6776175984251966
 30
0
 11
4.8714799212598425
 21
-3.6784322440944881
 31
0
  0
LINE
  5
49F
330
22
100
AcDbEntity
  8
F.Mask
  6
CONTINUOUS
100
AcDbLine
 10
4.8714799212598425
 20
-3.6784322440944881
 30
0
 11
4.8704155118110233
 21
-3.6788731496062992
 31
0
  0
LINE
  5
4A0
330
22
100
AcDbEntity
  8
F.Mask
  6
CONTINUOUS
100
AcDbLine
 10
4.8704155118110233
 20
-3.6788731496062992
 30
0
 11
4.8692633858267715
 21
-3.6788731496062992
 31
0
  0
LINE
  5
4A1
330
22
100
AcDbEntity
  8
F.Mask
  6
CONTINUOUS
100
AcDbLine
 10
4.8692633858267715
 20
-3.6788731496062992
 30
0
 11
4.8681989763779523
 21
-3.6784322440944881
 31
0
  0
LINE
  5
4A2
330
22
100
AcDbEntity
  8
F.Mask
  6
CONTINUOUS
100
AcDbLine
 10
4.8681989763779523
 20
-3.6784322440944881
 30
0
 11
4.8673843307086617
 21
-3.6776175984251966
 31
0
  0
LINE
  5
4A3
330
22
100
AcDbEntity
  8
F.Mask
  6
CONTINUOUS
100
AcDbLine
 10
4.8673843307086617
 20
-3.6776175984251966
 30
0
 11
4.8669434251968502
 21
-3.6765531889763778
 31
0
  0
LINE
  5
4A4
330
22
100
AcDbEntity
  8
F.Mask
  6
CONTINUOUS
100
AcDbLine
 10
4.8669434251968502
 20
-3.6765531889763778
 30
0
 11
4.8668866929133854
 21
-3.675977125984252
 31
0
  0
LINE
  5
4A5
330
22
100
AcDbEntity
  8
F.Mask
  6
CONTINUOUS
100
AcDbLine
 10
4.8668866929133854
 20
-3.675977125984252
 30
0
 11
4.8668866929133854
 21
-3.6497303937007874
 31
0
  0
LINE
  5
4A6
330
22
100
AcDbEntity
  8
F.Mask
  6
CONTINUOUS
100
AcDbLine
 10
4.8668866929133854
 20
-3.6497303937007874
 30
0
 11
4.8669434251968502
 21
-3.6491543307086611
 31
0
  0
LINE
  5
4A7
330
22
100
AcDbEntity
  8
F.Mask
  6
CONTINUOUS
100
AcDbLine
 10
4.8669434251968502
 20
-3.6491543307086611
 30
0
 11
4.8673843307086617
 21
-3.6480899212598423
 31
0
  0
LINE
  5
4A8
330
22
100
AcDbEntity
  8
F.Mask
  6
CONTINUOUS
100
AcDbLine
 10
4.8673843307086617
 20
-3.6480899212598423
 30
0
 11
4.8681989763779523
 21
-3.6472752755905513
 31
0
  0
LINE
  5
4A9
330
22
100
AcDbEntity
  8
F.Mask
  6
CONTINUOUS
100
AcDbLine
 10
4.8681989763779523
 20
-3.6472752755905513
 30
0
 11
4.8692633858267715
 21
-3.6468343700787402
 31
0
  0
LINE
  5
4AA
330
22
100
AcDbEntity
  8
F.Mask
  6
CONTINUOUS
100
AcDbLine
 10
4.8692633858267715
 20
-3.6468343700787402
 30
0
 11
4.8704155118110233
 21
-3.6468343700787402
 31
0
  0
LINE
  5
4AB
330
22
100
AcDbEntity
  8
F.Mask
  6
CONTINUOUS
100
AcDbLine
 10
4.8704155118110233
 20
-3.6468343700787402
 30
0
 11
4.8714799212598425
 21
-3.6472752755905513
 31
0
  0
LINE
  5
4AC
330
22
100
AcDbEntity
  8
F.Mask
  6
CONTINUOUS
100
AcDbLine
 10
4.8714799212598425
 20
-3.6472752755905513
 30
0
 11
4.8722437401574803
 21
-3.6480390944881891
 31
0
  0
LINE
  5
4AD
330
22
100
AcDbEntity
  8
F.Mask
  6
CONTINUOUS
100
AcDbLine
 10
4.8722437401574803
 20
-3.6480390944881891
 30
0
 11
4.8741432283464565
 21
-3.6470893700787399
 31
0
  0
LINE
  5
4AE
330
22
100
AcDbEntity
  8
F.Mask
  6
CONTINUOUS
100
AcDbLine
 10
4.8741432283464565
 20
-3.6470893700787399
 30
0
 11
4.8746838188976378
 21
-3.6468824803149604
 31
0
  0
LINE
  5
4AF
330
22
100
AcDbEntity
  8
F.Mask
  6
CONTINUOUS
100
AcDbLine
 10
4.8746838188976378
 20
-3.6468824803149604
 30
0
 11
4.8747896850393699
 21
-3.6468749212598426
 31
0
  0
LINE
  5
4B0
330
22
100
AcDbEntity
  8
F.Mask
  6
CONTINUOUS
100
AcDbLine
 10
4.8747896850393699
 20
-3.6468749212598426
 30
0
 11
4.8748876771653542
 21
-3.6468343700787402
 31
0
  0
LINE
  5
4B1
330
22
100
AcDbEntity
  8
F.Mask
  6
CONTINUOUS
100
AcDbLine
 10
4.8748876771653542
 20
-3.6468343700787402
 30
0
 11
4.8754637401574801
 21
-3.6467776377952754
 31
0
  0
LINE
  5
4B2
330
22
100
AcDbEntity
  8
F.Mask
  6
CONTINUOUS
100
AcDbLine
 10
4.8754637401574801
 20
-3.6467776377952754
 30
0
 11
4.8810880314960627
 21
-3.6467776377952754
 31
0
  0
LINE
  5
4B3
330
22
100
AcDbEntity
  8
F.Mask
  6
CONTINUOUS
100
AcDbLine
 10
4.8810880314960627
 20
-3.6467776377952754
 30
0
 11
4.8816640944881886
 21
-3.6468343700787402
 31
0
  0
LINE
  5
4B4
330
22
100
AcDbEntity
  8
F.Mask
  6
CONTINUOUS
100
AcDbLine
 10
5.0916378740157482
 20
-3.6337110236220473
 30
0
 11
5.0917358661417325
 21
-3.6337516141732285
 31
0
  0
LINE
  5
4B5
330
22
100
AcDbEntity
  8
F.Mask
  6
CONTINUOUS
100
AcDbLine
 10
5.0917358661417325
 20
-3.6337516141732285
 30
0
 11
5.0918416929133858
 21
-3.6337591338582675
 31
0
  0
LINE
  5
4B6
330
22
100
AcDbEntity
  8
F.Mask
  6
CONTINUOUS
100
AcDbLine
 10
5.0918416929133858
 20
-3.6337591338582675
 30
0
 11
5.0923823228346459
 21
-3.633966023622047
 31
0
  0
LINE
  5
4B7
330
22
100
AcDbEntity
  8
F.Mask
  6
CONTINUOUS
100
AcDbLine
 10
5.0923823228346459
 20
-3.633966023622047
 30
0
 11
5.096131850393701
 21
-3.6358407874015746
 31
0
  0
LINE
  5
4B8
330
22
100
AcDbEntity
  8
F.Mask
  6
CONTINUOUS
100
AcDbLine
 10
5.096131850393701
 20
-3.6358407874015746
 30
0
 11
5.0963798425196849
 21
-3.6359968503937008
 31
0
  0
LINE
  5
4B9
330
22
100
AcDbEntity
  8
F.Mask
  6
CONTINUOUS
100
AcDbLine
 10
5.0963798425196849
 20
-3.6359968503937008
 30
0
 11
5.0964518110236217
 21
-3.6360266929133855
 31
0
  0
LINE
  5
4BA
330
22
100
AcDbEntity
  8
F.Mask
  6
CONTINUOUS
100
AcDbLine
 10
5.0964518110236217
 20
-3.6360266929133855
 30
0
 11
5.0965327559055114
 21
-3.6360931496062991
 31
0
  0
LINE
  5
4BB
330
22
100
AcDbEntity
  8
F.Mask
  6
CONTINUOUS
100
AcDbLine
 10
5.0965327559055114
 20
-3.6360931496062991
 30
0
 11
5.0966217322834648
 21
-3.6361491338582677
 31
0
  0
LINE
  5
4BC
330
22
100
AcDbEntity
  8
F.Mask
  6
CONTINUOUS
100
AcDbLine
 10
5.0966217322834648
 20
-3.6361491338582677
 30
0
 11
5.0966728740157476
 21
-3.6362081102362205
 31
0
  0
LINE
  5
4BD
330
22
100
AcDbEntity
  8
F.Mask
  6
CONTINUOUS
100
AcDbLine
 10
5.0966728740157476
 20
-3.6362081102362205
 30
0
 11
5.0968992519685035
 21
-3.6363938976377952
 31
0
  0
LINE
  5
4BE
330
22
100
AcDbEntity
  8
F.Mask
  6
CONTINUOUS
100
AcDbLine
 10
5.0968992519685035
 20
-3.6363938976377952
 30
0
 11
5.098774015748031
 21
-3.6382686614173227
 31
0
  0
LINE
  5
4BF
330
22
100
AcDbEntity
  8
F.Mask
  6
CONTINUOUS
100
AcDbLine
 10
5.098774015748031
 20
-3.6382686614173227
 30
0
 11
5.0989597637795274
 21
-3.6384949999999998
 31
0
  0
LINE
  5
4C0
330
22
100
AcDbEntity
  8
F.Mask
  6
CONTINUOUS
100
AcDbLine
 10
5.0989597637795274
 20
-3.6384949999999998
 30
0
 11
5.099018779527559
 21
-3.6385461811023623
 31
0
  0
LINE
  5
4C1
330
22
100
AcDbEntity
  8
F.Mask
  6
CONTINUOUS
100
AcDbLine
 10
5.099018779527559
 20
-3.6385461811023623
 30
0
 11
5.0990747244094488
 21
-3.6386351181102361
 31
0
  0
LINE
  5
4C2
330
22
100
AcDbEntity
  8
F.Mask
  6
CONTINUOUS
100
AcDbLine
 10
5.0990747244094488
 20
-3.6386351181102361
 30
0
 11
5.0991412204724407
 21
-3.6387161023622046
 31
0
  0
LINE
  5
4C3
330
22
100
AcDbEntity
  8
F.Mask
  6
CONTINUOUS
100
AcDbLine
 10
5.0991412204724407
 20
-3.6387161023622046
 30
0
 11
5.0991710236220475
 21
-3.638788031496063
 31
0
  0
LINE
  5
4C4
330
22
100
AcDbEntity
  8
F.Mask
  6
CONTINUOUS
100
AcDbLine
 10
5.0991710236220475
 20
-3.638788031496063
 30
0
 11
5.0993271259842521
 21
-3.6390360629921261
 31
0
  0
LINE
  5
4C5
330
22
100
AcDbEntity
  8
F.Mask
  6
CONTINUOUS
100
AcDbLine
 10
5.0993271259842521
 20
-3.6390360629921261
 30
0
 11
5.1012018897637796
 21
-3.6427855905511812
 31
0
  0
LINE
  5
4C6
330
22
100
AcDbEntity
  8
F.Mask
  6
CONTINUOUS
100
AcDbLine
 10
5.1012018897637796
 20
-3.6427855905511812
 30
0
 11
5.1014087795275591
 21
-3.6433261811023621
 31
0
  0
LINE
  5
4C7
330
22
100
AcDbEntity
  8
F.Mask
  6
CONTINUOUS
100
AcDbLine
 10
5.1014087795275591
 20
-3.6433261811023621
 30
0
 11
5.1014162992125982
 21
-3.6434320472440942
 31
0
  0
LINE
  5
4C8
330
22
100
AcDbEntity
  8
F.Mask
  6
CONTINUOUS
100
AcDbLine
 10
5.1014162992125982
 20
-3.6434320472440942
 30
0
 11
5.1014568897637798
 21
-3.6435300393700785
 31
0
  0
LINE
  5
4C9
330
22
100
AcDbEntity
  8
F.Mask
  6
CONTINUOUS
100
AcDbLine
 10
5.1014568897637798
 20
-3.6435300393700785
 30
0
 11
5.1015136220472437
 21
-3.6441061023622048
 31
0
  0
LINE
  5
4CA
330
22
100
AcDbEntity
  8
F.Mask
  6
CONTINUOUS
100
AcDbLine
 10
5.1015136220472437
 20
-3.6441061023622048
 30
0
 11
5.1015136220472437
 21
-3.6497303937007874
 31
0
  0
LINE
  5
4CB
330
22
100
AcDbEntity
  8
F.Mask
  6
CONTINUOUS
100
AcDbLine
 10
5.1015136220472437
 20
-3.6497303937007874
 30
0
 11
5.1014568897637798
 21
-3.6503064566929133
 31
0
  0
LINE
  5
4CC
330
22
100
AcDbEntity
  8
F.Mask
  6
CONTINUOUS
100
AcDbLine
 10
5.1014568897637798
 20
-3.6503064566929133
 30
0
 11
5.1014162992125982
 21
-3.6504044094488188
 31
0
  0
LINE
  5
4CD
330
22
100
AcDbEntity
  8
F.Mask
  6
CONTINUOUS
100
AcDbLine
 10
5.1014162992125982
 20
-3.6504044094488188
 30
0
 11
5.1014087795275591
 21
-3.6505103149606297
 31
0
  0
LINE
  5
4CE
330
22
100
AcDbEntity
  8
F.Mask
  6
CONTINUOUS
100
AcDbLine
 10
5.1014087795275591
 20
-3.6505103149606297
 30
0
 11
5.1012018897637796
 21
-3.651050905511811
 31
0
  0
LINE
  5
4CF
330
22
100
AcDbEntity
  8
F.Mask
  6
CONTINUOUS
100
AcDbLine
 10
5.1012018897637796
 20
-3.651050905511811
 30
0
 11
5.0993271259842521
 21
-3.6548004330708661
 31
0
  0
LINE
  5
4D0
330
22
100
AcDbEntity
  8
F.Mask
  6
CONTINUOUS
100
AcDbLine
 10
5.0993271259842521
 20
-3.6548004330708661
 30
0
 11
5.0991710236220475
 21
-3.6550484251968505
 31
0
  0
LINE
  5
4D1
330
22
100
AcDbEntity
  8
F.Mask
  6
CONTINUOUS
100
AcDbLine
 10
5.0991710236220475
 20
-3.6550484251968505
 30
0
 11
5.0991412204724407
 21
-3.6551203937007872
 31
0
  0
LINE
  5
4D2
330
22
100
AcDbEntity
  8
F.Mask
  6
CONTINUOUS
100
AcDbLine
 10
5.0991412204724407
 20
-3.6551203937007872
 30
0
 11
5.0990747244094488
 21
-3.6552013385826769
 31
0
  0
LINE
  5
4D3
330
22
100
AcDbEntity
  8
F.Mask
  6
CONTINUOUS
100
AcDbLine
 10
5.0990747244094488
 20
-3.6552013385826769
 30
0
 11
5.099018779527559
 21
-3.6552903149606299
 31
0
  0
LINE
  5
4D4
330
22
100
AcDbEntity
  8
F.Mask
  6
CONTINUOUS
100
AcDbLine
 10
5.099018779527559
 20
-3.6552903149606299
 30
0
 11
5.0989597637795274
 21
-3.6553414566929132
 31
0
  0
LINE
  5
4D5
330
22
100
AcDbEntity
  8
F.Mask
  6
CONTINUOUS
100
AcDbLine
 10
5.0989597637795274
 20
-3.6553414566929132
 30
0
 11
5.098774015748031
 21
-3.655567834645669
 31
0
  0
LINE
  5
4D6
330
22
100
AcDbEntity
  8
F.Mask
  6
CONTINUOUS
100
AcDbLine
 10
5.098774015748031
 20
-3.655567834645669
 30
0
 11
5.0968992519685035
 21
-3.6574425984251966
 31
0
  0
LINE
  5
4D7
330
22
100
AcDbEntity
  8
F.Mask
  6
CONTINUOUS
100
AcDbLine
 10
5.0968992519685035
 20
-3.6574425984251966
 30
0
 11
5.0966728740157476
 21
-3.657628346456693
 31
0
  0
LINE
  5
4D8
330
22
100
AcDbEntity
  8
F.Mask
  6
CONTINUOUS
100
AcDbLine
 10
5.0966728740157476
 20
-3.657628346456693
 30
0
 11
5.0966217322834648
 21
-3.6576873622047241
 31
0
  0
LINE
  5
4D9
330
22
100
AcDbEntity
  8
F.Mask
  6
CONTINUOUS
100
AcDbLine
 10
5.0966217322834648
 20
-3.6576873622047241
 30
0
 11
5.0965327559055114
 21
-3.6577433070866139
 31
0
  0
LINE
  5
4DA
330
22
100
AcDbEntity
  8
F.Mask
  6
CONTINUOUS
100
AcDbLine
 10
5.0965327559055114
 20
-3.6577433070866139
 30
0
 11
5.0964518110236217
 21
-3.6578098031496062
 31
0
  0
LINE
  5
4DB
330
22
100
AcDbEntity
  8
F.Mask
  6
CONTINUOUS
100
AcDbLine
 10
5.0964518110236217
 20
-3.6578098031496062
 30
0
 11
5.0963798425196849
 21
-3.6578396062992127
 31
0
  0
LINE
  5
4DC
330
22
100
AcDbEntity
  8
F.Mask
  6
CONTINUOUS
100
AcDbLine
 10
5.0963798425196849
 20
-3.6578396062992127
 30
0
 11
5.096131850393701
 21
-3.6579957086614172
 31
0
  0
LINE
  5
4DD
330
22
100
AcDbEntity
  8
F.Mask
  6
CONTINUOUS
100
AcDbLine
 10
5.096131850393701
 20
-3.6579957086614172
 30
0
 11
5.0923823228346459
 21
-3.6598704724409448
 31
0
  0
LINE
  5
4DE
330
22
100
AcDbEntity
  8
F.Mask
  6
CONTINUOUS
100
AcDbLine
 10
5.0923823228346459
 20
-3.6598704724409448
 30
0
 11
5.0918416929133858
 21
-3.6600773622047242
 31
0
  0
LINE
  5
4DF
330
22
100
AcDbEntity
  8
F.Mask
  6
CONTINUOUS
100
AcDbLine
 10
5.0918416929133858
 20
-3.6600773622047242
 30
0
 11
5.0917358661417325
 21
-3.660084842519685
 31
0
  0
LINE
  5
4E0
330
22
100
AcDbEntity
  8
F.Mask
  6
CONTINUOUS
100
AcDbLine
 10
5.0917358661417325
 20
-3.660084842519685
 30
0
 11
5.0916378740157482
 21
-3.6601254724409449
 31
0
  0
LINE
  5
4E1
330
22
100
AcDbEntity
  8
F.Mask
  6
CONTINUOUS
100
AcDbLine
 10
5.0916378740157482
 20
-3.6601254724409449
 30
0
 11
5.0910618110236223
 21
-3.6601822047244092
 31
0
  0
LINE
  5
4E2
330
22
100
AcDbEntity
  8
F.Mask
  6
CONTINUOUS
100
AcDbLine
 10
5.0910618110236223
 20
-3.6601822047244092
 30
0
 11
5.079016456692913
 21
-3.6601822047244092
 31
0
  0
LINE
  5
4E3
330
22
100
AcDbEntity
  8
F.Mask
  6
CONTINUOUS
100
AcDbLine
 10
5.079016456692913
 20
-3.6601822047244092
 30
0
 11
5.079016456692913
 21
-3.675977125984252
 31
0
  0
LINE
  5
4E4
330
22
100
AcDbEntity
  8
F.Mask
  6
CONTINUOUS
100
AcDbLine
 10
5.079016456692913
 20
-3.675977125984252
 30
0
 11
5.0789597244094491
 21
-3.6765531889763778
 31
0
  0
LINE
  5
4E5
330
22
100
AcDbEntity
  8
F.Mask
  6
CONTINUOUS
100
AcDbLine
 10
5.0789597244094491
 20
-3.6765531889763778
 30
0
 11
5.0785188188976376
 21
-3.6776175984251966
 31
0
  0
LINE
  5
4E6
330
22
100
AcDbEntity
  8
F.Mask
  6
CONTINUOUS
100
AcDbLine
 10
5.0785188188976376
 20
-3.6776175984251966
 30
0
 11
5.0777041732283461
 21
-3.6784322440944881
 31
0
  0
LINE
  5
4E7
330
22
100
AcDbEntity
  8
F.Mask
  6
CONTINUOUS
100
AcDbLine
 10
5.0777041732283461
 20
-3.6784322440944881
 30
0
 11
5.0766397637795277
 21
-3.6788731496062992
 31
0
  0
LINE
  5
4E8
330
22
100
AcDbEntity
  8
F.Mask
  6
CONTINUOUS
100
AcDbLine
 10
5.0766397637795277
 20
-3.6788731496062992
 30
0
 11
5.0754876377952751
 21
-3.6788731496062992
 31
0
  0
LINE
  5
4E9
330
22
100
AcDbEntity
  8
F.Mask
  6
CONTINUOUS
100
AcDbLine
 10
5.0754876377952751
 20
-3.6788731496062992
 30
0
 11
5.0744232283464568
 21
-3.6784322440944881
 31
0
  0
LINE
  5
4EA
330
22
100
AcDbEntity
  8
F.Mask
  6
CONTINUOUS
100
AcDbLine
 10
5.0744232283464568
 20
-3.6784322440944881
 30
0
 11
5.0736085826771653
 21
-3.6776175984251966
 31
0
  0
LINE
  5
4EB
330
22
100
AcDbEntity
  8
F.Mask
  6
CONTINUOUS
100
AcDbLine
 10
5.0736085826771653
 20
-3.6776175984251966
 30
0
 11
5.0731676771653538
 21
-3.6765531889763778
 31
0
  0
LINE
  5
4EC
330
22
100
AcDbEntity
  8
F.Mask
  6
CONTINUOUS
100
AcDbLine
 10
5.0731676771653538
 20
-3.6765531889763778
 30
0
 11
5.0731109448818898
 21
-3.675977125984252
 31
0
  0
LINE
  5
4ED
330
22
100
AcDbEntity
  8
F.Mask
  6
CONTINUOUS
100
AcDbLine
 10
5.0731109448818898
 20
-3.675977125984252
 30
0
 11
5.0731109448818898
 21
-3.6366070472440946
 31
0
  0
LINE
  5
4EE
330
22
100
AcDbEntity
  8
F.Mask
  6
CONTINUOUS
100
AcDbLine
 10
5.0731109448818898
 20
-3.6366070472440946
 30
0
 11
5.0731676771653538
 21
-3.6360309842519682
 31
0
  0
LINE
  5
4EF
330
22
100
AcDbEntity
  8
F.Mask
  6
CONTINUOUS
100
AcDbLine
 10
5.0731676771653538
 20
-3.6360309842519682
 30
0
 11
5.0736085826771653
 21
-3.6349665748031494
 31
0
  0
LINE
  5
4F0
330
22
100
AcDbEntity
  8
F.Mask
  6
CONTINUOUS
100
AcDbLine
 10
5.0736085826771653
 20
-3.6349665748031494
 30
0
 11
5.0744232283464568
 21
-3.634151929133858
 31
0
  0
LINE
  5
4F1
330
22
100
AcDbEntity
  8
F.Mask
  6
CONTINUOUS
100
AcDbLine
 10
5.0744232283464568
 20
-3.634151929133858
 30
0
 11
5.0754876377952751
 21
-3.6337110236220473
 31
0
  0
LINE
  5
4F2
330
22
100
AcDbEntity
  8
F.Mask
  6
CONTINUOUS
100
AcDbLine
 10
5.0754876377952751
 20
-3.6337110236220473
 30
0
 11
5.0760637007874019
 21
-3.6336542913385825
 31
0
  0
LINE
  5
4F3
330
22
100
AcDbEntity
  8
F.Mask
  6
CONTINUOUS
100
AcDbLine
 10
5.0760637007874019
 20
-3.6336542913385825
 30
0
 11
5.0910618110236223
 21
-3.6336542913385825
 31
0
  0
LINE
  5
4F4
330
22
100
AcDbEntity
  8
F.Mask
  6
CONTINUOUS
100
AcDbLine
 10
5.0910618110236223
 20
-3.6336542913385825
 30
0
 11
5.0916378740157482
 21
-3.6337110236220473
 31
0
  0
LINE
  5
4F5
330
22
100
AcDbEntity
  8
F.Mask
  6
CONTINUOUS
100
AcDbLine
 10
5.079016456692913
 20
-3.6542766929133856
 30
0
 11
5.0903647637795277
 21
-3.6542766929133856
 31
0
  0
LINE
  5
4F6
330
22
100
AcDbEntity
  8
F.Mask
  6
CONTINUOUS
100
AcDbLine
 10
5.0903647637795277
 20
-3.6542766929133856
 30
0
 11
5.0930622440944884
 21
-3.6529279527559053
 31
0
  0
LINE
  5
4F7
330
22
100
AcDbEntity
  8
F.Mask
  6
CONTINUOUS
100
AcDbLine
 10
5.0930622440944884
 20
-3.6529279527559053
 30
0
 11
5.0942593700787402
 21
-3.6517308267716535
 31
0
  0
LINE
  5
4F8
330
22
100
AcDbEntity
  8
F.Mask
  6
CONTINUOUS
100
AcDbLine
 10
5.0942593700787402
 20
-3.6517308267716535
 30
0
 11
5.0956081102362205
 21
-3.6490333464566929
 31
0
  0
LINE
  5
4F9
330
22
100
AcDbEntity
  8
F.Mask
  6
CONTINUOUS
100
AcDbLine
 10
5.0956081102362205
 20
-3.6490333464566929
 30
0
 11
5.0956081102362205
 21
-3.6448031496062989
 31
0
  0
LINE
  5
4FA
330
22
100
AcDbEntity
  8
F.Mask
  6
CONTINUOUS
100
AcDbLine
 10
5.0956081102362205
 20
-3.6448031496062989
 30
0
 11
5.0942593700787402
 21
-3.6421056692913387
 31
0
  0
LINE
  5
4FB
330
22
100
AcDbEntity
  8
F.Mask
  6
CONTINUOUS
100
AcDbLine
 10
5.0942593700787402
 20
-3.6421056692913387
 30
0
 11
5.0930622440944884
 21
-3.6409085433070865
 31
0
  0
LINE
  5
4FC
330
22
100
AcDbEntity
  8
F.Mask
  6
CONTINUOUS
100
AcDbLine
 10
5.0930622440944884
 20
-3.6409085433070865
 30
0
 11
5.0903647637795277
 21
-3.6395598031496061
 31
0
  0
LINE
  5
4FD
330
22
100
AcDbEntity
  8
F.Mask
  6
CONTINUOUS
100
AcDbLine
 10
5.0903647637795277
 20
-3.6395598031496061
 30
0
 11
5.079016456692913
 21
-3.6395598031496061
 31
0
  0
LINE
  5
4FE
330
22
100
AcDbEntity
  8
F.Mask
  6
CONTINUOUS
100
AcDbLine
 10
5.079016456692913
 20
-3.6395598031496061
 30
0
 11
5.079016456692913
 21
-3.6542766929133856
 31
0
  0
LINE
  5
4FF
330
22
100
AcDbEntity
  8
F.Mask
  6
CONTINUOUS
100
AcDbLine
 10
4.9981034251968506
 20
-3.6337591338582675
 30
0
 11
4.9991339370078736
 21
-3.6342743700787401
 31
0
  0
LINE
  5
500
330
22
100
AcDbEntity
  8
F.Mask
  6
CONTINUOUS
100
AcDbLine
 10
4.9991339370078736
 20
-3.6342743700787401
 30
0
 11
4.9998887795275593
 21
-3.6351447637795276
 31
0
  0
LINE
  5
501
330
22
100
AcDbEntity
  8
F.Mask
  6
CONTINUOUS
100
AcDbLine
 10
4.9998887795275593
 20
-3.6351447637795276
 30
0
 11
5.00025311023622
 21
-3.6362377165354332
 31
0
  0
LINE
  5
502
330
22
100
AcDbEntity
  8
F.Mask
  6
CONTINUOUS
100
AcDbLine
 10
5.00025311023622
 20
-3.6362377165354332
 30
0
 11
5.0001714566929136
 21
-3.6373869291338581
 31
0
  0
LINE
  5
503
330
22
100
AcDbEntity
  8
F.Mask
  6
CONTINUOUS
100
AcDbLine
 10
5.0001714566929136
 20
-3.6373869291338581
 30
0
 11
4.9999645669291342
 21
-3.6379275590551181
 31
0
  0
LINE
  5
504
330
22
100
AcDbEntity
  8
F.Mask
  6
CONTINUOUS
100
AcDbLine
 10
4.9999645669291342
 20
-3.6379275590551181
 30
0
 11
4.996215039370079
 21
-3.6454266141732283
 31
0
  0
LINE
  5
505
330
22
100
AcDbEntity
  8
F.Mask
  6
CONTINUOUS
100
AcDbLine
 10
4.996215039370079
 20
-3.6454266141732283
 30
0
 11
4.995906692913386
 21
-3.6459164960629922
 31
0
  0
LINE
  5
506
330
22
100
AcDbEntity
  8
F.Mask
  6
CONTINUOUS
100
AcDbLine
 10
4.995906692913386
 20
-3.6459164960629922
 30
0
 11
4.9950362992125985
 21
-3.646671338582677
 31
0
  0
LINE
  5
507
330
22
100
AcDbEntity
  8
F.Mask
  6
CONTINUOUS
100
AcDbLine
 10
4.9950362992125985
 20
-3.646671338582677
 30
0
 11
4.9939433464566925
 21
-3.6470356692913386
 31
0
  0
LINE
  5
508
330
22
100
AcDbEntity
  8
F.Mask
  6
CONTINUOUS
100
AcDbLine
 10
4.9939433464566925
 20
-3.6470356692913386
 30
0
 11
4.9927941338582675
 21
-3.6469540157480314
 31
0
  0
LINE
  5
509
330
22
100
AcDbEntity
  8
F.Mask
  6
CONTINUOUS
100
AcDbLine
 10
4.9927941338582675
 20
-3.6469540157480314
 30
0
 11
4.9917636220472437
 21
-3.6464387795275588
 31
0
  0
LINE
  5
50A
330
22
100
AcDbEntity
  8
F.Mask
  6
CONTINUOUS
100
AcDbLine
 10
4.9917636220472437
 20
-3.6464387795275588
 30
0
 11
4.9910087795275588
 21
-3.6455683858267718
 31
0
  0
LINE
  5
50B
330
22
100
AcDbEntity
  8
F.Mask
  6
CONTINUOUS
100
AcDbLine
 10
4.9910087795275588
 20
-3.6455683858267718
 30
0
 11
4.9906444488188972
 21
-3.6444754330708662
 31
0
  0
LINE
  5
50C
330
22
100
AcDbEntity
  8
F.Mask
  6
CONTINUOUS
100
AcDbLine
 10
4.9906444488188972
 20
-3.6444754330708662
 30
0
 11
4.9907261023622045
 21
-3.6433262204724408
 31
0
  0
LINE
  5
50D
330
22
100
AcDbEntity
  8
F.Mask
  6
CONTINUOUS
100
AcDbLine
 10
4.9907261023622045
 20
-3.6433262204724408
 30
0
 11
4.990932992125984
 21
-3.6427855905511812
 31
0
  0
LINE
  5
50E
330
22
100
AcDbEntity
  8
F.Mask
  6
CONTINUOUS
100
AcDbLine
 10
4.990932992125984
 20
-3.6427855905511812
 30
0
 11
4.9946825196850391
 21
-3.6352865354330706
 31
0
  0
LINE
  5
50F
330
22
100
AcDbEntity
  8
F.Mask
  6
CONTINUOUS
100
AcDbLine
 10
4.9946825196850391
 20
-3.6352865354330706
 30
0
 11
4.9949909055118109
 21
-3.6347966535433072
 31
0
  0
LINE
  5
510
330
22
100
AcDbEntity
  8
F.Mask
  6
CONTINUOUS
100
AcDbLine
 10
4.9949909055118109
 20
-3.6347966535433072
 30
0
 11
4.9958612598425196
 21
-3.6340417716535431
 31
0
  0
LINE
  5
511
330
22
100
AcDbEntity
  8
F.Mask
  6
CONTINUOUS
100
AcDbLine
 10
4.9958612598425196
 20
-3.6340417716535431
 30
0
 11
4.9969542125984248
 21
-3.6336774803149607
 31
0
  0
LINE
  5
512
330
22
100
AcDbEntity
  8
F.Mask
  6
CONTINUOUS
100
AcDbLine
 10
4.9969542125984248
 20
-3.6336774803149607
 30
0
 11
4.9981034251968506
 21
-3.6337591338582675
 31
0
  0
LINE
  5
513
330
22
100
AcDbEntity
  8
F.Mask
  6
CONTINUOUS
100
AcDbLine
 10
6.7955429133858267
 20
-3.4996217716535432
 30
0
 11
6.8020059842519682
 21
-3.5017217716535431
 31
0
  0
LINE
  5
514
330
22
100
AcDbEntity
  8
F.Mask
  6
CONTINUOUS
100
AcDbLine
 10
6.8020059842519682
 20
-3.5017217716535431
 30
0
 11
6.8080609448818894
 21
-3.5048069291338582
 31
0
  0
LINE
  5
515
330
22
100
AcDbEntity
  8
F.Mask
  6
CONTINUOUS
100
AcDbLine
 10
6.8080609448818894
 20
-3.5048069291338582
 30
0
 11
6.8135587795275585
 21
-3.5088012992125983
 31
0
  0
LINE
  5
516
330
22
100
AcDbEntity
  8
F.Mask
  6
CONTINUOUS
100
AcDbLine
 10
6.8135587795275585
 20
-3.5088012992125983
 30
0
 11
6.8183640551181099
 21
-3.5136065748031493
 31
0
  0
LINE
  5
517
330
22
100
AcDbEntity
  8
F.Mask
  6
CONTINUOUS
100
AcDbLine
 10
6.8183640551181099
 20
-3.5136065748031493
 30
0
 11
6.8223584251968505
 21
-3.5191044094488189
 31
0
  0
LINE
  5
518
330
22
100
AcDbEntity
  8
F.Mask
  6
CONTINUOUS
100
AcDbLine
 10
6.8223584251968505
 20
-3.5191044094488189
 30
0
 11
6.8254435826771651
 21
-3.52515937007874
 31
0
  0
LINE
  5
519
330
22
100
AcDbEntity
  8
F.Mask
  6
CONTINUOUS
100
AcDbLine
 10
6.8254435826771651
 20
-3.52515937007874
 30
0
 11
6.8275435826771655
 21
-3.531622440944882
 31
0
  0
LINE
  5
51A
330
22
100
AcDbEntity
  8
F.Mask
  6
CONTINUOUS
100
AcDbLine
 10
6.8275435826771655
 20
-3.531622440944882
 30
0
 11
6.8286066535433072
 21
-3.5383344488188975
 31
0
  0
LINE
  5
51B
330
22
100
AcDbEntity
  8
F.Mask
  6
CONTINUOUS
100
AcDbLine
 10
6.8286066535433072
 20
-3.5383344488188975
 30
0
 11
6.8286066535433072
 21
-3.5451301181102362
 31
0
  0
LINE
  5
51C
330
22
100
AcDbEntity
  8
F.Mask
  6
CONTINUOUS
100
AcDbLine
 10
6.8286066535433072
 20
-3.5451301181102362
 30
0
 11
6.8275435826771655
 21
-3.5518421259842521
 31
0
  0
LINE
  5
51D
330
22
100
AcDbEntity
  8
F.Mask
  6
CONTINUOUS
100
AcDbLine
 10
6.8275435826771655
 20
-3.5518421259842521
 30
0
 11
6.8254435826771651
 21
-3.5583051968503936
 31
0
  0
LINE
  5
51E
330
22
100
AcDbEntity
  8
F.Mask
  6
CONTINUOUS
100
AcDbLine
 10
6.8254435826771651
 20
-3.5583051968503936
 30
0
 11
6.8223584251968505
 21
-3.5643601574803148
 31
0
  0
LINE
  5
51F
330
22
100
AcDbEntity
  8
F.Mask
  6
CONTINUOUS
100
AcDbLine
 10
6.8223584251968505
 20
-3.5643601574803148
 30
0
 11
6.8183640551181099
 21
-3.5698579921259843
 31
0
  0
LINE
  5
520
330
22
100
AcDbEntity
  8
F.Mask
  6
CONTINUOUS
100
AcDbLine
 10
6.8183640551181099
 20
-3.5698579921259843
 30
0
 11
6.8135587795275585
 21
-3.5746632677165353
 31
0
  0
LINE
  5
521
330
22
100
AcDbEntity
  8
F.Mask
  6
CONTINUOUS
100
AcDbLine
 10
6.8135587795275585
 20
-3.5746632677165353
 30
0
 11
6.8080609448818894
 21
-3.5786576377952755
 31
0
  0
LINE
  5
522
330
22
100
AcDbEntity
  8
F.Mask
  6
CONTINUOUS
100
AcDbLine
 10
6.8080609448818894
 20
-3.5786576377952755
 30
0
 11
6.8020059842519682
 21
-3.5817427952755905
 31
0
  0
LINE
  5
523
330
22
100
AcDbEntity
  8
F.Mask
  6
CONTINUOUS
100
AcDbLine
 10
6.8020059842519682
 20
-3.5817427952755905
 30
0
 11
6.7955429133858267
 21
-3.5838427952755905
 31
0
  0
LINE
  5
524
330
22
100
AcDbEntity
  8
F.Mask
  6
CONTINUOUS
100
AcDbLine
 10
6.7955429133858267
 20
-3.5838427952755905
 30
0
 11
6.7888309055118112
 21
-3.5849058661417321
 31
0
  0
LINE
  5
525
330
22
100
AcDbEntity
  8
F.Mask
  6
CONTINUOUS
100
AcDbLine
 10
6.7888309055118112
 20
-3.5849058661417321
 30
0
 11
6.7820352362204721
 21
-3.5849058661417321
 31
0
  0
LINE
  5
526
330
22
100
AcDbEntity
  8
F.Mask
  6
CONTINUOUS
100
AcDbLine
 10
6.7820352362204721
 20
-3.5849058661417321
 30
0
 11
6.7753232283464566
 21
-3.5838427952755905
 31
0
  0
LINE
  5
527
330
22
100
AcDbEntity
  8
F.Mask
  6
CONTINUOUS
100
AcDbLine
 10
6.7753232283464566
 20
-3.5838427952755905
 30
0
 11
6.7688601574803151
 21
-3.5817427952755905
 31
0
  0
LINE
  5
528
330
22
100
AcDbEntity
  8
F.Mask
  6
CONTINUOUS
100
AcDbLine
 10
6.7688601574803151
 20
-3.5817427952755905
 30
0
 11
6.7628051968503939
 21
-3.5786576377952755
 31
0
  0
LINE
  5
529
330
22
100
AcDbEntity
  8
F.Mask
  6
CONTINUOUS
100
AcDbLine
 10
6.7628051968503939
 20
-3.5786576377952755
 30
0
 11
6.7573073622047239
 21
-3.5746632677165353
 31
0
  0
LINE
  5
52A
330
22
100
AcDbEntity
  8
F.Mask
  6
CONTINUOUS
100
AcDbLine
 10
6.7573073622047239
 20
-3.5746632677165353
 30
0
 11
6.7525020866141734
 21
-3.5698579921259843
 31
0
  0
LINE
  5
52B
330
22
100
AcDbEntity
  8
F.Mask
  6
CONTINUOUS
100
AcDbLine
 10
6.7525020866141734
 20
-3.5698579921259843
 30
0
 11
6.7485077165354328
 21
-3.5643601574803148
 31
0
  0
LINE
  5
52C
330
22
100
AcDbEntity
  8
F.Mask
  6
CONTINUOUS
100
AcDbLine
 10
6.7485077165354328
 20
-3.5643601574803148
 30
0
 11
6.7454225590551182
 21
-3.5583051968503936
 31
0
  0
LINE
  5
52D
330
22
100
AcDbEntity
  8
F.Mask
  6
CONTINUOUS
100
AcDbLine
 10
6.7454225590551182
 20
-3.5583051968503936
 30
0
 11
6.7433225590551178
 21
-3.5518421259842521
 31
0
  0
LINE
  5
52E
330
22
100
AcDbEntity
  8
F.Mask
  6
CONTINUOUS
100
AcDbLine
 10
6.7433225590551178
 20
-3.5518421259842521
 30
0
 11
6.7422594881889761
 21
-3.5451301181102362
 31
0
  0
LINE
  5
52F
330
22
100
AcDbEntity
  8
F.Mask
  6
CONTINUOUS
100
AcDbLine
 10
6.7422594881889761
 20
-3.5451301181102362
 30
0
 11
6.7422594881889761
 21
-3.5383344488188975
 31
0
  0
LINE
  5
530
330
22
100
AcDbEntity
  8
F.Mask
  6
CONTINUOUS
100
AcDbLine
 10
6.7422594881889761
 20
-3.5383344488188975
 30
0
 11
6.7433225590551178
 21
-3.531622440944882
 31
0
  0
LINE
  5
531
330
22
100
AcDbEntity
  8
F.Mask
  6
CONTINUOUS
100
AcDbLine
 10
6.7433225590551178
 20
-3.531622440944882
 30
0
 11
6.7454225590551182
 21
-3.52515937007874
 31
0
  0
LINE
  5
532
330
22
100
AcDbEntity
  8
F.Mask
  6
CONTINUOUS
100
AcDbLine
 10
6.7454225590551182
 20
-3.52515937007874
 30
0
 11
6.7485077165354328
 21
-3.5191044094488189
 31
0
  0
LINE
  5
533
330
22
100
AcDbEntity
  8
F.Mask
  6
CONTINUOUS
100
AcDbLine
 10
6.7485077165354328
 20
-3.5191044094488189
 30
0
 11
6.7525020866141734
 21
-3.5136065748031493
 31
0
  0
LINE
  5
534
330
22
100
AcDbEntity
  8
F.Mask
  6
CONTINUOUS
100
AcDbLine
 10
6.7525020866141734
 20
-3.5136065748031493
 30
0
 11
6.7573073622047239
 21
-3.5088012992125983
 31
0
  0
LINE
  5
535
330
22
100
AcDbEntity
  8
F.Mask
  6
CONTINUOUS
100
AcDbLine
 10
6.7573073622047239
 20
-3.5088012992125983
 30
0
 11
6.7628051968503939
 21
-3.5048069291338582
 31
0
  0
LINE
  5
536
330
22
100
AcDbEntity
  8
F.Mask
  6
CONTINUOUS
100
AcDbLine
 10
6.7628051968503939
 20
-3.5048069291338582
 30
0
 11
6.7688601574803151
 21
-3.5017217716535431
 31
0
  0
LINE
  5
537
330
22
100
AcDbEntity
  8
F.Mask
  6
CONTINUOUS
100
AcDbLine
 10
6.7688601574803151
 20
-3.5017217716535431
 30
0
 11
6.7753232283464566
 21
-3.4996217716535432
 31
0
  0
LINE
  5
538
330
22
100
AcDbEntity
  8
F.Mask
  6
CONTINUOUS
100
AcDbLine
 10
6.7753232283464566
 20
-3.4996217716535432
 30
0
 11
6.7820352362204721
 21
-3.4985587007874015
 31
0
  0
LINE
  5
539
330
22
100
AcDbEntity
  8
F.Mask
  6
CONTINUOUS
100
AcDbLine
 10
6.7820352362204721
 20
-3.4985587007874015
 30
0
 11
6.7888309055118112
 21
-3.4985587007874015
 31
0
  0
LINE
  5
53A
330
22
100
AcDbEntity
  8
F.Mask
  6
CONTINUOUS
100
AcDbLine
 10
6.7888309055118112
 20
-3.4985587007874015
 30
0
 11
6.7955429133858267
 21
-3.4996217716535432
 31
0
  0
LINE
  5
53B
330
22
100
AcDbEntity
  8
F.Mask
  6
CONTINUOUS
100
AcDbLine
 10
6.0353066929133856
 20
-3.498046968503937
 30
0
 11
6.0417697637795271
 21
-3.500146968503937
 31
0
  0
LINE
  5
53C
330
22
100
AcDbEntity
  8
F.Mask
  6
CONTINUOUS
100
AcDbLine
 10
6.0417697637795271
 20
-3.500146968503937
 30
0
 11
6.0478247244094483
 21
-3.503232125984252
 31
0
  0
LINE
  5
53D
330
22
100
AcDbEntity
  8
F.Mask
  6
CONTINUOUS
100
AcDbLine
 10
6.0478247244094483
 20
-3.503232125984252
 30
0
 11
6.0533225590551183
 21
-3.5072264960629922
 31
0
  0
LINE
  5
53E
330
22
100
AcDbEntity
  8
F.Mask
  6
CONTINUOUS
100
AcDbLine
 10
6.0533225590551183
 20
-3.5072264960629922
 30
0
 11
6.0581278346456688
 21
-3.5120317716535432
 31
0
  0
LINE
  5
53F
330
22
100
AcDbEntity
  8
F.Mask
  6
CONTINUOUS
100
AcDbLine
 10
6.0581278346456688
 20
-3.5120317716535432
 30
0
 11
6.0621222047244094
 21
-3.5175296062992123
 31
0
  0
LINE
  5
540
330
22
100
AcDbEntity
  8
F.Mask
  6
CONTINUOUS
100
AcDbLine
 10
6.0621222047244094
 20
-3.5175296062992123
 30
0
 11
6.065207362204724
 21
-3.5235845669291339
 31
0
  0
LINE
  5
541
330
22
100
AcDbEntity
  8
F.Mask
  6
CONTINUOUS
100
AcDbLine
 10
6.065207362204724
 20
-3.5235845669291339
 30
0
 11
6.0673073622047244
 21
-3.5300476377952754
 31
0
  0
LINE
  5
542
330
22
100
AcDbEntity
  8
F.Mask
  6
CONTINUOUS
100
AcDbLine
 10
6.0673073622047244
 20
-3.5300476377952754
 30
0
 11
6.0683704330708661
 21
-3.5367596456692914
 31
0
  0
LINE
  5
543
330
22
100
AcDbEntity
  8
F.Mask
  6
CONTINUOUS
100
AcDbLine
 10
6.0683704330708661
 20
-3.5367596456692914
 30
0
 11
6.0683704330708661
 21
-3.54355531496063
 31
0
  0
LINE
  5
544
330
22
100
AcDbEntity
  8
F.Mask
  6
CONTINUOUS
100
AcDbLine
 10
6.0683704330708661
 20
-3.54355531496063
 30
0
 11
6.0673073622047244
 21
-3.5502673228346455
 31
0
  0
LINE
  5
545
330
22
100
AcDbEntity
  8
F.Mask
  6
CONTINUOUS
100
AcDbLine
 10
6.0673073622047244
 20
-3.5502673228346455
 30
0
 11
6.065207362204724
 21
-3.5567303937007875
 31
0
  0
LINE
  5
546
330
22
100
AcDbEntity
  8
F.Mask
  6
CONTINUOUS
100
AcDbLine
 10
6.065207362204724
 20
-3.5567303937007875
 30
0
 11
6.0621222047244094
 21
-3.5627853543307086
 31
0
  0
LINE
  5
547
330
22
100
AcDbEntity
  8
F.Mask
  6
CONTINUOUS
100
AcDbLine
 10
6.0621222047244094
 20
-3.5627853543307086
 30
0
 11
6.0581278346456688
 21
-3.5682831889763778
 31
0
  0
LINE
  5
548
330
22
100
AcDbEntity
  8
F.Mask
  6
CONTINUOUS
100
AcDbLine
 10
6.0581278346456688
 20
-3.5682831889763778
 30
0
 11
6.0533225590551183
 21
-3.5730884645669292
 31
0
  0
LINE
  5
549
330
22
100
AcDbEntity
  8
F.Mask
  6
CONTINUOUS
100
AcDbLine
 10
6.0533225590551183
 20
-3.5730884645669292
 30
0
 11
6.0478247244094483
 21
-3.5770828346456693
 31
0
  0
LINE
  5
54A
330
22
100
AcDbEntity
  8
F.Mask
  6
CONTINUOUS
100
AcDbLine
 10
6.0478247244094483
 20
-3.5770828346456693
 30
0
 11
6.0417697637795271
 21
-3.5801679921259844
 31
0
  0
LINE
  5
54B
330
22
100
AcDbEntity
  8
F.Mask
  6
CONTINUOUS
100
AcDbLine
 10
6.0417697637795271
 20
-3.5801679921259844
 30
0
 11
6.0353066929133856
 21
-3.5822679921259843
 31
0
  0
LINE
  5
54C
330
22
100
AcDbEntity
  8
F.Mask
  6
CONTINUOUS
100
AcDbLine
 10
6.0353066929133856
 20
-3.5822679921259843
 30
0
 11
6.0285946850393701
 21
-3.583331062992126
 31
0
  0
LINE
  5
54D
330
22
100
AcDbEntity
  8
F.Mask
  6
CONTINUOUS
100
AcDbLine
 10
6.0285946850393701
 20
-3.583331062992126
 30
0
 11
6.021799015748031
 21
-3.583331062992126
 31
0
  0
LINE
  5
54E
330
22
100
AcDbEntity
  8
F.Mask
  6
CONTINUOUS
100
AcDbLine
 10
6.021799015748031
 20
-3.583331062992126
 30
0
 11
6.0150870078740155
 21
-3.5822679921259843
 31
0
  0
LINE
  5
54F
330
22
100
AcDbEntity
  8
F.Mask
  6
CONTINUOUS
100
AcDbLine
 10
6.0150870078740155
 20
-3.5822679921259843
 30
0
 11
6.008623937007874
 21
-3.5801679921259844
 31
0
  0
LINE
  5
550
330
22
100
AcDbEntity
  8
F.Mask
  6
CONTINUOUS
100
AcDbLine
 10
6.008623937007874
 20
-3.5801679921259844
 30
0
 11
6.0025689763779528
 21
-3.5770828346456693
 31
0
  0
LINE
  5
551
330
22
100
AcDbEntity
  8
F.Mask
  6
CONTINUOUS
100
AcDbLine
 10
6.0025689763779528
 20
-3.5770828346456693
 30
0
 11
5.9970711417322837
 21
-3.5730884645669292
 31
0
  0
LINE
  5
552
330
22
100
AcDbEntity
  8
F.Mask
  6
CONTINUOUS
100
AcDbLine
 10
5.9970711417322837
 20
-3.5730884645669292
 30
0
 11
5.9922658661417323
 21
-3.5682831889763778
 31
0
  0
LINE
  5
553
330
22
100
AcDbEntity
  8
F.Mask
  6
CONTINUOUS
100
AcDbLine
 10
5.9922658661417323
 20
-3.5682831889763778
 30
0
 11
5.9882714960629917
 21
-3.5627853543307086
 31
0
  0
LINE
  5
554
330
22
100
AcDbEntity
  8
F.Mask
  6
CONTINUOUS
100
AcDbLine
 10
5.9882714960629917
 20
-3.5627853543307086
 30
0
 11
5.9851863385826771
 21
-3.5567303937007875
 31
0
  0
LINE
  5
555
330
22
100
AcDbEntity
  8
F.Mask
  6
CONTINUOUS
100
AcDbLine
 10
5.9851863385826771
 20
-3.5567303937007875
 30
0
 11
5.9830863385826767
 21
-3.5502673228346455
 31
0
  0
LINE
  5
556
330
22
100
AcDbEntity
  8
F.Mask
  6
CONTINUOUS
100
AcDbLine
 10
5.9830863385826767
 20
-3.5502673228346455
 30
0
 11
5.982023267716535
 21
-3.54355531496063
 31
0
  0
LINE
  5
557
330
22
100
AcDbEntity
  8
F.Mask
  6
CONTINUOUS
100
AcDbLine
 10
5.982023267716535
 20
-3.54355531496063
 30
0
 11
5.982023267716535
 21
-3.5367596456692914
 31
0
  0
LINE
  5
558
330
22
100
AcDbEntity
  8
F.Mask
  6
CONTINUOUS
100
AcDbLine
 10
5.982023267716535
 20
-3.5367596456692914
 30
0
 11
5.9830863385826767
 21
-3.5300476377952754
 31
0
  0
LINE
  5
559
330
22
100
AcDbEntity
  8
F.Mask
  6
CONTINUOUS
100
AcDbLine
 10
5.9830863385826767
 20
-3.5300476377952754
 30
0
 11
5.9851863385826771
 21
-3.5235845669291339
 31
0
  0
LINE
  5
55A
330
22
100
AcDbEntity
  8
F.Mask
  6
CONTINUOUS
100
AcDbLine
 10
5.9851863385826771
 20
-3.5235845669291339
 30
0
 11
5.9882714960629917
 21
-3.5175296062992123
 31
0
  0
LINE
  5
55B
330
22
100
AcDbEntity
  8
F.Mask
  6
CONTINUOUS
100
AcDbLine
 10
5.9882714960629917
 20
-3.5175296062992123
 30
0
 11
5.9922658661417323
 21
-3.5120317716535432
 31
0
  0
LINE
  5
55C
330
22
100
AcDbEntity
  8
F.Mask
  6
CONTINUOUS
100
AcDbLine
 10
5.9922658661417323
 20
-3.5120317716535432
 30
0
 11
5.9970711417322837
 21
-3.5072264960629922
 31
0
  0
LINE
  5
55D
330
22
100
AcDbEntity
  8
F.Mask
  6
CONTINUOUS
100
AcDbLine
 10
5.9970711417322837
 20
-3.5072264960629922
 30
0
 11
6.0025689763779528
 21
-3.503232125984252
 31
0
  0
LINE
  5
55E
330
22
100
AcDbEntity
  8
F.Mask
  6
CONTINUOUS
100
AcDbLine
 10
6.0025689763779528
 20
-3.503232125984252
 30
0
 11
6.008623937007874
 21
-3.500146968503937
 31
0
  0
LINE
  5
55F
330
22
100
AcDbEntity
  8
F.Mask
  6
CONTINUOUS
100
AcDbLine
 10
6.008623937007874
 20
-3.500146968503937
 30
0
 11
6.0150870078740155
 21
-3.498046968503937
 31
0
  0
LINE
  5
560
330
22
100
AcDbEntity
  8
F.Mask
  6
CONTINUOUS
100
AcDbLine
 10
6.0150870078740155
 20
-3.498046968503937
 30
0
 11
6.021799015748031
 21
-3.4969838976377954
 31
0
  0
LINE
  5
561
330
22
100
AcDbEntity
  8
F.Mask
  6
CONTINUOUS
100
AcDbLine
 10
6.021799015748031
 20
-3.4969838976377954
 30
0
 11
6.0285946850393701
 21
-3.4969838976377954
 31
0
  0
LINE
  5
562
330
22
100
AcDbEntity
  8
F.Mask
  6
CONTINUOUS
100
AcDbLine
 10
6.0285946850393701
 20
-3.4969838976377954
 30
0
 11
6.0353066929133856
 21
-3.498046968503937
 31
0
  0
LINE
  5
563
330
22
100
AcDbEntity
  8
F.Mask
  6
CONTINUOUS
100
AcDbLine
 10
7.5510547244094486
 20
-3.498046968503937
 30
0
 11
7.5575177952755901
 21
-3.500146968503937
 31
0
  0
LINE
  5
564
330
22
100
AcDbEntity
  8
F.Mask
  6
CONTINUOUS
100
AcDbLine
 10
7.5575177952755901
 20
-3.500146968503937
 30
0
 11
7.5635727559055113
 21
-3.503232125984252
 31
0
  0
LINE
  5
565
330
22
100
AcDbEntity
  8
F.Mask
  6
CONTINUOUS
100
AcDbLine
 10
7.5635727559055113
 20
-3.503232125984252
 30
0
 11
7.5690705905511813
 21
-3.5072264960629922
 31
0
  0
LINE
  5
566
330
22
100
AcDbEntity
  8
F.Mask
  6
CONTINUOUS
100
AcDbLine
 10
7.5690705905511813
 20
-3.5072264960629922
 30
0
 11
7.5738758661417318
 21
-3.5120317716535432
 31
0
  0
LINE
  5
567
330
22
100
AcDbEntity
  8
F.Mask
  6
CONTINUOUS
100
AcDbLine
 10
7.5738758661417318
 20
-3.5120317716535432
 30
0
 11
7.5778702362204724
 21
-3.5175296062992123
 31
0
  0
LINE
  5
568
330
22
100
AcDbEntity
  8
F.Mask
  6
CONTINUOUS
100
AcDbLine
 10
7.5778702362204724
 20
-3.5175296062992123
 30
0
 11
7.580955393700787
 21
-3.5235845669291339
 31
0
  0
LINE
  5
569
330
22
100
AcDbEntity
  8
F.Mask
  6
CONTINUOUS
100
AcDbLine
 10
7.580955393700787
 20
-3.5235845669291339
 30
0
 11
7.5830553937007874
 21
-3.5300476377952754
 31
0
  0
LINE
  5
56A
330
22
100
AcDbEntity
  8
F.Mask
  6
CONTINUOUS
100
AcDbLine
 10
7.5830553937007874
 20
-3.5300476377952754
 30
0
 11
7.5841184645669291
 21
-3.5367596456692914
 31
0
  0
LINE
  5
56B
330
22
100
AcDbEntity
  8
F.Mask
  6
CONTINUOUS
100
AcDbLine
 10
7.5841184645669291
 20
-3.5367596456692914
 30
0
 11
7.5841184645669291
 21
-3.54355531496063
 31
0
  0
LINE
  5
56C
330
22
100
AcDbEntity
  8
F.Mask
  6
CONTINUOUS
100
AcDbLine
 10
7.5841184645669291
 20
-3.54355531496063
 30
0
 11
7.5830553937007874
 21
-3.5502673228346455
 31
0
  0
LINE
  5
56D
330
22
100
AcDbEntity
  8
F.Mask
  6
CONTINUOUS
100
AcDbLine
 10
7.5830553937007874
 20
-3.5502673228346455
 30
0
 11
7.580955393700787
 21
-3.5567303937007875
 31
0
  0
LINE
  5
56E
330
22
100
AcDbEntity
  8
F.Mask
  6
CONTINUOUS
100
AcDbLine
 10
7.580955393700787
 20
-3.5567303937007875
 30
0
 11
7.5778702362204724
 21
-3.5627853543307086
 31
0
  0
LINE
  5
56F
330
22
100
AcDbEntity
  8
F.Mask
  6
CONTINUOUS
100
AcDbLine
 10
7.5778702362204724
 20
-3.5627853543307086
 30
0
 11
7.5738758661417318
 21
-3.5682831889763778
 31
0
  0
LINE
  5
570
330
22
100
AcDbEntity
  8
F.Mask
  6
CONTINUOUS
100
AcDbLine
 10
7.5738758661417318
 20
-3.5682831889763778
 30
0
 11
7.5690705905511813
 21
-3.5730884645669292
 31
0
  0
LINE
  5
571
330
22
100
AcDbEntity
  8
F.Mask
  6
CONTINUOUS
100
AcDbLine
 10
7.5690705905511813
 20
-3.5730884645669292
 30
0
 11
7.5635727559055113
 21
-3.5770828346456693
 31
0
  0
LINE
  5
572
330
22
100
AcDbEntity
  8
F.Mask
  6
CONTINUOUS
100
AcDbLine
 10
7.5635727559055113
 20
-3.5770828346456693
 30
0
 11
7.5575177952755901
 21
-3.5801679921259844
 31
0
  0
LINE
  5
573
330
22
100
AcDbEntity
  8
F.Mask
  6
CONTINUOUS
100
AcDbLine
 10
7.5575177952755901
 20
-3.5801679921259844
 30
0
 11
7.5510547244094486
 21
-3.5822679921259843
 31
0
  0
LINE
  5
574
330
22
100
AcDbEntity
  8
F.Mask
  6
CONTINUOUS
100
AcDbLine
 10
7.5510547244094486
 20
-3.5822679921259843
 30
0
 11
7.5443427165354331
 21
-3.583331062992126
 31
0
  0
LINE
  5
575
330
22
100
AcDbEntity
  8
F.Mask
  6
CONTINUOUS
100
AcDbLine
 10
7.5443427165354331
 20
-3.583331062992126
 30
0
 11
7.537547047244094
 21
-3.583331062992126
 31
0
  0
LINE
  5
576
330
22
100
AcDbEntity
  8
F.Mask
  6
CONTINUOUS
100
AcDbLine
 10
7.537547047244094
 20
-3.583331062992126
 30
0
 11
7.5308350393700785
 21
-3.5822679921259843
 31
0
  0
LINE
  5
577
330
22
100
AcDbEntity
  8
F.Mask
  6
CONTINUOUS
100
AcDbLine
 10
7.5308350393700785
 20
-3.5822679921259843
 30
0
 11
7.524371968503937
 21
-3.5801679921259844
 31
0
  0
LINE
  5
578
330
22
100
AcDbEntity
  8
F.Mask
  6
CONTINUOUS
100
AcDbLine
 10
7.524371968503937
 20
-3.5801679921259844
 30
0
 11
7.5183170078740158
 21
-3.5770828346456693
 31
0
  0
LINE
  5
579
330
22
100
AcDbEntity
  8
F.Mask
  6
CONTINUOUS
100
AcDbLine
 10
7.5183170078740158
 20
-3.5770828346456693
 30
0
 11
7.5128191732283467
 21
-3.5730884645669292
 31
0
  0
LINE
  5
57A
330
22
100
AcDbEntity
  8
F.Mask
  6
CONTINUOUS
100
AcDbLine
 10
7.5128191732283467
 20
-3.5730884645669292
 30
0
 11
7.5080138976377953
 21
-3.5682831889763778
 31
0
  0
LINE
  5
57B
330
22
100
AcDbEntity
  8
F.Mask
  6
CONTINUOUS
100
AcDbLine
 10
7.5080138976377953
 20
-3.5682831889763778
 30
0
 11
7.5040195275590547
 21
-3.5627853543307086
 31
0
  0
LINE
  5
57C
330
22
100
AcDbEntity
  8
F.Mask
  6
CONTINUOUS
100
AcDbLine
 10
7.5040195275590547
 20
-3.5627853543307086
 30
0
 11
7.5009343700787401
 21
-3.5567303937007875
 31
0
  0
LINE
  5
57D
330
22
100
AcDbEntity
  8
F.Mask
  6
CONTINUOUS
100
AcDbLine
 10
7.5009343700787401
 20
-3.5567303937007875
 30
0
 11
7.4988343700787397
 21
-3.5502673228346455
 31
0
  0
LINE
  5
57E
330
22
100
AcDbEntity
  8
F.Mask
  6
CONTINUOUS
100
AcDbLine
 10
7.4988343700787397
 20
-3.5502673228346455
 30
0
 11
7.497771299212598
 21
-3.54355531496063
 31
0
  0
LINE
  5
57F
330
22
100
AcDbEntity
  8
F.Mask
  6
CONTINUOUS
100
AcDbLine
 10
7.497771299212598
 20
-3.54355531496063
 30
0
 11
7.497771299212598
 21
-3.5367596456692914
 31
0
  0
LINE
  5
580
330
22
100
AcDbEntity
  8
F.Mask
  6
CONTINUOUS
100
AcDbLine
 10
7.497771299212598
 20
-3.5367596456692914
 30
0
 11
7.4988343700787397
 21
-3.5300476377952754
 31
0
  0
LINE
  5
581
330
22
100
AcDbEntity
  8
F.Mask
  6
CONTINUOUS
100
AcDbLine
 10
7.4988343700787397
 20
-3.5300476377952754
 30
0
 11
7.5009343700787401
 21
-3.5235845669291339
 31
0
  0
LINE
  5
582
330
22
100
AcDbEntity
  8
F.Mask
  6
CONTINUOUS
100
AcDbLine
 10
7.5009343700787401
 20
-3.5235845669291339
 30
0
 11
7.5040195275590547
 21
-3.5175296062992123
 31
0
  0
LINE
  5
583
330
22
100
AcDbEntity
  8
F.Mask
  6
CONTINUOUS
100
AcDbLine
 10
7.5040195275590547
 20
-3.5175296062992123
 30
0
 11
7.5080138976377953
 21
-3.5120317716535432
 31
0
  0
LINE
  5
584
330
22
100
AcDbEntity
  8
F.Mask
  6
CONTINUOUS
100
AcDbLine
 10
7.5080138976377953
 20
-3.5120317716535432
 30
0
 11
7.5128191732283467
 21
-3.5072264960629922
 31
0
  0
LINE
  5
585
330
22
100
AcDbEntity
  8
F.Mask
  6
CONTINUOUS
100
AcDbLine
 10
7.5128191732283467
 20
-3.5072264960629922
 30
0
 11
7.5183170078740158
 21
-3.503232125984252
 31
0
  0
LINE
  5
586
330
22
100
AcDbEntity
  8
F.Mask
  6
CONTINUOUS
100
AcDbLine
 10
7.5183170078740158
 20
-3.503232125984252
 30
0
 11
7.524371968503937
 21
-3.500146968503937
 31
0
  0
LINE
  5
587
330
22
100
AcDbEntity
  8
F.Mask
  6
CONTINUOUS
100
AcDbLine
 10
7.524371968503937
 20
-3.500146968503937
 30
0
 11
7.5308350393700785
 21
-3.498046968503937
 31
0
  0
LINE
  5
588
330
22
100
AcDbEntity
  8
F.Mask
  6
CONTINUOUS
100
AcDbLine
 10
7.5308350393700785
 20
-3.498046968503937
 30
0
 11
7.537547047244094
 21
-3.4969838976377954
 31
0
  0
LINE
  5
589
330
22
100
AcDbEntity
  8
F.Mask
  6
CONTINUOUS
100
AcDbLine
 10
7.537547047244094
 20
-3.4969838976377954
 30
0
 11
7.5443427165354331
 21
-3.4969838976377954
 31
0
  0
LINE
  5
58A
330
22
100
AcDbEntity
  8
F.Mask
  6
CONTINUOUS
100
AcDbLine
 10
7.5443427165354331
 20
-3.4969838976377954
 30
0
 11
7.5510547244094486
 21
-3.498046968503937
 31
0
  0
LINE
  5
58B
330
22
100
AcDbEntity
  8
F.Mask
  6
CONTINUOUS
100
AcDbLine
 10
4.676508464566929
 20
-3.2044918503937008
 30
0
 11
4.6829425984251971
 21
-3.2057716929133857
 31
0
  0
LINE
  5
58C
330
22
100
AcDbEntity
  8
F.Mask
  6
CONTINUOUS
100
AcDbLine
 10
4.6829425984251971
 20
-3.2057716929133857
 30
0
 11
4.6890034251968506
 21
-3.2082821653543308
 31
0
  0
LINE
  5
58D
330
22
100
AcDbEntity
  8
F.Mask
  6
CONTINUOUS
100
AcDbLine
 10
4.6890034251968506
 20
-3.2082821653543308
 30
0
 11
4.6944580314960627
 21
-3.2119268110236221
 31
0
  0
LINE
  5
58E
330
22
100
AcDbEntity
  8
F.Mask
  6
CONTINUOUS
100
AcDbLine
 10
4.6944580314960627
 20
-3.2119268110236221
 30
0
 11
4.6990968110236215
 21
-3.216565590551181
 31
0
  0
LINE
  5
58F
330
22
100
AcDbEntity
  8
F.Mask
  6
CONTINUOUS
100
AcDbLine
 10
4.6990968110236215
 20
-3.216565590551181
 30
0
 11
4.7027414566929133
 21
-3.2220201968503934
 31
0
  0
LINE
  5
590
330
22
100
AcDbEntity
  8
F.Mask
  6
CONTINUOUS
100
AcDbLine
 10
4.7027414566929133
 20
-3.2220201968503934
 30
0
 11
4.7052519291338584
 21
-3.228081023622047
 31
0
  0
LINE
  5
591
330
22
100
AcDbEntity
  8
F.Mask
  6
CONTINUOUS
100
AcDbLine
 10
4.7052519291338584
 20
-3.228081023622047
 30
0
 11
4.7065317716535429
 21
-3.234515157480315
 31
0
  0
LINE
  5
592
330
22
100
AcDbEntity
  8
F.Mask
  6
CONTINUOUS
100
AcDbLine
 10
4.7065317716535429
 20
-3.234515157480315
 30
0
 11
4.7065317716535429
 21
-3.2410753937007875
 31
0
  0
LINE
  5
593
330
22
100
AcDbEntity
  8
F.Mask
  6
CONTINUOUS
100
AcDbLine
 10
4.7065317716535429
 20
-3.2410753937007875
 30
0
 11
4.7052519291338584
 21
-3.2475095275590551
 31
0
  0
LINE
  5
594
330
22
100
AcDbEntity
  8
F.Mask
  6
CONTINUOUS
100
AcDbLine
 10
4.7052519291338584
 20
-3.2475095275590551
 30
0
 11
4.7027414566929133
 21
-3.2535703543307086
 31
0
  0
LINE
  5
595
330
22
100
AcDbEntity
  8
F.Mask
  6
CONTINUOUS
100
AcDbLine
 10
4.7027414566929133
 20
-3.2535703543307086
 30
0
 11
4.6990968110236215
 21
-3.2590249606299211
 31
0
  0
LINE
  5
596
330
22
100
AcDbEntity
  8
F.Mask
  6
CONTINUOUS
100
AcDbLine
 10
4.6990968110236215
 20
-3.2590249606299211
 30
0
 11
4.6944580314960627
 21
-3.2636637401574804
 31
0
  0
LINE
  5
597
330
22
100
AcDbEntity
  8
F.Mask
  6
CONTINUOUS
100
AcDbLine
 10
4.6944580314960627
 20
-3.2636637401574804
 30
0
 11
4.6890034251968506
 21
-3.2673083858267717
 31
0
  0
LINE
  5
598
330
22
100
AcDbEntity
  8
F.Mask
  6
CONTINUOUS
100
AcDbLine
 10
4.6890034251968506
 20
-3.2673083858267717
 30
0
 11
4.6829425984251971
 21
-3.2698188582677163
 31
0
  0
LINE
  5
599
330
22
100
AcDbEntity
  8
F.Mask
  6
CONTINUOUS
100
AcDbLine
 10
4.6829425984251971
 20
-3.2698188582677163
 30
0
 11
4.676508464566929
 21
-3.2710987007874013
 31
0
  0
LINE
  5
59A
330
22
100
AcDbEntity
  8
F.Mask
  6
CONTINUOUS
100
AcDbLine
 10
4.676508464566929
 20
-3.2710987007874013
 30
0
 11
4.6732283464566926
 21
-3.2712598425196848
 31
0
  0
LINE
  5
59B
330
22
100
AcDbEntity
  8
F.Mask
  6
CONTINUOUS
100
AcDbLine
 10
4.6732283464566926
 20
-3.2712598425196848
 30
0
 11
4.5984251968503935
 21
-3.2712598425196848
 31
0
  0
LINE
  5
59C
330
22
100
AcDbEntity
  8
F.Mask
  6
CONTINUOUS
100
AcDbLine
 10
4.5984251968503935
 20
-3.2712598425196848
 30
0
 11
4.5951450787401571
 21
-3.2710987007874013
 31
0
  0
LINE
  5
59D
330
22
100
AcDbEntity
  8
F.Mask
  6
CONTINUOUS
100
AcDbLine
 10
4.5951450787401571
 20
-3.2710987007874013
 30
0
 11
4.5887109448818899
 21
-3.2698188582677163
 31
0
  0
LINE
  5
59E
330
22
100
AcDbEntity
  8
F.Mask
  6
CONTINUOUS
100
AcDbLine
 10
4.5887109448818899
 20
-3.2698188582677163
 30
0
 11
4.5826501181102364
 21
-3.2673083858267717
 31
0
  0
LINE
  5
59F
330
22
100
AcDbEntity
  8
F.Mask
  6
CONTINUOUS
100
AcDbLine
 10
4.5826501181102364
 20
-3.2673083858267717
 30
0
 11
4.5771955118110235
 21
-3.2636637401574804
 31
0
  0
LINE
  5
5A0
330
22
100
AcDbEntity
  8
F.Mask
  6
CONTINUOUS
100
AcDbLine
 10
4.5771955118110235
 20
-3.2636637401574804
 30
0
 11
4.5725567322834646
 21
-3.2590249606299211
 31
0
  0
LINE
  5
5A1
330
22
100
AcDbEntity
  8
F.Mask
  6
CONTINUOUS
100
AcDbLine
 10
4.5725567322834646
 20
-3.2590249606299211
 30
0
 11
4.5689120866141728
 21
-3.2535703543307086
 31
0
  0
LINE
  5
5A2
330
22
100
AcDbEntity
  8
F.Mask
  6
CONTINUOUS
100
AcDbLine
 10
4.5689120866141728
 20
-3.2535703543307086
 30
0
 11
4.5664016141732287
 21
-3.2475095275590551
 31
0
  0
LINE
  5
5A3
330
22
100
AcDbEntity
  8
F.Mask
  6
CONTINUOUS
100
AcDbLine
 10
4.5664016141732287
 20
-3.2475095275590551
 30
0
 11
4.5651217716535433
 21
-3.2410753937007875
 31
0
  0
LINE
  5
5A4
330
22
100
AcDbEntity
  8
F.Mask
  6
CONTINUOUS
100
AcDbLine
 10
4.5651217716535433
 20
-3.2410753937007875
 30
0
 11
4.5651217716535433
 21
-3.234515157480315
 31
0
  0
LINE
  5
5A5
330
22
100
AcDbEntity
  8
F.Mask
  6
CONTINUOUS
100
AcDbLine
 10
4.5651217716535433
 20
-3.234515157480315
 30
0
 11
4.5664016141732287
 21
-3.228081023622047
 31
0
  0
LINE
  5
5A6
330
22
100
AcDbEntity
  8
F.Mask
  6
CONTINUOUS
100
AcDbLine
 10
4.5664016141732287
 20
-3.228081023622047
 30
0
 11
4.5689120866141728
 21
-3.2220201968503934
 31
0
  0
LINE
  5
5A7
330
22
100
AcDbEntity
  8
F.Mask
  6
CONTINUOUS
100
AcDbLine
 10
4.5689120866141728
 20
-3.2220201968503934
 30
0
 11
4.5725567322834646
 21
-3.216565590551181
 31
0
  0
LINE
  5
5A8
330
22
100
AcDbEntity
  8
F.Mask
  6
CONTINUOUS
100
AcDbLine
 10
4.5725567322834646
 20
-3.216565590551181
 30
0
 11
4.5771955118110235
 21
-3.2119268110236221
 31
0
  0
LINE
  5
5A9
330
22
100
AcDbEntity
  8
F.Mask
  6
CONTINUOUS
100
AcDbLine
 10
4.5771955118110235
 20
-3.2119268110236221
 30
0
 11
4.5826501181102364
 21
-3.2082821653543308
 31
0
  0
LINE
  5
5AA
330
22
100
AcDbEntity
  8
F.Mask
  6
CONTINUOUS
100
AcDbLine
 10
4.5826501181102364
 20
-3.2082821653543308
 30
0
 11
4.5887109448818899
 21
-3.2057716929133857
 31
0
  0
LINE
  5
5AB
330
22
100
AcDbEntity
  8
F.Mask
  6
CONTINUOUS
100
AcDbLine
 10
4.5887109448818899
 20
-3.2057716929133857
 30
0
 11
4.5951450787401571
 21
-3.2044918503937008
 31
0
  0
LINE
  5
5AC
330
22
100
AcDbEntity
  8
F.Mask
  6
CONTINUOUS
100
AcDbLine
 10
4.5951450787401571
 20
-3.2044918503937008
 30
0
 11
4.5984251968503935
 21
-3.2043307086614172
 31
0
  0
LINE
  5
5AD
330
22
100
AcDbEntity
  8
F.Mask
  6
CONTINUOUS
100
AcDbLine
 10
4.5984251968503935
 20
-3.2043307086614172
 30
0
 11
4.6732283464566926
 21
-3.2043307086614172
 31
0
  0
LINE
  5
5AE
330
22
100
AcDbEntity
  8
F.Mask
  6
CONTINUOUS
100
AcDbLine
 10
4.6732283464566926
 20
-3.2043307086614172
 30
0
 11
4.676508464566929
 21
-3.2044918503937008
 31
0
  0
LINE
  5
5AF
330
22
100
AcDbEntity
  8
F.Mask
  6
CONTINUOUS
100
AcDbLine
 10
5.3556423228346457
 20
-3.2044918503937008
 30
0
 11
5.3620764566929129
 21
-3.2057716929133857
 31
0
  0
LINE
  5
5B0
330
22
100
AcDbEntity
  8
F.Mask
  6
CONTINUOUS
100
AcDbLine
 10
5.3620764566929129
 20
-3.2057716929133857
 30
0
 11
5.3681372834645664
 21
-3.2082821653543308
 31
0
  0
LINE
  5
5B1
330
22
100
AcDbEntity
  8
F.Mask
  6
CONTINUOUS
100
AcDbLine
 10
5.3681372834645664
 20
-3.2082821653543308
 30
0
 11
5.3735918897637793
 21
-3.2119268110236221
 31
0
  0
LINE
  5
5B2
330
22
100
AcDbEntity
  8
F.Mask
  6
CONTINUOUS
100
AcDbLine
 10
5.3735918897637793
 20
-3.2119268110236221
 30
0
 11
5.3782306692913382
 21
-3.216565590551181
 31
0
  0
LINE
  5
5B3
330
22
100
AcDbEntity
  8
F.Mask
  6
CONTINUOUS
100
AcDbLine
 10
5.3782306692913382
 20
-3.216565590551181
 30
0
 11
5.38187531496063
 21
-3.2220201968503934
 31
0
  0
LINE
  5
5B4
330
22
100
AcDbEntity
  8
F.Mask
  6
CONTINUOUS
100
AcDbLine
 10
5.38187531496063
 20
-3.2220201968503934
 30
0
 11
5.384385787401575
 21
-3.228081023622047
 31
0
  0
LINE
  5
5B5
330
22
100
AcDbEntity
  8
F.Mask
  6
CONTINUOUS
100
AcDbLine
 10
5.384385787401575
 20
-3.228081023622047
 30
0
 11
5.3856656299212595
 21
-3.234515157480315
 31
0
  0
LINE
  5
5B6
330
22
100
AcDbEntity
  8
F.Mask
  6
CONTINUOUS
100
AcDbLine
 10
5.3856656299212595
 20
-3.234515157480315
 30
0
 11
5.3856656299212595
 21
-3.2410753937007875
 31
0
  0
LINE
  5
5B7
330
22
100
AcDbEntity
  8
F.Mask
  6
CONTINUOUS
100
AcDbLine
 10
5.3856656299212595
 20
-3.2410753937007875
 30
0
 11
5.384385787401575
 21
-3.2475095275590551
 31
0
  0
LINE
  5
5B8
330
22
100
AcDbEntity
  8
F.Mask
  6
CONTINUOUS
100
AcDbLine
 10
5.384385787401575
 20
-3.2475095275590551
 30
0
 11
5.38187531496063
 21
-3.2535703543307086
 31
0
  0
LINE
  5
5B9
330
22
100
AcDbEntity
  8
F.Mask
  6
CONTINUOUS
100
AcDbLine
 10
5.38187531496063
 20
-3.2535703543307086
 30
0
 11
5.3782306692913382
 21
-3.2590249606299211
 31
0
  0
LINE
  5
5BA
330
22
100
AcDbEntity
  8
F.Mask
  6
CONTINUOUS
100
AcDbLine
 10
5.3782306692913382
 20
-3.2590249606299211
 30
0
 11
5.3735918897637793
 21
-3.2636637401574804
 31
0
  0
LINE
  5
5BB
330
22
100
AcDbEntity
  8
F.Mask
  6
CONTINUOUS
100
AcDbLine
 10
5.3735918897637793
 20
-3.2636637401574804
 30
0
 11
5.3681372834645664
 21
-3.2673083858267717
 31
0
  0
LINE
  5
5BC
330
22
100
AcDbEntity
  8
F.Mask
  6
CONTINUOUS
100
AcDbLine
 10
5.3681372834645664
 20
-3.2673083858267717
 30
0
 11
5.3620764566929129
 21
-3.2698188582677163
 31
0
  0
LINE
  5
5BD
330
22
100
AcDbEntity
  8
F.Mask
  6
CONTINUOUS
100
AcDbLine
 10
5.3620764566929129
 20
-3.2698188582677163
 30
0
 11
5.3556423228346457
 21
-3.2710987007874013
 31
0
  0
LINE
  5
5BE
330
22
100
AcDbEntity
  8
F.Mask
  6
CONTINUOUS
100
AcDbLine
 10
5.3556423228346457
 20
-3.2710987007874013
 30
0
 11
5.3523622047244093
 21
-3.2712598425196848
 31
0
  0
LINE
  5
5BF
330
22
100
AcDbEntity
  8
F.Mask
  6
CONTINUOUS
100
AcDbLine
 10
5.3523622047244093
 20
-3.2712598425196848
 30
0
 11
5.2775590551181102
 21
-3.2712598425196848
 31
0
  0
LINE
  5
5C0
330
22
100
AcDbEntity
  8
F.Mask
  6
CONTINUOUS
100
AcDbLine
 10
5.2775590551181102
 20
-3.2712598425196848
 30
0
 11
5.2742789370078738
 21
-3.2710987007874013
 31
0
  0
LINE
  5
5C1
330
22
100
AcDbEntity
  8
F.Mask
  6
CONTINUOUS
100
AcDbLine
 10
5.2742789370078738
 20
-3.2710987007874013
 30
0
 11
5.2678448031496066
 21
-3.2698188582677163
 31
0
  0
LINE
  5
5C2
330
22
100
AcDbEntity
  8
F.Mask
  6
CONTINUOUS
100
AcDbLine
 10
5.2678448031496066
 20
-3.2698188582677163
 30
0
 11
5.261783976377953
 21
-3.2673083858267717
 31
0
  0
LINE
  5
5C3
330
22
100
AcDbEntity
  8
F.Mask
  6
CONTINUOUS
100
AcDbLine
 10
5.261783976377953
 20
-3.2673083858267717
 30
0
 11
5.2563293700787401
 21
-3.2636637401574804
 31
0
  0
LINE
  5
5C4
330
22
100
AcDbEntity
  8
F.Mask
  6
CONTINUOUS
100
AcDbLine
 10
5.2563293700787401
 20
-3.2636637401574804
 30
0
 11
5.2516905905511813
 21
-3.2590249606299211
 31
0
  0
LINE
  5
5C5
330
22
100
AcDbEntity
  8
F.Mask
  6
CONTINUOUS
100
AcDbLine
 10
5.2516905905511813
 20
-3.2590249606299211
 30
0
 11
5.2480459448818895
 21
-3.2535703543307086
 31
0
  0
LINE
  5
5C6
330
22
100
AcDbEntity
  8
F.Mask
  6
CONTINUOUS
100
AcDbLine
 10
5.2480459448818895
 20
-3.2535703543307086
 30
0
 11
5.2455354724409444
 21
-3.2475095275590551
 31
0
  0
LINE
  5
5C7
330
22
100
AcDbEntity
  8
F.Mask
  6
CONTINUOUS
100
AcDbLine
 10
5.2455354724409444
 20
-3.2475095275590551
 30
0
 11
5.2442556299212599
 21
-3.2410753937007875
 31
0
  0
LINE
  5
5C8
330
22
100
AcDbEntity
  8
F.Mask
  6
CONTINUOUS
100
AcDbLine
 10
5.2442556299212599
 20
-3.2410753937007875
 30
0
 11
5.2442556299212599
 21
-3.234515157480315
 31
0
  0
LINE
  5
5C9
330
22
100
AcDbEntity
  8
F.Mask
  6
CONTINUOUS
100
AcDbLine
 10
5.2442556299212599
 20
-3.234515157480315
 30
0
 11
5.2455354724409444
 21
-3.228081023622047
 31
0
  0
LINE
  5
5CA
330
22
100
AcDbEntity
  8
F.Mask
  6
CONTINUOUS
100
AcDbLine
 10
5.2455354724409444
 20
-3.228081023622047
 30
0
 11
5.2480459448818895
 21
-3.2220201968503934
 31
0
  0
LINE
  5
5CB
330
22
100
AcDbEntity
  8
F.Mask
  6
CONTINUOUS
100
AcDbLine
 10
5.2480459448818895
 20
-3.2220201968503934
 30
0
 11
5.2516905905511813
 21
-3.216565590551181
 31
0
  0
LINE
  5
5CC
330
22
100
AcDbEntity
  8
F.Mask
  6
CONTINUOUS
100
AcDbLine
 10
5.2516905905511813
 20
-3.216565590551181
 30
0
 11
5.2563293700787401
 21
-3.2119268110236221
 31
0
  0
LINE
  5
5CD
330
22
100
AcDbEntity
  8
F.Mask
  6
CONTINUOUS
100
AcDbLine
 10
5.2563293700787401
 20
-3.2119268110236221
 30
0
 11
5.261783976377953
 21
-3.2082821653543308
 31
0
  0
LINE
  5
5CE
330
22
100
AcDbEntity
  8
F.Mask
  6
CONTINUOUS
100
AcDbLine
 10
5.261783976377953
 20
-3.2082821653543308
 30
0
 11
5.2678448031496066
 21
-3.2057716929133857
 31
0
  0
LINE
  5
5CF
330
22
100
AcDbEntity
  8
F.Mask
  6
CONTINUOUS
100
AcDbLine
 10
5.2678448031496066
 20
-3.2057716929133857
 30
0
 11
5.2742789370078738
 21
-3.2044918503937008
 31
0
  0
LINE
  5
5D0
330
22
100
AcDbEntity
  8
F.Mask
  6
CONTINUOUS
100
AcDbLine
 10
5.2742789370078738
 20
-3.2044918503937008
 30
0
 11
5.2775590551181102
 21
-3.2043307086614172
 31
0
  0
LINE
  5
5D1
330
22
100
AcDbEntity
  8
F.Mask
  6
CONTINUOUS
100
AcDbLine
 10
5.2775590551181102
 20
-3.2043307086614172
 30
0
 11
5.3523622047244093
 21
-3.2043307086614172
 31
0
  0
LINE
  5
5D2
330
22
100
AcDbEntity
  8
F.Mask
  6
CONTINUOUS
100
AcDbLine
 10
5.3523622047244093
 20
-3.2043307086614172
 30
0
 11
5.3556423228346457
 21
-3.2044918503937008
 31
0
  0
LINE
  5
5D3
330
22
100
AcDbEntity
  8
F.Mask
  6
CONTINUOUS
100
AcDbLine
 10
4.676508464566929
 20
-3.1044918503937007
 30
0
 11
4.6829425984251971
 21
-3.1057716929133856
 31
0
  0
LINE
  5
5D4
330
22
100
AcDbEntity
  8
F.Mask
  6
CONTINUOUS
100
AcDbLine
 10
4.6829425984251971
 20
-3.1057716929133856
 30
0
 11
4.6890034251968506
 21
-3.1082821653543307
 31
0
  0
LINE
  5
5D5
330
22
100
AcDbEntity
  8
F.Mask
  6
CONTINUOUS
100
AcDbLine
 10
4.6890034251968506
 20
-3.1082821653543307
 30
0
 11
4.6944580314960627
 21
-3.111926811023622
 31
0
  0
LINE
  5
5D6
330
22
100
AcDbEntity
  8
F.Mask
  6
CONTINUOUS
100
AcDbLine
 10
4.6944580314960627
 20
-3.111926811023622
 30
0
 11
4.6990968110236215
 21
-3.1165655905511809
 31
0
  0
LINE
  5
5D7
330
22
100
AcDbEntity
  8
F.Mask
  6
CONTINUOUS
100
AcDbLine
 10
4.6990968110236215
 20
-3.1165655905511809
 30
0
 11
4.7027414566929133
 21
-3.1220201968503938
 31
0
  0
LINE
  5
5D8
330
22
100
AcDbEntity
  8
F.Mask
  6
CONTINUOUS
100
AcDbLine
 10
4.7027414566929133
 20
-3.1220201968503938
 30
0
 11
4.7052519291338584
 21
-3.1280810236220473
 31
0
  0
LINE
  5
5D9
330
22
100
AcDbEntity
  8
F.Mask
  6
CONTINUOUS
100
AcDbLine
 10
4.7052519291338584
 20
-3.1280810236220473
 30
0
 11
4.7065317716535429
 21
-3.134515157480315
 31
0
  0
LINE
  5
5DA
330
22
100
AcDbEntity
  8
F.Mask
  6
CONTINUOUS
100
AcDbLine
 10
4.7065317716535429
 20
-3.134515157480315
 30
0
 11
4.7065317716535429
 21
-3.1410753937007874
 31
0
  0
LINE
  5
5DB
330
22
100
AcDbEntity
  8
F.Mask
  6
CONTINUOUS
100
AcDbLine
 10
4.7065317716535429
 20
-3.1410753937007874
 30
0
 11
4.7052519291338584
 21
-3.147509527559055
 31
0
  0
LINE
  5
5DC
330
22
100
AcDbEntity
  8
F.Mask
  6
CONTINUOUS
100
AcDbLine
 10
4.7052519291338584
 20
-3.147509527559055
 30
0
 11
4.7027414566929133
 21
-3.1535703543307085
 31
0
  0
LINE
  5
5DD
330
22
100
AcDbEntity
  8
F.Mask
  6
CONTINUOUS
100
AcDbLine
 10
4.7027414566929133
 20
-3.1535703543307085
 30
0
 11
4.6990968110236215
 21
-3.159024960629921
 31
0
  0
LINE
  5
5DE
330
22
100
AcDbEntity
  8
F.Mask
  6
CONTINUOUS
100
AcDbLine
 10
4.6990968110236215
 20
-3.159024960629921
 30
0
 11
4.6944580314960627
 21
-3.1636637401574803
 31
0
  0
LINE
  5
5DF
330
22
100
AcDbEntity
  8
F.Mask
  6
CONTINUOUS
100
AcDbLine
 10
4.6944580314960627
 20
-3.1636637401574803
 30
0
 11
4.6890034251968506
 21
-3.1673083858267717
 31
0
  0
LINE
  5
5E0
330
22
100
AcDbEntity
  8
F.Mask
  6
CONTINUOUS
100
AcDbLine
 10
4.6890034251968506
 20
-3.1673083858267717
 30
0
 11
4.6829425984251971
 21
-3.1698188582677163
 31
0
  0
LINE
  5
5E1
330
22
100
AcDbEntity
  8
F.Mask
  6
CONTINUOUS
100
AcDbLine
 10
4.6829425984251971
 20
-3.1698188582677163
 30
0
 11
4.676508464566929
 21
-3.1710987007874016
 31
0
  0
LINE
  5
5E2
330
22
100
AcDbEntity
  8
F.Mask
  6
CONTINUOUS
100
AcDbLine
 10
4.676508464566929
 20
-3.1710987007874016
 30
0
 11
4.6732283464566926
 21
-3.1712598425196852
 31
0
  0
LINE
  5
5E3
330
22
100
AcDbEntity
  8
F.Mask
  6
CONTINUOUS
100
AcDbLine
 10
4.6732283464566926
 20
-3.1712598425196852
 30
0
 11
4.5984251968503935
 21
-3.1712598425196852
 31
0
  0
LINE
  5
5E4
330
22
100
AcDbEntity
  8
F.Mask
  6
CONTINUOUS
100
AcDbLine
 10
4.5984251968503935
 20
-3.1712598425196852
 30
0
 11
4.5951450787401571
 21
-3.1710987007874016
 31
0
  0
LINE
  5
5E5
330
22
100
AcDbEntity
  8
F.Mask
  6
CONTINUOUS
100
AcDbLine
 10
4.5951450787401571
 20
-3.1710987007874016
 30
0
 11
4.5887109448818899
 21
-3.1698188582677163
 31
0
  0
LINE
  5
5E6
330
22
100
AcDbEntity
  8
F.Mask
  6
CONTINUOUS
100
AcDbLine
 10
4.5887109448818899
 20
-3.1698188582677163
 30
0
 11
4.5826501181102364
 21
-3.1673083858267717
 31
0
  0
LINE
  5
5E7
330
22
100
AcDbEntity
  8
F.Mask
  6
CONTINUOUS
100
AcDbLine
 10
4.5826501181102364
 20
-3.1673083858267717
 30
0
 11
4.5771955118110235
 21
-3.1636637401574803
 31
0
  0
LINE
  5
5E8
330
22
100
AcDbEntity
  8
F.Mask
  6
CONTINUOUS
100
AcDbLine
 10
4.5771955118110235
 20
-3.1636637401574803
 30
0
 11
4.5725567322834646
 21
-3.159024960629921
 31
0
  0
LINE
  5
5E9
330
22
100
AcDbEntity
  8
F.Mask
  6
CONTINUOUS
100
AcDbLine
 10
4.5725567322834646
 20
-3.159024960629921
 30
0
 11
4.5689120866141728
 21
-3.1535703543307085
 31
0
  0
LINE
  5
5EA
330
22
100
AcDbEntity
  8
F.Mask
  6
CONTINUOUS
100
AcDbLine
 10
4.5689120866141728
 20
-3.1535703543307085
 30
0
 11
4.5664016141732287
 21
-3.147509527559055
 31
0
  0
LINE
  5
5EB
330
22
100
AcDbEntity
  8
F.Mask
  6
CONTINUOUS
100
AcDbLine
 10
4.5664016141732287
 20
-3.147509527559055
 30
0
 11
4.5651217716535433
 21
-3.1410753937007874
 31
0
  0
LINE
  5
5EC
330
22
100
AcDbEntity
  8
F.Mask
  6
CONTINUOUS
100
AcDbLine
 10
4.5651217716535433
 20
-3.1410753937007874
 30
0
 11
4.5651217716535433
 21
-3.134515157480315
 31
0
  0
LINE
  5
5ED
330
22
100
AcDbEntity
  8
F.Mask
  6
CONTINUOUS
100
AcDbLine
 10
4.5651217716535433
 20
-3.134515157480315
 30
0
 11
4.5664016141732287
 21
-3.1280810236220473
 31
0
  0
LINE
  5
5EE
330
22
100
AcDbEntity
  8
F.Mask
  6
CONTINUOUS
100
AcDbLine
 10
4.5664016141732287
 20
-3.1280810236220473
 30
0
 11
4.5689120866141728
 21
-3.1220201968503938
 31
0
  0
LINE
  5
5EF
330
22
100
AcDbEntity
  8
F.Mask
  6
CONTINUOUS
100
AcDbLine
 10
4.5689120866141728
 20
-3.1220201968503938
 30
0
 11
4.5725567322834646
 21
-3.1165655905511809
 31
0
  0
LINE
  5
5F0
330
22
100
AcDbEntity
  8
F.Mask
  6
CONTINUOUS
100
AcDbLine
 10
4.5725567322834646
 20
-3.1165655905511809
 30
0
 11
4.5771955118110235
 21
-3.111926811023622
 31
0
  0
LINE
  5
5F1
330
22
100
AcDbEntity
  8
F.Mask
  6
CONTINUOUS
100
AcDbLine
 10
4.5771955118110235
 20
-3.111926811023622
 30
0
 11
4.5826501181102364
 21
-3.1082821653543307
 31
0
  0
LINE
  5
5F2
330
22
100
AcDbEntity
  8
F.Mask
  6
CONTINUOUS
100
AcDbLine
 10
4.5826501181102364
 20
-3.1082821653543307
 30
0
 11
4.5887109448818899
 21
-3.1057716929133856
 31
0
  0
LINE
  5
5F3
330
22
100
AcDbEntity
  8
F.Mask
  6
CONTINUOUS
100
AcDbLine
 10
4.5887109448818899
 20
-3.1057716929133856
 30
0
 11
4.5951450787401571
 21
-3.1044918503937007
 31
0
  0
LINE
  5
5F4
330
22
100
AcDbEntity
  8
F.Mask
  6
CONTINUOUS
100
AcDbLine
 10
4.5951450787401571
 20
-3.1044918503937007
 30
0
 11
4.5984251968503935
 21
-3.1043307086614171
 31
0
  0
LINE
  5
5F5
330
22
100
AcDbEntity
  8
F.Mask
  6
CONTINUOUS
100
AcDbLine
 10
4.5984251968503935
 20
-3.1043307086614171
 30
0
 11
4.6732283464566926
 21
-3.1043307086614171
 31
0
  0
LINE
  5
5F6
330
22
100
AcDbEntity
  8
F.Mask
  6
CONTINUOUS
100
AcDbLine
 10
4.6732283464566926
 20
-3.1043307086614171
 30
0
 11
4.676508464566929
 21
-3.1044918503937007
 31
0
  0
LINE
  5
5F7
330
22
100
AcDbEntity
  8
F.Mask
  6
CONTINUOUS
100
AcDbLine
 10
5.3556423228346457
 20
-3.1044918503937007
 30
0
 11
5.3620764566929129
 21
-3.1057716929133856
 31
0
  0
LINE
  5
5F8
330
22
100
AcDbEntity
  8
F.Mask
  6
CONTINUOUS
100
AcDbLine
 10
5.3620764566929129
 20
-3.1057716929133856
 30
0
 11
5.3681372834645664
 21
-3.1082821653543307
 31
0
  0
LINE
  5
5F9
330
22
100
AcDbEntity
  8
F.Mask
  6
CONTINUOUS
100
AcDbLine
 10
5.3681372834645664
 20
-3.1082821653543307
 30
0
 11
5.3735918897637793
 21
-3.111926811023622
 31
0
  0
LINE
  5
5FA
330
22
100
AcDbEntity
  8
F.Mask
  6
CONTINUOUS
100
AcDbLine
 10
5.3735918897637793
 20
-3.111926811023622
 30
0
 11
5.3782306692913382
 21
-3.1165655905511809
 31
0
  0
LINE
  5
5FB
330
22
100
AcDbEntity
  8
F.Mask
  6
CONTINUOUS
100
AcDbLine
 10
5.3782306692913382
 20
-3.1165655905511809
 30
0
 11
5.38187531496063
 21
-3.1220201968503938
 31
0
  0
LINE
  5
5FC
330
22
100
AcDbEntity
  8
F.Mask
  6
CONTINUOUS
100
AcDbLine
 10
5.38187531496063
 20
-3.1220201968503938
 30
0
 11
5.384385787401575
 21
-3.1280810236220473
 31
0
  0
LINE
  5
5FD
330
22
100
AcDbEntity
  8
F.Mask
  6
CONTINUOUS
100
AcDbLine
 10
5.384385787401575
 20
-3.1280810236220473
 30
0
 11
5.3856656299212595
 21
-3.134515157480315
 31
0
  0
LINE
  5
5FE
330
22
100
AcDbEntity
  8
F.Mask
  6
CONTINUOUS
100
AcDbLine
 10
5.3856656299212595
 20
-3.134515157480315
 30
0
 11
5.3856656299212595
 21
-3.1410753937007874
 31
0
  0
LINE
  5
5FF
330
22
100
AcDbEntity
  8
F.Mask
  6
CONTINUOUS
100
AcDbLine
 10
5.3856656299212595
 20
-3.1410753937007874
 30
0
 11
5.384385787401575
 21
-3.147509527559055
 31
0
  0
LINE
  5
600
330
22
100
AcDbEntity
  8
F.Mask
  6
CONTINUOUS
100
AcDbLine
 10
5.384385787401575
 20
-3.147509527559055
 30
0
 11
5.38187531496063
 21
-3.1535703543307085
 31
0
  0
LINE
  5
601
330
22
100
AcDbEntity
  8
F.Mask
  6
CONTINUOUS
100
AcDbLine
 10
5.38187531496063
 20
-3.1535703543307085
 30
0
 11
5.3782306692913382
 21
-3.159024960629921
 31
0
  0
LINE
  5
602
330
22
100
AcDbEntity
  8
F.Mask
  6
CONTINUOUS
100
AcDbLine
 10
5.3782306692913382
 20
-3.159024960629921
 30
0
 11
5.3735918897637793
 21
-3.1636637401574803
 31
0
  0
LINE
  5
603
330
22
100
AcDbEntity
  8
F.Mask
  6
CONTINUOUS
100
AcDbLine
 10
5.3735918897637793
 20
-3.1636637401574803
 30
0
 11
5.3681372834645664
 21
-3.1673083858267717
 31
0
  0
LINE
  5
604
330
22
100
AcDbEntity
  8
F.Mask
  6
CONTINUOUS
100
AcDbLine
 10
5.3681372834645664
 20
-3.1673083858267717
 30
0
 11
5.3620764566929129
 21
-3.1698188582677163
 31
0
  0
LINE
  5
605
330
22
100
AcDbEntity
  8
F.Mask
  6
CONTINUOUS
100
AcDbLine
 10
5.3620764566929129
 20
-3.1698188582677163
 30
0
 11
5.3556423228346457
 21
-3.1710987007874016
 31
0
  0
LINE
  5
606
330
22
100
AcDbEntity
  8
F.Mask
  6
CONTINUOUS
100
AcDbLine
 10
5.3556423228346457
 20
-3.1710987007874016
 30
0
 11
5.3523622047244093
 21
-3.1712598425196852
 31
0
  0
LINE
  5
607
330
22
100
AcDbEntity
  8
F.Mask
  6
CONTINUOUS
100
AcDbLine
 10
5.3523622047244093
 20
-3.1712598425196852
 30
0
 11
5.2775590551181102
 21
-3.1712598425196852
 31
0
  0
LINE
  5
608
330
22
100
AcDbEntity
  8
F.Mask
  6
CONTINUOUS
100
AcDbLine
 10
5.2775590551181102
 20
-3.1712598425196852
 30
0
 11
5.2742789370078738
 21
-3.1710987007874016
 31
0
  0
LINE
  5
609
330
22
100
AcDbEntity
  8
F.Mask
  6
CONTINUOUS
100
AcDbLine
 10
5.2742789370078738
 20
-3.1710987007874016
 30
0
 11
5.2678448031496066
 21
-3.1698188582677163
 31
0
  0
LINE
  5
60A
330
22
100
AcDbEntity
  8
F.Mask
  6
CONTINUOUS
100
AcDbLine
 10
5.2678448031496066
 20
-3.1698188582677163
 30
0
 11
5.261783976377953
 21
-3.1673083858267717
 31
0
  0
LINE
  5
60B
330
22
100
AcDbEntity
  8
F.Mask
  6
CONTINUOUS
100
AcDbLine
 10
5.261783976377953
 20
-3.1673083858267717
 30
0
 11
5.2563293700787401
 21
-3.1636637401574803
 31
0
  0
LINE
  5
60C
330
22
100
AcDbEntity
  8
F.Mask
  6
CONTINUOUS
100
AcDbLine
 10
5.2563293700787401
 20
-3.1636637401574803
 30
0
 11
5.2516905905511813
 21
-3.159024960629921
 31
0
  0
LINE
  5
60D
330
22
100
AcDbEntity
  8
F.Mask
  6
CONTINUOUS
100
AcDbLine
 10
5.2516905905511813
 20
-3.159024960629921
 30
0
 11
5.2480459448818895
 21
-3.1535703543307085
 31
0
  0
LINE
  5
60E
330
22
100
AcDbEntity
  8
F.Mask
  6
CONTINUOUS
100
AcDbLine
 10
5.2480459448818895
 20
-3.1535703543307085
 30
0
 11
5.2455354724409444
 21
-3.147509527559055
 31
0
  0
LINE
  5
60F
330
22
100
AcDbEntity
  8
F.Mask
  6
CONTINUOUS
100
AcDbLine
 10
5.2455354724409444
 20
-3.147509527559055
 30
0
 11
5.2442556299212599
 21
-3.1410753937007874
 31
0
  0
LINE
  5
610
330
22
100
AcDbEntity
  8
F.Mask
  6
CONTINUOUS
100
AcDbLine
 10
5.2442556299212599
 20
-3.1410753937007874
 30
0
 11
5.2442556299212599
 21
-3.134515157480315
 31
0
  0
LINE
  5
611
330
22
100
AcDbEntity
  8
F.Mask
  6
CONTINUOUS
100
AcDbLine
 10
5.2442556299212599
 20
-3.134515157480315
 30
0
 11
5.2455354724409444
 21
-3.1280810236220473
 31
0
  0
LINE
  5
612
330
22
100
AcDbEntity
  8
F.Mask
  6
CONTINUOUS
100
AcDbLine
 10
5.2455354724409444
 20
-3.1280810236220473
 30
0
 11
5.2480459448818895
 21
-3.1220201968503938
 31
0
  0
LINE
  5
613
330
22
100
AcDbEntity
  8
F.Mask
  6
CONTINUOUS
100
AcDbLine
 10
5.2480459448818895
 20
-3.1220201968503938
 30
0
 11
5.2516905905511813
 21
-3.1165655905511809
 31
0
  0
LINE
  5
614
330
22
100
AcDbEntity
  8
F.Mask
  6
CONTINUOUS
100
AcDbLine
 10
5.2516905905511813
 20
-3.1165655905511809
 30
0
 11
5.2563293700787401
 21
-3.111926811023622
 31
0
  0
LINE
  5
615
330
22
100
AcDbEntity
  8
F.Mask
  6
CONTINUOUS
100
AcDbLine
 10
5.2563293700787401
 20
-3.111926811023622
 30
0
 11
5.261783976377953
 21
-3.1082821653543307
 31
0
  0
LINE
  5
616
330
22
100
AcDbEntity
  8
F.Mask
  6
CONTINUOUS
100
AcDbLine
 10
5.261783976377953
 20
-3.1082821653543307
 30
0
 11
5.2678448031496066
 21
-3.1057716929133856
 31
0
  0
LINE
  5
617
330
22
100
AcDbEntity
  8
F.Mask
  6
CONTINUOUS
100
AcDbLine
 10
5.2678448031496066
 20
-3.1057716929133856
 30
0
 11
5.2742789370078738
 21
-3.1044918503937007
 31
0
  0
LINE
  5
618
330
22
100
AcDbEntity
  8
F.Mask
  6
CONTINUOUS
100
AcDbLine
 10
5.2742789370078738
 20
-3.1044918503937007
 30
0
 11
5.2775590551181102
 21
-3.1043307086614171
 31
0
  0
LINE
  5
619
330
22
100
AcDbEntity
  8
F.Mask
  6
CONTINUOUS
100
AcDbLine
 10
5.2775590551181102
 20
-3.1043307086614171
 30
0
 11
5.3523622047244093
 21
-3.1043307086614171
 31
0
  0
LINE
  5
61A
330
22
100
AcDbEntity
  8
F.Mask
  6
CONTINUOUS
100
AcDbLine
 10
5.3523622047244093
 20
-3.1043307086614171
 30
0
 11
5.3556423228346457
 21
-3.1044918503937007
 31
0
  0
LINE
  5
61B
330
22
100
AcDbEntity
  8
F.Mask
  6
CONTINUOUS
100
AcDbLine
 10
6.7007945275590552
 20
-2.9164735826771655
 30
0
 11
6.7107432677165351
 21
-2.91913937007874
 31
0
  0
LINE
  5
61C
330
22
100
AcDbEntity
  8
F.Mask
  6
CONTINUOUS
100
AcDbLine
 10
6.7107432677165351
 20
-2.91913937007874
 30
0
 11
6.7202589370078742
 21
-2.923080905511811
 31
0
  0
LINE
  5
61D
330
22
100
AcDbEntity
  8
F.Mask
  6
CONTINUOUS
100
AcDbLine
 10
6.7202589370078742
 20
-2.923080905511811
 30
0
 11
6.7291787401574803
 21
-2.928230748031496
 31
0
  0
LINE
  5
61E
330
22
100
AcDbEntity
  8
F.Mask
  6
CONTINUOUS
100
AcDbLine
 10
6.7291787401574803
 20
-2.928230748031496
 30
0
 11
6.7373500787401577
 21
-2.9345007874015749
 31
0
  0
LINE
  5
61F
330
22
100
AcDbEntity
  8
F.Mask
  6
CONTINUOUS
100
AcDbLine
 10
6.7373500787401577
 20
-2.9345007874015749
 30
0
 11
6.7446330708661417
 21
-2.941783779527559
 31
0
  0
LINE
  5
620
330
22
100
AcDbEntity
  8
F.Mask
  6
CONTINUOUS
100
AcDbLine
 10
6.7446330708661417
 20
-2.941783779527559
 30
0
 11
6.7509031102362203
 21
-2.9499551181102364
 31
0
  0
LINE
  5
621
330
22
100
AcDbEntity
  8
F.Mask
  6
CONTINUOUS
100
AcDbLine
 10
6.7509031102362203
 20
-2.9499551181102364
 30
0
 11
6.7560529527559057
 21
-2.9588749212598424
 31
0
  0
LINE
  5
622
330
22
100
AcDbEntity
  8
F.Mask
  6
CONTINUOUS
100
AcDbLine
 10
6.7560529527559057
 20
-2.9588749212598424
 30
0
 11
6.7599944881889762
 21
-2.9683905905511812
 31
0
  0
LINE
  5
623
330
22
100
AcDbEntity
  8
F.Mask
  6
CONTINUOUS
100
AcDbLine
 10
6.7599944881889762
 20
-2.9683905905511812
 30
0
 11
6.7626602755905507
 21
-2.9783393307086614
 31
0
  0
LINE
  5
624
330
22
100
AcDbEntity
  8
F.Mask
  6
CONTINUOUS
100
AcDbLine
 10
6.7626602755905507
 20
-2.9783393307086614
 30
0
 11
6.7640046456692913
 21
-2.9885509448818897
 31
0
  0
LINE
  5
625
330
22
100
AcDbEntity
  8
F.Mask
  6
CONTINUOUS
100
AcDbLine
 10
6.7640046456692913
 20
-2.9885509448818897
 30
0
 11
6.7640046456692913
 21
-2.9988506299212596
 31
0
  0
LINE
  5
626
330
22
100
AcDbEntity
  8
F.Mask
  6
CONTINUOUS
100
AcDbLine
 10
6.7640046456692913
 20
-2.9988506299212596
 30
0
 11
6.7626602755905507
 21
-3.0090622440944883
 31
0
  0
LINE
  5
627
330
22
100
AcDbEntity
  8
F.Mask
  6
CONTINUOUS
100
AcDbLine
 10
6.7626602755905507
 20
-3.0090622440944883
 30
0
 11
6.7599944881889762
 21
-3.0190109842519686
 31
0
  0
LINE
  5
628
330
22
100
AcDbEntity
  8
F.Mask
  6
CONTINUOUS
100
AcDbLine
 10
6.7599944881889762
 20
-3.0190109842519686
 30
0
 11
6.7560529527559057
 21
-3.0285266535433069
 31
0
  0
LINE
  5
629
330
22
100
AcDbEntity
  8
F.Mask
  6
CONTINUOUS
100
AcDbLine
 10
6.7560529527559057
 20
-3.0285266535433069
 30
0
 11
6.7509031102362203
 21
-3.0374464566929134
 31
0
  0
LINE
  5
62A
330
22
100
AcDbEntity
  8
F.Mask
  6
CONTINUOUS
100
AcDbLine
 10
6.7509031102362203
 20
-3.0374464566929134
 30
0
 11
6.7446330708661417
 21
-3.0456177952755903
 31
0
  0
LINE
  5
62B
330
22
100
AcDbEntity
  8
F.Mask
  6
CONTINUOUS
100
AcDbLine
 10
6.7446330708661417
 20
-3.0456177952755903
 30
0
 11
6.7373500787401577
 21
-3.0529007874015748
 31
0
  0
LINE
  5
62C
330
22
100
AcDbEntity
  8
F.Mask
  6
CONTINUOUS
100
AcDbLine
 10
6.7373500787401577
 20
-3.0529007874015748
 30
0
 11
6.7291787401574803
 21
-3.0591708267716533
 31
0
  0
LINE
  5
62D
330
22
100
AcDbEntity
  8
F.Mask
  6
CONTINUOUS
100
AcDbLine
 10
6.7291787401574803
 20
-3.0591708267716533
 30
0
 11
6.7202589370078742
 21
-3.0643206692913387
 31
0
  0
LINE
  5
62E
330
22
100
AcDbEntity
  8
F.Mask
  6
CONTINUOUS
100
AcDbLine
 10
6.7202589370078742
 20
-3.0643206692913387
 30
0
 11
6.7107432677165351
 21
-3.0682622047244092
 31
0
  0
LINE
  5
62F
330
22
100
AcDbEntity
  8
F.Mask
  6
CONTINUOUS
100
AcDbLine
 10
6.7107432677165351
 20
-3.0682622047244092
 30
0
 11
6.7007945275590552
 21
-3.0709279921259842
 31
0
  0
LINE
  5
630
330
22
100
AcDbEntity
  8
F.Mask
  6
CONTINUOUS
100
AcDbLine
 10
6.7007945275590552
 20
-3.0709279921259842
 30
0
 11
6.6905829133858266
 21
-3.0722723622047243
 31
0
  0
LINE
  5
631
330
22
100
AcDbEntity
  8
F.Mask
  6
CONTINUOUS
100
AcDbLine
 10
6.6905829133858266
 20
-3.0722723622047243
 30
0
 11
6.6802832283464566
 21
-3.0722723622047243
 31
0
  0
LINE
  5
632
330
22
100
AcDbEntity
  8
F.Mask
  6
CONTINUOUS
100
AcDbLine
 10
6.6802832283464566
 20
-3.0722723622047243
 30
0
 11
6.6700716141732279
 21
-3.0709279921259842
 31
0
  0
LINE
  5
633
330
22
100
AcDbEntity
  8
F.Mask
  6
CONTINUOUS
100
AcDbLine
 10
6.6700716141732279
 20
-3.0709279921259842
 30
0
 11
6.6601228740157481
 21
-3.0682622047244092
 31
0
  0
LINE
  5
634
330
22
100
AcDbEntity
  8
F.Mask
  6
CONTINUOUS
100
AcDbLine
 10
6.6601228740157481
 20
-3.0682622047244092
 30
0
 11
6.6506072047244089
 21
-3.0643206692913387
 31
0
  0
LINE
  5
635
330
22
100
AcDbEntity
  8
F.Mask
  6
CONTINUOUS
100
AcDbLine
 10
6.6506072047244089
 20
-3.0643206692913387
 30
0
 11
6.6416874015748029
 21
-3.0591708267716533
 31
0
  0
LINE
  5
636
330
22
100
AcDbEntity
  8
F.Mask
  6
CONTINUOUS
100
AcDbLine
 10
6.6416874015748029
 20
-3.0591708267716533
 30
0
 11
6.6335160629921255
 21
-3.0529007874015748
 31
0
  0
LINE
  5
637
330
22
100
AcDbEntity
  8
F.Mask
  6
CONTINUOUS
100
AcDbLine
 10
6.6335160629921255
 20
-3.0529007874015748
 30
0
 11
6.6262330708661414
 21
-3.0456177952755903
 31
0
  0
LINE
  5
638
330
22
100
AcDbEntity
  8
F.Mask
  6
CONTINUOUS
100
AcDbLine
 10
6.6262330708661414
 20
-3.0456177952755903
 30
0
 11
6.6199630314960629
 21
-3.0374464566929134
 31
0
  0
LINE
  5
639
330
22
100
AcDbEntity
  8
F.Mask
  6
CONTINUOUS
100
AcDbLine
 10
6.6199630314960629
 20
-3.0374464566929134
 30
0
 11
6.6148131889763775
 21
-3.0285266535433069
 31
0
  0
LINE
  5
63A
330
22
100
AcDbEntity
  8
F.Mask
  6
CONTINUOUS
100
AcDbLine
 10
6.6148131889763775
 20
-3.0285266535433069
 30
0
 11
6.610871653543307
 21
-3.0190109842519686
 31
0
  0
LINE
  5
63B
330
22
100
AcDbEntity
  8
F.Mask
  6
CONTINUOUS
100
AcDbLine
 10
6.610871653543307
 20
-3.0190109842519686
 30
0
 11
6.6082058661417324
 21
-3.0090622440944883
 31
0
  0
LINE
  5
63C
330
22
100
AcDbEntity
  8
F.Mask
  6
CONTINUOUS
100
AcDbLine
 10
6.6082058661417324
 20
-3.0090622440944883
 30
0
 11
6.6068614960629919
 21
-2.9988506299212596
 31
0
  0
LINE
  5
63D
330
22
100
AcDbEntity
  8
F.Mask
  6
CONTINUOUS
100
AcDbLine
 10
6.6068614960629919
 20
-2.9988506299212596
 30
0
 11
6.6068614960629919
 21
-2.9885509448818897
 31
0
  0
LINE
  5
63E
330
22
100
AcDbEntity
  8
F.Mask
  6
CONTINUOUS
100
AcDbLine
 10
6.6068614960629919
 20
-2.9885509448818897
 30
0
 11
6.6082058661417324
 21
-2.9783393307086614
 31
0
  0
LINE
  5
63F
330
22
100
AcDbEntity
  8
F.Mask
  6
CONTINUOUS
100
AcDbLine
 10
6.6082058661417324
 20
-2.9783393307086614
 30
0
 11
6.610871653543307
 21
-2.9683905905511812
 31
0
  0
LINE
  5
640
330
22
100
AcDbEntity
  8
F.Mask
  6
CONTINUOUS
100
AcDbLine
 10
6.610871653543307
 20
-2.9683905905511812
 30
0
 11
6.6148131889763775
 21
-2.9588749212598424
 31
0
  0
LINE
  5
641
330
22
100
AcDbEntity
  8
F.Mask
  6
CONTINUOUS
100
AcDbLine
 10
6.6148131889763775
 20
-2.9588749212598424
 30
0
 11
6.6199630314960629
 21
-2.9499551181102364
 31
0
  0
LINE
  5
642
330
22
100
AcDbEntity
  8
F.Mask
  6
CONTINUOUS
100
AcDbLine
 10
6.6199630314960629
 20
-2.9499551181102364
 30
0
 11
6.6262330708661414
 21
-2.941783779527559
 31
0
  0
LINE
  5
643
330
22
100
AcDbEntity
  8
F.Mask
  6
CONTINUOUS
100
AcDbLine
 10
6.6262330708661414
 20
-2.941783779527559
 30
0
 11
6.6335160629921255
 21
-2.9345007874015749
 31
0
  0
LINE
  5
644
330
22
100
AcDbEntity
  8
F.Mask
  6
CONTINUOUS
100
AcDbLine
 10
6.6335160629921255
 20
-2.9345007874015749
 30
0
 11
6.6416874015748029
 21
-2.928230748031496
 31
0
  0
LINE
  5
645
330
22
100
AcDbEntity
  8
F.Mask
  6
CONTINUOUS
100
AcDbLine
 10
6.6416874015748029
 20
-2.928230748031496
 30
0
 11
6.6506072047244089
 21
-2.923080905511811
 31
0
  0
LINE
  5
646
330
22
100
AcDbEntity
  8
F.Mask
  6
CONTINUOUS
100
AcDbLine
 10
6.6506072047244089
 20
-2.923080905511811
 30
0
 11
6.6601228740157481
 21
-2.91913937007874
 31
0
  0
LINE
  5
647
330
22
100
AcDbEntity
  8
F.Mask
  6
CONTINUOUS
100
AcDbLine
 10
6.6601228740157481
 20
-2.91913937007874
 30
0
 11
6.6700716141732279
 21
-2.9164735826771655
 31
0
  0
LINE
  5
648
330
22
100
AcDbEntity
  8
F.Mask
  6
CONTINUOUS
100
AcDbLine
 10
6.6700716141732279
 20
-2.9164735826771655
 30
0
 11
6.6802832283464566
 21
-2.9151292125984249
 31
0
  0
LINE
  5
649
330
22
100
AcDbEntity
  8
F.Mask
  6
CONTINUOUS
100
AcDbLine
 10
6.6802832283464566
 20
-2.9151292125984249
 30
0
 11
6.6905829133858266
 21
-2.9151292125984249
 31
0
  0
LINE
  5
64A
330
22
100
AcDbEntity
  8
F.Mask
  6
CONTINUOUS
100
AcDbLine
 10
6.6905829133858266
 20
-2.9151292125984249
 30
0
 11
6.7007945275590552
 21
-2.9164735826771655
 31
0
  0
LINE
  5
64B
330
22
100
AcDbEntity
  8
F.Mask
  6
CONTINUOUS
100
AcDbLine
 10
4.676508464566929
 20
-3.0044918503937006
 30
0
 11
4.6829425984251971
 21
-3.005771692913386
 31
0
  0
LINE
  5
64C
330
22
100
AcDbEntity
  8
F.Mask
  6
CONTINUOUS
100
AcDbLine
 10
4.6829425984251971
 20
-3.005771692913386
 30
0
 11
4.6890034251968506
 21
-3.0082821653543306
 31
0
  0
LINE
  5
64D
330
22
100
AcDbEntity
  8
F.Mask
  6
CONTINUOUS
100
AcDbLine
 10
4.6890034251968506
 20
-3.0082821653543306
 30
0
 11
4.6944580314960627
 21
-3.0119268110236219
 31
0
  0
LINE
  5
64E
330
22
100
AcDbEntity
  8
F.Mask
  6
CONTINUOUS
100
AcDbLine
 10
4.6944580314960627
 20
-3.0119268110236219
 30
0
 11
4.6990968110236215
 21
-3.0165655905511812
 31
0
  0
LINE
  5
64F
330
22
100
AcDbEntity
  8
F.Mask
  6
CONTINUOUS
100
AcDbLine
 10
4.6990968110236215
 20
-3.0165655905511812
 30
0
 11
4.7027414566929133
 21
-3.0220201968503937
 31
0
  0
LINE
  5
650
330
22
100
AcDbEntity
  8
F.Mask
  6
CONTINUOUS
100
AcDbLine
 10
4.7027414566929133
 20
-3.0220201968503937
 30
0
 11
4.7052519291338584
 21
-3.0280810236220472
 31
0
  0
LINE
  5
651
330
22
100
AcDbEntity
  8
F.Mask
  6
CONTINUOUS
100
AcDbLine
 10
4.7052519291338584
 20
-3.0280810236220472
 30
0
 11
4.7065317716535429
 21
-3.0345151574803149
 31
0
  0
LINE
  5
652
330
22
100
AcDbEntity
  8
F.Mask
  6
CONTINUOUS
100
AcDbLine
 10
4.7065317716535429
 20
-3.0345151574803149
 30
0
 11
4.7065317716535429
 21
-3.0410753937007873
 31
0
  0
LINE
  5
653
330
22
100
AcDbEntity
  8
F.Mask
  6
CONTINUOUS
100
AcDbLine
 10
4.7065317716535429
 20
-3.0410753937007873
 30
0
 11
4.7052519291338584
 21
-3.0475095275590549
 31
0
  0
LINE
  5
654
330
22
100
AcDbEntity
  8
F.Mask
  6
CONTINUOUS
100
AcDbLine
 10
4.7052519291338584
 20
-3.0475095275590549
 30
0
 11
4.7027414566929133
 21
-3.0535703543307084
 31
0
  0
LINE
  5
655
330
22
100
AcDbEntity
  8
F.Mask
  6
CONTINUOUS
100
AcDbLine
 10
4.7027414566929133
 20
-3.0535703543307084
 30
0
 11
4.6990968110236215
 21
-3.0590249606299214
 31
0
  0
LINE
  5
656
330
22
100
AcDbEntity
  8
F.Mask
  6
CONTINUOUS
100
AcDbLine
 10
4.6990968110236215
 20
-3.0590249606299214
 30
0
 11
4.6944580314960627
 21
-3.0636637401574802
 31
0
  0
LINE
  5
657
330
22
100
AcDbEntity
  8
F.Mask
  6
CONTINUOUS
100
AcDbLine
 10
4.6944580314960627
 20
-3.0636637401574802
 30
0
 11
4.6890034251968506
 21
-3.0673083858267716
 31
0
  0
LINE
  5
658
330
22
100
AcDbEntity
  8
F.Mask
  6
CONTINUOUS
100
AcDbLine
 10
4.6890034251968506
 20
-3.0673083858267716
 30
0
 11
4.6829425984251971
 21
-3.0698188582677166
 31
0
  0
LINE
  5
659
330
22
100
AcDbEntity
  8
F.Mask
  6
CONTINUOUS
100
AcDbLine
 10
4.6829425984251971
 20
-3.0698188582677166
 30
0
 11
4.676508464566929
 21
-3.0710987007874015
 31
0
  0
LINE
  5
65A
330
22
100
AcDbEntity
  8
F.Mask
  6
CONTINUOUS
100
AcDbLine
 10
4.676508464566929
 20
-3.0710987007874015
 30
0
 11
4.6732283464566926
 21
-3.0712598425196851
 31
0
  0
LINE
  5
65B
330
22
100
AcDbEntity
  8
F.Mask
  6
CONTINUOUS
100
AcDbLine
 10
4.6732283464566926
 20
-3.0712598425196851
 30
0
 11
4.5984251968503935
 21
-3.0712598425196851
 31
0
  0
LINE
  5
65C
330
22
100
AcDbEntity
  8
F.Mask
  6
CONTINUOUS
100
AcDbLine
 10
4.5984251968503935
 20
-3.0712598425196851
 30
0
 11
4.5951450787401571
 21
-3.0710987007874015
 31
0
  0
LINE
  5
65D
330
22
100
AcDbEntity
  8
F.Mask
  6
CONTINUOUS
100
AcDbLine
 10
4.5951450787401571
 20
-3.0710987007874015
 30
0
 11
4.5887109448818899
 21
-3.0698188582677166
 31
0
  0
LINE
  5
65E
330
22
100
AcDbEntity
  8
F.Mask
  6
CONTINUOUS
100
AcDbLine
 10
4.5887109448818899
 20
-3.0698188582677166
 30
0
 11
4.5826501181102364
 21
-3.0673083858267716
 31
0
  0
LINE
  5
65F
330
22
100
AcDbEntity
  8
F.Mask
  6
CONTINUOUS
100
AcDbLine
 10
4.5826501181102364
 20
-3.0673083858267716
 30
0
 11
4.5771955118110235
 21
-3.0636637401574802
 31
0
  0
LINE
  5
660
330
22
100
AcDbEntity
  8
F.Mask
  6
CONTINUOUS
100
AcDbLine
 10
4.5771955118110235
 20
-3.0636637401574802
 30
0
 11
4.5725567322834646
 21
-3.0590249606299214
 31
0
  0
LINE
  5
661
330
22
100
AcDbEntity
  8
F.Mask
  6
CONTINUOUS
100
AcDbLine
 10
4.5725567322834646
 20
-3.0590249606299214
 30
0
 11
4.5689120866141728
 21
-3.0535703543307084
 31
0
  0
LINE
  5
662
330
22
100
AcDbEntity
  8
F.Mask
  6
CONTINUOUS
100
AcDbLine
 10
4.5689120866141728
 20
-3.0535703543307084
 30
0
 11
4.5664016141732287
 21
-3.0475095275590549
 31
0
  0
LINE
  5
663
330
22
100
AcDbEntity
  8
F.Mask
  6
CONTINUOUS
100
AcDbLine
 10
4.5664016141732287
 20
-3.0475095275590549
 30
0
 11
4.5651217716535433
 21
-3.0410753937007873
 31
0
  0
LINE
  5
664
330
22
100
AcDbEntity
  8
F.Mask
  6
CONTINUOUS
100
AcDbLine
 10
4.5651217716535433
 20
-3.0410753937007873
 30
0
 11
4.5651217716535433
 21
-3.0345151574803149
 31
0
  0
LINE
  5
665
330
22
100
AcDbEntity
  8
F.Mask
  6
CONTINUOUS
100
AcDbLine
 10
4.5651217716535433
 20
-3.0345151574803149
 30
0
 11
4.5664016141732287
 21
-3.0280810236220472
 31
0
  0
LINE
  5
666
330
22
100
AcDbEntity
  8
F.Mask
  6
CONTINUOUS
100
AcDbLine
 10
4.5664016141732287
 20
-3.0280810236220472
 30
0
 11
4.5689120866141728
 21
-3.0220201968503937
 31
0
  0
LINE
  5
667
330
22
100
AcDbEntity
  8
F.Mask
  6
CONTINUOUS
100
AcDbLine
 10
4.5689120866141728
 20
-3.0220201968503937
 30
0
 11
4.5725567322834646
 21
-3.0165655905511812
 31
0
  0
LINE
  5
668
330
22
100
AcDbEntity
  8
F.Mask
  6
CONTINUOUS
100
AcDbLine
 10
4.5725567322834646
 20
-3.0165655905511812
 30
0
 11
4.5771955118110235
 21
-3.0119268110236219
 31
0
  0
LINE
  5
669
330
22
100
AcDbEntity
  8
F.Mask
  6
CONTINUOUS
100
AcDbLine
 10
4.5771955118110235
 20
-3.0119268110236219
 30
0
 11
4.5826501181102364
 21
-3.0082821653543306
 31
0
  0
LINE
  5
66A
330
22
100
AcDbEntity
  8
F.Mask
  6
CONTINUOUS
100
AcDbLine
 10
4.5826501181102364
 20
-3.0082821653543306
 30
0
 11
4.5887109448818899
 21
-3.005771692913386
 31
0
  0
LINE
  5
66B
330
22
100
AcDbEntity
  8
F.Mask
  6
CONTINUOUS
100
AcDbLine
 10
4.5887109448818899
 20
-3.005771692913386
 30
0
 11
4.5951450787401571
 21
-3.0044918503937006
 31
0
  0
LINE
  5
66C
330
22
100
AcDbEntity
  8
F.Mask
  6
CONTINUOUS
100
AcDbLine
 10
4.5951450787401571
 20
-3.0044918503937006
 30
0
 11
4.5984251968503935
 21
-3.004330708661417
 31
0
  0
LINE
  5
66D
330
22
100
AcDbEntity
  8
F.Mask
  6
CONTINUOUS
100
AcDbLine
 10
4.5984251968503935
 20
-3.004330708661417
 30
0
 11
4.6732283464566926
 21
-3.004330708661417
 31
0
  0
LINE
  5
66E
330
22
100
AcDbEntity
  8
F.Mask
  6
CONTINUOUS
100
AcDbLine
 10
4.6732283464566926
 20
-3.004330708661417
 30
0
 11
4.676508464566929
 21
-3.0044918503937006
 31
0
  0
LINE
  5
66F
330
22
100
AcDbEntity
  8
F.Mask
  6
CONTINUOUS
100
AcDbLine
 10
5.3556423228346457
 20
-3.0044918503937006
 30
0
 11
5.3620764566929129
 21
-3.005771692913386
 31
0
  0
LINE
  5
670
330
22
100
AcDbEntity
  8
F.Mask
  6
CONTINUOUS
100
AcDbLine
 10
5.3620764566929129
 20
-3.005771692913386
 30
0
 11
5.3681372834645664
 21
-3.0082821653543306
 31
0
  0
LINE
  5
671
330
22
100
AcDbEntity
  8
F.Mask
  6
CONTINUOUS
100
AcDbLine
 10
5.3681372834645664
 20
-3.0082821653543306
 30
0
 11
5.3735918897637793
 21
-3.0119268110236219
 31
0
  0
LINE
  5
672
330
22
100
AcDbEntity
  8
F.Mask
  6
CONTINUOUS
100
AcDbLine
 10
5.3735918897637793
 20
-3.0119268110236219
 30
0
 11
5.3782306692913382
 21
-3.0165655905511812
 31
0
  0
LINE
  5
673
330
22
100
AcDbEntity
  8
F.Mask
  6
CONTINUOUS
100
AcDbLine
 10
5.3782306692913382
 20
-3.0165655905511812
 30
0
 11
5.38187531496063
 21
-3.0220201968503937
 31
0
  0
LINE
  5
674
330
22
100
AcDbEntity
  8
F.Mask
  6
CONTINUOUS
100
AcDbLine
 10
5.38187531496063
 20
-3.0220201968503937
 30
0
 11
5.384385787401575
 21
-3.0280810236220472
 31
0
  0
LINE
  5
675
330
22
100
AcDbEntity
  8
F.Mask
  6
CONTINUOUS
100
AcDbLine
 10
5.384385787401575
 20
-3.0280810236220472
 30
0
 11
5.3856656299212595
 21
-3.0345151574803149
 31
0
  0
LINE
  5
676
330
22
100
AcDbEntity
  8
F.Mask
  6
CONTINUOUS
100
AcDbLine
 10
5.3856656299212595
 20
-3.0345151574803149
 30
0
 11
5.3856656299212595
 21
-3.0410753937007873
 31
0
  0
LINE
  5
677
330
22
100
AcDbEntity
  8
F.Mask
  6
CONTINUOUS
100
AcDbLine
 10
5.3856656299212595
 20
-3.0410753937007873
 30
0
 11
5.384385787401575
 21
-3.0475095275590549
 31
0
  0
LINE
  5
678
330
22
100
AcDbEntity
  8
F.Mask
  6
CONTINUOUS
100
AcDbLine
 10
5.384385787401575
 20
-3.0475095275590549
 30
0
 11
5.38187531496063
 21
-3.0535703543307084
 31
0
  0
LINE
  5
679
330
22
100
AcDbEntity
  8
F.Mask
  6
CONTINUOUS
100
AcDbLine
 10
5.38187531496063
 20
-3.0535703543307084
 30
0
 11
5.3782306692913382
 21
-3.0590249606299214
 31
0
  0
LINE
  5
67A
330
22
100
AcDbEntity
  8
F.Mask
  6
CONTINUOUS
100
AcDbLine
 10
5.3782306692913382
 20
-3.0590249606299214
 30
0
 11
5.3735918897637793
 21
-3.0636637401574802
 31
0
  0
LINE
  5
67B
330
22
100
AcDbEntity
  8
F.Mask
  6
CONTINUOUS
100
AcDbLine
 10
5.3735918897637793
 20
-3.0636637401574802
 30
0
 11
5.3681372834645664
 21
-3.0673083858267716
 31
0
  0
LINE
  5
67C
330
22
100
AcDbEntity
  8
F.Mask
  6
CONTINUOUS
100
AcDbLine
 10
5.3681372834645664
 20
-3.0673083858267716
 30
0
 11
5.3620764566929129
 21
-3.0698188582677166
 31
0
  0
LINE
  5
67D
330
22
100
AcDbEntity
  8
F.Mask
  6
CONTINUOUS
100
AcDbLine
 10
5.3620764566929129
 20
-3.0698188582677166
 30
0
 11
5.3556423228346457
 21
-3.0710987007874015
 31
0
  0
LINE
  5
67E
330
22
100
AcDbEntity
  8
F.Mask
  6
CONTINUOUS
100
AcDbLine
 10
5.3556423228346457
 20
-3.0710987007874015
 30
0
 11
5.3523622047244093
 21
-3.0712598425196851
 31
0
  0
LINE
  5
67F
330
22
100
AcDbEntity
  8
F.Mask
  6
CONTINUOUS
100
AcDbLine
 10
5.3523622047244093
 20
-3.0712598425196851
 30
0
 11
5.2775590551181102
 21
-3.0712598425196851
 31
0
  0
LINE
  5
680
330
22
100
AcDbEntity
  8
F.Mask
  6
CONTINUOUS
100
AcDbLine
 10
5.2775590551181102
 20
-3.0712598425196851
 30
0
 11
5.2742789370078738
 21
-3.0710987007874015
 31
0
  0
LINE
  5
681
330
22
100
AcDbEntity
  8
F.Mask
  6
CONTINUOUS
100
AcDbLine
 10
5.2742789370078738
 20
-3.0710987007874015
 30
0
 11
5.2678448031496066
 21
-3.0698188582677166
 31
0
  0
LINE
  5
682
330
22
100
AcDbEntity
  8
F.Mask
  6
CONTINUOUS
100
AcDbLine
 10
5.2678448031496066
 20
-3.0698188582677166
 30
0
 11
5.261783976377953
 21
-3.0673083858267716
 31
0
  0
LINE
  5
683
330
22
100
AcDbEntity
  8
F.Mask
  6
CONTINUOUS
100
AcDbLine
 10
5.261783976377953
 20
-3.0673083858267716
 30
0
 11
5.2563293700787401
 21
-3.0636637401574802
 31
0
  0
LINE
  5
684
330
22
100
AcDbEntity
  8
F.Mask
  6
CONTINUOUS
100
AcDbLine
 10
5.2563293700787401
 20
-3.0636637401574802
 30
0
 11
5.2516905905511813
 21
-3.0590249606299214
 31
0
  0
LINE
  5
685
330
22
100
AcDbEntity
  8
F.Mask
  6
CONTINUOUS
100
AcDbLine
 10
5.2516905905511813
 20
-3.0590249606299214
 30
0
 11
5.2480459448818895
 21
-3.0535703543307084
 31
0
  0
LINE
  5
686
330
22
100
AcDbEntity
  8
F.Mask
  6
CONTINUOUS
100
AcDbLine
 10
5.2480459448818895
 20
-3.0535703543307084
 30
0
 11
5.2455354724409444
 21
-3.0475095275590549
 31
0
  0
LINE
  5
687
330
22
100
AcDbEntity
  8
F.Mask
  6
CONTINUOUS
100
AcDbLine
 10
5.2455354724409444
 20
-3.0475095275590549
 30
0
 11
5.2442556299212599
 21
-3.0410753937007873
 31
0
  0
LINE
  5
688
330
22
100
AcDbEntity
  8
F.Mask
  6
CONTINUOUS
100
AcDbLine
 10
5.2442556299212599
 20
-3.0410753937007873
 30
0
 11
5.2442556299212599
 21
-3.0345151574803149
 31
0
  0
LINE
  5
689
330
22
100
AcDbEntity
  8
F.Mask
  6
CONTINUOUS
100
AcDbLine
 10
5.2442556299212599
 20
-3.0345151574803149
 30
0
 11
5.2455354724409444
 21
-3.0280810236220472
 31
0
  0
LINE
  5
68A
330
22
100
AcDbEntity
  8
F.Mask
  6
CONTINUOUS
100
AcDbLine
 10
5.2455354724409444
 20
-3.0280810236220472
 30
0
 11
5.2480459448818895
 21
-3.0220201968503937
 31
0
  0
LINE
  5
68B
330
22
100
AcDbEntity
  8
F.Mask
  6
CONTINUOUS
100
AcDbLine
 10
5.2480459448818895
 20
-3.0220201968503937
 30
0
 11
5.2516905905511813
 21
-3.0165655905511812
 31
0
  0
LINE
  5
68C
330
22
100
AcDbEntity
  8
F.Mask
  6
CONTINUOUS
100
AcDbLine
 10
5.2516905905511813
 20
-3.0165655905511812
 30
0
 11
5.2563293700787401
 21
-3.0119268110236219
 31
0
  0
LINE
  5
68D
330
22
100
AcDbEntity
  8
F.Mask
  6
CONTINUOUS
100
AcDbLine
 10
5.2563293700787401
 20
-3.0119268110236219
 30
0
 11
5.261783976377953
 21
-3.0082821653543306
 31
0
  0
LINE
  5
68E
330
22
100
AcDbEntity
  8
F.Mask
  6
CONTINUOUS
100
AcDbLine
 10
5.261783976377953
 20
-3.0082821653543306
 30
0
 11
5.2678448031496066
 21
-3.005771692913386
 31
0
  0
LINE
  5
68F
330
22
100
AcDbEntity
  8
F.Mask
  6
CONTINUOUS
100
AcDbLine
 10
5.2678448031496066
 20
-3.005771692913386
 30
0
 11
5.2742789370078738
 21
-3.0044918503937006
 31
0
  0
LINE
  5
690
330
22
100
AcDbEntity
  8
F.Mask
  6
CONTINUOUS
100
AcDbLine
 10
5.2742789370078738
 20
-3.0044918503937006
 30
0
 11
5.2775590551181102
 21
-3.004330708661417
 31
0
  0
LINE
  5
691
330
22
100
AcDbEntity
  8
F.Mask
  6
CONTINUOUS
100
AcDbLine
 10
5.2775590551181102
 20
-3.004330708661417
 30
0
 11
5.3523622047244093
 21
-3.004330708661417
 31
0
  0
LINE
  5
692
330
22
100
AcDbEntity
  8
F.Mask
  6
CONTINUOUS
100
AcDbLine
 10
5.3523622047244093
 20
-3.004330708661417
 30
0
 11
5.3556423228346457
 21
-3.0044918503937006
 31
0
  0
LINE
  5
693
330
22
100
AcDbEntity
  8
F.Mask
  6
CONTINUOUS
100
AcDbLine
 10
6.4951473228346455
 20
-2.9616772047244093
 30
0
 11
6.501208149606299
 21
-2.9641876771653544
 31
0
  0
LINE
  5
694
330
22
100
AcDbEntity
  8
F.Mask
  6
CONTINUOUS
100
AcDbLine
 10
6.501208149606299
 20
-2.9641876771653544
 30
0
 11
6.5066627559055119
 21
-2.9678323228346457
 31
0
  0
LINE
  5
695
330
22
100
AcDbEntity
  8
F.Mask
  6
CONTINUOUS
100
AcDbLine
 10
6.5066627559055119
 20
-2.9678323228346457
 30
0
 11
6.5113015354330708
 21
-2.9724711023622046
 31
0
  0
LINE
  5
696
330
22
100
AcDbEntity
  8
F.Mask
  6
CONTINUOUS
100
AcDbLine
 10
6.5113015354330708
 20
-2.9724711023622046
 30
0
 11
6.5149461811023617
 21
-2.977925708661417
 31
0
  0
LINE
  5
697
330
22
100
AcDbEntity
  8
F.Mask
  6
CONTINUOUS
100
AcDbLine
 10
6.5149461811023617
 20
-2.977925708661417
 30
0
 11
6.5174566535433067
 21
-2.983986535433071
 31
0
  0
LINE
  5
698
330
22
100
AcDbEntity
  8
F.Mask
  6
CONTINUOUS
100
AcDbLine
 10
6.5174566535433067
 20
-2.983986535433071
 30
0
 11
6.5187364960629921
 21
-2.9904206692913387
 31
0
  0
LINE
  5
699
330
22
100
AcDbEntity
  8
F.Mask
  6
CONTINUOUS
100
AcDbLine
 10
6.5187364960629921
 20
-2.9904206692913387
 30
0
 11
6.5187364960629921
 21
-2.9969809055118111
 31
0
  0
LINE
  5
69A
330
22
100
AcDbEntity
  8
F.Mask
  6
CONTINUOUS
100
AcDbLine
 10
6.5187364960629921
 20
-2.9969809055118111
 30
0
 11
6.5174566535433067
 21
-3.0034150393700787
 31
0
  0
LINE
  5
69B
330
22
100
AcDbEntity
  8
F.Mask
  6
CONTINUOUS
100
AcDbLine
 10
6.5174566535433067
 20
-3.0034150393700787
 30
0
 11
6.5149461811023617
 21
-3.0094758661417322
 31
0
  0
LINE
  5
69C
330
22
100
AcDbEntity
  8
F.Mask
  6
CONTINUOUS
100
AcDbLine
 10
6.5149461811023617
 20
-3.0094758661417322
 30
0
 11
6.5113015354330708
 21
-3.0149304724409447
 31
0
  0
LINE
  5
69D
330
22
100
AcDbEntity
  8
F.Mask
  6
CONTINUOUS
100
AcDbLine
 10
6.5113015354330708
 20
-3.0149304724409447
 30
0
 11
6.5066627559055119
 21
-3.019569251968504
 31
0
  0
LINE
  5
69E
330
22
100
AcDbEntity
  8
F.Mask
  6
CONTINUOUS
100
AcDbLine
 10
6.5066627559055119
 20
-3.019569251968504
 30
0
 11
6.501208149606299
 21
-3.0232138976377954
 31
0
  0
LINE
  5
69F
330
22
100
AcDbEntity
  8
F.Mask
  6
CONTINUOUS
100
AcDbLine
 10
6.501208149606299
 20
-3.0232138976377954
 30
0
 11
6.4951473228346455
 21
-3.02572437007874
 31
0
  0
LINE
  5
6A0
330
22
100
AcDbEntity
  8
F.Mask
  6
CONTINUOUS
100
AcDbLine
 10
6.4951473228346455
 20
-3.02572437007874
 30
0
 11
6.4887131889763774
 21
-3.0270042125984253
 31
0
  0
LINE
  5
6A1
330
22
100
AcDbEntity
  8
F.Mask
  6
CONTINUOUS
100
AcDbLine
 10
6.4887131889763774
 20
-3.0270042125984253
 30
0
 11
6.4821529527559054
 21
-3.0270042125984253
 31
0
  0
LINE
  5
6A2
330
22
100
AcDbEntity
  8
F.Mask
  6
CONTINUOUS
100
AcDbLine
 10
6.4821529527559054
 20
-3.0270042125984253
 30
0
 11
6.4757188188976373
 21
-3.02572437007874
 31
0
  0
LINE
  5
6A3
330
22
100
AcDbEntity
  8
F.Mask
  6
CONTINUOUS
100
AcDbLine
 10
6.4757188188976373
 20
-3.02572437007874
 30
0
 11
6.4696579921259838
 21
-3.0232138976377954
 31
0
  0
LINE
  5
6A4
330
22
100
AcDbEntity
  8
F.Mask
  6
CONTINUOUS
100
AcDbLine
 10
6.4696579921259838
 20
-3.0232138976377954
 30
0
 11
6.4642033858267718
 21
-3.019569251968504
 31
0
  0
LINE
  5
6A5
330
22
100
AcDbEntity
  8
F.Mask
  6
CONTINUOUS
100
AcDbLine
 10
6.4642033858267718
 20
-3.019569251968504
 30
0
 11
6.459564606299212
 21
-3.0149304724409447
 31
0
  0
LINE
  5
6A6
330
22
100
AcDbEntity
  8
F.Mask
  6
CONTINUOUS
100
AcDbLine
 10
6.459564606299212
 20
-3.0149304724409447
 30
0
 11
6.4559199606299211
 21
-3.0094758661417322
 31
0
  0
LINE
  5
6A7
330
22
100
AcDbEntity
  8
F.Mask
  6
CONTINUOUS
100
AcDbLine
 10
6.4559199606299211
 20
-3.0094758661417322
 30
0
 11
6.4534094881889761
 21
-3.0034150393700787
 31
0
  0
LINE
  5
6A8
330
22
100
AcDbEntity
  8
F.Mask
  6
CONTINUOUS
100
AcDbLine
 10
6.4534094881889761
 20
-3.0034150393700787
 30
0
 11
6.4521296456692916
 21
-2.9969809055118111
 31
0
  0
LINE
  5
6A9
330
22
100
AcDbEntity
  8
F.Mask
  6
CONTINUOUS
100
AcDbLine
 10
6.4521296456692916
 20
-2.9969809055118111
 30
0
 11
6.4521296456692916
 21
-2.9904206692913387
 31
0
  0
LINE
  5
6AA
330
22
100
AcDbEntity
  8
F.Mask
  6
CONTINUOUS
100
AcDbLine
 10
6.4521296456692916
 20
-2.9904206692913387
 30
0
 11
6.4534094881889761
 21
-2.983986535433071
 31
0
  0
LINE
  5
6AB
330
22
100
AcDbEntity
  8
F.Mask
  6
CONTINUOUS
100
AcDbLine
 10
6.4534094881889761
 20
-2.983986535433071
 30
0
 11
6.4559199606299211
 21
-2.977925708661417
 31
0
  0
LINE
  5
6AC
330
22
100
AcDbEntity
  8
F.Mask
  6
CONTINUOUS
100
AcDbLine
 10
6.4559199606299211
 20
-2.977925708661417
 30
0
 11
6.459564606299212
 21
-2.9724711023622046
 31
0
  0
LINE
  5
6AD
330
22
100
AcDbEntity
  8
F.Mask
  6
CONTINUOUS
100
AcDbLine
 10
6.459564606299212
 20
-2.9724711023622046
 30
0
 11
6.4642033858267718
 21
-2.9678323228346457
 31
0
  0
LINE
  5
6AE
330
22
100
AcDbEntity
  8
F.Mask
  6
CONTINUOUS
100
AcDbLine
 10
6.4642033858267718
 20
-2.9678323228346457
 30
0
 11
6.4696579921259838
 21
-2.9641876771653544
 31
0
  0
LINE
  5
6AF
330
22
100
AcDbEntity
  8
F.Mask
  6
CONTINUOUS
100
AcDbLine
 10
6.4696579921259838
 20
-2.9641876771653544
 30
0
 11
6.4757188188976373
 21
-2.9616772047244093
 31
0
  0
LINE
  5
6B0
330
22
100
AcDbEntity
  8
F.Mask
  6
CONTINUOUS
100
AcDbLine
 10
6.4757188188976373
 20
-2.9616772047244093
 30
0
 11
6.4821529527559054
 21
-2.9603973622047244
 31
0
  0
LINE
  5
6B1
330
22
100
AcDbEntity
  8
F.Mask
  6
CONTINUOUS
100
AcDbLine
 10
6.4821529527559054
 20
-2.9603973622047244
 30
0
 11
6.4887131889763774
 21
-2.9603973622047244
 31
0
  0
LINE
  5
6B2
330
22
100
AcDbEntity
  8
F.Mask
  6
CONTINUOUS
100
AcDbLine
 10
6.4887131889763774
 20
-2.9603973622047244
 30
0
 11
6.4951473228346455
 21
-2.9616772047244093
 31
0
  0
LINE
  5
6B3
330
22
100
AcDbEntity
  8
F.Mask
  6
CONTINUOUS
100
AcDbLine
 10
6.8951473228346458
 20
-2.9616772047244093
 30
0
 11
6.9012081496062994
 21
-2.9641876771653544
 31
0
  0
LINE
  5
6B4
330
22
100
AcDbEntity
  8
F.Mask
  6
CONTINUOUS
100
AcDbLine
 10
6.9012081496062994
 20
-2.9641876771653544
 30
0
 11
6.9066627559055114
 21
-2.9678323228346457
 31
0
  0
LINE
  5
6B5
330
22
100
AcDbEntity
  8
F.Mask
  6
CONTINUOUS
100
AcDbLine
 10
6.9066627559055114
 20
-2.9678323228346457
 30
0
 11
6.9113015354330711
 21
-2.9724711023622046
 31
0
  0
LINE
  5
6B6
330
22
100
AcDbEntity
  8
F.Mask
  6
CONTINUOUS
100
AcDbLine
 10
6.9113015354330711
 20
-2.9724711023622046
 30
0
 11
6.914946181102362
 21
-2.977925708661417
 31
0
  0
LINE
  5
6B7
330
22
100
AcDbEntity
  8
F.Mask
  6
CONTINUOUS
100
AcDbLine
 10
6.914946181102362
 20
-2.977925708661417
 30
0
 11
6.9174566535433071
 21
-2.983986535433071
 31
0
  0
LINE
  5
6B8
330
22
100
AcDbEntity
  8
F.Mask
  6
CONTINUOUS
100
AcDbLine
 10
6.9174566535433071
 20
-2.983986535433071
 30
0
 11
6.9187364960629916
 21
-2.9904206692913387
 31
0
  0
LINE
  5
6B9
330
22
100
AcDbEntity
  8
F.Mask
  6
CONTINUOUS
100
AcDbLine
 10
6.9187364960629916
 20
-2.9904206692913387
 30
0
 11
6.9187364960629916
 21
-2.9969809055118111
 31
0
  0
LINE
  5
6BA
330
22
100
AcDbEntity
  8
F.Mask
  6
CONTINUOUS
100
AcDbLine
 10
6.9187364960629916
 20
-2.9969809055118111
 30
0
 11
6.9174566535433071
 21
-3.0034150393700787
 31
0
  0
LINE
  5
6BB
330
22
100
AcDbEntity
  8
F.Mask
  6
CONTINUOUS
100
AcDbLine
 10
6.9174566535433071
 20
-3.0034150393700787
 30
0
 11
6.914946181102362
 21
-3.0094758661417322
 31
0
  0
LINE
  5
6BC
330
22
100
AcDbEntity
  8
F.Mask
  6
CONTINUOUS
100
AcDbLine
 10
6.914946181102362
 20
-3.0094758661417322
 30
0
 11
6.9113015354330711
 21
-3.0149304724409447
 31
0
  0
LINE
  5
6BD
330
22
100
AcDbEntity
  8
F.Mask
  6
CONTINUOUS
100
AcDbLine
 10
6.9113015354330711
 20
-3.0149304724409447
 30
0
 11
6.9066627559055114
 21
-3.019569251968504
 31
0
  0
LINE
  5
6BE
330
22
100
AcDbEntity
  8
F.Mask
  6
CONTINUOUS
100
AcDbLine
 10
6.9066627559055114
 20
-3.019569251968504
 30
0
 11
6.9012081496062994
 21
-3.0232138976377954
 31
0
  0
LINE
  5
6BF
330
22
100
AcDbEntity
  8
F.Mask
  6
CONTINUOUS
100
AcDbLine
 10
6.9012081496062994
 20
-3.0232138976377954
 30
0
 11
6.8951473228346458
 21
-3.02572437007874
 31
0
  0
LINE
  5
6C0
330
22
100
AcDbEntity
  8
F.Mask
  6
CONTINUOUS
100
AcDbLine
 10
6.8951473228346458
 20
-3.02572437007874
 30
0
 11
6.8887131889763777
 21
-3.0270042125984253
 31
0
  0
LINE
  5
6C1
330
22
100
AcDbEntity
  8
F.Mask
  6
CONTINUOUS
100
AcDbLine
 10
6.8887131889763777
 20
-3.0270042125984253
 30
0
 11
6.8821529527559058
 21
-3.0270042125984253
 31
0
  0
LINE
  5
6C2
330
22
100
AcDbEntity
  8
F.Mask
  6
CONTINUOUS
100
AcDbLine
 10
6.8821529527559058
 20
-3.0270042125984253
 30
0
 11
6.8757188188976377
 21
-3.02572437007874
 31
0
  0
LINE
  5
6C3
330
22
100
AcDbEntity
  8
F.Mask
  6
CONTINUOUS
100
AcDbLine
 10
6.8757188188976377
 20
-3.02572437007874
 30
0
 11
6.8696579921259842
 21
-3.0232138976377954
 31
0
  0
LINE
  5
6C4
330
22
100
AcDbEntity
  8
F.Mask
  6
CONTINUOUS
100
AcDbLine
 10
6.8696579921259842
 20
-3.0232138976377954
 30
0
 11
6.8642033858267713
 21
-3.019569251968504
 31
0
  0
LINE
  5
6C5
330
22
100
AcDbEntity
  8
F.Mask
  6
CONTINUOUS
100
AcDbLine
 10
6.8642033858267713
 20
-3.019569251968504
 30
0
 11
6.8595646062992124
 21
-3.0149304724409447
 31
0
  0
LINE
  5
6C6
330
22
100
AcDbEntity
  8
F.Mask
  6
CONTINUOUS
100
AcDbLine
 10
6.8595646062992124
 20
-3.0149304724409447
 30
0
 11
6.8559199606299215
 21
-3.0094758661417322
 31
0
  0
LINE
  5
6C7
330
22
100
AcDbEntity
  8
F.Mask
  6
CONTINUOUS
100
AcDbLine
 10
6.8559199606299215
 20
-3.0094758661417322
 30
0
 11
6.8534094881889764
 21
-3.0034150393700787
 31
0
  0
LINE
  5
6C8
330
22
100
AcDbEntity
  8
F.Mask
  6
CONTINUOUS
100
AcDbLine
 10
6.8534094881889764
 20
-3.0034150393700787
 30
0
 11
6.8521296456692911
 21
-2.9969809055118111
 31
0
  0
LINE
  5
6C9
330
22
100
AcDbEntity
  8
F.Mask
  6
CONTINUOUS
100
AcDbLine
 10
6.8521296456692911
 20
-2.9969809055118111
 30
0
 11
6.8521296456692911
 21
-2.9904206692913387
 31
0
  0
LINE
  5
6CA
330
22
100
AcDbEntity
  8
F.Mask
  6
CONTINUOUS
100
AcDbLine
 10
6.8521296456692911
 20
-2.9904206692913387
 30
0
 11
6.8534094881889764
 21
-2.983986535433071
 31
0
  0
LINE
  5
6CB
330
22
100
AcDbEntity
  8
F.Mask
  6
CONTINUOUS
100
AcDbLine
 10
6.8534094881889764
 20
-2.983986535433071
 30
0
 11
6.8559199606299215
 21
-2.977925708661417
 31
0
  0
LINE
  5
6CC
330
22
100
AcDbEntity
  8
F.Mask
  6
CONTINUOUS
100
AcDbLine
 10
6.8559199606299215
 20
-2.977925708661417
 30
0
 11
6.8595646062992124
 21
-2.9724711023622046
 31
0
  0
LINE
  5
6CD
330
22
100
AcDbEntity
  8
F.Mask
  6
CONTINUOUS
100
AcDbLine
 10
6.8595646062992124
 20
-2.9724711023622046
 30
0
 11
6.8642033858267713
 21
-2.9678323228346457
 31
0
  0
LINE
  5
6CE
330
22
100
AcDbEntity
  8
F.Mask
  6
CONTINUOUS
100
AcDbLine
 10
6.8642033858267713
 20
-2.9678323228346457
 30
0
 11
6.8696579921259842
 21
-2.9641876771653544
 31
0
  0
LINE
  5
6CF
330
22
100
AcDbEntity
  8
F.Mask
  6
CONTINUOUS
100
AcDbLine
 10
6.8696579921259842
 20
-2.9641876771653544
 30
0
 11
6.8757188188976377
 21
-2.9616772047244093
 31
0
  0
LINE
  5
6D0
330
22
100
AcDbEntity
  8
F.Mask
  6
CONTINUOUS
100
AcDbLine
 10
6.8757188188976377
 20
-2.9616772047244093
 30
0
 11
6.8821529527559058
 21
-2.9603973622047244
 31
0
  0
LINE
  5
6D1
330
22
100
AcDbEntity
  8
F.Mask
  6
CONTINUOUS
100
AcDbLine
 10
6.8821529527559058
 20
-2.9603973622047244
 30
0
 11
6.8887131889763777
 21
-2.9603973622047244
 31
0
  0
LINE
  5
6D2
330
22
100
AcDbEntity
  8
F.Mask
  6
CONTINUOUS
100
AcDbLine
 10
6.8887131889763777
 20
-2.9603973622047244
 30
0
 11
6.8951473228346458
 21
-2.9616772047244093
 31
0
  0
LINE
  5
6D3
330
22
100
AcDbEntity
  8
F.Mask
  6
CONTINUOUS
100
AcDbLine
 10
4.676508464566929
 20
-2.9044918503937005
 30
0
 11
4.6829425984251971
 21
-2.9057716929133859
 31
0
  0
LINE
  5
6D4
330
22
100
AcDbEntity
  8
F.Mask
  6
CONTINUOUS
100
AcDbLine
 10
4.6829425984251971
 20
-2.9057716929133859
 30
0
 11
4.6890034251968506
 21
-2.9082821653543305
 31
0
  0
LINE
  5
6D5
330
22
100
AcDbEntity
  8
F.Mask
  6
CONTINUOUS
100
AcDbLine
 10
4.6890034251968506
 20
-2.9082821653543305
 30
0
 11
4.6944580314960627
 21
-2.9119268110236218
 31
0
  0
LINE
  5
6D6
330
22
100
AcDbEntity
  8
F.Mask
  6
CONTINUOUS
100
AcDbLine
 10
4.6944580314960627
 20
-2.9119268110236218
 30
0
 11
4.6990968110236215
 21
-2.9165655905511811
 31
0
  0
LINE
  5
6D7
330
22
100
AcDbEntity
  8
F.Mask
  6
CONTINUOUS
100
AcDbLine
 10
4.6990968110236215
 20
-2.9165655905511811
 30
0
 11
4.7027414566929133
 21
-2.9220201968503936
 31
0
  0
LINE
  5
6D8
330
22
100
AcDbEntity
  8
F.Mask
  6
CONTINUOUS
100
AcDbLine
 10
4.7027414566929133
 20
-2.9220201968503936
 30
0
 11
4.7052519291338584
 21
-2.9280810236220471
 31
0
  0
LINE
  5
6D9
330
22
100
AcDbEntity
  8
F.Mask
  6
CONTINUOUS
100
AcDbLine
 10
4.7052519291338584
 20
-2.9280810236220471
 30
0
 11
4.7065317716535429
 21
-2.9345151574803148
 31
0
  0
LINE
  5
6DA
330
22
100
AcDbEntity
  8
F.Mask
  6
CONTINUOUS
100
AcDbLine
 10
4.7065317716535429
 20
-2.9345151574803148
 30
0
 11
4.7065317716535429
 21
-2.9410753937007872
 31
0
  0
LINE
  5
6DB
330
22
100
AcDbEntity
  8
F.Mask
  6
CONTINUOUS
100
AcDbLine
 10
4.7065317716535429
 20
-2.9410753937007872
 30
0
 11
4.7052519291338584
 21
-2.9475095275590553
 31
0
  0
LINE
  5
6DC
330
22
100
AcDbEntity
  8
F.Mask
  6
CONTINUOUS
100
AcDbLine
 10
4.7052519291338584
 20
-2.9475095275590553
 30
0
 11
4.7027414566929133
 21
-2.9535703543307088
 31
0
  0
LINE
  5
6DD
330
22
100
AcDbEntity
  8
F.Mask
  6
CONTINUOUS
100
AcDbLine
 10
4.7027414566929133
 20
-2.9535703543307088
 30
0
 11
4.6990968110236215
 21
-2.9590249606299213
 31
0
  0
LINE
  5
6DE
330
22
100
AcDbEntity
  8
F.Mask
  6
CONTINUOUS
100
AcDbLine
 10
4.6990968110236215
 20
-2.9590249606299213
 30
0
 11
4.6944580314960627
 21
-2.9636637401574801
 31
0
  0
LINE
  5
6DF
330
22
100
AcDbEntity
  8
F.Mask
  6
CONTINUOUS
100
AcDbLine
 10
4.6944580314960627
 20
-2.9636637401574801
 30
0
 11
4.6890034251968506
 21
-2.9673083858267715
 31
0
  0
LINE
  5
6E0
330
22
100
AcDbEntity
  8
F.Mask
  6
CONTINUOUS
100
AcDbLine
 10
4.6890034251968506
 20
-2.9673083858267715
 30
0
 11
4.6829425984251971
 21
-2.9698188582677165
 31
0
  0
LINE
  5
6E1
330
22
100
AcDbEntity
  8
F.Mask
  6
CONTINUOUS
100
AcDbLine
 10
4.6829425984251971
 20
-2.9698188582677165
 30
0
 11
4.676508464566929
 21
-2.9710987007874015
 31
0
  0
LINE
  5
6E2
330
22
100
AcDbEntity
  8
F.Mask
  6
CONTINUOUS
100
AcDbLine
 10
4.676508464566929
 20
-2.9710987007874015
 30
0
 11
4.6732283464566926
 21
-2.971259842519685
 31
0
  0
LINE
  5
6E3
330
22
100
AcDbEntity
  8
F.Mask
  6
CONTINUOUS
100
AcDbLine
 10
4.6732283464566926
 20
-2.971259842519685
 30
0
 11
4.5984251968503935
 21
-2.971259842519685
 31
0
  0
LINE
  5
6E4
330
22
100
AcDbEntity
  8
F.Mask
  6
CONTINUOUS
100
AcDbLine
 10
4.5984251968503935
 20
-2.971259842519685
 30
0
 11
4.5951450787401571
 21
-2.9710987007874015
 31
0
  0
LINE
  5
6E5
330
22
100
AcDbEntity
  8
F.Mask
  6
CONTINUOUS
100
AcDbLine
 10
4.5951450787401571
 20
-2.9710987007874015
 30
0
 11
4.5887109448818899
 21
-2.9698188582677165
 31
0
  0
LINE
  5
6E6
330
22
100
AcDbEntity
  8
F.Mask
  6
CONTINUOUS
100
AcDbLine
 10
4.5887109448818899
 20
-2.9698188582677165
 30
0
 11
4.5826501181102364
 21
-2.9673083858267715
 31
0
  0
LINE
  5
6E7
330
22
100
AcDbEntity
  8
F.Mask
  6
CONTINUOUS
100
AcDbLine
 10
4.5826501181102364
 20
-2.9673083858267715
 30
0
 11
4.5771955118110235
 21
-2.9636637401574801
 31
0
  0
LINE
  5
6E8
330
22
100
AcDbEntity
  8
F.Mask
  6
CONTINUOUS
100
AcDbLine
 10
4.5771955118110235
 20
-2.9636637401574801
 30
0
 11
4.5725567322834646
 21
-2.9590249606299213
 31
0
  0
LINE
  5
6E9
330
22
100
AcDbEntity
  8
F.Mask
  6
CONTINUOUS
100
AcDbLine
 10
4.5725567322834646
 20
-2.9590249606299213
 30
0
 11
4.5689120866141728
 21
-2.9535703543307088
 31
0
  0
LINE
  5
6EA
330
22
100
AcDbEntity
  8
F.Mask
  6
CONTINUOUS
100
AcDbLine
 10
4.5689120866141728
 20
-2.9535703543307088
 30
0
 11
4.5664016141732287
 21
-2.9475095275590553
 31
0
  0
LINE
  5
6EB
330
22
100
AcDbEntity
  8
F.Mask
  6
CONTINUOUS
100
AcDbLine
 10
4.5664016141732287
 20
-2.9475095275590553
 30
0
 11
4.5651217716535433
 21
-2.9410753937007872
 31
0
  0
LINE
  5
6EC
330
22
100
AcDbEntity
  8
F.Mask
  6
CONTINUOUS
100
AcDbLine
 10
4.5651217716535433
 20
-2.9410753937007872
 30
0
 11
4.5651217716535433
 21
-2.9345151574803148
 31
0
  0
LINE
  5
6ED
330
22
100
AcDbEntity
  8
F.Mask
  6
CONTINUOUS
100
AcDbLine
 10
4.5651217716535433
 20
-2.9345151574803148
 30
0
 11
4.5664016141732287
 21
-2.9280810236220471
 31
0
  0
LINE
  5
6EE
330
22
100
AcDbEntity
  8
F.Mask
  6
CONTINUOUS
100
AcDbLine
 10
4.5664016141732287
 20
-2.9280810236220471
 30
0
 11
4.5689120866141728
 21
-2.9220201968503936
 31
0
  0
LINE
  5
6EF
330
22
100
AcDbEntity
  8
F.Mask
  6
CONTINUOUS
100
AcDbLine
 10
4.5689120866141728
 20
-2.9220201968503936
 30
0
 11
4.5725567322834646
 21
-2.9165655905511811
 31
0
  0
LINE
  5
6F0
330
22
100
AcDbEntity
  8
F.Mask
  6
CONTINUOUS
100
AcDbLine
 10
4.5725567322834646
 20
-2.9165655905511811
 30
0
 11
4.5771955118110235
 21
-2.9119268110236218
 31
0
  0
LINE
  5
6F1
330
22
100
AcDbEntity
  8
F.Mask
  6
CONTINUOUS
100
AcDbLine
 10
4.5771955118110235
 20
-2.9119268110236218
 30
0
 11
4.5826501181102364
 21
-2.9082821653543305
 31
0
  0
LINE
  5
6F2
330
22
100
AcDbEntity
  8
F.Mask
  6
CONTINUOUS
100
AcDbLine
 10
4.5826501181102364
 20
-2.9082821653543305
 30
0
 11
4.5887109448818899
 21
-2.9057716929133859
 31
0
  0
LINE
  5
6F3
330
22
100
AcDbEntity
  8
F.Mask
  6
CONTINUOUS
100
AcDbLine
 10
4.5887109448818899
 20
-2.9057716929133859
 30
0
 11
4.5951450787401571
 21
-2.9044918503937005
 31
0
  0
LINE
  5
6F4
330
22
100
AcDbEntity
  8
F.Mask
  6
CONTINUOUS
100
AcDbLine
 10
4.5951450787401571
 20
-2.9044918503937005
 30
0
 11
4.5984251968503935
 21
-2.9043307086614174
 31
0
  0
LINE
  5
6F5
330
22
100
AcDbEntity
  8
F.Mask
  6
CONTINUOUS
100
AcDbLine
 10
4.5984251968503935
 20
-2.9043307086614174
 30
0
 11
4.6732283464566926
 21
-2.9043307086614174
 31
0
  0
LINE
  5
6F6
330
22
100
AcDbEntity
  8
F.Mask
  6
CONTINUOUS
100
AcDbLine
 10
4.6732283464566926
 20
-2.9043307086614174
 30
0
 11
4.676508464566929
 21
-2.9044918503937005
 31
0
  0
LINE
  5
6F7
330
22
100
AcDbEntity
  8
F.Mask
  6
CONTINUOUS
100
AcDbLine
 10
5.3576108267716531
 20
-2.9044918503937005
 30
0
 11
5.3640449606299212
 21
-2.9057716929133859
 31
0
  0
LINE
  5
6F8
330
22
100
AcDbEntity
  8
F.Mask
  6
CONTINUOUS
100
AcDbLine
 10
5.3640449606299212
 20
-2.9057716929133859
 30
0
 11
5.3701057874015747
 21
-2.9082821653543305
 31
0
  0
LINE
  5
6F9
330
22
100
AcDbEntity
  8
F.Mask
  6
CONTINUOUS
100
AcDbLine
 10
5.3701057874015747
 20
-2.9082821653543305
 30
0
 11
5.3755603937007876
 21
-2.9119268110236218
 31
0
  0
LINE
  5
6FA
330
22
100
AcDbEntity
  8
F.Mask
  6
CONTINUOUS
100
AcDbLine
 10
5.3755603937007876
 20
-2.9119268110236218
 30
0
 11
5.3801991732283465
 21
-2.9165655905511811
 31
0
  0
LINE
  5
6FB
330
22
100
AcDbEntity
  8
F.Mask
  6
CONTINUOUS
100
AcDbLine
 10
5.3801991732283465
 20
-2.9165655905511811
 30
0
 11
5.3838438188976374
 21
-2.9220201968503936
 31
0
  0
LINE
  5
6FC
330
22
100
AcDbEntity
  8
F.Mask
  6
CONTINUOUS
100
AcDbLine
 10
5.3838438188976374
 20
-2.9220201968503936
 30
0
 11
5.3863542913385825
 21
-2.9280810236220471
 31
0
  0
LINE
  5
6FD
330
22
100
AcDbEntity
  8
F.Mask
  6
CONTINUOUS
100
AcDbLine
 10
5.3863542913385825
 20
-2.9280810236220471
 30
0
 11
5.3876341338582678
 21
-2.9345151574803148
 31
0
  0
LINE
  5
6FE
330
22
100
AcDbEntity
  8
F.Mask
  6
CONTINUOUS
100
AcDbLine
 10
5.3876341338582678
 20
-2.9345151574803148
 30
0
 11
5.3876341338582678
 21
-2.9410753937007872
 31
0
  0
LINE
  5
6FF
330
22
100
AcDbEntity
  8
F.Mask
  6
CONTINUOUS
100
AcDbLine
 10
5.3876341338582678
 20
-2.9410753937007872
 30
0
 11
5.3863542913385825
 21
-2.9475095275590553
 31
0
  0
LINE
  5
700
330
22
100
AcDbEntity
  8
F.Mask
  6
CONTINUOUS
100
AcDbLine
 10
5.3863542913385825
 20
-2.9475095275590553
 30
0
 11
5.3838438188976374
 21
-2.9535703543307088
 31
0
  0
LINE
  5
701
330
22
100
AcDbEntity
  8
F.Mask
  6
CONTINUOUS
100
AcDbLine
 10
5.3838438188976374
 20
-2.9535703543307088
 30
0
 11
5.3801991732283465
 21
-2.9590249606299213
 31
0
  0
LINE
  5
702
330
22
100
AcDbEntity
  8
F.Mask
  6
CONTINUOUS
100
AcDbLine
 10
5.3801991732283465
 20
-2.9590249606299213
 30
0
 11
5.3755603937007876
 21
-2.9636637401574801
 31
0
  0
LINE
  5
703
330
22
100
AcDbEntity
  8
F.Mask
  6
CONTINUOUS
100
AcDbLine
 10
5.3755603937007876
 20
-2.9636637401574801
 30
0
 11
5.3701057874015747
 21
-2.9673083858267715
 31
0
  0
LINE
  5
704
330
22
100
AcDbEntity
  8
F.Mask
  6
CONTINUOUS
100
AcDbLine
 10
5.3701057874015747
 20
-2.9673083858267715
 30
0
 11
5.3640449606299212
 21
-2.9698188582677165
 31
0
  0
LINE
  5
705
330
22
100
AcDbEntity
  8
F.Mask
  6
CONTINUOUS
100
AcDbLine
 10
5.3640449606299212
 20
-2.9698188582677165
 30
0
 11
5.3576108267716531
 21
-2.9710987007874015
 31
0
  0
LINE
  5
706
330
22
100
AcDbEntity
  8
F.Mask
  6
CONTINUOUS
100
AcDbLine
 10
5.3576108267716531
 20
-2.9710987007874015
 30
0
 11
5.3543307086614176
 21
-2.971259842519685
 31
0
  0
LINE
  5
707
330
22
100
AcDbEntity
  8
F.Mask
  6
CONTINUOUS
100
AcDbLine
 10
5.3543307086614176
 20
-2.971259842519685
 30
0
 11
5.2755905511811019
 21
-2.971259842519685
 31
0
  0
LINE
  5
708
330
22
100
AcDbEntity
  8
F.Mask
  6
CONTINUOUS
100
AcDbLine
 10
5.2755905511811019
 20
-2.971259842519685
 30
0
 11
5.2723104330708663
 21
-2.9710987007874015
 31
0
  0
LINE
  5
709
330
22
100
AcDbEntity
  8
F.Mask
  6
CONTINUOUS
100
AcDbLine
 10
5.2723104330708663
 20
-2.9710987007874015
 30
0
 11
5.2658762992125983
 21
-2.9698188582677165
 31
0
  0
LINE
  5
70A
330
22
100
AcDbEntity
  8
F.Mask
  6
CONTINUOUS
100
AcDbLine
 10
5.2658762992125983
 20
-2.9698188582677165
 30
0
 11
5.2598154724409447
 21
-2.9673083858267715
 31
0
  0
LINE
  5
70B
330
22
100
AcDbEntity
  8
F.Mask
  6
CONTINUOUS
100
AcDbLine
 10
5.2598154724409447
 20
-2.9673083858267715
 30
0
 11
5.2543608661417318
 21
-2.9636637401574801
 31
0
  0
LINE
  5
70C
330
22
100
AcDbEntity
  8
F.Mask
  6
CONTINUOUS
100
AcDbLine
 10
5.2543608661417318
 20
-2.9636637401574801
 30
0
 11
5.2497220866141729
 21
-2.9590249606299213
 31
0
  0
LINE
  5
70D
330
22
100
AcDbEntity
  8
F.Mask
  6
CONTINUOUS
100
AcDbLine
 10
5.2497220866141729
 20
-2.9590249606299213
 30
0
 11
5.246077440944882
 21
-2.9535703543307088
 31
0
  0
LINE
  5
70E
330
22
100
AcDbEntity
  8
F.Mask
  6
CONTINUOUS
100
AcDbLine
 10
5.246077440944882
 20
-2.9535703543307088
 30
0
 11
5.243566968503937
 21
-2.9475095275590553
 31
0
  0
LINE
  5
70F
330
22
100
AcDbEntity
  8
F.Mask
  6
CONTINUOUS
100
AcDbLine
 10
5.243566968503937
 20
-2.9475095275590553
 30
0
 11
5.2422871259842516
 21
-2.9410753937007872
 31
0
  0
LINE
  5
710
330
22
100
AcDbEntity
  8
F.Mask
  6
CONTINUOUS
100
AcDbLine
 10
5.2422871259842516
 20
-2.9410753937007872
 30
0
 11
5.2422871259842516
 21
-2.9345151574803148
 31
0
  0
LINE
  5
711
330
22
100
AcDbEntity
  8
F.Mask
  6
CONTINUOUS
100
AcDbLine
 10
5.2422871259842516
 20
-2.9345151574803148
 30
0
 11
5.243566968503937
 21
-2.9280810236220471
 31
0
  0
LINE
  5
712
330
22
100
AcDbEntity
  8
F.Mask
  6
CONTINUOUS
100
AcDbLine
 10
5.243566968503937
 20
-2.9280810236220471
 30
0
 11
5.246077440944882
 21
-2.9220201968503936
 31
0
  0
LINE
  5
713
330
22
100
AcDbEntity
  8
F.Mask
  6
CONTINUOUS
100
AcDbLine
 10
5.246077440944882
 20
-2.9220201968503936
 30
0
 11
5.2497220866141729
 21
-2.9165655905511811
 31
0
  0
LINE
  5
714
330
22
100
AcDbEntity
  8
F.Mask
  6
CONTINUOUS
100
AcDbLine
 10
5.2497220866141729
 20
-2.9165655905511811
 30
0
 11
5.2543608661417318
 21
-2.9119268110236218
 31
0
  0
LINE
  5
715
330
22
100
AcDbEntity
  8
F.Mask
  6
CONTINUOUS
100
AcDbLine
 10
5.2543608661417318
 20
-2.9119268110236218
 30
0
 11
5.2598154724409447
 21
-2.9082821653543305
 31
0
  0
LINE
  5
716
330
22
100
AcDbEntity
  8
F.Mask
  6
CONTINUOUS
100
AcDbLine
 10
5.2598154724409447
 20
-2.9082821653543305
 30
0
 11
5.2658762992125983
 21
-2.9057716929133859
 31
0
  0
LINE
  5
717
330
22
100
AcDbEntity
  8
F.Mask
  6
CONTINUOUS
100
AcDbLine
 10
5.2658762992125983
 20
-2.9057716929133859
 30
0
 11
5.2723104330708663
 21
-2.9044918503937005
 31
0
  0
LINE
  5
718
330
22
100
AcDbEntity
  8
F.Mask
  6
CONTINUOUS
100
AcDbLine
 10
5.2723104330708663
 20
-2.9044918503937005
 30
0
 11
5.2755905511811019
 21
-2.9043307086614174
 31
0
  0
LINE
  5
719
330
22
100
AcDbEntity
  8
F.Mask
  6
CONTINUOUS
100
AcDbLine
 10
5.2755905511811019
 20
-2.9043307086614174
 30
0
 11
5.3543307086614176
 21
-2.9043307086614174
 31
0
  0
LINE
  5
71A
330
22
100
AcDbEntity
  8
F.Mask
  6
CONTINUOUS
100
AcDbLine
 10
5.3543307086614176
 20
-2.9043307086614174
 30
0
 11
5.3576108267716531
 21
-2.9044918503937005
 31
0
  0
LINE
  5
71B
330
22
100
AcDbEntity
  8
F.Mask
  6
CONTINUOUS
100
AcDbLine
 10
6.5455429133858267
 20
-2.8515902755905511
 30
0
 11
6.5520059842519682
 21
-2.8536902755905511
 31
0
  0
LINE
  5
71C
330
22
100
AcDbEntity
  8
F.Mask
  6
CONTINUOUS
100
AcDbLine
 10
6.5520059842519682
 20
-2.8536902755905511
 30
0
 11
6.5580609448818894
 21
-2.8567754330708661
 31
0
  0
LINE
  5
71D
330
22
100
AcDbEntity
  8
F.Mask
  6
CONTINUOUS
100
AcDbLine
 10
6.5580609448818894
 20
-2.8567754330708661
 30
0
 11
6.5635587795275585
 21
-2.8607698031496063
 31
0
  0
LINE
  5
71E
330
22
100
AcDbEntity
  8
F.Mask
  6
CONTINUOUS
100
AcDbLine
 10
6.5635587795275585
 20
-2.8607698031496063
 30
0
 11
6.5683640551181099
 21
-2.8655750787401573
 31
0
  0
LINE
  5
71F
330
22
100
AcDbEntity
  8
F.Mask
  6
CONTINUOUS
100
AcDbLine
 10
6.5683640551181099
 20
-2.8655750787401573
 30
0
 11
6.5723584251968505
 21
-2.8710729133858268
 31
0
  0
LINE
  5
720
330
22
100
AcDbEntity
  8
F.Mask
  6
CONTINUOUS
100
AcDbLine
 10
6.5723584251968505
 20
-2.8710729133858268
 30
0
 11
6.5754435826771651
 21
-2.877127874015748
 31
0
  0
LINE
  5
721
330
22
100
AcDbEntity
  8
F.Mask
  6
CONTINUOUS
100
AcDbLine
 10
6.5754435826771651
 20
-2.877127874015748
 30
0
 11
6.5775435826771655
 21
-2.8835909448818895
 31
0
  0
LINE
  5
722
330
22
100
AcDbEntity
  8
F.Mask
  6
CONTINUOUS
100
AcDbLine
 10
6.5775435826771655
 20
-2.8835909448818895
 30
0
 11
6.5786066535433072
 21
-2.8903029527559054
 31
0
  0
LINE
  5
723
330
22
100
AcDbEntity
  8
F.Mask
  6
CONTINUOUS
100
AcDbLine
 10
6.5786066535433072
 20
-2.8903029527559054
 30
0
 11
6.5786066535433072
 21
-2.8970986220472441
 31
0
  0
LINE
  5
724
330
22
100
AcDbEntity
  8
F.Mask
  6
CONTINUOUS
100
AcDbLine
 10
6.5786066535433072
 20
-2.8970986220472441
 30
0
 11
6.5775435826771655
 21
-2.9038106299212596
 31
0
  0
LINE
  5
725
330
22
100
AcDbEntity
  8
F.Mask
  6
CONTINUOUS
100
AcDbLine
 10
6.5775435826771655
 20
-2.9038106299212596
 30
0
 11
6.5754435826771651
 21
-2.9102737007874016
 31
0
  0
LINE
  5
726
330
22
100
AcDbEntity
  8
F.Mask
  6
CONTINUOUS
100
AcDbLine
 10
6.5754435826771651
 20
-2.9102737007874016
 30
0
 11
6.5723584251968505
 21
-2.9163286614173227
 31
0
  0
LINE
  5
727
330
22
100
AcDbEntity
  8
F.Mask
  6
CONTINUOUS
100
AcDbLine
 10
6.5723584251968505
 20
-2.9163286614173227
 30
0
 11
6.5683640551181099
 21
-2.9218264960629923
 31
0
  0
LINE
  5
728
330
22
100
AcDbEntity
  8
F.Mask
  6
CONTINUOUS
100
AcDbLine
 10
6.5683640551181099
 20
-2.9218264960629923
 30
0
 11
6.5635587795275585
 21
-2.9266317716535433
 31
0
  0
LINE
  5
729
330
22
100
AcDbEntity
  8
F.Mask
  6
CONTINUOUS
100
AcDbLine
 10
6.5635587795275585
 20
-2.9266317716535433
 30
0
 11
6.5580609448818894
 21
-2.9306261417322834
 31
0
  0
LINE
  5
72A
330
22
100
AcDbEntity
  8
F.Mask
  6
CONTINUOUS
100
AcDbLine
 10
6.5580609448818894
 20
-2.9306261417322834
 30
0
 11
6.5520059842519682
 21
-2.9337112992125984
 31
0
  0
LINE
  5
72B
330
22
100
AcDbEntity
  8
F.Mask
  6
CONTINUOUS
100
AcDbLine
 10
6.5520059842519682
 20
-2.9337112992125984
 30
0
 11
6.5455429133858267
 21
-2.9358112992125984
 31
0
  0
LINE
  5
72C
330
22
100
AcDbEntity
  8
F.Mask
  6
CONTINUOUS
100
AcDbLine
 10
6.5455429133858267
 20
-2.9358112992125984
 30
0
 11
6.5388309055118112
 21
-2.9368743700787401
 31
0
  0
LINE
  5
72D
330
22
100
AcDbEntity
  8
F.Mask
  6
CONTINUOUS
100
AcDbLine
 10
6.5388309055118112
 20
-2.9368743700787401
 30
0
 11
6.5320352362204721
 21
-2.9368743700787401
 31
0
  0
LINE
  5
72E
330
22
100
AcDbEntity
  8
F.Mask
  6
CONTINUOUS
100
AcDbLine
 10
6.5320352362204721
 20
-2.9368743700787401
 30
0
 11
6.5253232283464566
 21
-2.9358112992125984
 31
0
  0
LINE
  5
72F
330
22
100
AcDbEntity
  8
F.Mask
  6
CONTINUOUS
100
AcDbLine
 10
6.5253232283464566
 20
-2.9358112992125984
 30
0
 11
6.5188601574803151
 21
-2.9337112992125984
 31
0
  0
LINE
  5
730
330
22
100
AcDbEntity
  8
F.Mask
  6
CONTINUOUS
100
AcDbLine
 10
6.5188601574803151
 20
-2.9337112992125984
 30
0
 11
6.5128051968503939
 21
-2.9306261417322834
 31
0
  0
LINE
  5
731
330
22
100
AcDbEntity
  8
F.Mask
  6
CONTINUOUS
100
AcDbLine
 10
6.5128051968503939
 20
-2.9306261417322834
 30
0
 11
6.5073073622047239
 21
-2.9266317716535433
 31
0
  0
LINE
  5
732
330
22
100
AcDbEntity
  8
F.Mask
  6
CONTINUOUS
100
AcDbLine
 10
6.5073073622047239
 20
-2.9266317716535433
 30
0
 11
6.5025020866141734
 21
-2.9218264960629923
 31
0
  0
LINE
  5
733
330
22
100
AcDbEntity
  8
F.Mask
  6
CONTINUOUS
100
AcDbLine
 10
6.5025020866141734
 20
-2.9218264960629923
 30
0
 11
6.4985077165354328
 21
-2.9163286614173227
 31
0
  0
LINE
  5
734
330
22
100
AcDbEntity
  8
F.Mask
  6
CONTINUOUS
100
AcDbLine
 10
6.4985077165354328
 20
-2.9163286614173227
 30
0
 11
6.4954225590551182
 21
-2.9102737007874016
 31
0
  0
LINE
  5
735
330
22
100
AcDbEntity
  8
F.Mask
  6
CONTINUOUS
100
AcDbLine
 10
6.4954225590551182
 20
-2.9102737007874016
 30
0
 11
6.4933225590551178
 21
-2.9038106299212596
 31
0
  0
LINE
  5
736
330
22
100
AcDbEntity
  8
F.Mask
  6
CONTINUOUS
100
AcDbLine
 10
6.4933225590551178
 20
-2.9038106299212596
 30
0
 11
6.4922594881889761
 21
-2.8970986220472441
 31
0
  0
LINE
  5
737
330
22
100
AcDbEntity
  8
F.Mask
  6
CONTINUOUS
100
AcDbLine
 10
6.4922594881889761
 20
-2.8970986220472441
 30
0
 11
6.4922594881889761
 21
-2.8903029527559054
 31
0
  0
LINE
  5
738
330
22
100
AcDbEntity
  8
F.Mask
  6
CONTINUOUS
100
AcDbLine
 10
6.4922594881889761
 20
-2.8903029527559054
 30
0
 11
6.4933225590551178
 21
-2.8835909448818895
 31
0
  0
LINE
  5
739
330
22
100
AcDbEntity
  8
F.Mask
  6
CONTINUOUS
100
AcDbLine
 10
6.4933225590551178
 20
-2.8835909448818895
 30
0
 11
6.4954225590551182
 21
-2.877127874015748
 31
0
  0
LINE
  5
73A
330
22
100
AcDbEntity
  8
F.Mask
  6
CONTINUOUS
100
AcDbLine
 10
6.4954225590551182
 20
-2.877127874015748
 30
0
 11
6.4985077165354328
 21
-2.8710729133858268
 31
0
  0
LINE
  5
73B
330
22
100
AcDbEntity
  8
F.Mask
  6
CONTINUOUS
100
AcDbLine
 10
6.4985077165354328
 20
-2.8710729133858268
 30
0
 11
6.5025020866141734
 21
-2.8655750787401573
 31
0
  0
LINE
  5
73C
330
22
100
AcDbEntity
  8
F.Mask
  6
CONTINUOUS
100
AcDbLine
 10
6.5025020866141734
 20
-2.8655750787401573
 30
0
 11
6.5073073622047239
 21
-2.8607698031496063
 31
0
  0
LINE
  5
73D
330
22
100
AcDbEntity
  8
F.Mask
  6
CONTINUOUS
100
AcDbLine
 10
6.5073073622047239
 20
-2.8607698031496063
 30
0
 11
6.5128051968503939
 21
-2.8567754330708661
 31
0
  0
LINE
  5
73E
330
22
100
AcDbEntity
  8
F.Mask
  6
CONTINUOUS
100
AcDbLine
 10
6.5128051968503939
 20
-2.8567754330708661
 30
0
 11
6.5188601574803151
 21
-2.8536902755905511
 31
0
  0
LINE
  5
73F
330
22
100
AcDbEntity
  8
F.Mask
  6
CONTINUOUS
100
AcDbLine
 10
6.5188601574803151
 20
-2.8536902755905511
 30
0
 11
6.5253232283464566
 21
-2.8515902755905511
 31
0
  0
LINE
  5
740
330
22
100
AcDbEntity
  8
F.Mask
  6
CONTINUOUS
100
AcDbLine
 10
6.5253232283464566
 20
-2.8515902755905511
 30
0
 11
6.5320352362204721
 21
-2.8505272047244095
 31
0
  0
LINE
  5
741
330
22
100
AcDbEntity
  8
F.Mask
  6
CONTINUOUS
100
AcDbLine
 10
6.5320352362204721
 20
-2.8505272047244095
 30
0
 11
6.5388309055118112
 21
-2.8505272047244095
 31
0
  0
LINE
  5
742
330
22
100
AcDbEntity
  8
F.Mask
  6
CONTINUOUS
100
AcDbLine
 10
6.5388309055118112
 20
-2.8505272047244095
 30
0
 11
6.5455429133858267
 21
-2.8515902755905511
 31
0
  0
LINE
  5
743
330
22
100
AcDbEntity
  8
F.Mask
  6
CONTINUOUS
100
AcDbLine
 10
4.676508464566929
 20
-2.8044918503937009
 30
0
 11
4.6829425984251971
 21
-2.8057716929133858
 31
0
  0
LINE
  5
744
330
22
100
AcDbEntity
  8
F.Mask
  6
CONTINUOUS
100
AcDbLine
 10
4.6829425984251971
 20
-2.8057716929133858
 30
0
 11
4.6890034251968506
 21
-2.8082821653543308
 31
0
  0
LINE
  5
745
330
22
100
AcDbEntity
  8
F.Mask
  6
CONTINUOUS
100
AcDbLine
 10
4.6890034251968506
 20
-2.8082821653543308
 30
0
 11
4.6944580314960627
 21
-2.8119268110236222
 31
0
  0
LINE
  5
746
330
22
100
AcDbEntity
  8
F.Mask
  6
CONTINUOUS
100
AcDbLine
 10
4.6944580314960627
 20
-2.8119268110236222
 30
0
 11
4.6990968110236215
 21
-2.8165655905511811
 31
0
  0
LINE
  5
747
330
22
100
AcDbEntity
  8
F.Mask
  6
CONTINUOUS
100
AcDbLine
 10
4.6990968110236215
 20
-2.8165655905511811
 30
0
 11
4.7027414566929133
 21
-2.8220201968503935
 31
0
  0
LINE
  5
748
330
22
100
AcDbEntity
  8
F.Mask
  6
CONTINUOUS
100
AcDbLine
 10
4.7027414566929133
 20
-2.8220201968503935
 30
0
 11
4.7052519291338584
 21
-2.8280810236220471
 31
0
  0
LINE
  5
749
330
22
100
AcDbEntity
  8
F.Mask
  6
CONTINUOUS
100
AcDbLine
 10
4.7052519291338584
 20
-2.8280810236220471
 30
0
 11
4.7065317716535429
 21
-2.8345151574803147
 31
0
  0
LINE
  5
74A
330
22
100
AcDbEntity
  8
F.Mask
  6
CONTINUOUS
100
AcDbLine
 10
4.7065317716535429
 20
-2.8345151574803147
 30
0
 11
4.7065317716535429
 21
-2.8410753937007875
 31
0
  0
LINE
  5
74B
330
22
100
AcDbEntity
  8
F.Mask
  6
CONTINUOUS
100
AcDbLine
 10
4.7065317716535429
 20
-2.8410753937007875
 30
0
 11
4.7052519291338584
 21
-2.8475095275590552
 31
0
  0
LINE
  5
74C
330
22
100
AcDbEntity
  8
F.Mask
  6
CONTINUOUS
100
AcDbLine
 10
4.7052519291338584
 20
-2.8475095275590552
 30
0
 11
4.7027414566929133
 21
-2.8535703543307087
 31
0
  0
LINE
  5
74D
330
22
100
AcDbEntity
  8
F.Mask
  6
CONTINUOUS
100
AcDbLine
 10
4.7027414566929133
 20
-2.8535703543307087
 30
0
 11
4.6990968110236215
 21
-2.8590249606299212
 31
0
  0
LINE
  5
74E
330
22
100
AcDbEntity
  8
F.Mask
  6
CONTINUOUS
100
AcDbLine
 10
4.6990968110236215
 20
-2.8590249606299212
 30
0
 11
4.6944580314960627
 21
-2.86366374015748
 31
0
  0
LINE
  5
74F
330
22
100
AcDbEntity
  8
F.Mask
  6
CONTINUOUS
100
AcDbLine
 10
4.6944580314960627
 20
-2.86366374015748
 30
0
 11
4.6890034251968506
 21
-2.8673083858267714
 31
0
  0
LINE
  5
750
330
22
100
AcDbEntity
  8
F.Mask
  6
CONTINUOUS
100
AcDbLine
 10
4.6890034251968506
 20
-2.8673083858267714
 30
0
 11
4.6829425984251971
 21
-2.8698188582677164
 31
0
  0
LINE
  5
751
330
22
100
AcDbEntity
  8
F.Mask
  6
CONTINUOUS
100
AcDbLine
 10
4.6829425984251971
 20
-2.8698188582677164
 30
0
 11
4.676508464566929
 21
-2.8710987007874014
 31
0
  0
LINE
  5
752
330
22
100
AcDbEntity
  8
F.Mask
  6
CONTINUOUS
100
AcDbLine
 10
4.676508464566929
 20
-2.8710987007874014
 30
0
 11
4.6732283464566926
 21
-2.8712598425196849
 31
0
  0
LINE
  5
753
330
22
100
AcDbEntity
  8
F.Mask
  6
CONTINUOUS
100
AcDbLine
 10
4.6732283464566926
 20
-2.8712598425196849
 30
0
 11
4.5984251968503935
 21
-2.8712598425196849
 31
0
  0
LINE
  5
754
330
22
100
AcDbEntity
  8
F.Mask
  6
CONTINUOUS
100
AcDbLine
 10
4.5984251968503935
 20
-2.8712598425196849
 30
0
 11
4.5951450787401571
 21
-2.8710987007874014
 31
0
  0
LINE
  5
755
330
22
100
AcDbEntity
  8
F.Mask
  6
CONTINUOUS
100
AcDbLine
 10
4.5951450787401571
 20
-2.8710987007874014
 30
0
 11
4.5887109448818899
 21
-2.8698188582677164
 31
0
  0
LINE
  5
756
330
22
100
AcDbEntity
  8
F.Mask
  6
CONTINUOUS
100
AcDbLine
 10
4.5887109448818899
 20
-2.8698188582677164
 30
0
 11
4.5826501181102364
 21
-2.8673083858267714
 31
0
  0
LINE
  5
757
330
22
100
AcDbEntity
  8
F.Mask
  6
CONTINUOUS
100
AcDbLine
 10
4.5826501181102364
 20
-2.8673083858267714
 30
0
 11
4.5771955118110235
 21
-2.86366374015748
 31
0
  0
LINE
  5
758
330
22
100
AcDbEntity
  8
F.Mask
  6
CONTINUOUS
100
AcDbLine
 10
4.5771955118110235
 20
-2.86366374015748
 30
0
 11
4.5725567322834646
 21
-2.8590249606299212
 31
0
  0
LINE
  5
759
330
22
100
AcDbEntity
  8
F.Mask
  6
CONTINUOUS
100
AcDbLine
 10
4.5725567322834646
 20
-2.8590249606299212
 30
0
 11
4.5689120866141728
 21
-2.8535703543307087
 31
0
  0
LINE
  5
75A
330
22
100
AcDbEntity
  8
F.Mask
  6
CONTINUOUS
100
AcDbLine
 10
4.5689120866141728
 20
-2.8535703543307087
 30
0
 11
4.5664016141732287
 21
-2.8475095275590552
 31
0
  0
LINE
  5
75B
330
22
100
AcDbEntity
  8
F.Mask
  6
CONTINUOUS
100
AcDbLine
 10
4.5664016141732287
 20
-2.8475095275590552
 30
0
 11
4.5651217716535433
 21
-2.8410753937007875
 31
0
  0
LINE
  5
75C
330
22
100
AcDbEntity
  8
F.Mask
  6
CONTINUOUS
100
AcDbLine
 10
4.5651217716535433
 20
-2.8410753937007875
 30
0
 11
4.5651217716535433
 21
-2.8345151574803147
 31
0
  0
LINE
  5
75D
330
22
100
AcDbEntity
  8
F.Mask
  6
CONTINUOUS
100
AcDbLine
 10
4.5651217716535433
 20
-2.8345151574803147
 30
0
 11
4.5664016141732287
 21
-2.8280810236220471
 31
0
  0
LINE
  5
75E
330
22
100
AcDbEntity
  8
F.Mask
  6
CONTINUOUS
100
AcDbLine
 10
4.5664016141732287
 20
-2.8280810236220471
 30
0
 11
4.5689120866141728
 21
-2.8220201968503935
 31
0
  0
LINE
  5
75F
330
22
100
AcDbEntity
  8
F.Mask
  6
CONTINUOUS
100
AcDbLine
 10
4.5689120866141728
 20
-2.8220201968503935
 30
0
 11
4.5725567322834646
 21
-2.8165655905511811
 31
0
  0
LINE
  5
760
330
22
100
AcDbEntity
  8
F.Mask
  6
CONTINUOUS
100
AcDbLine
 10
4.5725567322834646
 20
-2.8165655905511811
 30
0
 11
4.5771955118110235
 21
-2.8119268110236222
 31
0
  0
LINE
  5
761
330
22
100
AcDbEntity
  8
F.Mask
  6
CONTINUOUS
100
AcDbLine
 10
4.5771955118110235
 20
-2.8119268110236222
 30
0
 11
4.5826501181102364
 21
-2.8082821653543308
 31
0
  0
LINE
  5
762
330
22
100
AcDbEntity
  8
F.Mask
  6
CONTINUOUS
100
AcDbLine
 10
4.5826501181102364
 20
-2.8082821653543308
 30
0
 11
4.5887109448818899
 21
-2.8057716929133858
 31
0
  0
LINE
  5
763
330
22
100
AcDbEntity
  8
F.Mask
  6
CONTINUOUS
100
AcDbLine
 10
4.5887109448818899
 20
-2.8057716929133858
 30
0
 11
4.5951450787401571
 21
-2.8044918503937009
 31
0
  0
LINE
  5
764
330
22
100
AcDbEntity
  8
F.Mask
  6
CONTINUOUS
100
AcDbLine
 10
4.5951450787401571
 20
-2.8044918503937009
 30
0
 11
4.5984251968503935
 21
-2.8043307086614173
 31
0
  0
LINE
  5
765
330
22
100
AcDbEntity
  8
F.Mask
  6
CONTINUOUS
100
AcDbLine
 10
4.5984251968503935
 20
-2.8043307086614173
 30
0
 11
4.6732283464566926
 21
-2.8043307086614173
 31
0
  0
LINE
  5
766
330
22
100
AcDbEntity
  8
F.Mask
  6
CONTINUOUS
100
AcDbLine
 10
4.6732283464566926
 20
-2.8043307086614173
 30
0
 11
4.676508464566929
 21
-2.8044918503937009
 31
0
  0
LINE
  5
767
330
22
100
AcDbEntity
  8
F.Mask
  6
CONTINUOUS
100
AcDbLine
 10
5.3576108267716531
 20
-2.8044918503937009
 30
0
 11
5.3640449606299212
 21
-2.8057716929133858
 31
0
  0
LINE
  5
768
330
22
100
AcDbEntity
  8
F.Mask
  6
CONTINUOUS
100
AcDbLine
 10
5.3640449606299212
 20
-2.8057716929133858
 30
0
 11
5.3701057874015747
 21
-2.8082821653543308
 31
0
  0
LINE
  5
769
330
22
100
AcDbEntity
  8
F.Mask
  6
CONTINUOUS
100
AcDbLine
 10
5.3701057874015747
 20
-2.8082821653543308
 30
0
 11
5.3755603937007876
 21
-2.8119268110236222
 31
0
  0
LINE
  5
76A
330
22
100
AcDbEntity
  8
F.Mask
  6
CONTINUOUS
100
AcDbLine
 10
5.3755603937007876
 20
-2.8119268110236222
 30
0
 11
5.3801991732283465
 21
-2.8165655905511811
 31
0
  0
LINE
  5
76B
330
22
100
AcDbEntity
  8
F.Mask
  6
CONTINUOUS
100
AcDbLine
 10
5.3801991732283465
 20
-2.8165655905511811
 30
0
 11
5.3838438188976374
 21
-2.8220201968503935
 31
0
  0
LINE
  5
76C
330
22
100
AcDbEntity
  8
F.Mask
  6
CONTINUOUS
100
AcDbLine
 10
5.3838438188976374
 20
-2.8220201968503935
 30
0
 11
5.3863542913385825
 21
-2.8280810236220471
 31
0
  0
LINE
  5
76D
330
22
100
AcDbEntity
  8
F.Mask
  6
CONTINUOUS
100
AcDbLine
 10
5.3863542913385825
 20
-2.8280810236220471
 30
0
 11
5.3876341338582678
 21
-2.8345151574803147
 31
0
  0
LINE
  5
76E
330
22
100
AcDbEntity
  8
F.Mask
  6
CONTINUOUS
100
AcDbLine
 10
5.3876341338582678
 20
-2.8345151574803147
 30
0
 11
5.3876341338582678
 21
-2.8410753937007875
 31
0
  0
LINE
  5
76F
330
22
100
AcDbEntity
  8
F.Mask
  6
CONTINUOUS
100
AcDbLine
 10
5.3876341338582678
 20
-2.8410753937007875
 30
0
 11
5.3863542913385825
 21
-2.8475095275590552
 31
0
  0
LINE
  5
770
330
22
100
AcDbEntity
  8
F.Mask
  6
CONTINUOUS
100
AcDbLine
 10
5.3863542913385825
 20
-2.8475095275590552
 30
0
 11
5.3838438188976374
 21
-2.8535703543307087
 31
0
  0
LINE
  5
771
330
22
100
AcDbEntity
  8
F.Mask
  6
CONTINUOUS
100
AcDbLine
 10
5.3838438188976374
 20
-2.8535703543307087
 30
0
 11
5.3801991732283465
 21
-2.8590249606299212
 31
0
  0
LINE
  5
772
330
22
100
AcDbEntity
  8
F.Mask
  6
CONTINUOUS
100
AcDbLine
 10
5.3801991732283465
 20
-2.8590249606299212
 30
0
 11
5.3755603937007876
 21
-2.86366374015748
 31
0
  0
LINE
  5
773
330
22
100
AcDbEntity
  8
F.Mask
  6
CONTINUOUS
100
AcDbLine
 10
5.3755603937007876
 20
-2.86366374015748
 30
0
 11
5.3701057874015747
 21
-2.8673083858267714
 31
0
  0
LINE
  5
774
330
22
100
AcDbEntity
  8
F.Mask
  6
CONTINUOUS
100
AcDbLine
 10
5.3701057874015747
 20
-2.8673083858267714
 30
0
 11
5.3640449606299212
 21
-2.8698188582677164
 31
0
  0
LINE
  5
775
330
22
100
AcDbEntity
  8
F.Mask
  6
CONTINUOUS
100
AcDbLine
 10
5.3640449606299212
 20
-2.8698188582677164
 30
0
 11
5.3576108267716531
 21
-2.8710987007874014
 31
0
  0
LINE
  5
776
330
22
100
AcDbEntity
  8
F.Mask
  6
CONTINUOUS
100
AcDbLine
 10
5.3576108267716531
 20
-2.8710987007874014
 30
0
 11
5.3543307086614176
 21
-2.8712598425196849
 31
0
  0
LINE
  5
777
330
22
100
AcDbEntity
  8
F.Mask
  6
CONTINUOUS
100
AcDbLine
 10
5.3543307086614176
 20
-2.8712598425196849
 30
0
 11
5.2755905511811019
 21
-2.8712598425196849
 31
0
  0
LINE
  5
778
330
22
100
AcDbEntity
  8
F.Mask
  6
CONTINUOUS
100
AcDbLine
 10
5.2755905511811019
 20
-2.8712598425196849
 30
0
 11
5.2723104330708663
 21
-2.8710987007874014
 31
0
  0
LINE
  5
779
330
22
100
AcDbEntity
  8
F.Mask
  6
CONTINUOUS
100
AcDbLine
 10
5.2723104330708663
 20
-2.8710987007874014
 30
0
 11
5.2658762992125983
 21
-2.8698188582677164
 31
0
  0
LINE
  5
77A
330
22
100
AcDbEntity
  8
F.Mask
  6
CONTINUOUS
100
AcDbLine
 10
5.2658762992125983
 20
-2.8698188582677164
 30
0
 11
5.2598154724409447
 21
-2.8673083858267714
 31
0
  0
LINE
  5
77B
330
22
100
AcDbEntity
  8
F.Mask
  6
CONTINUOUS
100
AcDbLine
 10
5.2598154724409447
 20
-2.8673083858267714
 30
0
 11
5.2543608661417318
 21
-2.86366374015748
 31
0
  0
LINE
  5
77C
330
22
100
AcDbEntity
  8
F.Mask
  6
CONTINUOUS
100
AcDbLine
 10
5.2543608661417318
 20
-2.86366374015748
 30
0
 11
5.2497220866141729
 21
-2.8590249606299212
 31
0
  0
LINE
  5
77D
330
22
100
AcDbEntity
  8
F.Mask
  6
CONTINUOUS
100
AcDbLine
 10
5.2497220866141729
 20
-2.8590249606299212
 30
0
 11
5.246077440944882
 21
-2.8535703543307087
 31
0
  0
LINE
  5
77E
330
22
100
AcDbEntity
  8
F.Mask
  6
CONTINUOUS
100
AcDbLine
 10
5.246077440944882
 20
-2.8535703543307087
 30
0
 11
5.243566968503937
 21
-2.8475095275590552
 31
0
  0
LINE
  5
77F
330
22
100
AcDbEntity
  8
F.Mask
  6
CONTINUOUS
100
AcDbLine
 10
5.243566968503937
 20
-2.8475095275590552
 30
0
 11
5.2422871259842516
 21
-2.8410753937007875
 31
0
  0
LINE
  5
780
330
22
100
AcDbEntity
  8
F.Mask
  6
CONTINUOUS
100
AcDbLine
 10
5.2422871259842516
 20
-2.8410753937007875
 30
0
 11
5.2422871259842516
 21
-2.8345151574803147
 31
0
  0
LINE
  5
781
330
22
100
AcDbEntity
  8
F.Mask
  6
CONTINUOUS
100
AcDbLine
 10
5.2422871259842516
 20
-2.8345151574803147
 30
0
 11
5.243566968503937
 21
-2.8280810236220471
 31
0
  0
LINE
  5
782
330
22
100
AcDbEntity
  8
F.Mask
  6
CONTINUOUS
100
AcDbLine
 10
5.243566968503937
 20
-2.8280810236220471
 30
0
 11
5.246077440944882
 21
-2.8220201968503935
 31
0
  0
LINE
  5
783
330
22
100
AcDbEntity
  8
F.Mask
  6
CONTINUOUS
100
AcDbLine
 10
5.246077440944882
 20
-2.8220201968503935
 30
0
 11
5.2497220866141729
 21
-2.8165655905511811
 31
0
  0
LINE
  5
784
330
22
100
AcDbEntity
  8
F.Mask
  6
CONTINUOUS
100
AcDbLine
 10
5.2497220866141729
 20
-2.8165655905511811
 30
0
 11
5.2543608661417318
 21
-2.8119268110236222
 31
0
  0
LINE
  5
785
330
22
100
AcDbEntity
  8
F.Mask
  6
CONTINUOUS
100
AcDbLine
 10
5.2543608661417318
 20
-2.8119268110236222
 30
0
 11
5.2598154724409447
 21
-2.8082821653543308
 31
0
  0
LINE
  5
786
330
22
100
AcDbEntity
  8
F.Mask
  6
CONTINUOUS
100
AcDbLine
 10
5.2598154724409447
 20
-2.8082821653543308
 30
0
 11
5.2658762992125983
 21
-2.8057716929133858
 31
0
  0
LINE
  5
787
330
22
100
AcDbEntity
  8
F.Mask
  6
CONTINUOUS
100
AcDbLine
 10
5.2658762992125983
 20
-2.8057716929133858
 30
0
 11
5.2723104330708663
 21
-2.8044918503937009
 31
0
  0
LINE
  5
788
330
22
100
AcDbEntity
  8
F.Mask
  6
CONTINUOUS
100
AcDbLine
 10
5.2723104330708663
 20
-2.8044918503937009
 30
0
 11
5.2755905511811019
 21
-2.8043307086614173
 31
0
  0
LINE
  5
789
330
22
100
AcDbEntity
  8
F.Mask
  6
CONTINUOUS
100
AcDbLine
 10
5.2755905511811019
 20
-2.8043307086614173
 30
0
 11
5.3543307086614176
 21
-2.8043307086614173
 31
0
  0
LINE
  5
78A
330
22
100
AcDbEntity
  8
F.Mask
  6
CONTINUOUS
100
AcDbLine
 10
5.3543307086614176
 20
-2.8043307086614173
 30
0
 11
5.3576108267716531
 21
-2.8044918503937009
 31
0
  0
LINE
  5
78B
330
22
100
AcDbEntity
  8
F.Mask
  6
CONTINUOUS
100
AcDbLine
 10
6.7955429133858267
 20
-2.751590275590551
 30
0
 11
6.8020059842519682
 21
-2.753690275590551
 31
0
  0
LINE
  5
78C
330
22
100
AcDbEntity
  8
F.Mask
  6
CONTINUOUS
100
AcDbLine
 10
6.8020059842519682
 20
-2.753690275590551
 30
0
 11
6.8080609448818894
 21
-2.756775433070866
 31
0
  0
LINE
  5
78D
330
22
100
AcDbEntity
  8
F.Mask
  6
CONTINUOUS
100
AcDbLine
 10
6.8080609448818894
 20
-2.756775433070866
 30
0
 11
6.8135587795275585
 21
-2.7607698031496062
 31
0
  0
LINE
  5
78E
330
22
100
AcDbEntity
  8
F.Mask
  6
CONTINUOUS
100
AcDbLine
 10
6.8135587795275585
 20
-2.7607698031496062
 30
0
 11
6.8183640551181099
 21
-2.7655750787401576
 31
0
  0
LINE
  5
78F
330
22
100
AcDbEntity
  8
F.Mask
  6
CONTINUOUS
100
AcDbLine
 10
6.8183640551181099
 20
-2.7655750787401576
 30
0
 11
6.8223584251968505
 21
-2.7710729133858267
 31
0
  0
LINE
  5
790
330
22
100
AcDbEntity
  8
F.Mask
  6
CONTINUOUS
100
AcDbLine
 10
6.8223584251968505
 20
-2.7710729133858267
 30
0
 11
6.8254435826771651
 21
-2.7771278740157479
 31
0
  0
LINE
  5
791
330
22
100
AcDbEntity
  8
F.Mask
  6
CONTINUOUS
100
AcDbLine
 10
6.8254435826771651
 20
-2.7771278740157479
 30
0
 11
6.8275435826771655
 21
-2.7835909448818899
 31
0
  0
LINE
  5
792
330
22
100
AcDbEntity
  8
F.Mask
  6
CONTINUOUS
100
AcDbLine
 10
6.8275435826771655
 20
-2.7835909448818899
 30
0
 11
6.8286066535433072
 21
-2.7903029527559053
 31
0
  0
LINE
  5
793
330
22
100
AcDbEntity
  8
F.Mask
  6
CONTINUOUS
100
AcDbLine
 10
6.8286066535433072
 20
-2.7903029527559053
 30
0
 11
6.8286066535433072
 21
-2.797098622047244
 31
0
  0
LINE
  5
794
330
22
100
AcDbEntity
  8
F.Mask
  6
CONTINUOUS
100
AcDbLine
 10
6.8286066535433072
 20
-2.797098622047244
 30
0
 11
6.8275435826771655
 21
-2.80381062992126
 31
0
  0
LINE
  5
795
330
22
100
AcDbEntity
  8
F.Mask
  6
CONTINUOUS
100
AcDbLine
 10
6.8275435826771655
 20
-2.80381062992126
 30
0
 11
6.8254435826771651
 21
-2.8102737007874015
 31
0
  0
LINE
  5
796
330
22
100
AcDbEntity
  8
F.Mask
  6
CONTINUOUS
100
AcDbLine
 10
6.8254435826771651
 20
-2.8102737007874015
 30
0
 11
6.8223584251968505
 21
-2.8163286614173226
 31
0
  0
LINE
  5
797
330
22
100
AcDbEntity
  8
F.Mask
  6
CONTINUOUS
100
AcDbLine
 10
6.8223584251968505
 20
-2.8163286614173226
 30
0
 11
6.8183640551181099
 21
-2.8218264960629922
 31
0
  0
LINE
  5
798
330
22
100
AcDbEntity
  8
F.Mask
  6
CONTINUOUS
100
AcDbLine
 10
6.8183640551181099
 20
-2.8218264960629922
 30
0
 11
6.8135587795275585
 21
-2.8266317716535432
 31
0
  0
LINE
  5
799
330
22
100
AcDbEntity
  8
F.Mask
  6
CONTINUOUS
100
AcDbLine
 10
6.8135587795275585
 20
-2.8266317716535432
 30
0
 11
6.8080609448818894
 21
-2.8306261417322833
 31
0
  0
LINE
  5
79A
330
22
100
AcDbEntity
  8
F.Mask
  6
CONTINUOUS
100
AcDbLine
 10
6.8080609448818894
 20
-2.8306261417322833
 30
0
 11
6.8020059842519682
 21
-2.8337112992125983
 31
0
  0
LINE
  5
79B
330
22
100
AcDbEntity
  8
F.Mask
  6
CONTINUOUS
100
AcDbLine
 10
6.8020059842519682
 20
-2.8337112992125983
 30
0
 11
6.7955429133858267
 21
-2.8358112992125983
 31
0
  0
LINE
  5
79C
330
22
100
AcDbEntity
  8
F.Mask
  6
CONTINUOUS
100
AcDbLine
 10
6.7955429133858267
 20
-2.8358112992125983
 30
0
 11
6.7888309055118112
 21
-2.83687437007874
 31
0
  0
LINE
  5
79D
330
22
100
AcDbEntity
  8
F.Mask
  6
CONTINUOUS
100
AcDbLine
 10
6.7888309055118112
 20
-2.83687437007874
 30
0
 11
6.7820352362204721
 21
-2.83687437007874
 31
0
  0
LINE
  5
79E
330
22
100
AcDbEntity
  8
F.Mask
  6
CONTINUOUS
100
AcDbLine
 10
6.7820352362204721
 20
-2.83687437007874
 30
0
 11
6.7753232283464566
 21
-2.8358112992125983
 31
0
  0
LINE
  5
79F
330
22
100
AcDbEntity
  8
F.Mask
  6
CONTINUOUS
100
AcDbLine
 10
6.7753232283464566
 20
-2.8358112992125983
 30
0
 11
6.7688601574803151
 21
-2.8337112992125983
 31
0
  0
LINE
  5
7A0
330
22
100
AcDbEntity
  8
F.Mask
  6
CONTINUOUS
100
AcDbLine
 10
6.7688601574803151
 20
-2.8337112992125983
 30
0
 11
6.7628051968503939
 21
-2.8306261417322833
 31
0
  0
LINE
  5
7A1
330
22
100
AcDbEntity
  8
F.Mask
  6
CONTINUOUS
100
AcDbLine
 10
6.7628051968503939
 20
-2.8306261417322833
 30
0
 11
6.7573073622047239
 21
-2.8266317716535432
 31
0
  0
LINE
  5
7A2
330
22
100
AcDbEntity
  8
F.Mask
  6
CONTINUOUS
100
AcDbLine
 10
6.7573073622047239
 20
-2.8266317716535432
 30
0
 11
6.7525020866141734
 21
-2.8218264960629922
 31
0
  0
LINE
  5
7A3
330
22
100
AcDbEntity
  8
F.Mask
  6
CONTINUOUS
100
AcDbLine
 10
6.7525020866141734
 20
-2.8218264960629922
 30
0
 11
6.7485077165354328
 21
-2.8163286614173226
 31
0
  0
LINE
  5
7A4
330
22
100
AcDbEntity
  8
F.Mask
  6
CONTINUOUS
100
AcDbLine
 10
6.7485077165354328
 20
-2.8163286614173226
 30
0
 11
6.7454225590551182
 21
-2.8102737007874015
 31
0
  0
LINE
  5
7A5
330
22
100
AcDbEntity
  8
F.Mask
  6
CONTINUOUS
100
AcDbLine
 10
6.7454225590551182
 20
-2.8102737007874015
 30
0
 11
6.7433225590551178
 21
-2.80381062992126
 31
0
  0
LINE
  5
7A6
330
22
100
AcDbEntity
  8
F.Mask
  6
CONTINUOUS
100
AcDbLine
 10
6.7433225590551178
 20
-2.80381062992126
 30
0
 11
6.7422594881889761
 21
-2.797098622047244
 31
0
  0
LINE
  5
7A7
330
22
100
AcDbEntity
  8
F.Mask
  6
CONTINUOUS
100
AcDbLine
 10
6.7422594881889761
 20
-2.797098622047244
 30
0
 11
6.7422594881889761
 21
-2.7903029527559053
 31
0
  0
LINE
  5
7A8
330
22
100
AcDbEntity
  8
F.Mask
  6
CONTINUOUS
100
AcDbLine
 10
6.7422594881889761
 20
-2.7903029527559053
 30
0
 11
6.7433225590551178
 21
-2.7835909448818899
 31
0
  0
LINE
  5
7A9
330
22
100
AcDbEntity
  8
F.Mask
  6
CONTINUOUS
100
AcDbLine
 10
6.7433225590551178
 20
-2.7835909448818899
 30
0
 11
6.7454225590551182
 21
-2.7771278740157479
 31
0
  0
LINE
  5
7AA
330
22
100
AcDbEntity
  8
F.Mask
  6
CONTINUOUS
100
AcDbLine
 10
6.7454225590551182
 20
-2.7771278740157479
 30
0
 11
6.7485077165354328
 21
-2.7710729133858267
 31
0
  0
LINE
  5
7AB
330
22
100
AcDbEntity
  8
F.Mask
  6
CONTINUOUS
100
AcDbLine
 10
6.7485077165354328
 20
-2.7710729133858267
 30
0
 11
6.7525020866141734
 21
-2.7655750787401576
 31
0
  0
LINE
  5
7AC
330
22
100
AcDbEntity
  8
F.Mask
  6
CONTINUOUS
100
AcDbLine
 10
6.7525020866141734
 20
-2.7655750787401576
 30
0
 11
6.7573073622047239
 21
-2.7607698031496062
 31
0
  0
LINE
  5
7AD
330
22
100
AcDbEntity
  8
F.Mask
  6
CONTINUOUS
100
AcDbLine
 10
6.7573073622047239
 20
-2.7607698031496062
 30
0
 11
6.7628051968503939
 21
-2.756775433070866
 31
0
  0
LINE
  5
7AE
330
22
100
AcDbEntity
  8
F.Mask
  6
CONTINUOUS
100
AcDbLine
 10
6.7628051968503939
 20
-2.756775433070866
 30
0
 11
6.7688601574803151
 21
-2.753690275590551
 31
0
  0
LINE
  5
7AF
330
22
100
AcDbEntity
  8
F.Mask
  6
CONTINUOUS
100
AcDbLine
 10
6.7688601574803151
 20
-2.753690275590551
 30
0
 11
6.7753232283464566
 21
-2.751590275590551
 31
0
  0
LINE
  5
7B0
330
22
100
AcDbEntity
  8
F.Mask
  6
CONTINUOUS
100
AcDbLine
 10
6.7753232283464566
 20
-2.751590275590551
 30
0
 11
6.7820352362204721
 21
-2.7505272047244094
 31
0
  0
LINE
  5
7B1
330
22
100
AcDbEntity
  8
F.Mask
  6
CONTINUOUS
100
AcDbLine
 10
6.7820352362204721
 20
-2.7505272047244094
 30
0
 11
6.7888309055118112
 21
-2.7505272047244094
 31
0
  0
LINE
  5
7B2
330
22
100
AcDbEntity
  8
F.Mask
  6
CONTINUOUS
100
AcDbLine
 10
6.7888309055118112
 20
-2.7505272047244094
 30
0
 11
6.7955429133858267
 21
-2.751590275590551
 31
0
  0
LINE
  5
7B3
330
22
100
AcDbEntity
  8
F.Mask
  6
CONTINUOUS
100
AcDbLine
 10
4.676508464566929
 20
-2.7044918503937008
 30
0
 11
4.6829425984251971
 21
-2.7057716929133857
 31
0
  0
LINE
  5
7B4
330
22
100
AcDbEntity
  8
F.Mask
  6
CONTINUOUS
100
AcDbLine
 10
4.6829425984251971
 20
-2.7057716929133857
 30
0
 11
4.6890034251968506
 21
-2.7082821653543308
 31
0
  0
LINE
  5
7B5
330
22
100
AcDbEntity
  8
F.Mask
  6
CONTINUOUS
100
AcDbLine
 10
4.6890034251968506
 20
-2.7082821653543308
 30
0
 11
4.6944580314960627
 21
-2.7119268110236221
 31
0
  0
LINE
  5
7B6
330
22
100
AcDbEntity
  8
F.Mask
  6
CONTINUOUS
100
AcDbLine
 10
4.6944580314960627
 20
-2.7119268110236221
 30
0
 11
4.6990968110236215
 21
-2.716565590551181
 31
0
  0
LINE
  5
7B7
330
22
100
AcDbEntity
  8
F.Mask
  6
CONTINUOUS
100
AcDbLine
 10
4.6990968110236215
 20
-2.716565590551181
 30
0
 11
4.7027414566929133
 21
-2.7220201968503934
 31
0
  0
LINE
  5
7B8
330
22
100
AcDbEntity
  8
F.Mask
  6
CONTINUOUS
100
AcDbLine
 10
4.7027414566929133
 20
-2.7220201968503934
 30
0
 11
4.7052519291338584
 21
-2.728081023622047
 31
0
  0
LINE
  5
7B9
330
22
100
AcDbEntity
  8
F.Mask
  6
CONTINUOUS
100
AcDbLine
 10
4.7052519291338584
 20
-2.728081023622047
 30
0
 11
4.7065317716535429
 21
-2.734515157480315
 31
0
  0
LINE
  5
7BA
330
22
100
AcDbEntity
  8
F.Mask
  6
CONTINUOUS
100
AcDbLine
 10
4.7065317716535429
 20
-2.734515157480315
 30
0
 11
4.7065317716535429
 21
-2.7410753937007875
 31
0
  0
LINE
  5
7BB
330
22
100
AcDbEntity
  8
F.Mask
  6
CONTINUOUS
100
AcDbLine
 10
4.7065317716535429
 20
-2.7410753937007875
 30
0
 11
4.7052519291338584
 21
-2.7475095275590551
 31
0
  0
LINE
  5
7BC
330
22
100
AcDbEntity
  8
F.Mask
  6
CONTINUOUS
100
AcDbLine
 10
4.7052519291338584
 20
-2.7475095275590551
 30
0
 11
4.7027414566929133
 21
-2.7535703543307086
 31
0
  0
LINE
  5
7BD
330
22
100
AcDbEntity
  8
F.Mask
  6
CONTINUOUS
100
AcDbLine
 10
4.7027414566929133
 20
-2.7535703543307086
 30
0
 11
4.6990968110236215
 21
-2.7590249606299211
 31
0
  0
LINE
  5
7BE
330
22
100
AcDbEntity
  8
F.Mask
  6
CONTINUOUS
100
AcDbLine
 10
4.6990968110236215
 20
-2.7590249606299211
 30
0
 11
4.6944580314960627
 21
-2.7636637401574804
 31
0
  0
LINE
  5
7BF
330
22
100
AcDbEntity
  8
F.Mask
  6
CONTINUOUS
100
AcDbLine
 10
4.6944580314960627
 20
-2.7636637401574804
 30
0
 11
4.6890034251968506
 21
-2.7673083858267717
 31
0
  0
LINE
  5
7C0
330
22
100
AcDbEntity
  8
F.Mask
  6
CONTINUOUS
100
AcDbLine
 10
4.6890034251968506
 20
-2.7673083858267717
 30
0
 11
4.6829425984251971
 21
-2.7698188582677163
 31
0
  0
LINE
  5
7C1
330
22
100
AcDbEntity
  8
F.Mask
  6
CONTINUOUS
100
AcDbLine
 10
4.6829425984251971
 20
-2.7698188582677163
 30
0
 11
4.676508464566929
 21
-2.7710987007874017
 31
0
  0
LINE
  5
7C2
330
22
100
AcDbEntity
  8
F.Mask
  6
CONTINUOUS
100
AcDbLine
 10
4.676508464566929
 20
-2.7710987007874017
 30
0
 11
4.6732283464566926
 21
-2.7712598425196848
 31
0
  0
LINE
  5
7C3
330
22
100
AcDbEntity
  8
F.Mask
  6
CONTINUOUS
100
AcDbLine
 10
4.6732283464566926
 20
-2.7712598425196848
 30
0
 11
4.5984251968503935
 21
-2.7712598425196848
 31
0
  0
LINE
  5
7C4
330
22
100
AcDbEntity
  8
F.Mask
  6
CONTINUOUS
100
AcDbLine
 10
4.5984251968503935
 20
-2.7712598425196848
 30
0
 11
4.5951450787401571
 21
-2.7710987007874017
 31
0
  0
LINE
  5
7C5
330
22
100
AcDbEntity
  8
F.Mask
  6
CONTINUOUS
100
AcDbLine
 10
4.5951450787401571
 20
-2.7710987007874017
 30
0
 11
4.5887109448818899
 21
-2.7698188582677163
 31
0
  0
LINE
  5
7C6
330
22
100
AcDbEntity
  8
F.Mask
  6
CONTINUOUS
100
AcDbLine
 10
4.5887109448818899
 20
-2.7698188582677163
 30
0
 11
4.5826501181102364
 21
-2.7673083858267717
 31
0
  0
LINE
  5
7C7
330
22
100
AcDbEntity
  8
F.Mask
  6
CONTINUOUS
100
AcDbLine
 10
4.5826501181102364
 20
-2.7673083858267717
 30
0
 11
4.5771955118110235
 21
-2.7636637401574804
 31
0
  0
LINE
  5
7C8
330
22
100
AcDbEntity
  8
F.Mask
  6
CONTINUOUS
100
AcDbLine
 10
4.5771955118110235
 20
-2.7636637401574804
 30
0
 11
4.5725567322834646
 21
-2.7590249606299211
 31
0
  0
LINE
  5
7C9
330
22
100
AcDbEntity
  8
F.Mask
  6
CONTINUOUS
100
AcDbLine
 10
4.5725567322834646
 20
-2.7590249606299211
 30
0
 11
4.5689120866141728
 21
-2.7535703543307086
 31
0
  0
LINE
  5
7CA
330
22
100
AcDbEntity
  8
F.Mask
  6
CONTINUOUS
100
AcDbLine
 10
4.5689120866141728
 20
-2.7535703543307086
 30
0
 11
4.5664016141732287
 21
-2.7475095275590551
 31
0
  0
LINE
  5
7CB
330
22
100
AcDbEntity
  8
F.Mask
  6
CONTINUOUS
100
AcDbLine
 10
4.5664016141732287
 20
-2.7475095275590551
 30
0
 11
4.5651217716535433
 21
-2.7410753937007875
 31
0
  0
LINE
  5
7CC
330
22
100
AcDbEntity
  8
F.Mask
  6
CONTINUOUS
100
AcDbLine
 10
4.5651217716535433
 20
-2.7410753937007875
 30
0
 11
4.5651217716535433
 21
-2.734515157480315
 31
0
  0
LINE
  5
7CD
330
22
100
AcDbEntity
  8
F.Mask
  6
CONTINUOUS
100
AcDbLine
 10
4.5651217716535433
 20
-2.734515157480315
 30
0
 11
4.5664016141732287
 21
-2.728081023622047
 31
0
  0
LINE
  5
7CE
330
22
100
AcDbEntity
  8
F.Mask
  6
CONTINUOUS
100
AcDbLine
 10
4.5664016141732287
 20
-2.728081023622047
 30
0
 11
4.5689120866141728
 21
-2.7220201968503934
 31
0
  0
LINE
  5
7CF
330
22
100
AcDbEntity
  8
F.Mask
  6
CONTINUOUS
100
AcDbLine
 10
4.5689120866141728
 20
-2.7220201968503934
 30
0
 11
4.5725567322834646
 21
-2.716565590551181
 31
0
  0
LINE
  5
7D0
330
22
100
AcDbEntity
  8
F.Mask
  6
CONTINUOUS
100
AcDbLine
 10
4.5725567322834646
 20
-2.716565590551181
 30
0
 11
4.5771955118110235
 21
-2.7119268110236221
 31
0
  0
LINE
  5
7D1
330
22
100
AcDbEntity
  8
F.Mask
  6
CONTINUOUS
100
AcDbLine
 10
4.5771955118110235
 20
-2.7119268110236221
 30
0
 11
4.5826501181102364
 21
-2.7082821653543308
 31
0
  0
LINE
  5
7D2
330
22
100
AcDbEntity
  8
F.Mask
  6
CONTINUOUS
100
AcDbLine
 10
4.5826501181102364
 20
-2.7082821653543308
 30
0
 11
4.5887109448818899
 21
-2.7057716929133857
 31
0
  0
LINE
  5
7D3
330
22
100
AcDbEntity
  8
F.Mask
  6
CONTINUOUS
100
AcDbLine
 10
4.5887109448818899
 20
-2.7057716929133857
 30
0
 11
4.5951450787401571
 21
-2.7044918503937008
 31
0
  0
LINE
  5
7D4
330
22
100
AcDbEntity
  8
F.Mask
  6
CONTINUOUS
100
AcDbLine
 10
4.5951450787401571
 20
-2.7044918503937008
 30
0
 11
4.5984251968503935
 21
-2.7043307086614172
 31
0
  0
LINE
  5
7D5
330
22
100
AcDbEntity
  8
F.Mask
  6
CONTINUOUS
100
AcDbLine
 10
4.5984251968503935
 20
-2.7043307086614172
 30
0
 11
4.6732283464566926
 21
-2.7043307086614172
 31
0
  0
LINE
  5
7D6
330
22
100
AcDbEntity
  8
F.Mask
  6
CONTINUOUS
100
AcDbLine
 10
4.6732283464566926
 20
-2.7043307086614172
 30
0
 11
4.676508464566929
 21
-2.7044918503937008
 31
0
  0
LINE
  5
7D7
330
22
100
AcDbEntity
  8
F.Mask
  6
CONTINUOUS
100
AcDbLine
 10
5.3576108267716531
 20
-2.7044918503937008
 30
0
 11
5.3640449606299212
 21
-2.7057716929133857
 31
0
  0
LINE
  5
7D8
330
22
100
AcDbEntity
  8
F.Mask
  6
CONTINUOUS
100
AcDbLine
 10
5.3640449606299212
 20
-2.7057716929133857
 30
0
 11
5.3701057874015747
 21
-2.7082821653543308
 31
0
  0
LINE
  5
7D9
330
22
100
AcDbEntity
  8
F.Mask
  6
CONTINUOUS
100
AcDbLine
 10
5.3701057874015747
 20
-2.7082821653543308
 30
0
 11
5.3755603937007876
 21
-2.7119268110236221
 31
0
  0
LINE
  5
7DA
330
22
100
AcDbEntity
  8
F.Mask
  6
CONTINUOUS
100
AcDbLine
 10
5.3755603937007876
 20
-2.7119268110236221
 30
0
 11
5.3801991732283465
 21
-2.716565590551181
 31
0
  0
LINE
  5
7DB
330
22
100
AcDbEntity
  8
F.Mask
  6
CONTINUOUS
100
AcDbLine
 10
5.3801991732283465
 20
-2.716565590551181
 30
0
 11
5.3838438188976374
 21
-2.7220201968503934
 31
0
  0
LINE
  5
7DC
330
22
100
AcDbEntity
  8
F.Mask
  6
CONTINUOUS
100
AcDbLine
 10
5.3838438188976374
 20
-2.7220201968503934
 30
0
 11
5.3863542913385825
 21
-2.728081023622047
 31
0
  0
LINE
  5
7DD
330
22
100
AcDbEntity
  8
F.Mask
  6
CONTINUOUS
100
AcDbLine
 10
5.3863542913385825
 20
-2.728081023622047
 30
0
 11
5.3876341338582678
 21
-2.734515157480315
 31
0
  0
LINE
  5
7DE
330
22
100
AcDbEntity
  8
F.Mask
  6
CONTINUOUS
100
AcDbLine
 10
5.3876341338582678
 20
-2.734515157480315
 30
0
 11
5.3876341338582678
 21
-2.7410753937007875
 31
0
  0
LINE
  5
7DF
330
22
100
AcDbEntity
  8
F.Mask
  6
CONTINUOUS
100
AcDbLine
 10
5.3876341338582678
 20
-2.7410753937007875
 30
0
 11
5.3863542913385825
 21
-2.7475095275590551
 31
0
  0
LINE
  5
7E0
330
22
100
AcDbEntity
  8
F.Mask
  6
CONTINUOUS
100
AcDbLine
 10
5.3863542913385825
 20
-2.7475095275590551
 30
0
 11
5.3838438188976374
 21
-2.7535703543307086
 31
0
  0
LINE
  5
7E1
330
22
100
AcDbEntity
  8
F.Mask
  6
CONTINUOUS
100
AcDbLine
 10
5.3838438188976374
 20
-2.7535703543307086
 30
0
 11
5.3801991732283465
 21
-2.7590249606299211
 31
0
  0
LINE
  5
7E2
330
22
100
AcDbEntity
  8
F.Mask
  6
CONTINUOUS
100
AcDbLine
 10
5.3801991732283465
 20
-2.7590249606299211
 30
0
 11
5.3755603937007876
 21
-2.7636637401574804
 31
0
  0
LINE
  5
7E3
330
22
100
AcDbEntity
  8
F.Mask
  6
CONTINUOUS
100
AcDbLine
 10
5.3755603937007876
 20
-2.7636637401574804
 30
0
 11
5.3701057874015747
 21
-2.7673083858267717
 31
0
  0
LINE
  5
7E4
330
22
100
AcDbEntity
  8
F.Mask
  6
CONTINUOUS
100
AcDbLine
 10
5.3701057874015747
 20
-2.7673083858267717
 30
0
 11
5.3640449606299212
 21
-2.7698188582677163
 31
0
  0
LINE
  5
7E5
330
22
100
AcDbEntity
  8
F.Mask
  6
CONTINUOUS
100
AcDbLine
 10
5.3640449606299212
 20
-2.7698188582677163
 30
0
 11
5.3576108267716531
 21
-2.7710987007874017
 31
0
  0
LINE
  5
7E6
330
22
100
AcDbEntity
  8
F.Mask
  6
CONTINUOUS
100
AcDbLine
 10
5.3576108267716531
 20
-2.7710987007874017
 30
0
 11
5.3543307086614176
 21
-2.7712598425196848
 31
0
  0
LINE
  5
7E7
330
22
100
AcDbEntity
  8
F.Mask
  6
CONTINUOUS
100
AcDbLine
 10
5.3543307086614176
 20
-2.7712598425196848
 30
0
 11
5.2755905511811019
 21
-2.7712598425196848
 31
0
  0
LINE
  5
7E8
330
22
100
AcDbEntity
  8
F.Mask
  6
CONTINUOUS
100
AcDbLine
 10
5.2755905511811019
 20
-2.7712598425196848
 30
0
 11
5.2723104330708663
 21
-2.7710987007874017
 31
0
  0
LINE
  5
7E9
330
22
100
AcDbEntity
  8
F.Mask
  6
CONTINUOUS
100
AcDbLine
 10
5.2723104330708663
 20
-2.7710987007874017
 30
0
 11
5.2658762992125983
 21
-2.7698188582677163
 31
0
  0
LINE
  5
7EA
330
22
100
AcDbEntity
  8
F.Mask
  6
CONTINUOUS
100
AcDbLine
 10
5.2658762992125983
 20
-2.7698188582677163
 30
0
 11
5.2598154724409447
 21
-2.7673083858267717
 31
0
  0
LINE
  5
7EB
330
22
100
AcDbEntity
  8
F.Mask
  6
CONTINUOUS
100
AcDbLine
 10
5.2598154724409447
 20
-2.7673083858267717
 30
0
 11
5.2543608661417318
 21
-2.7636637401574804
 31
0
  0
LINE
  5
7EC
330
22
100
AcDbEntity
  8
F.Mask
  6
CONTINUOUS
100
AcDbLine
 10
5.2543608661417318
 20
-2.7636637401574804
 30
0
 11
5.2497220866141729
 21
-2.7590249606299211
 31
0
  0
LINE
  5
7ED
330
22
100
AcDbEntity
  8
F.Mask
  6
CONTINUOUS
100
AcDbLine
 10
5.2497220866141729
 20
-2.7590249606299211
 30
0
 11
5.246077440944882
 21
-2.7535703543307086
 31
0
  0
LINE
  5
7EE
330
22
100
AcDbEntity
  8
F.Mask
  6
CONTINUOUS
100
AcDbLine
 10
5.246077440944882
 20
-2.7535703543307086
 30
0
 11
5.243566968503937
 21
-2.7475095275590551
 31
0
  0
LINE
  5
7EF
330
22
100
AcDbEntity
  8
F.Mask
  6
CONTINUOUS
100
AcDbLine
 10
5.243566968503937
 20
-2.7475095275590551
 30
0
 11
5.2422871259842516
 21
-2.7410753937007875
 31
0
  0
LINE
  5
7F0
330
22
100
AcDbEntity
  8
F.Mask
  6
CONTINUOUS
100
AcDbLine
 10
5.2422871259842516
 20
-2.7410753937007875
 30
0
 11
5.2422871259842516
 21
-2.734515157480315
 31
0
  0
LINE
  5
7F1
330
22
100
AcDbEntity
  8
F.Mask
  6
CONTINUOUS
100
AcDbLine
 10
5.2422871259842516
 20
-2.734515157480315
 30
0
 11
5.243566968503937
 21
-2.728081023622047
 31
0
  0
LINE
  5
7F2
330
22
100
AcDbEntity
  8
F.Mask
  6
CONTINUOUS
100
AcDbLine
 10
5.243566968503937
 20
-2.728081023622047
 30
0
 11
5.246077440944882
 21
-2.7220201968503934
 31
0
  0
LINE
  5
7F3
330
22
100
AcDbEntity
  8
F.Mask
  6
CONTINUOUS
100
AcDbLine
 10
5.246077440944882
 20
-2.7220201968503934
 30
0
 11
5.2497220866141729
 21
-2.716565590551181
 31
0
  0
LINE
  5
7F4
330
22
100
AcDbEntity
  8
F.Mask
  6
CONTINUOUS
100
AcDbLine
 10
5.2497220866141729
 20
-2.716565590551181
 30
0
 11
5.2543608661417318
 21
-2.7119268110236221
 31
0
  0
LINE
  5
7F5
330
22
100
AcDbEntity
  8
F.Mask
  6
CONTINUOUS
100
AcDbLine
 10
5.2543608661417318
 20
-2.7119268110236221
 30
0
 11
5.2598154724409447
 21
-2.7082821653543308
 31
0
  0
LINE
  5
7F6
330
22
100
AcDbEntity
  8
F.Mask
  6
CONTINUOUS
100
AcDbLine
 10
5.2598154724409447
 20
-2.7082821653543308
 30
0
 11
5.2658762992125983
 21
-2.7057716929133857
 31
0
  0
LINE
  5
7F7
330
22
100
AcDbEntity
  8
F.Mask
  6
CONTINUOUS
100
AcDbLine
 10
5.2658762992125983
 20
-2.7057716929133857
 30
0
 11
5.2723104330708663
 21
-2.7044918503937008
 31
0
  0
LINE
  5
7F8
330
22
100
AcDbEntity
  8
F.Mask
  6
CONTINUOUS
100
AcDbLine
 10
5.2723104330708663
 20
-2.7044918503937008
 30
0
 11
5.2755905511811019
 21
-2.7043307086614172
 31
0
  0
LINE
  5
7F9
330
22
100
AcDbEntity
  8
F.Mask
  6
CONTINUOUS
100
AcDbLine
 10
5.2755905511811019
 20
-2.7043307086614172
 30
0
 11
5.3543307086614176
 21
-2.7043307086614172
 31
0
  0
LINE
  5
7FA
330
22
100
AcDbEntity
  8
F.Mask
  6
CONTINUOUS
100
AcDbLine
 10
5.3543307086614176
 20
-2.7043307086614172
 30
0
 11
5.3576108267716531
 21
-2.7044918503937008
 31
0
  0
LINE
  5
7FB
330
22
100
AcDbEntity
  8
F.Mask
  6
CONTINUOUS
100
AcDbLine
 10
4.7047244094488185
 20
-2.6712598425196852
 30
0
 11
4.5669291338582676
 21
-2.6712598425196852
 31
0
  0
LINE
  5
7FC
330
22
100
AcDbEntity
  8
F.Mask
  6
CONTINUOUS
100
AcDbLine
 10
4.5669291338582676
 20
-2.6712598425196852
 30
0
 11
4.5669291338582676
 21
-2.6043307086614171
 31
0
  0
LINE
  5
7FD
330
22
100
AcDbEntity
  8
F.Mask
  6
CONTINUOUS
100
AcDbLine
 10
4.5669291338582676
 20
-2.6043307086614171
 30
0
 11
4.7047244094488185
 21
-2.6043307086614171
 31
0
  0
LINE
  5
7FE
330
22
100
AcDbEntity
  8
F.Mask
  6
CONTINUOUS
100
AcDbLine
 10
4.7047244094488185
 20
-2.6043307086614171
 30
0
 11
4.7047244094488185
 21
-2.6712598425196852
 31
0
  0
LINE
  5
7FF
330
22
100
AcDbEntity
  8
F.Mask
  6
CONTINUOUS
100
AcDbLine
 10
5.3576108267716531
 20
-2.6044918503937007
 30
0
 11
5.3640449606299212
 21
-2.6057716929133856
 31
0
  0
LINE
  5
800
330
22
100
AcDbEntity
  8
F.Mask
  6
CONTINUOUS
100
AcDbLine
 10
5.3640449606299212
 20
-2.6057716929133856
 30
0
 11
5.3701057874015747
 21
-2.6082821653543307
 31
0
  0
LINE
  5
801
330
22
100
AcDbEntity
  8
F.Mask
  6
CONTINUOUS
100
AcDbLine
 10
5.3701057874015747
 20
-2.6082821653543307
 30
0
 11
5.3755603937007876
 21
-2.611926811023622
 31
0
  0
LINE
  5
802
330
22
100
AcDbEntity
  8
F.Mask
  6
CONTINUOUS
100
AcDbLine
 10
5.3755603937007876
 20
-2.611926811023622
 30
0
 11
5.3801991732283465
 21
-2.6165655905511809
 31
0
  0
LINE
  5
803
330
22
100
AcDbEntity
  8
F.Mask
  6
CONTINUOUS
100
AcDbLine
 10
5.3801991732283465
 20
-2.6165655905511809
 30
0
 11
5.3838438188976374
 21
-2.6220201968503938
 31
0
  0
LINE
  5
804
330
22
100
AcDbEntity
  8
F.Mask
  6
CONTINUOUS
100
AcDbLine
 10
5.3838438188976374
 20
-2.6220201968503938
 30
0
 11
5.3863542913385825
 21
-2.6280810236220473
 31
0
  0
LINE
  5
805
330
22
100
AcDbEntity
  8
F.Mask
  6
CONTINUOUS
100
AcDbLine
 10
5.3863542913385825
 20
-2.6280810236220473
 30
0
 11
5.3876341338582678
 21
-2.634515157480315
 31
0
  0
LINE
  5
806
330
22
100
AcDbEntity
  8
F.Mask
  6
CONTINUOUS
100
AcDbLine
 10
5.3876341338582678
 20
-2.634515157480315
 30
0
 11
5.3876341338582678
 21
-2.6410753937007874
 31
0
  0
LINE
  5
807
330
22
100
AcDbEntity
  8
F.Mask
  6
CONTINUOUS
100
AcDbLine
 10
5.3876341338582678
 20
-2.6410753937007874
 30
0
 11
5.3863542913385825
 21
-2.647509527559055
 31
0
  0
LINE
  5
808
330
22
100
AcDbEntity
  8
F.Mask
  6
CONTINUOUS
100
AcDbLine
 10
5.3863542913385825
 20
-2.647509527559055
 30
0
 11
5.3838438188976374
 21
-2.6535703543307085
 31
0
  0
LINE
  5
809
330
22
100
AcDbEntity
  8
F.Mask
  6
CONTINUOUS
100
AcDbLine
 10
5.3838438188976374
 20
-2.6535703543307085
 30
0
 11
5.3801991732283465
 21
-2.659024960629921
 31
0
  0
LINE
  5
80A
330
22
100
AcDbEntity
  8
F.Mask
  6
CONTINUOUS
100
AcDbLine
 10
5.3801991732283465
 20
-2.659024960629921
 30
0
 11
5.3755603937007876
 21
-2.6636637401574803
 31
0
  0
LINE
  5
80B
330
22
100
AcDbEntity
  8
F.Mask
  6
CONTINUOUS
100
AcDbLine
 10
5.3755603937007876
 20
-2.6636637401574803
 30
0
 11
5.3701057874015747
 21
-2.6673083858267717
 31
0
  0
LINE
  5
80C
330
22
100
AcDbEntity
  8
F.Mask
  6
CONTINUOUS
100
AcDbLine
 10
5.3701057874015747
 20
-2.6673083858267717
 30
0
 11
5.3640449606299212
 21
-2.6698188582677163
 31
0
  0
LINE
  5
80D
330
22
100
AcDbEntity
  8
F.Mask
  6
CONTINUOUS
100
AcDbLine
 10
5.3640449606299212
 20
-2.6698188582677163
 30
0
 11
5.3576108267716531
 21
-2.6710987007874016
 31
0
  0
LINE
  5
80E
330
22
100
AcDbEntity
  8
F.Mask
  6
CONTINUOUS
100
AcDbLine
 10
5.3576108267716531
 20
-2.6710987007874016
 30
0
 11
5.3543307086614176
 21
-2.6712598425196852
 31
0
  0
LINE
  5
80F
330
22
100
AcDbEntity
  8
F.Mask
  6
CONTINUOUS
100
AcDbLine
 10
5.3543307086614176
 20
-2.6712598425196852
 30
0
 11
5.2755905511811019
 21
-2.6712598425196852
 31
0
  0
LINE
  5
810
330
22
100
AcDbEntity
  8
F.Mask
  6
CONTINUOUS
100
AcDbLine
 10
5.2755905511811019
 20
-2.6712598425196852
 30
0
 11
5.2723104330708663
 21
-2.6710987007874016
 31
0
  0
LINE
  5
811
330
22
100
AcDbEntity
  8
F.Mask
  6
CONTINUOUS
100
AcDbLine
 10
5.2723104330708663
 20
-2.6710987007874016
 30
0
 11
5.2658762992125983
 21
-2.6698188582677163
 31
0
  0
LINE
  5
812
330
22
100
AcDbEntity
  8
F.Mask
  6
CONTINUOUS
100
AcDbLine
 10
5.2658762992125983
 20
-2.6698188582677163
 30
0
 11
5.2598154724409447
 21
-2.6673083858267717
 31
0
  0
LINE
  5
813
330
22
100
AcDbEntity
  8
F.Mask
  6
CONTINUOUS
100
AcDbLine
 10
5.2598154724409447
 20
-2.6673083858267717
 30
0
 11
5.2543608661417318
 21
-2.6636637401574803
 31
0
  0
LINE
  5
814
330
22
100
AcDbEntity
  8
F.Mask
  6
CONTINUOUS
100
AcDbLine
 10
5.2543608661417318
 20
-2.6636637401574803
 30
0
 11
5.2497220866141729
 21
-2.659024960629921
 31
0
  0
LINE
  5
815
330
22
100
AcDbEntity
  8
F.Mask
  6
CONTINUOUS
100
AcDbLine
 10
5.2497220866141729
 20
-2.659024960629921
 30
0
 11
5.246077440944882
 21
-2.6535703543307085
 31
0
  0
LINE
  5
816
330
22
100
AcDbEntity
  8
F.Mask
  6
CONTINUOUS
100
AcDbLine
 10
5.246077440944882
 20
-2.6535703543307085
 30
0
 11
5.243566968503937
 21
-2.647509527559055
 31
0
  0
LINE
  5
817
330
22
100
AcDbEntity
  8
F.Mask
  6
CONTINUOUS
100
AcDbLine
 10
5.243566968503937
 20
-2.647509527559055
 30
0
 11
5.2422871259842516
 21
-2.6410753937007874
 31
0
  0
LINE
  5
818
330
22
100
AcDbEntity
  8
F.Mask
  6
CONTINUOUS
100
AcDbLine
 10
5.2422871259842516
 20
-2.6410753937007874
 30
0
 11
5.2422871259842516
 21
-2.634515157480315
 31
0
  0
LINE
  5
819
330
22
100
AcDbEntity
  8
F.Mask
  6
CONTINUOUS
100
AcDbLine
 10
5.2422871259842516
 20
-2.634515157480315
 30
0
 11
5.243566968503937
 21
-2.6280810236220473
 31
0
  0
LINE
  5
81A
330
22
100
AcDbEntity
  8
F.Mask
  6
CONTINUOUS
100
AcDbLine
 10
5.243566968503937
 20
-2.6280810236220473
 30
0
 11
5.246077440944882
 21
-2.6220201968503938
 31
0
  0
LINE
  5
81B
330
22
100
AcDbEntity
  8
F.Mask
  6
CONTINUOUS
100
AcDbLine
 10
5.246077440944882
 20
-2.6220201968503938
 30
0
 11
5.2497220866141729
 21
-2.6165655905511809
 31
0
  0
LINE
  5
81C
330
22
100
AcDbEntity
  8
F.Mask
  6
CONTINUOUS
100
AcDbLine
 10
5.2497220866141729
 20
-2.6165655905511809
 30
0
 11
5.2543608661417318
 21
-2.611926811023622
 31
0
  0
LINE
  5
81D
330
22
100
AcDbEntity
  8
F.Mask
  6
CONTINUOUS
100
AcDbLine
 10
5.2543608661417318
 20
-2.611926811023622
 30
0
 11
5.2598154724409447
 21
-2.6082821653543307
 31
0
  0
LINE
  5
81E
330
22
100
AcDbEntity
  8
F.Mask
  6
CONTINUOUS
100
AcDbLine
 10
5.2598154724409447
 20
-2.6082821653543307
 30
0
 11
5.2658762992125983
 21
-2.6057716929133856
 31
0
  0
LINE
  5
81F
330
22
100
AcDbEntity
  8
F.Mask
  6
CONTINUOUS
100
AcDbLine
 10
5.2658762992125983
 20
-2.6057716929133856
 30
0
 11
5.2723104330708663
 21
-2.6044918503937007
 31
0
  0
LINE
  5
820
330
22
100
AcDbEntity
  8
F.Mask
  6
CONTINUOUS
100
AcDbLine
 10
5.2723104330708663
 20
-2.6044918503937007
 30
0
 11
5.2755905511811019
 21
-2.6043307086614171
 31
0
  0
LINE
  5
821
330
22
100
AcDbEntity
  8
F.Mask
  6
CONTINUOUS
100
AcDbLine
 10
5.2755905511811019
 20
-2.6043307086614171
 30
0
 11
5.3543307086614176
 21
-2.6043307086614171
 31
0
  0
LINE
  5
822
330
22
100
AcDbEntity
  8
F.Mask
  6
CONTINUOUS
100
AcDbLine
 10
5.3543307086614176
 20
-2.6043307086614171
 30
0
 11
5.3576108267716531
 21
-2.6044918503937007
 31
0
  0
LINE
  5
823
330
22
100
AcDbEntity
  8
F.Mask
  6
CONTINUOUS
100
AcDbLine
 10
6.5455429133858267
 20
-3.5996217716535432
 30
0
 11
6.5520059842519682
 21
-3.6017217716535432
 31
0
  0
LINE
  5
824
330
22
100
AcDbEntity
  8
F.Mask
  6
CONTINUOUS
100
AcDbLine
 10
6.5520059842519682
 20
-3.6017217716535432
 30
0
 11
6.5580609448818894
 21
-3.6048069291338583
 31
0
  0
LINE
  5
825
330
22
100
AcDbEntity
  8
F.Mask
  6
CONTINUOUS
100
AcDbLine
 10
6.5580609448818894
 20
-3.6048069291338583
 30
0
 11
6.5635587795275585
 21
-3.6088012992125984
 31
0
  0
LINE
  5
826
330
22
100
AcDbEntity
  8
F.Mask
  6
CONTINUOUS
100
AcDbLine
 10
6.5635587795275585
 20
-3.6088012992125984
 30
0
 11
6.5683640551181099
 21
-3.6136065748031494
 31
0
  0
LINE
  5
827
330
22
100
AcDbEntity
  8
F.Mask
  6
CONTINUOUS
100
AcDbLine
 10
6.5683640551181099
 20
-3.6136065748031494
 30
0
 11
6.5723584251968505
 21
-3.6191044094488189
 31
0
  0
LINE
  5
828
330
22
100
AcDbEntity
  8
F.Mask
  6
CONTINUOUS
100
AcDbLine
 10
6.5723584251968505
 20
-3.6191044094488189
 30
0
 11
6.5754435826771651
 21
-3.6251593700787401
 31
0
  0
LINE
  5
829
330
22
100
AcDbEntity
  8
F.Mask
  6
CONTINUOUS
100
AcDbLine
 10
6.5754435826771651
 20
-3.6251593700787401
 30
0
 11
6.5775435826771655
 21
-3.6316224409448816
 31
0
  0
LINE
  5
82A
330
22
100
AcDbEntity
  8
F.Mask
  6
CONTINUOUS
100
AcDbLine
 10
6.5775435826771655
 20
-3.6316224409448816
 30
0
 11
6.5786066535433072
 21
-3.6383344488188976
 31
0
  0
LINE
  5
82B
330
22
100
AcDbEntity
  8
F.Mask
  6
CONTINUOUS
100
AcDbLine
 10
6.5786066535433072
 20
-3.6383344488188976
 30
0
 11
6.5786066535433072
 21
-3.6451301181102362
 31
0
  0
LINE
  5
82C
330
22
100
AcDbEntity
  8
F.Mask
  6
CONTINUOUS
100
AcDbLine
 10
6.5786066535433072
 20
-3.6451301181102362
 30
0
 11
6.5775435826771655
 21
-3.6518421259842517
 31
0
  0
LINE
  5
82D
330
22
100
AcDbEntity
  8
F.Mask
  6
CONTINUOUS
100
AcDbLine
 10
6.5775435826771655
 20
-3.6518421259842517
 30
0
 11
6.5754435826771651
 21
-3.6583051968503937
 31
0
  0
LINE
  5
82E
330
22
100
AcDbEntity
  8
F.Mask
  6
CONTINUOUS
100
AcDbLine
 10
6.5754435826771651
 20
-3.6583051968503937
 30
0
 11
6.5723584251968505
 21
-3.6643601574803149
 31
0
  0
LINE
  5
82F
330
22
100
AcDbEntity
  8
F.Mask
  6
CONTINUOUS
100
AcDbLine
 10
6.5723584251968505
 20
-3.6643601574803149
 30
0
 11
6.5683640551181099
 21
-3.669857992125984
 31
0
  0
LINE
  5
830
330
22
100
AcDbEntity
  8
F.Mask
  6
CONTINUOUS
100
AcDbLine
 10
6.5683640551181099
 20
-3.669857992125984
 30
0
 11
6.5635587795275585
 21
-3.6746632677165354
 31
0
  0
LINE
  5
831
330
22
100
AcDbEntity
  8
F.Mask
  6
CONTINUOUS
100
AcDbLine
 10
6.5635587795275585
 20
-3.6746632677165354
 30
0
 11
6.5580609448818894
 21
-3.6786576377952755
 31
0
  0
LINE
  5
832
330
22
100
AcDbEntity
  8
F.Mask
  6
CONTINUOUS
100
AcDbLine
 10
6.5580609448818894
 20
-3.6786576377952755
 30
0
 11
6.5520059842519682
 21
-3.6817427952755906
 31
0
  0
LINE
  5
833
330
22
100
AcDbEntity
  8
F.Mask
  6
CONTINUOUS
100
AcDbLine
 10
6.5520059842519682
 20
-3.6817427952755906
 30
0
 11
6.5455429133858267
 21
-3.6838427952755906
 31
0
  0
LINE
  5
834
330
22
100
AcDbEntity
  8
F.Mask
  6
CONTINUOUS
100
AcDbLine
 10
6.5455429133858267
 20
-3.6838427952755906
 30
0
 11
6.5388309055118112
 21
-3.6849058661417322
 31
0
  0
LINE
  5
835
330
22
100
AcDbEntity
  8
F.Mask
  6
CONTINUOUS
100
AcDbLine
 10
6.5388309055118112
 20
-3.6849058661417322
 30
0
 11
6.5320352362204721
 21
-3.6849058661417322
 31
0
  0
LINE
  5
836
330
22
100
AcDbEntity
  8
F.Mask
  6
CONTINUOUS
100
AcDbLine
 10
6.5320352362204721
 20
-3.6849058661417322
 30
0
 11
6.5253232283464566
 21
-3.6838427952755906
 31
0
  0
LINE
  5
837
330
22
100
AcDbEntity
  8
F.Mask
  6
CONTINUOUS
100
AcDbLine
 10
6.5253232283464566
 20
-3.6838427952755906
 30
0
 11
6.5188601574803151
 21
-3.6817427952755906
 31
0
  0
LINE
  5
838
330
22
100
AcDbEntity
  8
F.Mask
  6
CONTINUOUS
100
AcDbLine
 10
6.5188601574803151
 20
-3.6817427952755906
 30
0
 11
6.5128051968503939
 21
-3.6786576377952755
 31
0
  0
LINE
  5
839
330
22
100
AcDbEntity
  8
F.Mask
  6
CONTINUOUS
100
AcDbLine
 10
6.5128051968503939
 20
-3.6786576377952755
 30
0
 11
6.5073073622047239
 21
-3.6746632677165354
 31
0
  0
LINE
  5
83A
330
22
100
AcDbEntity
  8
F.Mask
  6
CONTINUOUS
100
AcDbLine
 10
6.5073073622047239
 20
-3.6746632677165354
 30
0
 11
6.5025020866141734
 21
-3.669857992125984
 31
0
  0
LINE
  5
83B
330
22
100
AcDbEntity
  8
F.Mask
  6
CONTINUOUS
100
AcDbLine
 10
6.5025020866141734
 20
-3.669857992125984
 30
0
 11
6.4985077165354328
 21
-3.6643601574803149
 31
0
  0
LINE
  5
83C
330
22
100
AcDbEntity
  8
F.Mask
  6
CONTINUOUS
100
AcDbLine
 10
6.4985077165354328
 20
-3.6643601574803149
 30
0
 11
6.4954225590551182
 21
-3.6583051968503937
 31
0
  0
LINE
  5
83D
330
22
100
AcDbEntity
  8
F.Mask
  6
CONTINUOUS
100
AcDbLine
 10
6.4954225590551182
 20
-3.6583051968503937
 30
0
 11
6.4933225590551178
 21
-3.6518421259842517
 31
0
  0
LINE
  5
83E
330
22
100
AcDbEntity
  8
F.Mask
  6
CONTINUOUS
100
AcDbLine
 10
6.4933225590551178
 20
-3.6518421259842517
 30
0
 11
6.4922594881889761
 21
-3.6451301181102362
 31
0
  0
LINE
  5
83F
330
22
100
AcDbEntity
  8
F.Mask
  6
CONTINUOUS
100
AcDbLine
 10
6.4922594881889761
 20
-3.6451301181102362
 30
0
 11
6.4922594881889761
 21
-3.6383344488188976
 31
0
  0
LINE
  5
840
330
22
100
AcDbEntity
  8
F.Mask
  6
CONTINUOUS
100
AcDbLine
 10
6.4922594881889761
 20
-3.6383344488188976
 30
0
 11
6.4933225590551178
 21
-3.6316224409448816
 31
0
  0
LINE
  5
841
330
22
100
AcDbEntity
  8
F.Mask
  6
CONTINUOUS
100
AcDbLine
 10
6.4933225590551178
 20
-3.6316224409448816
 30
0
 11
6.4954225590551182
 21
-3.6251593700787401
 31
0
  0
LINE
  5
842
330
22
100
AcDbEntity
  8
F.Mask
  6
CONTINUOUS
100
AcDbLine
 10
6.4954225590551182
 20
-3.6251593700787401
 30
0
 11
6.4985077165354328
 21
-3.6191044094488189
 31
0
  0
LINE
  5
843
330
22
100
AcDbEntity
  8
F.Mask
  6
CONTINUOUS
100
AcDbLine
 10
6.4985077165354328
 20
-3.6191044094488189
 30
0
 11
6.5025020866141734
 21
-3.6136065748031494
 31
0
  0
LINE
  5
844
330
22
100
AcDbEntity
  8
F.Mask
  6
CONTINUOUS
100
AcDbLine
 10
6.5025020866141734
 20
-3.6136065748031494
 30
0
 11
6.5073073622047239
 21
-3.6088012992125984
 31
0
  0
LINE
  5
845
330
22
100
AcDbEntity
  8
F.Mask
  6
CONTINUOUS
100
AcDbLine
 10
6.5073073622047239
 20
-3.6088012992125984
 30
0
 11
6.5128051968503939
 21
-3.6048069291338583
 31
0
  0
LINE
  5
846
330
22
100
AcDbEntity
  8
F.Mask
  6
CONTINUOUS
100
AcDbLine
 10
6.5128051968503939
 20
-3.6048069291338583
 30
0
 11
6.5188601574803151
 21
-3.6017217716535432
 31
0
  0
LINE
  5
847
330
22
100
AcDbEntity
  8
F.Mask
  6
CONTINUOUS
100
AcDbLine
 10
6.5188601574803151
 20
-3.6017217716535432
 30
0
 11
6.5253232283464566
 21
-3.5996217716535432
 31
0
  0
LINE
  5
848
330
22
100
AcDbEntity
  8
F.Mask
  6
CONTINUOUS
100
AcDbLine
 10
6.5253232283464566
 20
-3.5996217716535432
 30
0
 11
6.5320352362204721
 21
-3.5985587007874016
 31
0
  0
LINE
  5
849
330
22
100
AcDbEntity
  8
F.Mask
  6
CONTINUOUS
100
AcDbLine
 10
6.5320352362204721
 20
-3.5985587007874016
 30
0
 11
6.5388309055118112
 21
-3.5985587007874016
 31
0
  0
LINE
  5
84A
330
22
100
AcDbEntity
  8
F.Mask
  6
CONTINUOUS
100
AcDbLine
 10
6.5388309055118112
 20
-3.5985587007874016
 30
0
 11
6.5455429133858267
 21
-3.5996217716535432
 31
0
  0
LINE
  5
84B
330
22
100
AcDbEntity
  8
F.Mask
  6
CONTINUOUS
100
AcDbLine
 10
5.7853066929133856
 20
-3.5980469685039371
 30
0
 11
5.7917697637795271
 21
-3.6001469685039371
 31
0
  0
LINE
  5
84C
330
22
100
AcDbEntity
  8
F.Mask
  6
CONTINUOUS
100
AcDbLine
 10
5.7917697637795271
 20
-3.6001469685039371
 30
0
 11
5.7978247244094483
 21
-3.6032321259842517
 31
0
  0
LINE
  5
84D
330
22
100
AcDbEntity
  8
F.Mask
  6
CONTINUOUS
100
AcDbLine
 10
5.7978247244094483
 20
-3.6032321259842517
 30
0
 11
5.8033225590551183
 21
-3.6072264960629918
 31
0
  0
LINE
  5
84E
330
22
100
AcDbEntity
  8
F.Mask
  6
CONTINUOUS
100
AcDbLine
 10
5.8033225590551183
 20
-3.6072264960629918
 30
0
 11
5.8081278346456688
 21
-3.6120317716535433
 31
0
  0
LINE
  5
84F
330
22
100
AcDbEntity
  8
F.Mask
  6
CONTINUOUS
100
AcDbLine
 10
5.8081278346456688
 20
-3.6120317716535433
 30
0
 11
5.8121222047244094
 21
-3.6175296062992124
 31
0
  0
LINE
  5
850
330
22
100
AcDbEntity
  8
F.Mask
  6
CONTINUOUS
100
AcDbLine
 10
5.8121222047244094
 20
-3.6175296062992124
 30
0
 11
5.815207362204724
 21
-3.6235845669291336
 31
0
  0
LINE
  5
851
330
22
100
AcDbEntity
  8
F.Mask
  6
CONTINUOUS
100
AcDbLine
 10
5.815207362204724
 20
-3.6235845669291336
 30
0
 11
5.8173073622047244
 21
-3.6300476377952755
 31
0
  0
LINE
  5
852
330
22
100
AcDbEntity
  8
F.Mask
  6
CONTINUOUS
100
AcDbLine
 10
5.8173073622047244
 20
-3.6300476377952755
 30
0
 11
5.8183704330708661
 21
-3.6367596456692914
 31
0
  0
LINE
  5
853
330
22
100
AcDbEntity
  8
F.Mask
  6
CONTINUOUS
100
AcDbLine
 10
5.8183704330708661
 20
-3.6367596456692914
 30
0
 11
5.8183704330708661
 21
-3.6435553149606297
 31
0
  0
LINE
  5
854
330
22
100
AcDbEntity
  8
F.Mask
  6
CONTINUOUS
100
AcDbLine
 10
5.8183704330708661
 20
-3.6435553149606297
 30
0
 11
5.8173073622047244
 21
-3.6502673228346456
 31
0
  0
LINE
  5
855
330
22
100
AcDbEntity
  8
F.Mask
  6
CONTINUOUS
100
AcDbLine
 10
5.8173073622047244
 20
-3.6502673228346456
 30
0
 11
5.815207362204724
 21
-3.6567303937007871
 31
0
  0
LINE
  5
856
330
22
100
AcDbEntity
  8
F.Mask
  6
CONTINUOUS
100
AcDbLine
 10
5.815207362204724
 20
-3.6567303937007871
 30
0
 11
5.8121222047244094
 21
-3.6627853543307087
 31
0
  0
LINE
  5
857
330
22
100
AcDbEntity
  8
F.Mask
  6
CONTINUOUS
100
AcDbLine
 10
5.8121222047244094
 20
-3.6627853543307087
 30
0
 11
5.8081278346456688
 21
-3.6682831889763778
 31
0
  0
LINE
  5
858
330
22
100
AcDbEntity
  8
F.Mask
  6
CONTINUOUS
100
AcDbLine
 10
5.8081278346456688
 20
-3.6682831889763778
 30
0
 11
5.8033225590551183
 21
-3.6730884645669288
 31
0
  0
LINE
  5
859
330
22
100
AcDbEntity
  8
F.Mask
  6
CONTINUOUS
100
AcDbLine
 10
5.8033225590551183
 20
-3.6730884645669288
 30
0
 11
5.7978247244094483
 21
-3.6770828346456694
 31
0
  0
LINE
  5
85A
330
22
100
AcDbEntity
  8
F.Mask
  6
CONTINUOUS
100
AcDbLine
 10
5.7978247244094483
 20
-3.6770828346456694
 30
0
 11
5.7917697637795271
 21
-3.680167992125984
 31
0
  0
LINE
  5
85B
330
22
100
AcDbEntity
  8
F.Mask
  6
CONTINUOUS
100
AcDbLine
 10
5.7917697637795271
 20
-3.680167992125984
 30
0
 11
5.7853066929133856
 21
-3.682267992125984
 31
0
  0
LINE
  5
85C
330
22
100
AcDbEntity
  8
F.Mask
  6
CONTINUOUS
100
AcDbLine
 10
5.7853066929133856
 20
-3.682267992125984
 30
0
 11
5.7785946850393701
 21
-3.6833310629921261
 31
0
  0
LINE
  5
85D
330
22
100
AcDbEntity
  8
F.Mask
  6
CONTINUOUS
100
AcDbLine
 10
5.7785946850393701
 20
-3.6833310629921261
 30
0
 11
5.771799015748031
 21
-3.6833310629921261
 31
0
  0
LINE
  5
85E
330
22
100
AcDbEntity
  8
F.Mask
  6
CONTINUOUS
100
AcDbLine
 10
5.771799015748031
 20
-3.6833310629921261
 30
0
 11
5.7650870078740155
 21
-3.682267992125984
 31
0
  0
LINE
  5
85F
330
22
100
AcDbEntity
  8
F.Mask
  6
CONTINUOUS
100
AcDbLine
 10
5.7650870078740155
 20
-3.682267992125984
 30
0
 11
5.758623937007874
 21
-3.680167992125984
 31
0
  0
LINE
  5
860
330
22
100
AcDbEntity
  8
F.Mask
  6
CONTINUOUS
100
AcDbLine
 10
5.758623937007874
 20
-3.680167992125984
 30
0
 11
5.7525689763779528
 21
-3.6770828346456694
 31
0
  0
LINE
  5
861
330
22
100
AcDbEntity
  8
F.Mask
  6
CONTINUOUS
100
AcDbLine
 10
5.7525689763779528
 20
-3.6770828346456694
 30
0
 11
5.7470711417322837
 21
-3.6730884645669288
 31
0
  0
LINE
  5
862
330
22
100
AcDbEntity
  8
F.Mask
  6
CONTINUOUS
100
AcDbLine
 10
5.7470711417322837
 20
-3.6730884645669288
 30
0
 11
5.7422658661417323
 21
-3.6682831889763778
 31
0
  0
LINE
  5
863
330
22
100
AcDbEntity
  8
F.Mask
  6
CONTINUOUS
100
AcDbLine
 10
5.7422658661417323
 20
-3.6682831889763778
 30
0
 11
5.7382714960629917
 21
-3.6627853543307087
 31
0
  0
LINE
  5
864
330
22
100
AcDbEntity
  8
F.Mask
  6
CONTINUOUS
100
AcDbLine
 10
5.7382714960629917
 20
-3.6627853543307087
 30
0
 11
5.7351863385826771
 21
-3.6567303937007871
 31
0
  0
LINE
  5
865
330
22
100
AcDbEntity
  8
F.Mask
  6
CONTINUOUS
100
AcDbLine
 10
5.7351863385826771
 20
-3.6567303937007871
 30
0
 11
5.7330863385826767
 21
-3.6502673228346456
 31
0
  0
LINE
  5
866
330
22
100
AcDbEntity
  8
F.Mask
  6
CONTINUOUS
100
AcDbLine
 10
5.7330863385826767
 20
-3.6502673228346456
 30
0
 11
5.732023267716535
 21
-3.6435553149606297
 31
0
  0
LINE
  5
867
330
22
100
AcDbEntity
  8
F.Mask
  6
CONTINUOUS
100
AcDbLine
 10
5.732023267716535
 20
-3.6435553149606297
 30
0
 11
5.732023267716535
 21
-3.6367596456692914
 31
0
  0
LINE
  5
868
330
22
100
AcDbEntity
  8
F.Mask
  6
CONTINUOUS
100
AcDbLine
 10
5.732023267716535
 20
-3.6367596456692914
 30
0
 11
5.7330863385826767
 21
-3.6300476377952755
 31
0
  0
LINE
  5
869
330
22
100
AcDbEntity
  8
F.Mask
  6
CONTINUOUS
100
AcDbLine
 10
5.7330863385826767
 20
-3.6300476377952755
 30
0
 11
5.7351863385826771
 21
-3.6235845669291336
 31
0
  0
LINE
  5
86A
330
22
100
AcDbEntity
  8
F.Mask
  6
CONTINUOUS
100
AcDbLine
 10
5.7351863385826771
 20
-3.6235845669291336
 30
0
 11
5.7382714960629917
 21
-3.6175296062992124
 31
0
  0
LINE
  5
86B
330
22
100
AcDbEntity
  8
F.Mask
  6
CONTINUOUS
100
AcDbLine
 10
5.7382714960629917
 20
-3.6175296062992124
 30
0
 11
5.7422658661417323
 21
-3.6120317716535433
 31
0
  0
LINE
  5
86C
330
22
100
AcDbEntity
  8
F.Mask
  6
CONTINUOUS
100
AcDbLine
 10
5.7422658661417323
 20
-3.6120317716535433
 30
0
 11
5.7470711417322837
 21
-3.6072264960629918
 31
0
  0
LINE
  5
86D
330
22
100
AcDbEntity
  8
F.Mask
  6
CONTINUOUS
100
AcDbLine
 10
5.7470711417322837
 20
-3.6072264960629918
 30
0
 11
5.7525689763779528
 21
-3.6032321259842517
 31
0
  0
LINE
  5
86E
330
22
100
AcDbEntity
  8
F.Mask
  6
CONTINUOUS
100
AcDbLine
 10
5.7525689763779528
 20
-3.6032321259842517
 30
0
 11
5.758623937007874
 21
-3.6001469685039371
 31
0
  0
LINE
  5
86F
330
22
100
AcDbEntity
  8
F.Mask
  6
CONTINUOUS
100
AcDbLine
 10
5.758623937007874
 20
-3.6001469685039371
 30
0
 11
5.7650870078740155
 21
-3.5980469685039371
 31
0
  0
LINE
  5
870
330
22
100
AcDbEntity
  8
F.Mask
  6
CONTINUOUS
100
AcDbLine
 10
5.7650870078740155
 20
-3.5980469685039371
 30
0
 11
5.771799015748031
 21
-3.596983897637795
 31
0
  0
LINE
  5
871
330
22
100
AcDbEntity
  8
F.Mask
  6
CONTINUOUS
100
AcDbLine
 10
5.771799015748031
 20
-3.596983897637795
 30
0
 11
5.7785946850393701
 21
-3.596983897637795
 31
0
  0
LINE
  5
872
330
22
100
AcDbEntity
  8
F.Mask
  6
CONTINUOUS
100
AcDbLine
 10
5.7785946850393701
 20
-3.596983897637795
 30
0
 11
5.7853066929133856
 21
-3.5980469685039371
 31
0
  0
LINE
  5
873
330
22
100
AcDbEntity
  8
F.Mask
  6
CONTINUOUS
100
AcDbLine
 10
7.3010547244094486
 20
-3.5980469685039371
 30
0
 11
7.3075177952755901
 21
-3.6001469685039371
 31
0
  0
LINE
  5
874
330
22
100
AcDbEntity
  8
F.Mask
  6
CONTINUOUS
100
AcDbLine
 10
7.3075177952755901
 20
-3.6001469685039371
 30
0
 11
7.3135727559055113
 21
-3.6032321259842517
 31
0
  0
LINE
  5
875
330
22
100
AcDbEntity
  8
F.Mask
  6
CONTINUOUS
100
AcDbLine
 10
7.3135727559055113
 20
-3.6032321259842517
 30
0
 11
7.3190705905511813
 21
-3.6072264960629918
 31
0
  0
LINE
  5
876
330
22
100
AcDbEntity
  8
F.Mask
  6
CONTINUOUS
100
AcDbLine
 10
7.3190705905511813
 20
-3.6072264960629918
 30
0
 11
7.3238758661417318
 21
-3.6120317716535433
 31
0
  0
LINE
  5
877
330
22
100
AcDbEntity
  8
F.Mask
  6
CONTINUOUS
100
AcDbLine
 10
7.3238758661417318
 20
-3.6120317716535433
 30
0
 11
7.3278702362204724
 21
-3.6175296062992124
 31
0
  0
LINE
  5
878
330
22
100
AcDbEntity
  8
F.Mask
  6
CONTINUOUS
100
AcDbLine
 10
7.3278702362204724
 20
-3.6175296062992124
 30
0
 11
7.330955393700787
 21
-3.6235845669291336
 31
0
  0
LINE
  5
879
330
22
100
AcDbEntity
  8
F.Mask
  6
CONTINUOUS
100
AcDbLine
 10
7.330955393700787
 20
-3.6235845669291336
 30
0
 11
7.3330553937007874
 21
-3.6300476377952755
 31
0
  0
LINE
  5
87A
330
22
100
AcDbEntity
  8
F.Mask
  6
CONTINUOUS
100
AcDbLine
 10
7.3330553937007874
 20
-3.6300476377952755
 30
0
 11
7.3341184645669291
 21
-3.6367596456692914
 31
0
  0
LINE
  5
87B
330
22
100
AcDbEntity
  8
F.Mask
  6
CONTINUOUS
100
AcDbLine
 10
7.3341184645669291
 20
-3.6367596456692914
 30
0
 11
7.3341184645669291
 21
-3.6435553149606297
 31
0
  0
LINE
  5
87C
330
22
100
AcDbEntity
  8
F.Mask
  6
CONTINUOUS
100
AcDbLine
 10
7.3341184645669291
 20
-3.6435553149606297
 30
0
 11
7.3330553937007874
 21
-3.6502673228346456
 31
0
  0
LINE
  5
87D
330
22
100
AcDbEntity
  8
F.Mask
  6
CONTINUOUS
100
AcDbLine
 10
7.3330553937007874
 20
-3.6502673228346456
 30
0
 11
7.330955393700787
 21
-3.6567303937007871
 31
0
  0
LINE
  5
87E
330
22
100
AcDbEntity
  8
F.Mask
  6
CONTINUOUS
100
AcDbLine
 10
7.330955393700787
 20
-3.6567303937007871
 30
0
 11
7.3278702362204724
 21
-3.6627853543307087
 31
0
  0
LINE
  5
87F
330
22
100
AcDbEntity
  8
F.Mask
  6
CONTINUOUS
100
AcDbLine
 10
7.3278702362204724
 20
-3.6627853543307087
 30
0
 11
7.3238758661417318
 21
-3.6682831889763778
 31
0
  0
LINE
  5
880
330
22
100
AcDbEntity
  8
F.Mask
  6
CONTINUOUS
100
AcDbLine
 10
7.3238758661417318
 20
-3.6682831889763778
 30
0
 11
7.3190705905511813
 21
-3.6730884645669288
 31
0
  0
LINE
  5
881
330
22
100
AcDbEntity
  8
F.Mask
  6
CONTINUOUS
100
AcDbLine
 10
7.3190705905511813
 20
-3.6730884645669288
 30
0
 11
7.3135727559055113
 21
-3.6770828346456694
 31
0
  0
LINE
  5
882
330
22
100
AcDbEntity
  8
F.Mask
  6
CONTINUOUS
100
AcDbLine
 10
7.3135727559055113
 20
-3.6770828346456694
 30
0
 11
7.3075177952755901
 21
-3.680167992125984
 31
0
  0
LINE
  5
883
330
22
100
AcDbEntity
  8
F.Mask
  6
CONTINUOUS
100
AcDbLine
 10
7.3075177952755901
 20
-3.680167992125984
 30
0
 11
7.3010547244094486
 21
-3.682267992125984
 31
0
  0
LINE
  5
884
330
22
100
AcDbEntity
  8
F.Mask
  6
CONTINUOUS
100
AcDbLine
 10
7.3010547244094486
 20
-3.682267992125984
 30
0
 11
7.2943427165354331
 21
-3.6833310629921261
 31
0
  0
LINE
  5
885
330
22
100
AcDbEntity
  8
F.Mask
  6
CONTINUOUS
100
AcDbLine
 10
7.2943427165354331
 20
-3.6833310629921261
 30
0
 11
7.287547047244094
 21
-3.6833310629921261
 31
0
  0
LINE
  5
886
330
22
100
AcDbEntity
  8
F.Mask
  6
CONTINUOUS
100
AcDbLine
 10
7.287547047244094
 20
-3.6833310629921261
 30
0
 11
7.2808350393700785
 21
-3.682267992125984
 31
0
  0
LINE
  5
887
330
22
100
AcDbEntity
  8
F.Mask
  6
CONTINUOUS
100
AcDbLine
 10
7.2808350393700785
 20
-3.682267992125984
 30
0
 11
7.274371968503937
 21
-3.680167992125984
 31
0
  0
LINE
  5
888
330
22
100
AcDbEntity
  8
F.Mask
  6
CONTINUOUS
100
AcDbLine
 10
7.274371968503937
 20
-3.680167992125984
 30
0
 11
7.2683170078740158
 21
-3.6770828346456694
 31
0
  0
LINE
  5
889
330
22
100
AcDbEntity
  8
F.Mask
  6
CONTINUOUS
100
AcDbLine
 10
7.2683170078740158
 20
-3.6770828346456694
 30
0
 11
7.2628191732283467
 21
-3.6730884645669288
 31
0
  0
LINE
  5
88A
330
22
100
AcDbEntity
  8
F.Mask
  6
CONTINUOUS
100
AcDbLine
 10
7.2628191732283467
 20
-3.6730884645669288
 30
0
 11
7.2580138976377953
 21
-3.6682831889763778
 31
0
  0
LINE
  5
88B
330
22
100
AcDbEntity
  8
F.Mask
  6
CONTINUOUS
100
AcDbLine
 10
7.2580138976377953
 20
-3.6682831889763778
 30
0
 11
7.2540195275590547
 21
-3.6627853543307087
 31
0
  0
LINE
  5
88C
330
22
100
AcDbEntity
  8
F.Mask
  6
CONTINUOUS
100
AcDbLine
 10
7.2540195275590547
 20
-3.6627853543307087
 30
0
 11
7.2509343700787401
 21
-3.6567303937007871
 31
0
  0
LINE
  5
88D
330
22
100
AcDbEntity
  8
F.Mask
  6
CONTINUOUS
100
AcDbLine
 10
7.2509343700787401
 20
-3.6567303937007871
 30
0
 11
7.2488343700787397
 21
-3.6502673228346456
 31
0
  0
LINE
  5
88E
330
22
100
AcDbEntity
  8
F.Mask
  6
CONTINUOUS
100
AcDbLine
 10
7.2488343700787397
 20
-3.6502673228346456
 30
0
 11
7.247771299212598
 21
-3.6435553149606297
 31
0
  0
LINE
  5
88F
330
22
100
AcDbEntity
  8
F.Mask
  6
CONTINUOUS
100
AcDbLine
 10
7.247771299212598
 20
-3.6435553149606297
 30
0
 11
7.247771299212598
 21
-3.6367596456692914
 31
0
  0
LINE
  5
890
330
22
100
AcDbEntity
  8
F.Mask
  6
CONTINUOUS
100
AcDbLine
 10
7.247771299212598
 20
-3.6367596456692914
 30
0
 11
7.2488343700787397
 21
-3.6300476377952755
 31
0
  0
LINE
  5
891
330
22
100
AcDbEntity
  8
F.Mask
  6
CONTINUOUS
100
AcDbLine
 10
7.2488343700787397
 20
-3.6300476377952755
 30
0
 11
7.2509343700787401
 21
-3.6235845669291336
 31
0
  0
LINE
  5
892
330
22
100
AcDbEntity
  8
F.Mask
  6
CONTINUOUS
100
AcDbLine
 10
7.2509343700787401
 20
-3.6235845669291336
 30
0
 11
7.2540195275590547
 21
-3.6175296062992124
 31
0
  0
LINE
  5
893
330
22
100
AcDbEntity
  8
F.Mask
  6
CONTINUOUS
100
AcDbLine
 10
7.2540195275590547
 20
-3.6175296062992124
 30
0
 11
7.2580138976377953
 21
-3.6120317716535433
 31
0
  0
LINE
  5
894
330
22
100
AcDbEntity
  8
F.Mask
  6
CONTINUOUS
100
AcDbLine
 10
7.2580138976377953
 20
-3.6120317716535433
 30
0
 11
7.2628191732283467
 21
-3.6072264960629918
 31
0
  0
LINE
  5
895
330
22
100
AcDbEntity
  8
F.Mask
  6
CONTINUOUS
100
AcDbLine
 10
7.2628191732283467
 20
-3.6072264960629918
 30
0
 11
7.2683170078740158
 21
-3.6032321259842517
 31
0
  0
LINE
  5
896
330
22
100
AcDbEntity
  8
F.Mask
  6
CONTINUOUS
100
AcDbLine
 10
7.2683170078740158
 20
-3.6032321259842517
 30
0
 11
7.274371968503937
 21
-3.6001469685039371
 31
0
  0
LINE
  5
897
330
22
100
AcDbEntity
  8
F.Mask
  6
CONTINUOUS
100
AcDbLine
 10
7.274371968503937
 20
-3.6001469685039371
 30
0
 11
7.2808350393700785
 21
-3.5980469685039371
 31
0
  0
LINE
  5
898
330
22
100
AcDbEntity
  8
F.Mask
  6
CONTINUOUS
100
AcDbLine
 10
7.2808350393700785
 20
-3.5980469685039371
 30
0
 11
7.287547047244094
 21
-3.596983897637795
 31
0
  0
LINE
  5
899
330
22
100
AcDbEntity
  8
F.Mask
  6
CONTINUOUS
100
AcDbLine
 10
7.287547047244094
 20
-3.596983897637795
 30
0
 11
7.2943427165354331
 21
-3.596983897637795
 31
0
  0
LINE
  5
89A
330
22
100
AcDbEntity
  8
F.Mask
  6
CONTINUOUS
100
AcDbLine
 10
7.2943427165354331
 20
-3.596983897637795
 30
0
 11
7.3010547244094486
 21
-3.5980469685039371
 31
0
  0
LINE
  5
89B
330
22
100
AcDbEntity
  8
F.Mask
  6
CONTINUOUS
100
AcDbLine
 10
5.3556423228346457
 20
-3.1044918503937007
 30
0
 11
5.3620764566929129
 21
-3.1057716929133856
 31
0
  0
LINE
  5
89C
330
22
100
AcDbEntity
  8
F.Mask
  6
CONTINUOUS
100
AcDbLine
 10
5.3620764566929129
 20
-3.1057716929133856
 30
0
 11
5.3681372834645664
 21
-3.1082821653543307
 31
0
  0
LINE
  5
89D
330
22
100
AcDbEntity
  8
F.Mask
  6
CONTINUOUS
100
AcDbLine
 10
5.3681372834645664
 20
-3.1082821653543307
 30
0
 11
5.3735918897637793
 21
-3.111926811023622
 31
0
  0
LINE
  5
89E
330
22
100
AcDbEntity
  8
F.Mask
  6
CONTINUOUS
100
AcDbLine
 10
5.3735918897637793
 20
-3.111926811023622
 30
0
 11
5.3782306692913382
 21
-3.1165655905511809
 31
0
  0
LINE
  5
89F
330
22
100
AcDbEntity
  8
F.Mask
  6
CONTINUOUS
100
AcDbLine
 10
5.3782306692913382
 20
-3.1165655905511809
 30
0
 11
5.38187531496063
 21
-3.1220201968503938
 31
0
  0
LINE
  5
8A0
330
22
100
AcDbEntity
  8
F.Mask
  6
CONTINUOUS
100
AcDbLine
 10
5.38187531496063
 20
-3.1220201968503938
 30
0
 11
5.384385787401575
 21
-3.1280810236220473
 31
0
  0
LINE
  5
8A1
330
22
100
AcDbEntity
  8
F.Mask
  6
CONTINUOUS
100
AcDbLine
 10
5.384385787401575
 20
-3.1280810236220473
 30
0
 11
5.3855349606299212
 21
-3.1338582677165352
 31
0
  0
LINE
  5
8A2
330
22
100
AcDbEntity
  8
F.Mask
  6
CONTINUOUS
100
AcDbLine
 10
5.3855349606299212
 20
-3.1338582677165352
 30
0
 11
6.3814960629921256
 21
-3.1338582677165352
 31
0
  0
LINE
  5
8A3
330
22
100
AcDbEntity
  8
F.Mask
  6
CONTINUOUS
100
AcDbLine
 10
6.3814960629921256
 20
-3.1338582677165352
 30
0
 11
6.3822641338582677
 21
-3.1339338976377951
 31
0
  0
LINE
  5
8A4
330
22
100
AcDbEntity
  8
F.Mask
  6
CONTINUOUS
100
AcDbLine
 10
6.3822641338582677
 20
-3.1339338976377951
 30
0
 11
6.3836833464566931
 21
-3.1345217716535432
 31
0
  0
LINE
  5
8A5
330
22
100
AcDbEntity
  8
F.Mask
  6
CONTINUOUS
100
AcDbLine
 10
6.3836833464566931
 20
-3.1345217716535432
 30
0
 11
6.3842799606299208
 21
-3.1350113779527558
 31
0
  0
LINE
  5
8A6
330
22
100
AcDbEntity
  8
F.Mask
  6
CONTINUOUS
100
AcDbLine
 10
6.3842799606299208
 20
-3.1350113779527558
 30
0
 11
6.757748976377953
 21
-3.5084803937007871
 31
0
  0
LINE
  5
8A7
330
22
100
AcDbEntity
  8
F.Mask
  6
CONTINUOUS
100
AcDbLine
 10
6.757748976377953
 20
-3.5084803937007871
 30
0
 11
6.7628051968503939
 21
-3.5048069291338582
 31
0
  0
LINE
  5
8A8
330
22
100
AcDbEntity
  8
F.Mask
  6
CONTINUOUS
100
AcDbLine
 10
6.7628051968503939
 20
-3.5048069291338582
 30
0
 11
6.7688601574803151
 21
-3.5017217716535431
 31
0
  0
LINE
  5
8A9
330
22
100
AcDbEntity
  8
F.Mask
  6
CONTINUOUS
100
AcDbLine
 10
6.7688601574803151
 20
-3.5017217716535431
 30
0
 11
6.7753232283464566
 21
-3.4996217716535432
 31
0
  0
LINE
  5
8AA
330
22
100
AcDbEntity
  8
F.Mask
  6
CONTINUOUS
100
AcDbLine
 10
6.7753232283464566
 20
-3.4996217716535432
 30
0
 11
6.7820352362204721
 21
-3.4985587007874015
 31
0
  0
LINE
  5
8AB
330
22
100
AcDbEntity
  8
F.Mask
  6
CONTINUOUS
100
AcDbLine
 10
6.7820352362204721
 20
-3.4985587007874015
 30
0
 11
6.7888309055118112
 21
-3.4985587007874015
 31
0
  0
LINE
  5
8AC
330
22
100
AcDbEntity
  8
F.Mask
  6
CONTINUOUS
100
AcDbLine
 10
6.7888309055118112
 20
-3.4985587007874015
 30
0
 11
6.7955429133858267
 21
-3.4996217716535432
 31
0
  0
LINE
  5
8AD
330
22
100
AcDbEntity
  8
F.Mask
  6
CONTINUOUS
100
AcDbLine
 10
6.7955429133858267
 20
-3.4996217716535432
 30
0
 11
6.8020059842519682
 21
-3.5017217716535431
 31
0
  0
LINE
  5
8AE
330
22
100
AcDbEntity
  8
F.Mask
  6
CONTINUOUS
100
AcDbLine
 10
6.8020059842519682
 20
-3.5017217716535431
 30
0
 11
6.8080609448818894
 21
-3.5048069291338582
 31
0
  0
LINE
  5
8AF
330
22
100
AcDbEntity
  8
F.Mask
  6
CONTINUOUS
100
AcDbLine
 10
6.8080609448818894
 20
-3.5048069291338582
 30
0
 11
6.8135587795275585
 21
-3.5088012992125983
 31
0
  0
LINE
  5
8B0
330
22
100
AcDbEntity
  8
F.Mask
  6
CONTINUOUS
100
AcDbLine
 10
6.8135587795275585
 20
-3.5088012992125983
 30
0
 11
6.8183640551181099
 21
-3.5136065748031493
 31
0
  0
LINE
  5
8B1
330
22
100
AcDbEntity
  8
F.Mask
  6
CONTINUOUS
100
AcDbLine
 10
6.8183640551181099
 20
-3.5136065748031493
 30
0
 11
6.8223584251968505
 21
-3.5191044094488189
 31
0
  0
LINE
  5
8B2
330
22
100
AcDbEntity
  8
F.Mask
  6
CONTINUOUS
100
AcDbLine
 10
6.8223584251968505
 20
-3.5191044094488189
 30
0
 11
6.8254435826771651
 21
-3.52515937007874
 31
0
  0
LINE
  5
8B3
330
22
100
AcDbEntity
  8
F.Mask
  6
CONTINUOUS
100
AcDbLine
 10
6.8254435826771651
 20
-3.52515937007874
 30
0
 11
6.8275435826771655
 21
-3.531622440944882
 31
0
  0
LINE
  5
8B4
330
22
100
AcDbEntity
  8
F.Mask
  6
CONTINUOUS
100
AcDbLine
 10
6.8275435826771655
 20
-3.531622440944882
 30
0
 11
6.8286066535433072
 21
-3.5383344488188975
 31
0
  0
LINE
  5
8B5
330
22
100
AcDbEntity
  8
F.Mask
  6
CONTINUOUS
100
AcDbLine
 10
6.8286066535433072
 20
-3.5383344488188975
 30
0
 11
6.8286066535433072
 21
-3.5451301181102362
 31
0
  0
LINE
  5
8B6
330
22
100
AcDbEntity
  8
F.Mask
  6
CONTINUOUS
100
AcDbLine
 10
6.8286066535433072
 20
-3.5451301181102362
 30
0
 11
6.8275435826771655
 21
-3.5518421259842521
 31
0
  0
LINE
  5
8B7
330
22
100
AcDbEntity
  8
F.Mask
  6
CONTINUOUS
100
AcDbLine
 10
6.8275435826771655
 20
-3.5518421259842521
 30
0
 11
6.8254435826771651
 21
-3.5583051968503936
 31
0
  0
LINE
  5
8B8
330
22
100
AcDbEntity
  8
F.Mask
  6
CONTINUOUS
100
AcDbLine
 10
6.8254435826771651
 20
-3.5583051968503936
 30
0
 11
6.8223584251968505
 21
-3.5643601574803148
 31
0
  0
LINE
  5
8B9
330
22
100
AcDbEntity
  8
F.Mask
  6
CONTINUOUS
100
AcDbLine
 10
6.8223584251968505
 20
-3.5643601574803148
 30
0
 11
6.8183640551181099
 21
-3.5698579921259843
 31
0
  0
LINE
  5
8BA
330
22
100
AcDbEntity
  8
F.Mask
  6
CONTINUOUS
100
AcDbLine
 10
6.8183640551181099
 20
-3.5698579921259843
 30
0
 11
6.8135587795275585
 21
-3.5746632677165353
 31
0
  0
LINE
  5
8BB
330
22
100
AcDbEntity
  8
F.Mask
  6
CONTINUOUS
100
AcDbLine
 10
6.8135587795275585
 20
-3.5746632677165353
 30
0
 11
6.8080609448818894
 21
-3.5786576377952755
 31
0
  0
LINE
  5
8BC
330
22
100
AcDbEntity
  8
F.Mask
  6
CONTINUOUS
100
AcDbLine
 10
6.8080609448818894
 20
-3.5786576377952755
 30
0
 11
6.8020059842519682
 21
-3.5817427952755905
 31
0
  0
LINE
  5
8BD
330
22
100
AcDbEntity
  8
F.Mask
  6
CONTINUOUS
100
AcDbLine
 10
6.8020059842519682
 20
-3.5817427952755905
 30
0
 11
6.7955429133858267
 21
-3.5838427952755905
 31
0
  0
LINE
  5
8BE
330
22
100
AcDbEntity
  8
F.Mask
  6
CONTINUOUS
100
AcDbLine
 10
6.7955429133858267
 20
-3.5838427952755905
 30
0
 11
6.7888309055118112
 21
-3.5849058661417321
 31
0
  0
LINE
  5
8BF
330
22
100
AcDbEntity
  8
F.Mask
  6
CONTINUOUS
100
AcDbLine
 10
6.7888309055118112
 20
-3.5849058661417321
 30
0
 11
6.7820352362204721
 21
-3.5849058661417321
 31
0
  0
LINE
  5
8C0
330
22
100
AcDbEntity
  8
F.Mask
  6
CONTINUOUS
100
AcDbLine
 10
6.7820352362204721
 20
-3.5849058661417321
 30
0
 11
6.7753232283464566
 21
-3.5838427952755905
 31
0
  0
LINE
  5
8C1
330
22
100
AcDbEntity
  8
F.Mask
  6
CONTINUOUS
100
AcDbLine
 10
6.7753232283464566
 20
-3.5838427952755905
 30
0
 11
6.7688601574803151
 21
-3.5817427952755905
 31
0
  0
LINE
  5
8C2
330
22
100
AcDbEntity
  8
F.Mask
  6
CONTINUOUS
100
AcDbLine
 10
6.7688601574803151
 20
-3.5817427952755905
 30
0
 11
6.7628051968503939
 21
-3.5786576377952755
 31
0
  0
LINE
  5
8C3
330
22
100
AcDbEntity
  8
F.Mask
  6
CONTINUOUS
100
AcDbLine
 10
6.7628051968503939
 20
-3.5786576377952755
 30
0
 11
6.7573073622047239
 21
-3.5746632677165353
 31
0
  0
LINE
  5
8C4
330
22
100
AcDbEntity
  8
F.Mask
  6
CONTINUOUS
100
AcDbLine
 10
6.7573073622047239
 20
-3.5746632677165353
 30
0
 11
6.7525020866141734
 21
-3.5698579921259843
 31
0
  0
LINE
  5
8C5
330
22
100
AcDbEntity
  8
F.Mask
  6
CONTINUOUS
100
AcDbLine
 10
6.7525020866141734
 20
-3.5698579921259843
 30
0
 11
6.7485077165354328
 21
-3.5643601574803148
 31
0
  0
LINE
  5
8C6
330
22
100
AcDbEntity
  8
F.Mask
  6
CONTINUOUS
100
AcDbLine
 10
6.7485077165354328
 20
-3.5643601574803148
 30
0
 11
6.7454225590551182
 21
-3.5583051968503936
 31
0
  0
LINE
  5
8C7
330
22
100
AcDbEntity
  8
F.Mask
  6
CONTINUOUS
100
AcDbLine
 10
6.7454225590551182
 20
-3.5583051968503936
 30
0
 11
6.7433225590551178
 21
-3.5518421259842521
 31
0
  0
LINE
  5
8C8
330
22
100
AcDbEntity
  8
F.Mask
  6
CONTINUOUS
100
AcDbLine
 10
6.7433225590551178
 20
-3.5518421259842521
 30
0
 11
6.7422594881889761
 21
-3.5451301181102362
 31
0
  0
LINE
  5
8C9
330
22
100
AcDbEntity
  8
F.Mask
  6
CONTINUOUS
100
AcDbLine
 10
6.7422594881889761
 20
-3.5451301181102362
 30
0
 11
6.7422594881889761
 21
-3.5383344488188975
 31
0
  0
LINE
  5
8CA
330
22
100
AcDbEntity
  8
F.Mask
  6
CONTINUOUS
100
AcDbLine
 10
6.7422594881889761
 20
-3.5383344488188975
 30
0
 11
6.7433225590551178
 21
-3.531622440944882
 31
0
  0
LINE
  5
8CB
330
22
100
AcDbEntity
  8
F.Mask
  6
CONTINUOUS
100
AcDbLine
 10
6.7433225590551178
 20
-3.531622440944882
 30
0
 11
6.7454225590551182
 21
-3.52515937007874
 31
0
  0
LINE
  5
8CC
330
22
100
AcDbEntity
  8
F.Mask
  6
CONTINUOUS
100
AcDbLine
 10
6.7454225590551182
 20
-3.52515937007874
 30
0
 11
6.7485077165354328
 21
-3.5191044094488189
 31
0
  0
LINE
  5
8CD
330
22
100
AcDbEntity
  8
F.Mask
  6
CONTINUOUS
100
AcDbLine
 10
6.7485077165354328
 20
-3.5191044094488189
 30
0
 11
6.7521811811023618
 21
-3.5140481889763779
 31
0
  0
LINE
  5
8CE
330
22
100
AcDbEntity
  8
F.Mask
  6
CONTINUOUS
100
AcDbLine
 10
6.7521811811023618
 20
-3.5140481889763779
 30
0
 11
6.3798652755905509
 21
-3.1417322834645667
 31
0
  0
LINE
  5
8CF
330
22
100
AcDbEntity
  8
F.Mask
  6
CONTINUOUS
100
AcDbLine
 10
6.3798652755905509
 20
-3.1417322834645667
 30
0
 11
5.3855349606299212
 21
-3.1417322834645667
 31
0
  0
LINE
  5
8D0
330
22
100
AcDbEntity
  8
F.Mask
  6
CONTINUOUS
100
AcDbLine
 10
5.3855349606299212
 20
-3.1417322834645667
 30
0
 11
5.384385787401575
 21
-3.147509527559055
 31
0
  0
LINE
  5
8D1
330
22
100
AcDbEntity
  8
F.Mask
  6
CONTINUOUS
100
AcDbLine
 10
5.384385787401575
 20
-3.147509527559055
 30
0
 11
5.38187531496063
 21
-3.1535703543307085
 31
0
  0
LINE
  5
8D2
330
22
100
AcDbEntity
  8
F.Mask
  6
CONTINUOUS
100
AcDbLine
 10
5.38187531496063
 20
-3.1535703543307085
 30
0
 11
5.3782306692913382
 21
-3.159024960629921
 31
0
  0
LINE
  5
8D3
330
22
100
AcDbEntity
  8
F.Mask
  6
CONTINUOUS
100
AcDbLine
 10
5.3782306692913382
 20
-3.159024960629921
 30
0
 11
5.3735918897637793
 21
-3.1636637401574803
 31
0
  0
LINE
  5
8D4
330
22
100
AcDbEntity
  8
F.Mask
  6
CONTINUOUS
100
AcDbLine
 10
5.3735918897637793
 20
-3.1636637401574803
 30
0
 11
5.3681372834645664
 21
-3.1673083858267717
 31
0
  0
LINE
  5
8D5
330
22
100
AcDbEntity
  8
F.Mask
  6
CONTINUOUS
100
AcDbLine
 10
5.3681372834645664
 20
-3.1673083858267717
 30
0
 11
5.3620764566929129
 21
-3.1698188582677163
 31
0
  0
LINE
  5
8D6
330
22
100
AcDbEntity
  8
F.Mask
  6
CONTINUOUS
100
AcDbLine
 10
5.3620764566929129
 20
-3.1698188582677163
 30
0
 11
5.3556423228346457
 21
-3.1710987007874016
 31
0
  0
LINE
  5
8D7
330
22
100
AcDbEntity
  8
F.Mask
  6
CONTINUOUS
100
AcDbLine
 10
5.3556423228346457
 20
-3.1710987007874016
 30
0
 11
5.3523622047244093
 21
-3.1712598425196852
 31
0
  0
LINE
  5
8D8
330
22
100
AcDbEntity
  8
F.Mask
  6
CONTINUOUS
100
AcDbLine
 10
5.3523622047244093
 20
-3.1712598425196852
 30
0
 11
5.2775590551181102
 21
-3.1712598425196852
 31
0
  0
LINE
  5
8D9
330
22
100
AcDbEntity
  8
F.Mask
  6
CONTINUOUS
100
AcDbLine
 10
5.2775590551181102
 20
-3.1712598425196852
 30
0
 11
5.2742789370078738
 21
-3.1710987007874016
 31
0
  0
LINE
  5
8DA
330
22
100
AcDbEntity
  8
F.Mask
  6
CONTINUOUS
100
AcDbLine
 10
5.2742789370078738
 20
-3.1710987007874016
 30
0
 11
5.2678448031496066
 21
-3.1698188582677163
 31
0
  0
LINE
  5
8DB
330
22
100
AcDbEntity
  8
F.Mask
  6
CONTINUOUS
100
AcDbLine
 10
5.2678448031496066
 20
-3.1698188582677163
 30
0
 11
5.261783976377953
 21
-3.1673083858267717
 31
0
  0
LINE
  5
8DC
330
22
100
AcDbEntity
  8
F.Mask
  6
CONTINUOUS
100
AcDbLine
 10
5.261783976377953
 20
-3.1673083858267717
 30
0
 11
5.2563293700787401
 21
-3.1636637401574803
 31
0
  0
LINE
  5
8DD
330
22
100
AcDbEntity
  8
F.Mask
  6
CONTINUOUS
100
AcDbLine
 10
5.2563293700787401
 20
-3.1636637401574803
 30
0
 11
5.2516905905511813
 21
-3.159024960629921
 31
0
  0
LINE
  5
8DE
330
22
100
AcDbEntity
  8
F.Mask
  6
CONTINUOUS
100
AcDbLine
 10
5.2516905905511813
 20
-3.159024960629921
 30
0
 11
5.2480459448818895
 21
-3.1535703543307085
 31
0
  0
LINE
  5
8DF
330
22
100
AcDbEntity
  8
F.Mask
  6
CONTINUOUS
100
AcDbLine
 10
5.2480459448818895
 20
-3.1535703543307085
 30
0
 11
5.2455354724409444
 21
-3.147509527559055
 31
0
  0
LINE
  5
8E0
330
22
100
AcDbEntity
  8
F.Mask
  6
CONTINUOUS
100
AcDbLine
 10
5.2455354724409444
 20
-3.147509527559055
 30
0
 11
5.2442556299212599
 21
-3.1410753937007874
 31
0
  0
LINE
  5
8E1
330
22
100
AcDbEntity
  8
F.Mask
  6
CONTINUOUS
100
AcDbLine
 10
5.2442556299212599
 20
-3.1410753937007874
 30
0
 11
5.2442556299212599
 21
-3.134515157480315
 31
0
  0
LINE
  5
8E2
330
22
100
AcDbEntity
  8
F.Mask
  6
CONTINUOUS
100
AcDbLine
 10
5.2442556299212599
 20
-3.134515157480315
 30
0
 11
5.2455354724409444
 21
-3.1280810236220473
 31
0
  0
LINE
  5
8E3
330
22
100
AcDbEntity
  8
F.Mask
  6
CONTINUOUS
100
AcDbLine
 10
5.2455354724409444
 20
-3.1280810236220473
 30
0
 11
5.2480459448818895
 21
-3.1220201968503938
 31
0
  0
LINE
  5
8E4
330
22
100
AcDbEntity
  8
F.Mask
  6
CONTINUOUS
100
AcDbLine
 10
5.2480459448818895
 20
-3.1220201968503938
 30
0
 11
5.2516905905511813
 21
-3.1165655905511809
 31
0
  0
LINE
  5
8E5
330
22
100
AcDbEntity
  8
F.Mask
  6
CONTINUOUS
100
AcDbLine
 10
5.2516905905511813
 20
-3.1165655905511809
 30
0
 11
5.2563293700787401
 21
-3.111926811023622
 31
0
  0
LINE
  5
8E6
330
22
100
AcDbEntity
  8
F.Mask
  6
CONTINUOUS
100
AcDbLine
 10
5.2563293700787401
 20
-3.111926811023622
 30
0
 11
5.261783976377953
 21
-3.1082821653543307
 31
0
  0
LINE
  5
8E7
330
22
100
AcDbEntity
  8
F.Mask
  6
CONTINUOUS
100
AcDbLine
 10
5.261783976377953
 20
-3.1082821653543307
 30
0
 11
5.2678448031496066
 21
-3.1057716929133856
 31
0
  0
LINE
  5
8E8
330
22
100
AcDbEntity
  8
F.Mask
  6
CONTINUOUS
100
AcDbLine
 10
5.2678448031496066
 20
-3.1057716929133856
 30
0
 11
5.2742789370078738
 21
-3.1044918503937007
 31
0
  0
LINE
  5
8E9
330
22
100
AcDbEntity
  8
F.Mask
  6
CONTINUOUS
100
AcDbLine
 10
5.2742789370078738
 20
-3.1044918503937007
 30
0
 11
5.2775590551181102
 21
-3.1043307086614171
 31
0
  0
LINE
  5
8EA
330
22
100
AcDbEntity
  8
F.Mask
  6
CONTINUOUS
100
AcDbLine
 10
5.2775590551181102
 20
-3.1043307086614171
 30
0
 11
5.3523622047244093
 21
-3.1043307086614171
 31
0
  0
LINE
  5
8EB
330
22
100
AcDbEntity
  8
F.Mask
  6
CONTINUOUS
100
AcDbLine
 10
5.3523622047244093
 20
-3.1043307086614171
 30
0
 11
5.3556423228346457
 21
-3.1044918503937007
 31
0
  0
LINE
  5
8EC
330
22
100
AcDbEntity
  8
F.Mask
  6
CONTINUOUS
100
AcDbLine
 10
5.3556423228346457
 20
-3.0044918503937006
 30
0
 11
5.3620764566929129
 21
-3.005771692913386
 31
0
  0
LINE
  5
8ED
330
22
100
AcDbEntity
  8
F.Mask
  6
CONTINUOUS
100
AcDbLine
 10
5.3620764566929129
 20
-3.005771692913386
 30
0
 11
5.3681372834645664
 21
-3.0082821653543306
 31
0
  0
LINE
  5
8EE
330
22
100
AcDbEntity
  8
F.Mask
  6
CONTINUOUS
100
AcDbLine
 10
5.3681372834645664
 20
-3.0082821653543306
 30
0
 11
5.3735918897637793
 21
-3.0119268110236219
 31
0
  0
LINE
  5
8EF
330
22
100
AcDbEntity
  8
F.Mask
  6
CONTINUOUS
100
AcDbLine
 10
5.3735918897637793
 20
-3.0119268110236219
 30
0
 11
5.3782306692913382
 21
-3.0165655905511812
 31
0
  0
LINE
  5
8F0
330
22
100
AcDbEntity
  8
F.Mask
  6
CONTINUOUS
100
AcDbLine
 10
5.3782306692913382
 20
-3.0165655905511812
 30
0
 11
5.38187531496063
 21
-3.0220201968503937
 31
0
  0
LINE
  5
8F1
330
22
100
AcDbEntity
  8
F.Mask
  6
CONTINUOUS
100
AcDbLine
 10
5.38187531496063
 20
-3.0220201968503937
 30
0
 11
5.384385787401575
 21
-3.0280810236220472
 31
0
  0
LINE
  5
8F2
330
22
100
AcDbEntity
  8
F.Mask
  6
CONTINUOUS
100
AcDbLine
 10
5.384385787401575
 20
-3.0280810236220472
 30
0
 11
5.3856656299212595
 21
-3.0345151574803149
 31
0
  0
LINE
  5
8F3
330
22
100
AcDbEntity
  8
F.Mask
  6
CONTINUOUS
100
AcDbLine
 10
5.3856656299212595
 20
-3.0345151574803149
 30
0
 11
5.3856656299212595
 21
-3.0410753937007873
 31
0
  0
LINE
  5
8F4
330
22
100
AcDbEntity
  8
F.Mask
  6
CONTINUOUS
100
AcDbLine
 10
5.3856656299212595
 20
-3.0410753937007873
 30
0
 11
5.384385787401575
 21
-3.0475095275590549
 31
0
  0
LINE
  5
8F5
330
22
100
AcDbEntity
  8
F.Mask
  6
CONTINUOUS
100
AcDbLine
 10
5.384385787401575
 20
-3.0475095275590549
 30
0
 11
5.38187531496063
 21
-3.0535703543307084
 31
0
  0
LINE
  5
8F6
330
22
100
AcDbEntity
  8
F.Mask
  6
CONTINUOUS
100
AcDbLine
 10
5.38187531496063
 20
-3.0535703543307084
 30
0
 11
5.3782306692913382
 21
-3.0590249606299214
 31
0
  0
LINE
  5
8F7
330
22
100
AcDbEntity
  8
F.Mask
  6
CONTINUOUS
100
AcDbLine
 10
5.3782306692913382
 20
-3.0590249606299214
 30
0
 11
5.3735918897637793
 21
-3.0636637401574802
 31
0
  0
LINE
  5
8F8
330
22
100
AcDbEntity
  8
F.Mask
  6
CONTINUOUS
100
AcDbLine
 10
5.3735918897637793
 20
-3.0636637401574802
 30
0
 11
5.3681372834645664
 21
-3.0673083858267716
 31
0
  0
LINE
  5
8F9
330
22
100
AcDbEntity
  8
F.Mask
  6
CONTINUOUS
100
AcDbLine
 10
5.3681372834645664
 20
-3.0673083858267716
 30
0
 11
5.3620764566929129
 21
-3.0698188582677166
 31
0
  0
LINE
  5
8FA
330
22
100
AcDbEntity
  8
F.Mask
  6
CONTINUOUS
100
AcDbLine
 10
5.3620764566929129
 20
-3.0698188582677166
 30
0
 11
5.3556423228346457
 21
-3.0710987007874015
 31
0
  0
LINE
  5
8FB
330
22
100
AcDbEntity
  8
F.Mask
  6
CONTINUOUS
100
AcDbLine
 10
5.3556423228346457
 20
-3.0710987007874015
 30
0
 11
5.3523622047244093
 21
-3.0712598425196851
 31
0
  0
LINE
  5
8FC
330
22
100
AcDbEntity
  8
F.Mask
  6
CONTINUOUS
100
AcDbLine
 10
5.3523622047244093
 20
-3.0712598425196851
 30
0
 11
5.2775590551181102
 21
-3.0712598425196851
 31
0
  0
LINE
  5
8FD
330
22
100
AcDbEntity
  8
F.Mask
  6
CONTINUOUS
100
AcDbLine
 10
5.2775590551181102
 20
-3.0712598425196851
 30
0
 11
5.2742789370078738
 21
-3.0710987007874015
 31
0
  0
LINE
  5
8FE
330
22
100
AcDbEntity
  8
F.Mask
  6
CONTINUOUS
100
AcDbLine
 10
5.2742789370078738
 20
-3.0710987007874015
 30
0
 11
5.2678448031496066
 21
-3.0698188582677166
 31
0
  0
LINE
  5
8FF
330
22
100
AcDbEntity
  8
F.Mask
  6
CONTINUOUS
100
AcDbLine
 10
5.2678448031496066
 20
-3.0698188582677166
 30
0
 11
5.261783976377953
 21
-3.0673083858267716
 31
0
  0
LINE
  5
900
330
22
100
AcDbEntity
  8
F.Mask
  6
CONTINUOUS
100
AcDbLine
 10
5.261783976377953
 20
-3.0673083858267716
 30
0
 11
5.2563293700787401
 21
-3.0636637401574802
 31
0
  0
LINE
  5
901
330
22
100
AcDbEntity
  8
F.Mask
  6
CONTINUOUS
100
AcDbLine
 10
5.2563293700787401
 20
-3.0636637401574802
 30
0
 11
5.2558096062992128
 21
-3.0631439763779529
 31
0
  0
LINE
  5
902
330
22
100
AcDbEntity
  8
F.Mask
  6
CONTINUOUS
100
AcDbLine
 10
5.2558096062992128
 20
-3.0631439763779529
 30
0
 11
5.2362204724409445
 21
-3.0827331496062991
 31
0
  0
LINE
  5
903
330
22
100
AcDbEntity
  8
F.Mask
  6
CONTINUOUS
100
AcDbLine
 10
5.2362204724409445
 20
-3.0827331496062991
 30
0
 11
5.2362204724409445
 21
-3.1549182677165355
 31
0
  0
LINE
  5
904
330
22
100
AcDbEntity
  8
F.Mask
  6
CONTINUOUS
100
AcDbLine
 10
5.2362204724409445
 20
-3.1549182677165355
 30
0
 11
5.2604360236220469
 21
-3.1791338582677167
 31
0
  0
LINE
  5
905
330
22
100
AcDbEntity
  8
F.Mask
  6
CONTINUOUS
100
AcDbLine
 10
5.2604360236220469
 20
-3.1791338582677167
 30
0
 11
5.6681102362204721
 21
-3.1791338582677167
 31
0
  0
LINE
  5
906
330
22
100
AcDbEntity
  8
F.Mask
  6
CONTINUOUS
100
AcDbLine
 10
5.6681102362204721
 20
-3.1791338582677167
 30
0
 11
5.6688783070866142
 21
-3.1792094881889761
 31
0
  0
LINE
  5
907
330
22
100
AcDbEntity
  8
F.Mask
  6
CONTINUOUS
100
AcDbLine
 10
5.6688783070866142
 20
-3.1792094881889761
 30
0
 11
5.6702975196850396
 21
-3.1797973622047242
 31
0
  0
LINE
  5
908
330
22
100
AcDbEntity
  8
F.Mask
  6
CONTINUOUS
100
AcDbLine
 10
5.6702975196850396
 20
-3.1797973622047242
 30
0
 11
5.6708941338582672
 21
-3.1802869685039368
 31
0
  0
LINE
  5
909
330
22
100
AcDbEntity
  8
F.Mask
  6
CONTINUOUS
100
AcDbLine
 10
5.6708941338582672
 20
-3.1802869685039368
 30
0
 11
5.9975127559055119
 21
-3.506905590551181
 31
0
  0
LINE
  5
90A
330
22
100
AcDbEntity
  8
F.Mask
  6
CONTINUOUS
100
AcDbLine
 10
5.9975127559055119
 20
-3.506905590551181
 30
0
 11
6.0025689763779528
 21
-3.503232125984252
 31
0
  0
LINE
  5
90B
330
22
100
AcDbEntity
  8
F.Mask
  6
CONTINUOUS
100
AcDbLine
 10
6.0025689763779528
 20
-3.503232125984252
 30
0
 11
6.008623937007874
 21
-3.500146968503937
 31
0
  0
LINE
  5
90C
330
22
100
AcDbEntity
  8
F.Mask
  6
CONTINUOUS
100
AcDbLine
 10
6.008623937007874
 20
-3.500146968503937
 30
0
 11
6.0150870078740155
 21
-3.498046968503937
 31
0
  0
LINE
  5
90D
330
22
100
AcDbEntity
  8
F.Mask
  6
CONTINUOUS
100
AcDbLine
 10
6.0150870078740155
 20
-3.498046968503937
 30
0
 11
6.021799015748031
 21
-3.4969838976377954
 31
0
  0
LINE
  5
90E
330
22
100
AcDbEntity
  8
F.Mask
  6
CONTINUOUS
100
AcDbLine
 10
6.021799015748031
 20
-3.4969838976377954
 30
0
 11
6.0285946850393701
 21
-3.4969838976377954
 31
0
  0
LINE
  5
90F
330
22
100
AcDbEntity
  8
F.Mask
  6
CONTINUOUS
100
AcDbLine
 10
6.0285946850393701
 20
-3.4969838976377954
 30
0
 11
6.0353066929133856
 21
-3.498046968503937
 31
0
  0
LINE
  5
910
330
22
100
AcDbEntity
  8
F.Mask
  6
CONTINUOUS
100
AcDbLine
 10
6.0353066929133856
 20
-3.498046968503937
 30
0
 11
6.0417697637795271
 21
-3.500146968503937
 31
0
  0
LINE
  5
911
330
22
100
AcDbEntity
  8
F.Mask
  6
CONTINUOUS
100
AcDbLine
 10
6.0417697637795271
 20
-3.500146968503937
 30
0
 11
6.0478247244094483
 21
-3.503232125984252
 31
0
  0
LINE
  5
912
330
22
100
AcDbEntity
  8
F.Mask
  6
CONTINUOUS
100
AcDbLine
 10
6.0478247244094483
 20
-3.503232125984252
 30
0
 11
6.0533225590551183
 21
-3.5072264960629922
 31
0
  0
LINE
  5
913
330
22
100
AcDbEntity
  8
F.Mask
  6
CONTINUOUS
100
AcDbLine
 10
6.0533225590551183
 20
-3.5072264960629922
 30
0
 11
6.0581278346456688
 21
-3.5120317716535432
 31
0
  0
LINE
  5
914
330
22
100
AcDbEntity
  8
F.Mask
  6
CONTINUOUS
100
AcDbLine
 10
6.0581278346456688
 20
-3.5120317716535432
 30
0
 11
6.0621222047244094
 21
-3.5175296062992123
 31
0
  0
LINE
  5
915
330
22
100
AcDbEntity
  8
F.Mask
  6
CONTINUOUS
100
AcDbLine
 10
6.0621222047244094
 20
-3.5175296062992123
 30
0
 11
6.065207362204724
 21
-3.5235845669291339
 31
0
  0
LINE
  5
916
330
22
100
AcDbEntity
  8
F.Mask
  6
CONTINUOUS
100
AcDbLine
 10
6.065207362204724
 20
-3.5235845669291339
 30
0
 11
6.0673073622047244
 21
-3.5300476377952754
 31
0
  0
LINE
  5
917
330
22
100
AcDbEntity
  8
F.Mask
  6
CONTINUOUS
100
AcDbLine
 10
6.0673073622047244
 20
-3.5300476377952754
 30
0
 11
6.0683704330708661
 21
-3.5367596456692914
 31
0
  0
LINE
  5
918
330
22
100
AcDbEntity
  8
F.Mask
  6
CONTINUOUS
100
AcDbLine
 10
6.0683704330708661
 20
-3.5367596456692914
 30
0
 11
6.0683704330708661
 21
-3.54355531496063
 31
0
  0
LINE
  5
919
330
22
100
AcDbEntity
  8
F.Mask
  6
CONTINUOUS
100
AcDbLine
 10
6.0683704330708661
 20
-3.54355531496063
 30
0
 11
6.0673073622047244
 21
-3.5502673228346455
 31
0
  0
LINE
  5
91A
330
22
100
AcDbEntity
  8
F.Mask
  6
CONTINUOUS
100
AcDbLine
 10
6.0673073622047244
 20
-3.5502673228346455
 30
0
 11
6.065207362204724
 21
-3.5567303937007875
 31
0
  0
LINE
  5
91B
330
22
100
AcDbEntity
  8
F.Mask
  6
CONTINUOUS
100
AcDbLine
 10
6.065207362204724
 20
-3.5567303937007875
 30
0
 11
6.0621222047244094
 21
-3.5627853543307086
 31
0
  0
LINE
  5
91C
330
22
100
AcDbEntity
  8
F.Mask
  6
CONTINUOUS
100
AcDbLine
 10
6.0621222047244094
 20
-3.5627853543307086
 30
0
 11
6.0581278346456688
 21
-3.5682831889763778
 31
0
  0
LINE
  5
91D
330
22
100
AcDbEntity
  8
F.Mask
  6
CONTINUOUS
100
AcDbLine
 10
6.0581278346456688
 20
-3.5682831889763778
 30
0
 11
6.0533225590551183
 21
-3.5730884645669292
 31
0
  0
LINE
  5
91E
330
22
100
AcDbEntity
  8
F.Mask
  6
CONTINUOUS
100
AcDbLine
 10
6.0533225590551183
 20
-3.5730884645669292
 30
0
 11
6.0478247244094483
 21
-3.5770828346456693
 31
0
  0
LINE
  5
91F
330
22
100
AcDbEntity
  8
F.Mask
  6
CONTINUOUS
100
AcDbLine
 10
6.0478247244094483
 20
-3.5770828346456693
 30
0
 11
6.0417697637795271
 21
-3.5801679921259844
 31
0
  0
LINE
  5
920
330
22
100
AcDbEntity
  8
F.Mask
  6
CONTINUOUS
100
AcDbLine
 10
6.0417697637795271
 20
-3.5801679921259844
 30
0
 11
6.0353066929133856
 21
-3.5822679921259843
 31
0
  0
LINE
  5
921
330
22
100
AcDbEntity
  8
F.Mask
  6
CONTINUOUS
100
AcDbLine
 10
6.0353066929133856
 20
-3.5822679921259843
 30
0
 11
6.0285946850393701
 21
-3.583331062992126
 31
0
  0
LINE
  5
922
330
22
100
AcDbEntity
  8
F.Mask
  6
CONTINUOUS
100
AcDbLine
 10
6.0285946850393701
 20
-3.583331062992126
 30
0
 11
6.021799015748031
 21
-3.583331062992126
 31
0
  0
LINE
  5
923
330
22
100
AcDbEntity
  8
F.Mask
  6
CONTINUOUS
100
AcDbLine
 10
6.021799015748031
 20
-3.583331062992126
 30
0
 11
6.0150870078740155
 21
-3.5822679921259843
 31
0
  0
LINE
  5
924
330
22
100
AcDbEntity
  8
F.Mask
  6
CONTINUOUS
100
AcDbLine
 10
6.0150870078740155
 20
-3.5822679921259843
 30
0
 11
6.008623937007874
 21
-3.5801679921259844
 31
0
  0
LINE
  5
925
330
22
100
AcDbEntity
  8
F.Mask
  6
CONTINUOUS
100
AcDbLine
 10
6.008623937007874
 20
-3.5801679921259844
 30
0
 11
6.0025689763779528
 21
-3.5770828346456693
 31
0
  0
LINE
  5
926
330
22
100
AcDbEntity
  8
F.Mask
  6
CONTINUOUS
100
AcDbLine
 10
6.0025689763779528
 20
-3.5770828346456693
 30
0
 11
5.9970711417322837
 21
-3.5730884645669292
 31
0
  0
LINE
  5
927
330
22
100
AcDbEntity
  8
F.Mask
  6
CONTINUOUS
100
AcDbLine
 10
5.9970711417322837
 20
-3.5730884645669292
 30
0
 11
5.9922658661417323
 21
-3.5682831889763778
 31
0
  0
LINE
  5
928
330
22
100
AcDbEntity
  8
F.Mask
  6
CONTINUOUS
100
AcDbLine
 10
5.9922658661417323
 20
-3.5682831889763778
 30
0
 11
5.9882714960629917
 21
-3.5627853543307086
 31
0
  0
LINE
  5
929
330
22
100
AcDbEntity
  8
F.Mask
  6
CONTINUOUS
100
AcDbLine
 10
5.9882714960629917
 20
-3.5627853543307086
 30
0
 11
5.9851863385826771
 21
-3.5567303937007875
 31
0
  0
LINE
  5
92A
330
22
100
AcDbEntity
  8
F.Mask
  6
CONTINUOUS
100
AcDbLine
 10
5.9851863385826771
 20
-3.5567303937007875
 30
0
 11
5.9830863385826767
 21
-3.5502673228346455
 31
0
  0
LINE
  5
92B
330
22
100
AcDbEntity
  8
F.Mask
  6
CONTINUOUS
100
AcDbLine
 10
5.9830863385826767
 20
-3.5502673228346455
 30
0
 11
5.982023267716535
 21
-3.54355531496063
 31
0
  0
LINE
  5
92C
330
22
100
AcDbEntity
  8
F.Mask
  6
CONTINUOUS
100
AcDbLine
 10
5.982023267716535
 20
-3.54355531496063
 30
0
 11
5.982023267716535
 21
-3.5367596456692914
 31
0
  0
LINE
  5
92D
330
22
100
AcDbEntity
  8
F.Mask
  6
CONTINUOUS
100
AcDbLine
 10
5.982023267716535
 20
-3.5367596456692914
 30
0
 11
5.9830863385826767
 21
-3.5300476377952754
 31
0
  0
LINE
  5
92E
330
22
100
AcDbEntity
  8
F.Mask
  6
CONTINUOUS
100
AcDbLine
 10
5.9830863385826767
 20
-3.5300476377952754
 30
0
 11
5.9851863385826771
 21
-3.5235845669291339
 31
0
  0
LINE
  5
92F
330
22
100
AcDbEntity
  8
F.Mask
  6
CONTINUOUS
100
AcDbLine
 10
5.9851863385826771
 20
-3.5235845669291339
 30
0
 11
5.9882714960629917
 21
-3.5175296062992123
 31
0
  0
LINE
  5
930
330
22
100
AcDbEntity
  8
F.Mask
  6
CONTINUOUS
100
AcDbLine
 10
5.9882714960629917
 20
-3.5175296062992123
 30
0
 11
5.9919449606299215
 21
-3.5124733858267714
 31
0
  0
LINE
  5
931
330
22
100
AcDbEntity
  8
F.Mask
  6
CONTINUOUS
100
AcDbLine
 10
5.9919449606299215
 20
-3.5124733858267714
 30
0
 11
5.6664794488188974
 21
-3.1870078740157481
 31
0
  0
LINE
  5
932
330
22
100
AcDbEntity
  8
F.Mask
  6
CONTINUOUS
100
AcDbLine
 10
5.6664794488188974
 20
-3.1870078740157481
 30
0
 11
5.258805275590551
 21
-3.1870078740157481
 31
0
  0
LINE
  5
933
330
22
100
AcDbEntity
  8
F.Mask
  6
CONTINUOUS
100
AcDbLine
 10
5.258805275590551
 20
-3.1870078740157481
 30
0
 11
5.2580372047244097
 21
-3.1869322440944883
 31
0
  0
LINE
  5
934
330
22
100
AcDbEntity
  8
F.Mask
  6
CONTINUOUS
100
AcDbLine
 10
5.2580372047244097
 20
-3.1869322440944883
 30
0
 11
5.2566179921259844
 21
-3.1863444094488189
 31
0
  0
LINE
  5
935
330
22
100
AcDbEntity
  8
F.Mask
  6
CONTINUOUS
100
AcDbLine
 10
5.2566179921259844
 20
-3.1863444094488189
 30
0
 11
5.2560214173228346
 21
-3.1858547637795276
 31
0
  0
LINE
  5
936
330
22
100
AcDbEntity
  8
F.Mask
  6
CONTINUOUS
100
AcDbLine
 10
5.2560214173228346
 20
-3.1858547637795276
 30
0
 11
5.2294995669291335
 21
-3.1593329527559053
 31
0
  0
LINE
  5
937
330
22
100
AcDbEntity
  8
F.Mask
  6
CONTINUOUS
100
AcDbLine
 10
5.2294995669291335
 20
-3.1593329527559053
 30
0
 11
5.229009960629921
 21
-3.1587363385826772
 31
0
  0
LINE
  5
938
330
22
100
AcDbEntity
  8
F.Mask
  6
CONTINUOUS
100
AcDbLine
 10
5.229009960629921
 20
-3.1587363385826772
 30
0
 11
5.2284220866141728
 21
-3.1573171259842518
 31
0
  0
LINE
  5
939
330
22
100
AcDbEntity
  8
F.Mask
  6
CONTINUOUS
100
AcDbLine
 10
5.2284220866141728
 20
-3.1573171259842518
 30
0
 11
5.228346456692913
 21
-3.1565490551181101
 31
0
  0
LINE
  5
93A
330
22
100
AcDbEntity
  8
F.Mask
  6
CONTINUOUS
100
AcDbLine
 10
5.228346456692913
 20
-3.1565490551181101
 30
0
 11
5.228346456692913
 21
-3.0811023622047244
 31
0
  0
LINE
  5
93B
330
22
100
AcDbEntity
  8
F.Mask
  6
CONTINUOUS
100
AcDbLine
 10
5.228346456692913
 20
-3.0811023622047244
 30
0
 11
5.2284220866141728
 21
-3.0803342913385827
 31
0
  0
LINE
  5
93C
330
22
100
AcDbEntity
  8
F.Mask
  6
CONTINUOUS
100
AcDbLine
 10
5.2284220866141728
 20
-3.0803342913385827
 30
0
 11
5.229009960629921
 21
-3.0789150787401574
 31
0
  0
LINE
  5
93D
330
22
100
AcDbEntity
  8
F.Mask
  6
CONTINUOUS
100
AcDbLine
 10
5.229009960629921
 20
-3.0789150787401574
 30
0
 11
5.2294995669291335
 21
-3.0783184645669293
 31
0
  0
LINE
  5
93E
330
22
100
AcDbEntity
  8
F.Mask
  6
CONTINUOUS
100
AcDbLine
 10
5.2294995669291335
 20
-3.0783184645669293
 30
0
 11
5.2505299999999995
 21
-3.0572879921259841
 31
0
  0
LINE
  5
93F
330
22
100
AcDbEntity
  8
F.Mask
  6
CONTINUOUS
100
AcDbLine
 10
5.2505299999999995
 20
-3.0572879921259841
 30
0
 11
5.2480459448818895
 21
-3.0535703543307084
 31
0
  0
LINE
  5
940
330
22
100
AcDbEntity
  8
F.Mask
  6
CONTINUOUS
100
AcDbLine
 10
5.2480459448818895
 20
-3.0535703543307084
 30
0
 11
5.2455354724409444
 21
-3.0475095275590549
 31
0
  0
LINE
  5
941
330
22
100
AcDbEntity
  8
F.Mask
  6
CONTINUOUS
100
AcDbLine
 10
5.2455354724409444
 20
-3.0475095275590549
 30
0
 11
5.2442556299212599
 21
-3.0410753937007873
 31
0
  0
LINE
  5
942
330
22
100
AcDbEntity
  8
F.Mask
  6
CONTINUOUS
100
AcDbLine
 10
5.2442556299212599
 20
-3.0410753937007873
 30
0
 11
5.2442556299212599
 21
-3.0345151574803149
 31
0
  0
LINE
  5
943
330
22
100
AcDbEntity
  8
F.Mask
  6
CONTINUOUS
100
AcDbLine
 10
5.2442556299212599
 20
-3.0345151574803149
 30
0
 11
5.2455354724409444
 21
-3.0280810236220472
 31
0
  0
LINE
  5
944
330
22
100
AcDbEntity
  8
F.Mask
  6
CONTINUOUS
100
AcDbLine
 10
5.2455354724409444
 20
-3.0280810236220472
 30
0
 11
5.2480459448818895
 21
-3.0220201968503937
 31
0
  0
LINE
  5
945
330
22
100
AcDbEntity
  8
F.Mask
  6
CONTINUOUS
100
AcDbLine
 10
5.2480459448818895
 20
-3.0220201968503937
 30
0
 11
5.2516905905511813
 21
-3.0165655905511812
 31
0
  0
LINE
  5
946
330
22
100
AcDbEntity
  8
F.Mask
  6
CONTINUOUS
100
AcDbLine
 10
5.2516905905511813
 20
-3.0165655905511812
 30
0
 11
5.2563293700787401
 21
-3.0119268110236219
 31
0
  0
LINE
  5
947
330
22
100
AcDbEntity
  8
F.Mask
  6
CONTINUOUS
100
AcDbLine
 10
5.2563293700787401
 20
-3.0119268110236219
 30
0
 11
5.261783976377953
 21
-3.0082821653543306
 31
0
  0
LINE
  5
948
330
22
100
AcDbEntity
  8
F.Mask
  6
CONTINUOUS
100
AcDbLine
 10
5.261783976377953
 20
-3.0082821653543306
 30
0
 11
5.2678448031496066
 21
-3.005771692913386
 31
0
  0
LINE
  5
949
330
22
100
AcDbEntity
  8
F.Mask
  6
CONTINUOUS
100
AcDbLine
 10
5.2678448031496066
 20
-3.005771692913386
 30
0
 11
5.2742789370078738
 21
-3.0044918503937006
 31
0
  0
LINE
  5
94A
330
22
100
AcDbEntity
  8
F.Mask
  6
CONTINUOUS
100
AcDbLine
 10
5.2742789370078738
 20
-3.0044918503937006
 30
0
 11
5.2775590551181102
 21
-3.004330708661417
 31
0
  0
LINE
  5
94B
330
22
100
AcDbEntity
  8
F.Mask
  6
CONTINUOUS
100
AcDbLine
 10
5.2775590551181102
 20
-3.004330708661417
 30
0
 11
5.3523622047244093
 21
-3.004330708661417
 31
0
  0
LINE
  5
94C
330
22
100
AcDbEntity
  8
F.Mask
  6
CONTINUOUS
100
AcDbLine
 10
5.3523622047244093
 20
-3.004330708661417
 30
0
 11
5.3556423228346457
 21
-3.0044918503937006
 31
0
  0
LINE
  5
94D
330
22
100
AcDbEntity
  8
F.Mask
  6
CONTINUOUS
100
AcDbLine
 10
6.8090318110236216
 20
-2.7347212992125982
 30
0
 11
6.810451023622047
 21
-2.7353091732283463
 31
0
  0
LINE
  5
94E
330
22
100
AcDbEntity
  8
F.Mask
  6
CONTINUOUS
100
AcDbLine
 10
6.810451023622047
 20
-2.7353091732283463
 30
0
 11
6.8110476377952756
 21
-2.7357987795275589
 31
0
  0
LINE
  5
94F
330
22
100
AcDbEntity
  8
F.Mask
  6
CONTINUOUS
100
AcDbLine
 10
6.8110476377952756
 20
-2.7357987795275589
 30
0
 11
7.5437287795275587
 21
-3.4684799212598425
 31
0
  0
LINE
  5
950
330
22
100
AcDbEntity
  8
F.Mask
  6
CONTINUOUS
100
AcDbLine
 10
7.5437287795275587
 20
-3.4684799212598425
 30
0
 11
7.5442183858267713
 21
-3.4690764960629918
 31
0
  0
LINE
  5
951
330
22
100
AcDbEntity
  8
F.Mask
  6
CONTINUOUS
100
AcDbLine
 10
7.5442183858267713
 20
-3.4690764960629918
 30
0
 11
7.5442183858267713
 21
-3.4690765354330706
 31
0
  0
LINE
  5
952
330
22
100
AcDbEntity
  8
F.Mask
  6
CONTINUOUS
100
AcDbLine
 10
7.5442183858267713
 20
-3.4690765354330706
 30
0
 11
7.5448062598425194
 21
-3.470495748031496
 31
0
  0
LINE
  5
953
330
22
100
AcDbEntity
  8
F.Mask
  6
CONTINUOUS
100
AcDbLine
 10
7.5448062598425194
 20
-3.470495748031496
 30
0
 11
7.5448818897637793
 21
-3.4712638188976377
 31
0
  0
LINE
  5
954
330
22
100
AcDbEntity
  8
F.Mask
  6
CONTINUOUS
100
AcDbLine
 10
7.5448818897637793
 20
-3.4712638188976377
 30
0
 11
7.5448818897637793
 21
-3.4970692913385828
 31
0
  0
LINE
  5
955
330
22
100
AcDbEntity
  8
F.Mask
  6
CONTINUOUS
100
AcDbLine
 10
7.5448818897637793
 20
-3.4970692913385828
 30
0
 11
7.5510547244094486
 21
-3.498046968503937
 31
0
  0
LINE
  5
956
330
22
100
AcDbEntity
  8
F.Mask
  6
CONTINUOUS
100
AcDbLine
 10
7.5510547244094486
 20
-3.498046968503937
 30
0
 11
7.5575177952755901
 21
-3.500146968503937
 31
0
  0
LINE
  5
957
330
22
100
AcDbEntity
  8
F.Mask
  6
CONTINUOUS
100
AcDbLine
 10
7.5575177952755901
 20
-3.500146968503937
 30
0
 11
7.5635727559055113
 21
-3.503232125984252
 31
0
  0
LINE
  5
958
330
22
100
AcDbEntity
  8
F.Mask
  6
CONTINUOUS
100
AcDbLine
 10
7.5635727559055113
 20
-3.503232125984252
 30
0
 11
7.5690705905511813
 21
-3.5072264960629922
 31
0
  0
LINE
  5
959
330
22
100
AcDbEntity
  8
F.Mask
  6
CONTINUOUS
100
AcDbLine
 10
7.5690705905511813
 20
-3.5072264960629922
 30
0
 11
7.5738758661417318
 21
-3.5120317716535432
 31
0
  0
LINE
  5
95A
330
22
100
AcDbEntity
  8
F.Mask
  6
CONTINUOUS
100
AcDbLine
 10
7.5738758661417318
 20
-3.5120317716535432
 30
0
 11
7.5778702362204724
 21
-3.5175296062992123
 31
0
  0
LINE
  5
95B
330
22
100
AcDbEntity
  8
F.Mask
  6
CONTINUOUS
100
AcDbLine
 10
7.5778702362204724
 20
-3.5175296062992123
 30
0
 11
7.580955393700787
 21
-3.5235845669291339
 31
0
  0
LINE
  5
95C
330
22
100
AcDbEntity
  8
F.Mask
  6
CONTINUOUS
100
AcDbLine
 10
7.580955393700787
 20
-3.5235845669291339
 30
0
 11
7.5830553937007874
 21
-3.5300476377952754
 31
0
  0
LINE
  5
95D
330
22
100
AcDbEntity
  8
F.Mask
  6
CONTINUOUS
100
AcDbLine
 10
7.5830553937007874
 20
-3.5300476377952754
 30
0
 11
7.5841184645669291
 21
-3.5367596456692914
 31
0
  0
LINE
  5
95E
330
22
100
AcDbEntity
  8
F.Mask
  6
CONTINUOUS
100
AcDbLine
 10
7.5841184645669291
 20
-3.5367596456692914
 30
0
 11
7.5841184645669291
 21
-3.54355531496063
 31
0
  0
LINE
  5
95F
330
22
100
AcDbEntity
  8
F.Mask
  6
CONTINUOUS
100
AcDbLine
 10
7.5841184645669291
 20
-3.54355531496063
 30
0
 11
7.5830553937007874
 21
-3.5502673228346455
 31
0
  0
LINE
  5
960
330
22
100
AcDbEntity
  8
F.Mask
  6
CONTINUOUS
100
AcDbLine
 10
7.5830553937007874
 20
-3.5502673228346455
 30
0
 11
7.580955393700787
 21
-3.5567303937007875
 31
0
  0
LINE
  5
961
330
22
100
AcDbEntity
  8
F.Mask
  6
CONTINUOUS
100
AcDbLine
 10
7.580955393700787
 20
-3.5567303937007875
 30
0
 11
7.5778702362204724
 21
-3.5627853543307086
 31
0
  0
LINE
  5
962
330
22
100
AcDbEntity
  8
F.Mask
  6
CONTINUOUS
100
AcDbLine
 10
7.5778702362204724
 20
-3.5627853543307086
 30
0
 11
7.5738758661417318
 21
-3.5682831889763778
 31
0
  0
LINE
  5
963
330
22
100
AcDbEntity
  8
F.Mask
  6
CONTINUOUS
100
AcDbLine
 10
7.5738758661417318
 20
-3.5682831889763778
 30
0
 11
7.5690705905511813
 21
-3.5730884645669292
 31
0
  0
LINE
  5
964
330
22
100
AcDbEntity
  8
F.Mask
  6
CONTINUOUS
100
AcDbLine
 10
7.5690705905511813
 20
-3.5730884645669292
 30
0
 11
7.5635727559055113
 21
-3.5770828346456693
 31
0
  0
LINE
  5
965
330
22
100
AcDbEntity
  8
F.Mask
  6
CONTINUOUS
100
AcDbLine
 10
7.5635727559055113
 20
-3.5770828346456693
 30
0
 11
7.5575177952755901
 21
-3.5801679921259844
 31
0
  0
LINE
  5
966
330
22
100
AcDbEntity
  8
F.Mask
  6
CONTINUOUS
100
AcDbLine
 10
7.5575177952755901
 20
-3.5801679921259844
 30
0
 11
7.5510547244094486
 21
-3.5822679921259843
 31
0
  0
LINE
  5
967
330
22
100
AcDbEntity
  8
F.Mask
  6
CONTINUOUS
100
AcDbLine
 10
7.5510547244094486
 20
-3.5822679921259843
 30
0
 11
7.5443427165354331
 21
-3.583331062992126
 31
0
  0
LINE
  5
968
330
22
100
AcDbEntity
  8
F.Mask
  6
CONTINUOUS
100
AcDbLine
 10
7.5443427165354331
 20
-3.583331062992126
 30
0
 11
7.537547047244094
 21
-3.583331062992126
 31
0
  0
LINE
  5
969
330
22
100
AcDbEntity
  8
F.Mask
  6
CONTINUOUS
100
AcDbLine
 10
7.537547047244094
 20
-3.583331062992126
 30
0
 11
7.5308350393700785
 21
-3.5822679921259843
 31
0
  0
LINE
  5
96A
330
22
100
AcDbEntity
  8
F.Mask
  6
CONTINUOUS
100
AcDbLine
 10
7.5308350393700785
 20
-3.5822679921259843
 30
0
 11
7.524371968503937
 21
-3.5801679921259844
 31
0
  0
LINE
  5
96B
330
22
100
AcDbEntity
  8
F.Mask
  6
CONTINUOUS
100
AcDbLine
 10
7.524371968503937
 20
-3.5801679921259844
 30
0
 11
7.5183170078740158
 21
-3.5770828346456693
 31
0
  0
LINE
  5
96C
330
22
100
AcDbEntity
  8
F.Mask
  6
CONTINUOUS
100
AcDbLine
 10
7.5183170078740158
 20
-3.5770828346456693
 30
0
 11
7.5128191732283467
 21
-3.5730884645669292
 31
0
  0
LINE
  5
96D
330
22
100
AcDbEntity
  8
F.Mask
  6
CONTINUOUS
100
AcDbLine
 10
7.5128191732283467
 20
-3.5730884645669292
 30
0
 11
7.5080138976377953
 21
-3.5682831889763778
 31
0
  0
LINE
  5
96E
330
22
100
AcDbEntity
  8
F.Mask
  6
CONTINUOUS
100
AcDbLine
 10
7.5080138976377953
 20
-3.5682831889763778
 30
0
 11
7.5040195275590547
 21
-3.5627853543307086
 31
0
  0
LINE
  5
96F
330
22
100
AcDbEntity
  8
F.Mask
  6
CONTINUOUS
100
AcDbLine
 10
7.5040195275590547
 20
-3.5627853543307086
 30
0
 11
7.5009343700787401
 21
-3.5567303937007875
 31
0
  0
LINE
  5
970
330
22
100
AcDbEntity
  8
F.Mask
  6
CONTINUOUS
100
AcDbLine
 10
7.5009343700787401
 20
-3.5567303937007875
 30
0
 11
7.4988343700787397
 21
-3.5502673228346455
 31
0
  0
LINE
  5
971
330
22
100
AcDbEntity
  8
F.Mask
  6
CONTINUOUS
100
AcDbLine
 10
7.4988343700787397
 20
-3.5502673228346455
 30
0
 11
7.497771299212598
 21
-3.54355531496063
 31
0
  0
LINE
  5
972
330
22
100
AcDbEntity
  8
F.Mask
  6
CONTINUOUS
100
AcDbLine
 10
7.497771299212598
 20
-3.54355531496063
 30
0
 11
7.497771299212598
 21
-3.5367596456692914
 31
0
  0
LINE
  5
973
330
22
100
AcDbEntity
  8
F.Mask
  6
CONTINUOUS
100
AcDbLine
 10
7.497771299212598
 20
-3.5367596456692914
 30
0
 11
7.4988343700787397
 21
-3.5300476377952754
 31
0
  0
LINE
  5
974
330
22
100
AcDbEntity
  8
F.Mask
  6
CONTINUOUS
100
AcDbLine
 10
7.4988343700787397
 20
-3.5300476377952754
 30
0
 11
7.5009343700787401
 21
-3.5235845669291339
 31
0
  0
LINE
  5
975
330
22
100
AcDbEntity
  8
F.Mask
  6
CONTINUOUS
100
AcDbLine
 10
7.5009343700787401
 20
-3.5235845669291339
 30
0
 11
7.5040195275590547
 21
-3.5175296062992123
 31
0
  0
LINE
  5
976
330
22
100
AcDbEntity
  8
F.Mask
  6
CONTINUOUS
100
AcDbLine
 10
7.5040195275590547
 20
-3.5175296062992123
 30
0
 11
7.5080138976377953
 21
-3.5120317716535432
 31
0
  0
LINE
  5
977
330
22
100
AcDbEntity
  8
F.Mask
  6
CONTINUOUS
100
AcDbLine
 10
7.5080138976377953
 20
-3.5120317716535432
 30
0
 11
7.5128191732283467
 21
-3.5072264960629922
 31
0
  0
LINE
  5
978
330
22
100
AcDbEntity
  8
F.Mask
  6
CONTINUOUS
100
AcDbLine
 10
7.5128191732283467
 20
-3.5072264960629922
 30
0
 11
7.5183170078740158
 21
-3.503232125984252
 31
0
  0
LINE
  5
979
330
22
100
AcDbEntity
  8
F.Mask
  6
CONTINUOUS
100
AcDbLine
 10
7.5183170078740158
 20
-3.503232125984252
 30
0
 11
7.524371968503937
 21
-3.500146968503937
 31
0
  0
LINE
  5
97A
330
22
100
AcDbEntity
  8
F.Mask
  6
CONTINUOUS
100
AcDbLine
 10
7.524371968503937
 20
-3.500146968503937
 30
0
 11
7.5308350393700785
 21
-3.498046968503937
 31
0
  0
LINE
  5
97B
330
22
100
AcDbEntity
  8
F.Mask
  6
CONTINUOUS
100
AcDbLine
 10
7.5308350393700785
 20
-3.498046968503937
 30
0
 11
7.5370078740157478
 21
-3.4970692913385828
 31
0
  0
LINE
  5
97C
330
22
100
AcDbEntity
  8
F.Mask
  6
CONTINUOUS
100
AcDbLine
 10
7.5370078740157478
 20
-3.4970692913385828
 30
0
 11
7.5370078740157478
 21
-3.4728946062992123
 31
0
  0
LINE
  5
97D
330
22
100
AcDbEntity
  8
F.Mask
  6
CONTINUOUS
100
AcDbLine
 10
7.5370078740157478
 20
-3.4728946062992123
 30
0
 11
6.8066329527559057
 21
-2.7425196850393698
 31
0
  0
LINE
  5
97E
330
22
100
AcDbEntity
  8
F.Mask
  6
CONTINUOUS
100
AcDbLine
 10
6.8066329527559057
 20
-2.7425196850393698
 30
0
 11
5.4192034645669294
 21
-2.7425196850393698
 31
0
  0
LINE
  5
97F
330
22
100
AcDbEntity
  8
F.Mask
  6
CONTINUOUS
100
AcDbLine
 10
5.4192034645669294
 20
-2.7425196850393698
 30
0
 11
5.3572490551181104
 21
-2.80447405511811
 31
0
  0
LINE
  5
980
330
22
100
AcDbEntity
  8
F.Mask
  6
CONTINUOUS
100
AcDbLine
 10
5.3572490551181104
 20
-2.80447405511811
 30
0
 11
5.3576108267716531
 21
-2.8044918503937009
 31
0
  0
LINE
  5
981
330
22
100
AcDbEntity
  8
F.Mask
  6
CONTINUOUS
100
AcDbLine
 10
5.3576108267716531
 20
-2.8044918503937009
 30
0
 11
5.3640449606299212
 21
-2.8057716929133858
 31
0
  0
LINE
  5
982
330
22
100
AcDbEntity
  8
F.Mask
  6
CONTINUOUS
100
AcDbLine
 10
5.3640449606299212
 20
-2.8057716929133858
 30
0
 11
5.3701057874015747
 21
-2.8082821653543308
 31
0
  0
LINE
  5
983
330
22
100
AcDbEntity
  8
F.Mask
  6
CONTINUOUS
100
AcDbLine
 10
5.3701057874015747
 20
-2.8082821653543308
 30
0
 11
5.3755603937007876
 21
-2.8119268110236222
 31
0
  0
LINE
  5
984
330
22
100
AcDbEntity
  8
F.Mask
  6
CONTINUOUS
100
AcDbLine
 10
5.3755603937007876
 20
-2.8119268110236222
 30
0
 11
5.3801991732283465
 21
-2.8165655905511811
 31
0
  0
LINE
  5
985
330
22
100
AcDbEntity
  8
F.Mask
  6
CONTINUOUS
100
AcDbLine
 10
5.3801991732283465
 20
-2.8165655905511811
 30
0
 11
5.3838438188976374
 21
-2.8220201968503935
 31
0
  0
LINE
  5
986
330
22
100
AcDbEntity
  8
F.Mask
  6
CONTINUOUS
100
AcDbLine
 10
5.3838438188976374
 20
-2.8220201968503935
 30
0
 11
5.3863542913385825
 21
-2.8280810236220471
 31
0
  0
LINE
  5
987
330
22
100
AcDbEntity
  8
F.Mask
  6
CONTINUOUS
100
AcDbLine
 10
5.3863542913385825
 20
-2.8280810236220471
 30
0
 11
5.3876341338582678
 21
-2.8345151574803147
 31
0
  0
LINE
  5
988
330
22
100
AcDbEntity
  8
F.Mask
  6
CONTINUOUS
100
AcDbLine
 10
5.3876341338582678
 20
-2.8345151574803147
 30
0
 11
5.3876341338582678
 21
-2.8410753937007875
 31
0
  0
LINE
  5
989
330
22
100
AcDbEntity
  8
F.Mask
  6
CONTINUOUS
100
AcDbLine
 10
5.3876341338582678
 20
-2.8410753937007875
 30
0
 11
5.3863542913385825
 21
-2.8475095275590552
 31
0
  0
LINE
  5
98A
330
22
100
AcDbEntity
  8
F.Mask
  6
CONTINUOUS
100
AcDbLine
 10
5.3863542913385825
 20
-2.8475095275590552
 30
0
 11
5.3838438188976374
 21
-2.8535703543307087
 31
0
  0
LINE
  5
98B
330
22
100
AcDbEntity
  8
F.Mask
  6
CONTINUOUS
100
AcDbLine
 10
5.3838438188976374
 20
-2.8535703543307087
 30
0
 11
5.3801991732283465
 21
-2.8590249606299212
 31
0
  0
LINE
  5
98C
330
22
100
AcDbEntity
  8
F.Mask
  6
CONTINUOUS
100
AcDbLine
 10
5.3801991732283465
 20
-2.8590249606299212
 30
0
 11
5.3755603937007876
 21
-2.86366374015748
 31
0
  0
LINE
  5
98D
330
22
100
AcDbEntity
  8
F.Mask
  6
CONTINUOUS
100
AcDbLine
 10
5.3755603937007876
 20
-2.86366374015748
 30
0
 11
5.3701057874015747
 21
-2.8673083858267714
 31
0
  0
LINE
  5
98E
330
22
100
AcDbEntity
  8
F.Mask
  6
CONTINUOUS
100
AcDbLine
 10
5.3701057874015747
 20
-2.8673083858267714
 30
0
 11
5.3640449606299212
 21
-2.8698188582677164
 31
0
  0
LINE
  5
98F
330
22
100
AcDbEntity
  8
F.Mask
  6
CONTINUOUS
100
AcDbLine
 10
5.3640449606299212
 20
-2.8698188582677164
 30
0
 11
5.3576108267716531
 21
-2.8710987007874014
 31
0
  0
LINE
  5
990
330
22
100
AcDbEntity
  8
F.Mask
  6
CONTINUOUS
100
AcDbLine
 10
5.3576108267716531
 20
-2.8710987007874014
 30
0
 11
5.3543307086614176
 21
-2.8712598425196849
 31
0
  0
LINE
  5
991
330
22
100
AcDbEntity
  8
F.Mask
  6
CONTINUOUS
100
AcDbLine
 10
5.3543307086614176
 20
-2.8712598425196849
 30
0
 11
5.2755905511811019
 21
-2.8712598425196849
 31
0
  0
LINE
  5
992
330
22
100
AcDbEntity
  8
F.Mask
  6
CONTINUOUS
100
AcDbLine
 10
5.2755905511811019
 20
-2.8712598425196849
 30
0
 11
5.2723104330708663
 21
-2.8710987007874014
 31
0
  0
LINE
  5
993
330
22
100
AcDbEntity
  8
F.Mask
  6
CONTINUOUS
100
AcDbLine
 10
5.2723104330708663
 20
-2.8710987007874014
 30
0
 11
5.2658762992125983
 21
-2.8698188582677164
 31
0
  0
LINE
  5
994
330
22
100
AcDbEntity
  8
F.Mask
  6
CONTINUOUS
100
AcDbLine
 10
5.2658762992125983
 20
-2.8698188582677164
 30
0
 11
5.2598154724409447
 21
-2.8673083858267714
 31
0
  0
LINE
  5
995
330
22
100
AcDbEntity
  8
F.Mask
  6
CONTINUOUS
100
AcDbLine
 10
5.2598154724409447
 20
-2.8673083858267714
 30
0
 11
5.2543608661417318
 21
-2.86366374015748
 31
0
  0
LINE
  5
996
330
22
100
AcDbEntity
  8
F.Mask
  6
CONTINUOUS
100
AcDbLine
 10
5.2543608661417318
 20
-2.86366374015748
 30
0
 11
5.2497220866141729
 21
-2.8590249606299212
 31
0
  0
LINE
  5
997
330
22
100
AcDbEntity
  8
F.Mask
  6
CONTINUOUS
100
AcDbLine
 10
5.2497220866141729
 20
-2.8590249606299212
 30
0
 11
5.246077440944882
 21
-2.8535703543307087
 31
0
  0
LINE
  5
998
330
22
100
AcDbEntity
  8
F.Mask
  6
CONTINUOUS
100
AcDbLine
 10
5.246077440944882
 20
-2.8535703543307087
 30
0
 11
5.243566968503937
 21
-2.8475095275590552
 31
0
  0
LINE
  5
999
330
22
100
AcDbEntity
  8
F.Mask
  6
CONTINUOUS
100
AcDbLine
 10
5.243566968503937
 20
-2.8475095275590552
 30
0
 11
5.2422871259842516
 21
-2.8410753937007875
 31
0
  0
LINE
  5
99A
330
22
100
AcDbEntity
  8
F.Mask
  6
CONTINUOUS
100
AcDbLine
 10
5.2422871259842516
 20
-2.8410753937007875
 30
0
 11
5.2422871259842516
 21
-2.8345151574803147
 31
0
  0
LINE
  5
99B
330
22
100
AcDbEntity
  8
F.Mask
  6
CONTINUOUS
100
AcDbLine
 10
5.2422871259842516
 20
-2.8345151574803147
 30
0
 11
5.243566968503937
 21
-2.8280810236220471
 31
0
  0
LINE
  5
99C
330
22
100
AcDbEntity
  8
F.Mask
  6
CONTINUOUS
100
AcDbLine
 10
5.243566968503937
 20
-2.8280810236220471
 30
0
 11
5.246077440944882
 21
-2.8220201968503935
 31
0
  0
LINE
  5
99D
330
22
100
AcDbEntity
  8
F.Mask
  6
CONTINUOUS
100
AcDbLine
 10
5.246077440944882
 20
-2.8220201968503935
 30
0
 11
5.2497220866141729
 21
-2.8165655905511811
 31
0
  0
LINE
  5
99E
330
22
100
AcDbEntity
  8
F.Mask
  6
CONTINUOUS
100
AcDbLine
 10
5.2497220866141729
 20
-2.8165655905511811
 30
0
 11
5.2543608661417318
 21
-2.8119268110236222
 31
0
  0
LINE
  5
99F
330
22
100
AcDbEntity
  8
F.Mask
  6
CONTINUOUS
100
AcDbLine
 10
5.2543608661417318
 20
-2.8119268110236222
 30
0
 11
5.2598154724409447
 21
-2.8082821653543308
 31
0
  0
LINE
  5
9A0
330
22
100
AcDbEntity
  8
F.Mask
  6
CONTINUOUS
100
AcDbLine
 10
5.2598154724409447
 20
-2.8082821653543308
 30
0
 11
5.2658762992125983
 21
-2.8057716929133858
 31
0
  0
LINE
  5
9A1
330
22
100
AcDbEntity
  8
F.Mask
  6
CONTINUOUS
100
AcDbLine
 10
5.2658762992125983
 20
-2.8057716929133858
 30
0
 11
5.2723104330708663
 21
-2.8044918503937009
 31
0
  0
LINE
  5
9A2
330
22
100
AcDbEntity
  8
F.Mask
  6
CONTINUOUS
100
AcDbLine
 10
5.2723104330708663
 20
-2.8044918503937009
 30
0
 11
5.2755905511811019
 21
-2.8043307086614173
 31
0
  0
LINE
  5
9A3
330
22
100
AcDbEntity
  8
F.Mask
  6
CONTINUOUS
100
AcDbLine
 10
5.2755905511811019
 20
-2.8043307086614173
 30
0
 11
5.3462568503937007
 21
-2.8043307086614173
 31
0
  0
LINE
  5
9A4
330
22
100
AcDbEntity
  8
F.Mask
  6
CONTINUOUS
100
AcDbLine
 10
5.3462568503937007
 20
-2.8043307086614173
 30
0
 11
5.4147887795275587
 21
-2.7357987795275589
 31
0
  0
LINE
  5
9A5
330
22
100
AcDbEntity
  8
F.Mask
  6
CONTINUOUS
100
AcDbLine
 10
5.4147887795275587
 20
-2.7357987795275589
 30
0
 11
5.4153853543307084
 21
-2.7353091732283463
 31
0
  0
LINE
  5
9A6
330
22
100
AcDbEntity
  8
F.Mask
  6
CONTINUOUS
100
AcDbLine
 10
5.4153853543307084
 20
-2.7353091732283463
 30
0
 11
5.4158010236220475
 21
-2.7351369685039368
 31
0
  0
LINE
  5
9A7
330
22
100
AcDbEntity
  8
F.Mask
  6
CONTINUOUS
100
AcDbLine
 10
5.4158010236220475
 20
-2.7351369685039368
 30
0
 11
5.4168046062992126
 21
-2.7347212992125982
 31
0
  0
LINE
  5
9A8
330
22
100
AcDbEntity
  8
F.Mask
  6
CONTINUOUS
100
AcDbLine
 10
5.4168046062992126
 20
-2.7347212992125982
 30
0
 11
5.4175726771653538
 21
-2.7346456692913383
 31
0
  0
LINE
  5
9A9
330
22
100
AcDbEntity
  8
F.Mask
  6
CONTINUOUS
100
AcDbLine
 10
5.4175726771653538
 20
-2.7346456692913383
 30
0
 11
6.8082637401574804
 21
-2.7346456692913383
 31
0
  0
LINE
  5
9AA
330
22
100
AcDbEntity
  8
F.Mask
  6
CONTINUOUS
100
AcDbLine
 10
6.8082637401574804
 20
-2.7346456692913383
 30
0
 11
6.8090318110236216
 21
-2.7347212992125982
 31
0
  0
LINE
  5
9AB
330
22
100
AcDbEntity
  8
F.Mask
  6
CONTINUOUS
100
AcDbLine
 10
4.676508464566929
 20
-3.2044918503937008
 30
0
 11
4.6829425984251971
 21
-3.2057716929133857
 31
0
  0
LINE
  5
9AC
330
22
100
AcDbEntity
  8
F.Mask
  6
CONTINUOUS
100
AcDbLine
 10
4.6829425984251971
 20
-3.2057716929133857
 30
0
 11
4.6890034251968506
 21
-3.2082821653543308
 31
0
  0
LINE
  5
9AD
330
22
100
AcDbEntity
  8
F.Mask
  6
CONTINUOUS
100
AcDbLine
 10
4.6890034251968506
 20
-3.2082821653543308
 30
0
 11
4.6944580314960627
 21
-3.2119268110236221
 31
0
  0
LINE
  5
9AE
330
22
100
AcDbEntity
  8
F.Mask
  6
CONTINUOUS
100
AcDbLine
 10
4.6944580314960627
 20
-3.2119268110236221
 30
0
 11
4.6990968110236215
 21
-3.216565590551181
 31
0
  0
LINE
  5
9AF
330
22
100
AcDbEntity
  8
F.Mask
  6
CONTINUOUS
100
AcDbLine
 10
4.6990968110236215
 20
-3.216565590551181
 30
0
 11
4.7027414566929133
 21
-3.2220201968503934
 31
0
  0
LINE
  5
9B0
330
22
100
AcDbEntity
  8
F.Mask
  6
CONTINUOUS
100
AcDbLine
 10
4.7027414566929133
 20
-3.2220201968503934
 30
0
 11
4.7052519291338584
 21
-3.228081023622047
 31
0
  0
LINE
  5
9B1
330
22
100
AcDbEntity
  8
F.Mask
  6
CONTINUOUS
100
AcDbLine
 10
4.7052519291338584
 20
-3.228081023622047
 30
0
 11
4.7065317716535429
 21
-3.234515157480315
 31
0
  0
LINE
  5
9B2
330
22
100
AcDbEntity
  8
F.Mask
  6
CONTINUOUS
100
AcDbLine
 10
4.7065317716535429
 20
-3.234515157480315
 30
0
 11
4.7065317716535429
 21
-3.2410753937007875
 31
0
  0
LINE
  5
9B3
330
22
100
AcDbEntity
  8
F.Mask
  6
CONTINUOUS
100
AcDbLine
 10
4.7065317716535429
 20
-3.2410753937007875
 30
0
 11
4.7052519291338584
 21
-3.2475095275590551
 31
0
  0
LINE
  5
9B4
330
22
100
AcDbEntity
  8
F.Mask
  6
CONTINUOUS
100
AcDbLine
 10
4.7052519291338584
 20
-3.2475095275590551
 30
0
 11
4.7027414566929133
 21
-3.2535703543307086
 31
0
  0
LINE
  5
9B5
330
22
100
AcDbEntity
  8
F.Mask
  6
CONTINUOUS
100
AcDbLine
 10
4.7027414566929133
 20
-3.2535703543307086
 30
0
 11
4.6990968110236215
 21
-3.2590249606299211
 31
0
  0
LINE
  5
9B6
330
22
100
AcDbEntity
  8
F.Mask
  6
CONTINUOUS
100
AcDbLine
 10
4.6990968110236215
 20
-3.2590249606299211
 30
0
 11
4.6944580314960627
 21
-3.2636637401574804
 31
0
  0
LINE
  5
9B7
330
22
100
AcDbEntity
  8
F.Mask
  6
CONTINUOUS
100
AcDbLine
 10
4.6944580314960627
 20
-3.2636637401574804
 30
0
 11
4.6890034251968506
 21
-3.2673083858267717
 31
0
  0
LINE
  5
9B8
330
22
100
AcDbEntity
  8
F.Mask
  6
CONTINUOUS
100
AcDbLine
 10
4.6890034251968506
 20
-3.2673083858267717
 30
0
 11
4.6829425984251971
 21
-3.2698188582677163
 31
0
  0
LINE
  5
9B9
330
22
100
AcDbEntity
  8
F.Mask
  6
CONTINUOUS
100
AcDbLine
 10
4.6829425984251971
 20
-3.2698188582677163
 30
0
 11
4.676508464566929
 21
-3.2710987007874013
 31
0
  0
LINE
  5
9BA
330
22
100
AcDbEntity
  8
F.Mask
  6
CONTINUOUS
100
AcDbLine
 10
4.676508464566929
 20
-3.2710987007874013
 30
0
 11
4.6732283464566926
 21
-3.2712598425196848
 31
0
  0
LINE
  5
9BB
330
22
100
AcDbEntity
  8
F.Mask
  6
CONTINUOUS
100
AcDbLine
 10
4.6732283464566926
 20
-3.2712598425196848
 30
0
 11
4.5984251968503935
 21
-3.2712598425196848
 31
0
  0
LINE
  5
9BC
330
22
100
AcDbEntity
  8
F.Mask
  6
CONTINUOUS
100
AcDbLine
 10
4.5984251968503935
 20
-3.2712598425196848
 30
0
 11
4.5951450787401571
 21
-3.2710987007874013
 31
0
  0
LINE
  5
9BD
330
22
100
AcDbEntity
  8
F.Mask
  6
CONTINUOUS
100
AcDbLine
 10
4.5951450787401571
 20
-3.2710987007874013
 30
0
 11
4.5887109448818899
 21
-3.2698188582677163
 31
0
  0
LINE
  5
9BE
330
22
100
AcDbEntity
  8
F.Mask
  6
CONTINUOUS
100
AcDbLine
 10
4.5887109448818899
 20
-3.2698188582677163
 30
0
 11
4.5826501181102364
 21
-3.2673083858267717
 31
0
  0
LINE
  5
9BF
330
22
100
AcDbEntity
  8
F.Mask
  6
CONTINUOUS
100
AcDbLine
 10
4.5826501181102364
 20
-3.2673083858267717
 30
0
 11
4.5771955118110235
 21
-3.2636637401574804
 31
0
  0
LINE
  5
9C0
330
22
100
AcDbEntity
  8
F.Mask
  6
CONTINUOUS
100
AcDbLine
 10
4.5771955118110235
 20
-3.2636637401574804
 30
0
 11
4.5725567322834646
 21
-3.2590249606299211
 31
0
  0
LINE
  5
9C1
330
22
100
AcDbEntity
  8
F.Mask
  6
CONTINUOUS
100
AcDbLine
 10
4.5725567322834646
 20
-3.2590249606299211
 30
0
 11
4.5689120866141728
 21
-3.2535703543307086
 31
0
  0
LINE
  5
9C2
330
22
100
AcDbEntity
  8
F.Mask
  6
CONTINUOUS
100
AcDbLine
 10
4.5689120866141728
 20
-3.2535703543307086
 30
0
 11
4.5664016141732287
 21
-3.2475095275590551
 31
0
  0
LINE
  5
9C3
330
22
100
AcDbEntity
  8
F.Mask
  6
CONTINUOUS
100
AcDbLine
 10
4.5664016141732287
 20
-3.2475095275590551
 30
0
 11
4.5651217716535433
 21
-3.2410753937007875
 31
0
  0
LINE
  5
9C4
330
22
100
AcDbEntity
  8
F.Mask
  6
CONTINUOUS
100
AcDbLine
 10
4.5651217716535433
 20
-3.2410753937007875
 30
0
 11
4.5651217716535433
 21
-3.234515157480315
 31
0
  0
LINE
  5
9C5
330
22
100
AcDbEntity
  8
F.Mask
  6
CONTINUOUS
100
AcDbLine
 10
4.5651217716535433
 20
-3.234515157480315
 30
0
 11
4.5664016141732287
 21
-3.228081023622047
 31
0
  0
LINE
  5
9C6
330
22
100
AcDbEntity
  8
F.Mask
  6
CONTINUOUS
100
AcDbLine
 10
4.5664016141732287
 20
-3.228081023622047
 30
0
 11
4.5689120866141728
 21
-3.2220201968503934
 31
0
  0
LINE
  5
9C7
330
22
100
AcDbEntity
  8
F.Mask
  6
CONTINUOUS
100
AcDbLine
 10
4.5689120866141728
 20
-3.2220201968503934
 30
0
 11
4.5725567322834646
 21
-3.216565590551181
 31
0
  0
LINE
  5
9C8
330
22
100
AcDbEntity
  8
F.Mask
  6
CONTINUOUS
100
AcDbLine
 10
4.5725567322834646
 20
-3.216565590551181
 30
0
 11
4.5771955118110235
 21
-3.2119268110236221
 31
0
  0
LINE
  5
9C9
330
22
100
AcDbEntity
  8
F.Mask
  6
CONTINUOUS
100
AcDbLine
 10
4.5771955118110235
 20
-3.2119268110236221
 30
0
 11
4.5826501181102364
 21
-3.2082821653543308
 31
0
  0
LINE
  5
9CA
330
22
100
AcDbEntity
  8
F.Mask
  6
CONTINUOUS
100
AcDbLine
 10
4.5826501181102364
 20
-3.2082821653543308
 30
0
 11
4.5887109448818899
 21
-3.2057716929133857
 31
0
  0
LINE
  5
9CB
330
22
100
AcDbEntity
  8
F.Mask
  6
CONTINUOUS
100
AcDbLine
 10
4.5887109448818899
 20
-3.2057716929133857
 30
0
 11
4.5951450787401571
 21
-3.2044918503937008
 31
0
  0
LINE
  5
9CC
330
22
100
AcDbEntity
  8
F.Mask
  6
CONTINUOUS
100
AcDbLine
 10
4.5951450787401571
 20
-3.2044918503937008
 30
0
 11
4.5984251968503935
 21
-3.2043307086614172
 31
0
  0
LINE
  5
9CD
330
22
100
AcDbEntity
  8
F.Mask
  6
CONTINUOUS
100
AcDbLine
 10
4.5984251968503935
 20
-3.2043307086614172
 30
0
 11
4.6732283464566926
 21
-3.2043307086614172
 31
0
  0
LINE
  5
9CE
330
22
100
AcDbEntity
  8
F.Mask
  6
CONTINUOUS
100
AcDbLine
 10
4.6732283464566926
 20
-3.2043307086614172
 30
0
 11
4.676508464566929
 21
-3.2044918503937008
 31
0
  0
LINE
  5
9CF
330
22
100
AcDbEntity
  8
F.Mask
  6
CONTINUOUS
100
AcDbLine
 10
5.3556423228346457
 20
-3.2044918503937008
 30
0
 11
5.3620764566929129
 21
-3.2057716929133857
 31
0
  0
LINE
  5
9D0
330
22
100
AcDbEntity
  8
F.Mask
  6
CONTINUOUS
100
AcDbLine
 10
5.3620764566929129
 20
-3.2057716929133857
 30
0
 11
5.3681372834645664
 21
-3.2082821653543308
 31
0
  0
LINE
  5
9D1
330
22
100
AcDbEntity
  8
F.Mask
  6
CONTINUOUS
100
AcDbLine
 10
5.3681372834645664
 20
-3.2082821653543308
 30
0
 11
5.3735918897637793
 21
-3.2119268110236221
 31
0
  0
LINE
  5
9D2
330
22
100
AcDbEntity
  8
F.Mask
  6
CONTINUOUS
100
AcDbLine
 10
5.3735918897637793
 20
-3.2119268110236221
 30
0
 11
5.3782306692913382
 21
-3.216565590551181
 31
0
  0
LINE
  5
9D3
330
22
100
AcDbEntity
  8
F.Mask
  6
CONTINUOUS
100
AcDbLine
 10
5.3782306692913382
 20
-3.216565590551181
 30
0
 11
5.38187531496063
 21
-3.2220201968503934
 31
0
  0
LINE
  5
9D4
330
22
100
AcDbEntity
  8
F.Mask
  6
CONTINUOUS
100
AcDbLine
 10
5.38187531496063
 20
-3.2220201968503934
 30
0
 11
5.384385787401575
 21
-3.228081023622047
 31
0
  0
LINE
  5
9D5
330
22
100
AcDbEntity
  8
F.Mask
  6
CONTINUOUS
100
AcDbLine
 10
5.384385787401575
 20
-3.228081023622047
 30
0
 11
5.3856656299212595
 21
-3.234515157480315
 31
0
  0
LINE
  5
9D6
330
22
100
AcDbEntity
  8
F.Mask
  6
CONTINUOUS
100
AcDbLine
 10
5.3856656299212595
 20
-3.234515157480315
 30
0
 11
5.3856656299212595
 21
-3.2410753937007875
 31
0
  0
LINE
  5
9D7
330
22
100
AcDbEntity
  8
F.Mask
  6
CONTINUOUS
100
AcDbLine
 10
5.3856656299212595
 20
-3.2410753937007875
 30
0
 11
5.384385787401575
 21
-3.2475095275590551
 31
0
  0
LINE
  5
9D8
330
22
100
AcDbEntity
  8
F.Mask
  6
CONTINUOUS
100
AcDbLine
 10
5.384385787401575
 20
-3.2475095275590551
 30
0
 11
5.38187531496063
 21
-3.2535703543307086
 31
0
  0
LINE
  5
9D9
330
22
100
AcDbEntity
  8
F.Mask
  6
CONTINUOUS
100
AcDbLine
 10
5.38187531496063
 20
-3.2535703543307086
 30
0
 11
5.3782306692913382
 21
-3.2590249606299211
 31
0
  0
LINE
  5
9DA
330
22
100
AcDbEntity
  8
F.Mask
  6
CONTINUOUS
100
AcDbLine
 10
5.3782306692913382
 20
-3.2590249606299211
 30
0
 11
5.3735918897637793
 21
-3.2636637401574804
 31
0
  0
LINE
  5
9DB
330
22
100
AcDbEntity
  8
F.Mask
  6
CONTINUOUS
100
AcDbLine
 10
5.3735918897637793
 20
-3.2636637401574804
 30
0
 11
5.3681372834645664
 21
-3.2673083858267717
 31
0
  0
LINE
  5
9DC
330
22
100
AcDbEntity
  8
F.Mask
  6
CONTINUOUS
100
AcDbLine
 10
5.3681372834645664
 20
-3.2673083858267717
 30
0
 11
5.3620764566929129
 21
-3.2698188582677163
 31
0
  0
LINE
  5
9DD
330
22
100
AcDbEntity
  8
F.Mask
  6
CONTINUOUS
100
AcDbLine
 10
5.3620764566929129
 20
-3.2698188582677163
 30
0
 11
5.3556423228346457
 21
-3.2710987007874013
 31
0
  0
LINE
  5
9DE
330
22
100
AcDbEntity
  8
F.Mask
  6
CONTINUOUS
100
AcDbLine
 10
5.3556423228346457
 20
-3.2710987007874013
 30
0
 11
5.3523622047244093
 21
-3.2712598425196848
 31
0
  0
LINE
  5
9DF
330
22
100
AcDbEntity
  8
F.Mask
  6
CONTINUOUS
100
AcDbLine
 10
5.3523622047244093
 20
-3.2712598425196848
 30
0
 11
5.2775590551181102
 21
-3.2712598425196848
 31
0
  0
LINE
  5
9E0
330
22
100
AcDbEntity
  8
F.Mask
  6
CONTINUOUS
100
AcDbLine
 10
5.2775590551181102
 20
-3.2712598425196848
 30
0
 11
5.2742789370078738
 21
-3.2710987007874013
 31
0
  0
LINE
  5
9E1
330
22
100
AcDbEntity
  8
F.Mask
  6
CONTINUOUS
100
AcDbLine
 10
5.2742789370078738
 20
-3.2710987007874013
 30
0
 11
5.2678448031496066
 21
-3.2698188582677163
 31
0
  0
LINE
  5
9E2
330
22
100
AcDbEntity
  8
F.Mask
  6
CONTINUOUS
100
AcDbLine
 10
5.2678448031496066
 20
-3.2698188582677163
 30
0
 11
5.261783976377953
 21
-3.2673083858267717
 31
0
  0
LINE
  5
9E3
330
22
100
AcDbEntity
  8
F.Mask
  6
CONTINUOUS
100
AcDbLine
 10
5.261783976377953
 20
-3.2673083858267717
 30
0
 11
5.2563293700787401
 21
-3.2636637401574804
 31
0
  0
LINE
  5
9E4
330
22
100
AcDbEntity
  8
F.Mask
  6
CONTINUOUS
100
AcDbLine
 10
5.2563293700787401
 20
-3.2636637401574804
 30
0
 11
5.2516905905511813
 21
-3.2590249606299211
 31
0
  0
LINE
  5
9E5
330
22
100
AcDbEntity
  8
F.Mask
  6
CONTINUOUS
100
AcDbLine
 10
5.2516905905511813
 20
-3.2590249606299211
 30
0
 11
5.2480459448818895
 21
-3.2535703543307086
 31
0
  0
LINE
  5
9E6
330
22
100
AcDbEntity
  8
F.Mask
  6
CONTINUOUS
100
AcDbLine
 10
5.2480459448818895
 20
-3.2535703543307086
 30
0
 11
5.2455354724409444
 21
-3.2475095275590551
 31
0
  0
LINE
  5
9E7
330
22
100
AcDbEntity
  8
F.Mask
  6
CONTINUOUS
100
AcDbLine
 10
5.2455354724409444
 20
-3.2475095275590551
 30
0
 11
5.2442556299212599
 21
-3.2410753937007875
 31
0
  0
LINE
  5
9E8
330
22
100
AcDbEntity
  8
F.Mask
  6
CONTINUOUS
100
AcDbLine
 10
5.2442556299212599
 20
-3.2410753937007875
 30
0
 11
5.2442556299212599
 21
-3.234515157480315
 31
0
  0
LINE
  5
9E9
330
22
100
AcDbEntity
  8
F.Mask
  6
CONTINUOUS
100
AcDbLine
 10
5.2442556299212599
 20
-3.234515157480315
 30
0
 11
5.2455354724409444
 21
-3.228081023622047
 31
0
  0
LINE
  5
9EA
330
22
100
AcDbEntity
  8
F.Mask
  6
CONTINUOUS
100
AcDbLine
 10
5.2455354724409444
 20
-3.228081023622047
 30
0
 11
5.2480459448818895
 21
-3.2220201968503934
 31
0
  0
LINE
  5
9EB
330
22
100
AcDbEntity
  8
F.Mask
  6
CONTINUOUS
100
AcDbLine
 10
5.2480459448818895
 20
-3.2220201968503934
 30
0
 11
5.2516905905511813
 21
-3.216565590551181
 31
0
  0
LINE
  5
9EC
330
22
100
AcDbEntity
  8
F.Mask
  6
CONTINUOUS
100
AcDbLine
 10
5.2516905905511813
 20
-3.216565590551181
 30
0
 11
5.2563293700787401
 21
-3.2119268110236221
 31
0
  0
LINE
  5
9ED
330
22
100
AcDbEntity
  8
F.Mask
  6
CONTINUOUS
100
AcDbLine
 10
5.2563293700787401
 20
-3.2119268110236221
 30
0
 11
5.261783976377953
 21
-3.2082821653543308
 31
0
  0
LINE
  5
9EE
330
22
100
AcDbEntity
  8
F.Mask
  6
CONTINUOUS
100
AcDbLine
 10
5.261783976377953
 20
-3.2082821653543308
 30
0
 11
5.2678448031496066
 21
-3.2057716929133857
 31
0
  0
LINE
  5
9EF
330
22
100
AcDbEntity
  8
F.Mask
  6
CONTINUOUS
100
AcDbLine
 10
5.2678448031496066
 20
-3.2057716929133857
 30
0
 11
5.2742789370078738
 21
-3.2044918503937008
 31
0
  0
LINE
  5
9F0
330
22
100
AcDbEntity
  8
F.Mask
  6
CONTINUOUS
100
AcDbLine
 10
5.2742789370078738
 20
-3.2044918503937008
 30
0
 11
5.2775590551181102
 21
-3.2043307086614172
 31
0
  0
LINE
  5
9F1
330
22
100
AcDbEntity
  8
F.Mask
  6
CONTINUOUS
100
AcDbLine
 10
5.2775590551181102
 20
-3.2043307086614172
 30
0
 11
5.3523622047244093
 21
-3.2043307086614172
 31
0
  0
LINE
  5
9F2
330
22
100
AcDbEntity
  8
F.Mask
  6
CONTINUOUS
100
AcDbLine
 10
5.3523622047244093
 20
-3.2043307086614172
 30
0
 11
5.3556423228346457
 21
-3.2044918503937008
 31
0
  0
LINE
  5
9F3
330
22
100
AcDbEntity
  8
F.Mask
  6
CONTINUOUS
100
AcDbLine
 10
4.676508464566929
 20
-3.1044918503937007
 30
0
 11
4.6829425984251971
 21
-3.1057716929133856
 31
0
  0
LINE
  5
9F4
330
22
100
AcDbEntity
  8
F.Mask
  6
CONTINUOUS
100
AcDbLine
 10
4.6829425984251971
 20
-3.1057716929133856
 30
0
 11
4.6890034251968506
 21
-3.1082821653543307
 31
0
  0
LINE
  5
9F5
330
22
100
AcDbEntity
  8
F.Mask
  6
CONTINUOUS
100
AcDbLine
 10
4.6890034251968506
 20
-3.1082821653543307
 30
0
 11
4.6944580314960627
 21
-3.111926811023622
 31
0
  0
LINE
  5
9F6
330
22
100
AcDbEntity
  8
F.Mask
  6
CONTINUOUS
100
AcDbLine
 10
4.6944580314960627
 20
-3.111926811023622
 30
0
 11
4.6990968110236215
 21
-3.1165655905511809
 31
0
  0
LINE
  5
9F7
330
22
100
AcDbEntity
  8
F.Mask
  6
CONTINUOUS
100
AcDbLine
 10
4.6990968110236215
 20
-3.1165655905511809
 30
0
 11
4.7027414566929133
 21
-3.1220201968503938
 31
0
  0
LINE
  5
9F8
330
22
100
AcDbEntity
  8
F.Mask
  6
CONTINUOUS
100
AcDbLine
 10
4.7027414566929133
 20
-3.1220201968503938
 30
0
 11
4.7052519291338584
 21
-3.1280810236220473
 31
0
  0
LINE
  5
9F9
330
22
100
AcDbEntity
  8
F.Mask
  6
CONTINUOUS
100
AcDbLine
 10
4.7052519291338584
 20
-3.1280810236220473
 30
0
 11
4.7065317716535429
 21
-3.134515157480315
 31
0
  0
LINE
  5
9FA
330
22
100
AcDbEntity
  8
F.Mask
  6
CONTINUOUS
100
AcDbLine
 10
4.7065317716535429
 20
-3.134515157480315
 30
0
 11
4.7065317716535429
 21
-3.1410753937007874
 31
0
  0
LINE
  5
9FB
330
22
100
AcDbEntity
  8
F.Mask
  6
CONTINUOUS
100
AcDbLine
 10
4.7065317716535429
 20
-3.1410753937007874
 30
0
 11
4.7052519291338584
 21
-3.147509527559055
 31
0
  0
LINE
  5
9FC
330
22
100
AcDbEntity
  8
F.Mask
  6
CONTINUOUS
100
AcDbLine
 10
4.7052519291338584
 20
-3.147509527559055
 30
0
 11
4.7027414566929133
 21
-3.1535703543307085
 31
0
  0
LINE
  5
9FD
330
22
100
AcDbEntity
  8
F.Mask
  6
CONTINUOUS
100
AcDbLine
 10
4.7027414566929133
 20
-3.1535703543307085
 30
0
 11
4.6990968110236215
 21
-3.159024960629921
 31
0
  0
LINE
  5
9FE
330
22
100
AcDbEntity
  8
F.Mask
  6
CONTINUOUS
100
AcDbLine
 10
4.6990968110236215
 20
-3.159024960629921
 30
0
 11
4.6944580314960627
 21
-3.1636637401574803
 31
0
  0
LINE
  5
9FF
330
22
100
AcDbEntity
  8
F.Mask
  6
CONTINUOUS
100
AcDbLine
 10
4.6944580314960627
 20
-3.1636637401574803
 30
0
 11
4.6890034251968506
 21
-3.1673083858267717
 31
0
  0
LINE
  5
A00
330
22
100
AcDbEntity
  8
F.Mask
  6
CONTINUOUS
100
AcDbLine
 10
4.6890034251968506
 20
-3.1673083858267717
 30
0
 11
4.6829425984251971
 21
-3.1698188582677163
 31
0
  0
LINE
  5
A01
330
22
100
AcDbEntity
  8
F.Mask
  6
CONTINUOUS
100
AcDbLine
 10
4.6829425984251971
 20
-3.1698188582677163
 30
0
 11
4.676508464566929
 21
-3.1710987007874016
 31
0
  0
LINE
  5
A02
330
22
100
AcDbEntity
  8
F.Mask
  6
CONTINUOUS
100
AcDbLine
 10
4.676508464566929
 20
-3.1710987007874016
 30
0
 11
4.6732283464566926
 21
-3.1712598425196852
 31
0
  0
LINE
  5
A03
330
22
100
AcDbEntity
  8
F.Mask
  6
CONTINUOUS
100
AcDbLine
 10
4.6732283464566926
 20
-3.1712598425196852
 30
0
 11
4.5984251968503935
 21
-3.1712598425196852
 31
0
  0
LINE
  5
A04
330
22
100
AcDbEntity
  8
F.Mask
  6
CONTINUOUS
100
AcDbLine
 10
4.5984251968503935
 20
-3.1712598425196852
 30
0
 11
4.5951450787401571
 21
-3.1710987007874016
 31
0
  0
LINE
  5
A05
330
22
100
AcDbEntity
  8
F.Mask
  6
CONTINUOUS
100
AcDbLine
 10
4.5951450787401571
 20
-3.1710987007874016
 30
0
 11
4.5887109448818899
 21
-3.1698188582677163
 31
0
  0
LINE
  5
A06
330
22
100
AcDbEntity
  8
F.Mask
  6
CONTINUOUS
100
AcDbLine
 10
4.5887109448818899
 20
-3.1698188582677163
 30
0
 11
4.5826501181102364
 21
-3.1673083858267717
 31
0
  0
LINE
  5
A07
330
22
100
AcDbEntity
  8
F.Mask
  6
CONTINUOUS
100
AcDbLine
 10
4.5826501181102364
 20
-3.1673083858267717
 30
0
 11
4.5771955118110235
 21
-3.1636637401574803
 31
0
  0
LINE
  5
A08
330
22
100
AcDbEntity
  8
F.Mask
  6
CONTINUOUS
100
AcDbLine
 10
4.5771955118110235
 20
-3.1636637401574803
 30
0
 11
4.5725567322834646
 21
-3.159024960629921
 31
0
  0
LINE
  5
A09
330
22
100
AcDbEntity
  8
F.Mask
  6
CONTINUOUS
100
AcDbLine
 10
4.5725567322834646
 20
-3.159024960629921
 30
0
 11
4.5689120866141728
 21
-3.1535703543307085
 31
0
  0
LINE
  5
A0A
330
22
100
AcDbEntity
  8
F.Mask
  6
CONTINUOUS
100
AcDbLine
 10
4.5689120866141728
 20
-3.1535703543307085
 30
0
 11
4.5664016141732287
 21
-3.147509527559055
 31
0
  0
LINE
  5
A0B
330
22
100
AcDbEntity
  8
F.Mask
  6
CONTINUOUS
100
AcDbLine
 10
4.5664016141732287
 20
-3.147509527559055
 30
0
 11
4.5651217716535433
 21
-3.1410753937007874
 31
0
  0
LINE
  5
A0C
330
22
100
AcDbEntity
  8
F.Mask
  6
CONTINUOUS
100
AcDbLine
 10
4.5651217716535433
 20
-3.1410753937007874
 30
0
 11
4.5651217716535433
 21
-3.134515157480315
 31
0
  0
LINE
  5
A0D
330
22
100
AcDbEntity
  8
F.Mask
  6
CONTINUOUS
100
AcDbLine
 10
4.5651217716535433
 20
-3.134515157480315
 30
0
 11
4.5664016141732287
 21
-3.1280810236220473
 31
0
  0
LINE
  5
A0E
330
22
100
AcDbEntity
  8
F.Mask
  6
CONTINUOUS
100
AcDbLine
 10
4.5664016141732287
 20
-3.1280810236220473
 30
0
 11
4.5689120866141728
 21
-3.1220201968503938
 31
0
  0
LINE
  5
A0F
330
22
100
AcDbEntity
  8
F.Mask
  6
CONTINUOUS
100
AcDbLine
 10
4.5689120866141728
 20
-3.1220201968503938
 30
0
 11
4.5725567322834646
 21
-3.1165655905511809
 31
0
  0
LINE
  5
A10
330
22
100
AcDbEntity
  8
F.Mask
  6
CONTINUOUS
100
AcDbLine
 10
4.5725567322834646
 20
-3.1165655905511809
 30
0
 11
4.5771955118110235
 21
-3.111926811023622
 31
0
  0
LINE
  5
A11
330
22
100
AcDbEntity
  8
F.Mask
  6
CONTINUOUS
100
AcDbLine
 10
4.5771955118110235
 20
-3.111926811023622
 30
0
 11
4.5826501181102364
 21
-3.1082821653543307
 31
0
  0
LINE
  5
A12
330
22
100
AcDbEntity
  8
F.Mask
  6
CONTINUOUS
100
AcDbLine
 10
4.5826501181102364
 20
-3.1082821653543307
 30
0
 11
4.5887109448818899
 21
-3.1057716929133856
 31
0
  0
LINE
  5
A13
330
22
100
AcDbEntity
  8
F.Mask
  6
CONTINUOUS
100
AcDbLine
 10
4.5887109448818899
 20
-3.1057716929133856
 30
0
 11
4.5951450787401571
 21
-3.1044918503937007
 31
0
  0
LINE
  5
A14
330
22
100
AcDbEntity
  8
F.Mask
  6
CONTINUOUS
100
AcDbLine
 10
4.5951450787401571
 20
-3.1044918503937007
 30
0
 11
4.5984251968503935
 21
-3.1043307086614171
 31
0
  0
LINE
  5
A15
330
22
100
AcDbEntity
  8
F.Mask
  6
CONTINUOUS
100
AcDbLine
 10
4.5984251968503935
 20
-3.1043307086614171
 30
0
 11
4.6732283464566926
 21
-3.1043307086614171
 31
0
  0
LINE
  5
A16
330
22
100
AcDbEntity
  8
F.Mask
  6
CONTINUOUS
100
AcDbLine
 10
4.6732283464566926
 20
-3.1043307086614171
 30
0
 11
4.676508464566929
 21
-3.1044918503937007
 31
0
  0
LINE
  5
A17
330
22
100
AcDbEntity
  8
F.Mask
  6
CONTINUOUS
100
AcDbLine
 10
4.676508464566929
 20
-3.0044918503937006
 30
0
 11
4.6829425984251971
 21
-3.005771692913386
 31
0
  0
LINE
  5
A18
330
22
100
AcDbEntity
  8
F.Mask
  6
CONTINUOUS
100
AcDbLine
 10
4.6829425984251971
 20
-3.005771692913386
 30
0
 11
4.6890034251968506
 21
-3.0082821653543306
 31
0
  0
LINE
  5
A19
330
22
100
AcDbEntity
  8
F.Mask
  6
CONTINUOUS
100
AcDbLine
 10
4.6890034251968506
 20
-3.0082821653543306
 30
0
 11
4.6944580314960627
 21
-3.0119268110236219
 31
0
  0
LINE
  5
A1A
330
22
100
AcDbEntity
  8
F.Mask
  6
CONTINUOUS
100
AcDbLine
 10
4.6944580314960627
 20
-3.0119268110236219
 30
0
 11
4.6990968110236215
 21
-3.0165655905511812
 31
0
  0
LINE
  5
A1B
330
22
100
AcDbEntity
  8
F.Mask
  6
CONTINUOUS
100
AcDbLine
 10
4.6990968110236215
 20
-3.0165655905511812
 30
0
 11
4.7027414566929133
 21
-3.0220201968503937
 31
0
  0
LINE
  5
A1C
330
22
100
AcDbEntity
  8
F.Mask
  6
CONTINUOUS
100
AcDbLine
 10
4.7027414566929133
 20
-3.0220201968503937
 30
0
 11
4.7052519291338584
 21
-3.0280810236220472
 31
0
  0
LINE
  5
A1D
330
22
100
AcDbEntity
  8
F.Mask
  6
CONTINUOUS
100
AcDbLine
 10
4.7052519291338584
 20
-3.0280810236220472
 30
0
 11
4.7065317716535429
 21
-3.0345151574803149
 31
0
  0
LINE
  5
A1E
330
22
100
AcDbEntity
  8
F.Mask
  6
CONTINUOUS
100
AcDbLine
 10
4.7065317716535429
 20
-3.0345151574803149
 30
0
 11
4.7065317716535429
 21
-3.0410753937007873
 31
0
  0
LINE
  5
A1F
330
22
100
AcDbEntity
  8
F.Mask
  6
CONTINUOUS
100
AcDbLine
 10
4.7065317716535429
 20
-3.0410753937007873
 30
0
 11
4.7052519291338584
 21
-3.0475095275590549
 31
0
  0
LINE
  5
A20
330
22
100
AcDbEntity
  8
F.Mask
  6
CONTINUOUS
100
AcDbLine
 10
4.7052519291338584
 20
-3.0475095275590549
 30
0
 11
4.7027414566929133
 21
-3.0535703543307084
 31
0
  0
LINE
  5
A21
330
22
100
AcDbEntity
  8
F.Mask
  6
CONTINUOUS
100
AcDbLine
 10
4.7027414566929133
 20
-3.0535703543307084
 30
0
 11
4.6990968110236215
 21
-3.0590249606299214
 31
0
  0
LINE
  5
A22
330
22
100
AcDbEntity
  8
F.Mask
  6
CONTINUOUS
100
AcDbLine
 10
4.6990968110236215
 20
-3.0590249606299214
 30
0
 11
4.6944580314960627
 21
-3.0636637401574802
 31
0
  0
LINE
  5
A23
330
22
100
AcDbEntity
  8
F.Mask
  6
CONTINUOUS
100
AcDbLine
 10
4.6944580314960627
 20
-3.0636637401574802
 30
0
 11
4.6890034251968506
 21
-3.0673083858267716
 31
0
  0
LINE
  5
A24
330
22
100
AcDbEntity
  8
F.Mask
  6
CONTINUOUS
100
AcDbLine
 10
4.6890034251968506
 20
-3.0673083858267716
 30
0
 11
4.6829425984251971
 21
-3.0698188582677166
 31
0
  0
LINE
  5
A25
330
22
100
AcDbEntity
  8
F.Mask
  6
CONTINUOUS
100
AcDbLine
 10
4.6829425984251971
 20
-3.0698188582677166
 30
0
 11
4.676508464566929
 21
-3.0710987007874015
 31
0
  0
LINE
  5
A26
330
22
100
AcDbEntity
  8
F.Mask
  6
CONTINUOUS
100
AcDbLine
 10
4.676508464566929
 20
-3.0710987007874015
 30
0
 11
4.6732283464566926
 21
-3.0712598425196851
 31
0
  0
LINE
  5
A27
330
22
100
AcDbEntity
  8
F.Mask
  6
CONTINUOUS
100
AcDbLine
 10
4.6732283464566926
 20
-3.0712598425196851
 30
0
 11
4.5984251968503935
 21
-3.0712598425196851
 31
0
  0
LINE
  5
A28
330
22
100
AcDbEntity
  8
F.Mask
  6
CONTINUOUS
100
AcDbLine
 10
4.5984251968503935
 20
-3.0712598425196851
 30
0
 11
4.5951450787401571
 21
-3.0710987007874015
 31
0
  0
LINE
  5
A29
330
22
100
AcDbEntity
  8
F.Mask
  6
CONTINUOUS
100
AcDbLine
 10
4.5951450787401571
 20
-3.0710987007874015
 30
0
 11
4.5887109448818899
 21
-3.0698188582677166
 31
0
  0
LINE
  5
A2A
330
22
100
AcDbEntity
  8
F.Mask
  6
CONTINUOUS
100
AcDbLine
 10
4.5887109448818899
 20
-3.0698188582677166
 30
0
 11
4.5826501181102364
 21
-3.0673083858267716
 31
0
  0
LINE
  5
A2B
330
22
100
AcDbEntity
  8
F.Mask
  6
CONTINUOUS
100
AcDbLine
 10
4.5826501181102364
 20
-3.0673083858267716
 30
0
 11
4.5771955118110235
 21
-3.0636637401574802
 31
0
  0
LINE
  5
A2C
330
22
100
AcDbEntity
  8
F.Mask
  6
CONTINUOUS
100
AcDbLine
 10
4.5771955118110235
 20
-3.0636637401574802
 30
0
 11
4.5725567322834646
 21
-3.0590249606299214
 31
0
  0
LINE
  5
A2D
330
22
100
AcDbEntity
  8
F.Mask
  6
CONTINUOUS
100
AcDbLine
 10
4.5725567322834646
 20
-3.0590249606299214
 30
0
 11
4.5689120866141728
 21
-3.0535703543307084
 31
0
  0
LINE
  5
A2E
330
22
100
AcDbEntity
  8
F.Mask
  6
CONTINUOUS
100
AcDbLine
 10
4.5689120866141728
 20
-3.0535703543307084
 30
0
 11
4.5664016141732287
 21
-3.0475095275590549
 31
0
  0
LINE
  5
A2F
330
22
100
AcDbEntity
  8
F.Mask
  6
CONTINUOUS
100
AcDbLine
 10
4.5664016141732287
 20
-3.0475095275590549
 30
0
 11
4.5651217716535433
 21
-3.0410753937007873
 31
0
  0
LINE
  5
A30
330
22
100
AcDbEntity
  8
F.Mask
  6
CONTINUOUS
100
AcDbLine
 10
4.5651217716535433
 20
-3.0410753937007873
 30
0
 11
4.5651217716535433
 21
-3.0345151574803149
 31
0
  0
LINE
  5
A31
330
22
100
AcDbEntity
  8
F.Mask
  6
CONTINUOUS
100
AcDbLine
 10
4.5651217716535433
 20
-3.0345151574803149
 30
0
 11
4.5664016141732287
 21
-3.0280810236220472
 31
0
  0
LINE
  5
A32
330
22
100
AcDbEntity
  8
F.Mask
  6
CONTINUOUS
100
AcDbLine
 10
4.5664016141732287
 20
-3.0280810236220472
 30
0
 11
4.5689120866141728
 21
-3.0220201968503937
 31
0
  0
LINE
  5
A33
330
22
100
AcDbEntity
  8
F.Mask
  6
CONTINUOUS
100
AcDbLine
 10
4.5689120866141728
 20
-3.0220201968503937
 30
0
 11
4.5725567322834646
 21
-3.0165655905511812
 31
0
  0
LINE
  5
A34
330
22
100
AcDbEntity
  8
F.Mask
  6
CONTINUOUS
100
AcDbLine
 10
4.5725567322834646
 20
-3.0165655905511812
 30
0
 11
4.5771955118110235
 21
-3.0119268110236219
 31
0
  0
LINE
  5
A35
330
22
100
AcDbEntity
  8
F.Mask
  6
CONTINUOUS
100
AcDbLine
 10
4.5771955118110235
 20
-3.0119268110236219
 30
0
 11
4.5826501181102364
 21
-3.0082821653543306
 31
0
  0
LINE
  5
A36
330
22
100
AcDbEntity
  8
F.Mask
  6
CONTINUOUS
100
AcDbLine
 10
4.5826501181102364
 20
-3.0082821653543306
 30
0
 11
4.5887109448818899
 21
-3.005771692913386
 31
0
  0
LINE
  5
A37
330
22
100
AcDbEntity
  8
F.Mask
  6
CONTINUOUS
100
AcDbLine
 10
4.5887109448818899
 20
-3.005771692913386
 30
0
 11
4.5951450787401571
 21
-3.0044918503937006
 31
0
  0
LINE
  5
A38
330
22
100
AcDbEntity
  8
F.Mask
  6
CONTINUOUS
100
AcDbLine
 10
4.5951450787401571
 20
-3.0044918503937006
 30
0
 11
4.5984251968503935
 21
-3.004330708661417
 31
0
  0
LINE
  5
A39
330
22
100
AcDbEntity
  8
F.Mask
  6
CONTINUOUS
100
AcDbLine
 10
4.5984251968503935
 20
-3.004330708661417
 30
0
 11
4.6732283464566926
 21
-3.004330708661417
 31
0
  0
LINE
  5
A3A
330
22
100
AcDbEntity
  8
F.Mask
  6
CONTINUOUS
100
AcDbLine
 10
4.6732283464566926
 20
-3.004330708661417
 30
0
 11
4.676508464566929
 21
-3.0044918503937006
 31
0
  0
LINE
  5
A3B
330
22
100
AcDbEntity
  8
F.Mask
  6
CONTINUOUS
100
AcDbLine
 10
6.8427384645669287
 20
-2.7904272834645667
 30
0
 11
6.8438246850393698
 21
-2.7915135039370078
 31
0
  0
LINE
  5
A3C
330
22
100
AcDbEntity
  8
F.Mask
  6
CONTINUOUS
100
AcDbLine
 10
6.8438246850393698
 20
-2.7915135039370078
 30
0
 11
6.8444125590551179
 21
-2.7929327165354332
 31
0
  0
LINE
  5
A3D
330
22
100
AcDbEntity
  8
F.Mask
  6
CONTINUOUS
100
AcDbLine
 10
6.8444125590551179
 20
-2.7929327165354332
 30
0
 11
6.8444881889763778
 21
-2.7937007874015749
 31
0
  0
LINE
  5
A3E
330
22
100
AcDbEntity
  8
F.Mask
  6
CONTINUOUS
100
AcDbLine
 10
6.8444881889763778
 20
-2.7937007874015749
 30
0
 11
6.8444881889763778
 21
-2.8231723622047245
 31
0
  0
LINE
  5
A3F
330
22
100
AcDbEntity
  8
F.Mask
  6
CONTINUOUS
100
AcDbLine
 10
6.8444881889763778
 20
-2.8231723622047245
 30
0
 11
7.0697130314960628
 21
-3.0483972047244094
 31
0
  0
LINE
  5
A40
330
22
100
AcDbEntity
  8
F.Mask
  6
CONTINUOUS
100
AcDbLine
 10
7.0697130314960628
 20
-3.0483972047244094
 30
0
 11
7.0702026377952754
 21
-3.0489938188976375
 31
0
  0
LINE
  5
A41
330
22
100
AcDbEntity
  8
F.Mask
  6
CONTINUOUS
100
AcDbLine
 10
7.0702026377952754
 20
-3.0489938188976375
 30
0
 11
7.0707905118110235
 21
-3.0504130314960629
 31
0
  0
LINE
  5
A42
330
22
100
AcDbEntity
  8
F.Mask
  6
CONTINUOUS
100
AcDbLine
 10
7.0707905118110235
 20
-3.0504130314960629
 30
0
 11
7.0707905118110235
 21
-3.0519491732283464
 31
0
  0
LINE
  5
A43
330
22
100
AcDbEntity
  8
F.Mask
  6
CONTINUOUS
100
AcDbLine
 10
7.0707905118110235
 20
-3.0519491732283464
 30
0
 11
7.0702026377952754
 21
-3.0533683858267717
 31
0
  0
LINE
  5
A44
330
22
100
AcDbEntity
  8
F.Mask
  6
CONTINUOUS
100
AcDbLine
 10
7.0702026377952754
 20
-3.0533683858267717
 30
0
 11
7.0691164173228342
 21
-3.0544546062992124
 31
0
  0
LINE
  5
A45
330
22
100
AcDbEntity
  8
F.Mask
  6
CONTINUOUS
100
AcDbLine
 10
7.0691164173228342
 20
-3.0544546062992124
 30
0
 11
7.0676972047244089
 21
-3.0550424803149605
 31
0
  0
LINE
  5
A46
330
22
100
AcDbEntity
  8
F.Mask
  6
CONTINUOUS
100
AcDbLine
 10
7.0676972047244089
 20
-3.0550424803149605
 30
0
 11
7.0661610629921254
 21
-3.0550424803149605
 31
0
  0
LINE
  5
A47
330
22
100
AcDbEntity
  8
F.Mask
  6
CONTINUOUS
100
AcDbLine
 10
7.0661610629921254
 20
-3.0550424803149605
 30
0
 11
7.064741850393701
 21
-3.0544546062992124
 31
0
  0
LINE
  5
A48
330
22
100
AcDbEntity
  8
F.Mask
  6
CONTINUOUS
100
AcDbLine
 10
7.064741850393701
 20
-3.0544546062992124
 30
0
 11
7.0641452362204724
 21
-3.0539649999999998
 31
0
  0
LINE
  5
A49
330
22
100
AcDbEntity
  8
F.Mask
  6
CONTINUOUS
100
AcDbLine
 10
7.0641452362204724
 20
-3.0539649999999998
 30
0
 11
6.8377672834645669
 21
-2.8275870472440943
 31
0
  0
LINE
  5
A4A
330
22
100
AcDbEntity
  8
F.Mask
  6
CONTINUOUS
100
AcDbLine
 10
6.8377672834645669
 20
-2.8275870472440943
 30
0
 11
6.8372776771653543
 21
-2.8269904330708662
 31
0
  0
LINE
  5
A4B
330
22
100
AcDbEntity
  8
F.Mask
  6
CONTINUOUS
100
AcDbLine
 10
6.8372776771653543
 20
-2.8269904330708662
 30
0
 11
6.8366898031496062
 21
-2.8255712204724408
 31
0
  0
LINE
  5
A4C
330
22
100
AcDbEntity
  8
F.Mask
  6
CONTINUOUS
100
AcDbLine
 10
6.8366898031496062
 20
-2.8255712204724408
 30
0
 11
6.8366141732283463
 21
-2.8248031496062991
 31
0
  0
LINE
  5
A4D
330
22
100
AcDbEntity
  8
F.Mask
  6
CONTINUOUS
100
AcDbLine
 10
6.8366141732283463
 20
-2.8248031496062991
 30
0
 11
6.8366141732283463
 21
-2.7937007874015749
 31
0
  0
LINE
  5
A4E
330
22
100
AcDbEntity
  8
F.Mask
  6
CONTINUOUS
100
AcDbLine
 10
6.8366141732283463
 20
-2.7937007874015749
 30
0
 11
6.8366898031496062
 21
-2.7929327165354332
 31
0
  0
LINE
  5
A4F
330
22
100
AcDbEntity
  8
F.Mask
  6
CONTINUOUS
100
AcDbLine
 10
6.8366898031496062
 20
-2.7929327165354332
 30
0
 11
6.8372776771653543
 21
-2.7915135039370078
 31
0
  0
LINE
  5
A50
330
22
100
AcDbEntity
  8
F.Mask
  6
CONTINUOUS
100
AcDbLine
 10
6.8372776771653543
 20
-2.7915135039370078
 30
0
 11
6.8383638976377954
 21
-2.7904272834645667
 31
0
  0
LINE
  5
A51
330
22
100
AcDbEntity
  8
F.Mask
  6
CONTINUOUS
100
AcDbLine
 10
6.8383638976377954
 20
-2.7904272834645667
 30
0
 11
6.8397831102362199
 21
-2.789839409448819
 31
0
  0
LINE
  5
A52
330
22
100
AcDbEntity
  8
F.Mask
  6
CONTINUOUS
100
AcDbLine
 10
6.8397831102362199
 20
-2.789839409448819
 30
0
 11
6.8413192519685042
 21
-2.789839409448819
 31
0
  0
LINE
  5
A53
330
22
100
AcDbEntity
  8
F.Mask
  6
CONTINUOUS
100
AcDbLine
 10
6.8413192519685042
 20
-2.789839409448819
 30
0
 11
6.8427384645669287
 21
-2.7904272834645667
 31
0
  0
LINE
  5
A54
330
22
100
AcDbEntity
  8
F.Mask
  6
CONTINUOUS
100
AcDbLine
 10
4.676508464566929
 20
-2.9044918503937005
 30
0
 11
4.6829425984251971
 21
-2.9057716929133859
 31
0
  0
LINE
  5
A55
330
22
100
AcDbEntity
  8
F.Mask
  6
CONTINUOUS
100
AcDbLine
 10
4.6829425984251971
 20
-2.9057716929133859
 30
0
 11
4.6890034251968506
 21
-2.9082821653543305
 31
0
  0
LINE
  5
A56
330
22
100
AcDbEntity
  8
F.Mask
  6
CONTINUOUS
100
AcDbLine
 10
4.6890034251968506
 20
-2.9082821653543305
 30
0
 11
4.6944580314960627
 21
-2.9119268110236218
 31
0
  0
LINE
  5
A57
330
22
100
AcDbEntity
  8
F.Mask
  6
CONTINUOUS
100
AcDbLine
 10
4.6944580314960627
 20
-2.9119268110236218
 30
0
 11
4.6990968110236215
 21
-2.9165655905511811
 31
0
  0
LINE
  5
A58
330
22
100
AcDbEntity
  8
F.Mask
  6
CONTINUOUS
100
AcDbLine
 10
4.6990968110236215
 20
-2.9165655905511811
 30
0
 11
4.7027414566929133
 21
-2.9220201968503936
 31
0
  0
LINE
  5
A59
330
22
100
AcDbEntity
  8
F.Mask
  6
CONTINUOUS
100
AcDbLine
 10
4.7027414566929133
 20
-2.9220201968503936
 30
0
 11
4.7052519291338584
 21
-2.9280810236220471
 31
0
  0
LINE
  5
A5A
330
22
100
AcDbEntity
  8
F.Mask
  6
CONTINUOUS
100
AcDbLine
 10
4.7052519291338584
 20
-2.9280810236220471
 30
0
 11
4.7065317716535429
 21
-2.9345151574803148
 31
0
  0
LINE
  5
A5B
330
22
100
AcDbEntity
  8
F.Mask
  6
CONTINUOUS
100
AcDbLine
 10
4.7065317716535429
 20
-2.9345151574803148
 30
0
 11
4.7065317716535429
 21
-2.9410753937007872
 31
0
  0
LINE
  5
A5C
330
22
100
AcDbEntity
  8
F.Mask
  6
CONTINUOUS
100
AcDbLine
 10
4.7065317716535429
 20
-2.9410753937007872
 30
0
 11
4.7052519291338584
 21
-2.9475095275590553
 31
0
  0
LINE
  5
A5D
330
22
100
AcDbEntity
  8
F.Mask
  6
CONTINUOUS
100
AcDbLine
 10
4.7052519291338584
 20
-2.9475095275590553
 30
0
 11
4.7027414566929133
 21
-2.9535703543307088
 31
0
  0
LINE
  5
A5E
330
22
100
AcDbEntity
  8
F.Mask
  6
CONTINUOUS
100
AcDbLine
 10
4.7027414566929133
 20
-2.9535703543307088
 30
0
 11
4.6990968110236215
 21
-2.9590249606299213
 31
0
  0
LINE
  5
A5F
330
22
100
AcDbEntity
  8
F.Mask
  6
CONTINUOUS
100
AcDbLine
 10
4.6990968110236215
 20
-2.9590249606299213
 30
0
 11
4.6944580314960627
 21
-2.9636637401574801
 31
0
  0
LINE
  5
A60
330
22
100
AcDbEntity
  8
F.Mask
  6
CONTINUOUS
100
AcDbLine
 10
4.6944580314960627
 20
-2.9636637401574801
 30
0
 11
4.6890034251968506
 21
-2.9673083858267715
 31
0
  0
LINE
  5
A61
330
22
100
AcDbEntity
  8
F.Mask
  6
CONTINUOUS
100
AcDbLine
 10
4.6890034251968506
 20
-2.9673083858267715
 30
0
 11
4.6829425984251971
 21
-2.9698188582677165
 31
0
  0
LINE
  5
A62
330
22
100
AcDbEntity
  8
F.Mask
  6
CONTINUOUS
100
AcDbLine
 10
4.6829425984251971
 20
-2.9698188582677165
 30
0
 11
4.676508464566929
 21
-2.9710987007874015
 31
0
  0
LINE
  5
A63
330
22
100
AcDbEntity
  8
F.Mask
  6
CONTINUOUS
100
AcDbLine
 10
4.676508464566929
 20
-2.9710987007874015
 30
0
 11
4.6732283464566926
 21
-2.971259842519685
 31
0
  0
LINE
  5
A64
330
22
100
AcDbEntity
  8
F.Mask
  6
CONTINUOUS
100
AcDbLine
 10
4.6732283464566926
 20
-2.971259842519685
 30
0
 11
4.5984251968503935
 21
-2.971259842519685
 31
0
  0
LINE
  5
A65
330
22
100
AcDbEntity
  8
F.Mask
  6
CONTINUOUS
100
AcDbLine
 10
4.5984251968503935
 20
-2.971259842519685
 30
0
 11
4.5951450787401571
 21
-2.9710987007874015
 31
0
  0
LINE
  5
A66
330
22
100
AcDbEntity
  8
F.Mask
  6
CONTINUOUS
100
AcDbLine
 10
4.5951450787401571
 20
-2.9710987007874015
 30
0
 11
4.5887109448818899
 21
-2.9698188582677165
 31
0
  0
LINE
  5
A67
330
22
100
AcDbEntity
  8
F.Mask
  6
CONTINUOUS
100
AcDbLine
 10
4.5887109448818899
 20
-2.9698188582677165
 30
0
 11
4.5826501181102364
 21
-2.9673083858267715
 31
0
  0
LINE
  5
A68
330
22
100
AcDbEntity
  8
F.Mask
  6
CONTINUOUS
100
AcDbLine
 10
4.5826501181102364
 20
-2.9673083858267715
 30
0
 11
4.5771955118110235
 21
-2.9636637401574801
 31
0
  0
LINE
  5
A69
330
22
100
AcDbEntity
  8
F.Mask
  6
CONTINUOUS
100
AcDbLine
 10
4.5771955118110235
 20
-2.9636637401574801
 30
0
 11
4.5725567322834646
 21
-2.9590249606299213
 31
0
  0
LINE
  5
A6A
330
22
100
AcDbEntity
  8
F.Mask
  6
CONTINUOUS
100
AcDbLine
 10
4.5725567322834646
 20
-2.9590249606299213
 30
0
 11
4.5689120866141728
 21
-2.9535703543307088
 31
0
  0
LINE
  5
A6B
330
22
100
AcDbEntity
  8
F.Mask
  6
CONTINUOUS
100
AcDbLine
 10
4.5689120866141728
 20
-2.9535703543307088
 30
0
 11
4.5664016141732287
 21
-2.9475095275590553
 31
0
  0
LINE
  5
A6C
330
22
100
AcDbEntity
  8
F.Mask
  6
CONTINUOUS
100
AcDbLine
 10
4.5664016141732287
 20
-2.9475095275590553
 30
0
 11
4.5651217716535433
 21
-2.9410753937007872
 31
0
  0
LINE
  5
A6D
330
22
100
AcDbEntity
  8
F.Mask
  6
CONTINUOUS
100
AcDbLine
 10
4.5651217716535433
 20
-2.9410753937007872
 30
0
 11
4.5651217716535433
 21
-2.9345151574803148
 31
0
  0
LINE
  5
A6E
330
22
100
AcDbEntity
  8
F.Mask
  6
CONTINUOUS
100
AcDbLine
 10
4.5651217716535433
 20
-2.9345151574803148
 30
0
 11
4.5664016141732287
 21
-2.9280810236220471
 31
0
  0
LINE
  5
A6F
330
22
100
AcDbEntity
  8
F.Mask
  6
CONTINUOUS
100
AcDbLine
 10
4.5664016141732287
 20
-2.9280810236220471
 30
0
 11
4.5689120866141728
 21
-2.9220201968503936
 31
0
  0
LINE
  5
A70
330
22
100
AcDbEntity
  8
F.Mask
  6
CONTINUOUS
100
AcDbLine
 10
4.5689120866141728
 20
-2.9220201968503936
 30
0
 11
4.5725567322834646
 21
-2.9165655905511811
 31
0
  0
LINE
  5
A71
330
22
100
AcDbEntity
  8
F.Mask
  6
CONTINUOUS
100
AcDbLine
 10
4.5725567322834646
 20
-2.9165655905511811
 30
0
 11
4.5771955118110235
 21
-2.9119268110236218
 31
0
  0
LINE
  5
A72
330
22
100
AcDbEntity
  8
F.Mask
  6
CONTINUOUS
100
AcDbLine
 10
4.5771955118110235
 20
-2.9119268110236218
 30
0
 11
4.5826501181102364
 21
-2.9082821653543305
 31
0
  0
LINE
  5
A73
330
22
100
AcDbEntity
  8
F.Mask
  6
CONTINUOUS
100
AcDbLine
 10
4.5826501181102364
 20
-2.9082821653543305
 30
0
 11
4.5887109448818899
 21
-2.9057716929133859
 31
0
  0
LINE
  5
A74
330
22
100
AcDbEntity
  8
F.Mask
  6
CONTINUOUS
100
AcDbLine
 10
4.5887109448818899
 20
-2.9057716929133859
 30
0
 11
4.5951450787401571
 21
-2.9044918503937005
 31
0
  0
LINE
  5
A75
330
22
100
AcDbEntity
  8
F.Mask
  6
CONTINUOUS
100
AcDbLine
 10
4.5951450787401571
 20
-2.9044918503937005
 30
0
 11
4.5984251968503935
 21
-2.9043307086614174
 31
0
  0
LINE
  5
A76
330
22
100
AcDbEntity
  8
F.Mask
  6
CONTINUOUS
100
AcDbLine
 10
4.5984251968503935
 20
-2.9043307086614174
 30
0
 11
4.6732283464566926
 21
-2.9043307086614174
 31
0
  0
LINE
  5
A77
330
22
100
AcDbEntity
  8
F.Mask
  6
CONTINUOUS
100
AcDbLine
 10
4.6732283464566926
 20
-2.9043307086614174
 30
0
 11
4.676508464566929
 21
-2.9044918503937005
 31
0
  0
LINE
  5
A78
330
22
100
AcDbEntity
  8
F.Mask
  6
CONTINUOUS
100
AcDbLine
 10
6.7955429133858267
 20
-2.751590275590551
 30
0
 11
6.8020059842519682
 21
-2.753690275590551
 31
0
  0
LINE
  5
A79
330
22
100
AcDbEntity
  8
F.Mask
  6
CONTINUOUS
100
AcDbLine
 10
6.8020059842519682
 20
-2.753690275590551
 30
0
 11
6.8080609448818894
 21
-2.756775433070866
 31
0
  0
LINE
  5
A7A
330
22
100
AcDbEntity
  8
F.Mask
  6
CONTINUOUS
100
AcDbLine
 10
6.8080609448818894
 20
-2.756775433070866
 30
0
 11
6.8135587795275585
 21
-2.7607698031496062
 31
0
  0
LINE
  5
A7B
330
22
100
AcDbEntity
  8
F.Mask
  6
CONTINUOUS
100
AcDbLine
 10
6.8135587795275585
 20
-2.7607698031496062
 30
0
 11
6.8183640551181099
 21
-2.7655750787401576
 31
0
  0
LINE
  5
A7C
330
22
100
AcDbEntity
  8
F.Mask
  6
CONTINUOUS
100
AcDbLine
 10
6.8183640551181099
 20
-2.7655750787401576
 30
0
 11
6.8223584251968505
 21
-2.7710729133858267
 31
0
  0
LINE
  5
A7D
330
22
100
AcDbEntity
  8
F.Mask
  6
CONTINUOUS
100
AcDbLine
 10
6.8223584251968505
 20
-2.7710729133858267
 30
0
 11
6.8254435826771651
 21
-2.7771278740157479
 31
0
  0
LINE
  5
A7E
330
22
100
AcDbEntity
  8
F.Mask
  6
CONTINUOUS
100
AcDbLine
 10
6.8254435826771651
 20
-2.7771278740157479
 30
0
 11
6.8275435826771655
 21
-2.7835909448818899
 31
0
  0
LINE
  5
A7F
330
22
100
AcDbEntity
  8
F.Mask
  6
CONTINUOUS
100
AcDbLine
 10
6.8275435826771655
 20
-2.7835909448818899
 30
0
 11
6.8286066535433072
 21
-2.7903029527559053
 31
0
  0
LINE
  5
A80
330
22
100
AcDbEntity
  8
F.Mask
  6
CONTINUOUS
100
AcDbLine
 10
6.8286066535433072
 20
-2.7903029527559053
 30
0
 11
6.8286066535433072
 21
-2.797098622047244
 31
0
  0
LINE
  5
A81
330
22
100
AcDbEntity
  8
F.Mask
  6
CONTINUOUS
100
AcDbLine
 10
6.8286066535433072
 20
-2.797098622047244
 30
0
 11
6.8275435826771655
 21
-2.80381062992126
 31
0
  0
LINE
  5
A82
330
22
100
AcDbEntity
  8
F.Mask
  6
CONTINUOUS
100
AcDbLine
 10
6.8275435826771655
 20
-2.80381062992126
 30
0
 11
6.8254435826771651
 21
-2.8102737007874015
 31
0
  0
LINE
  5
A83
330
22
100
AcDbEntity
  8
F.Mask
  6
CONTINUOUS
100
AcDbLine
 10
6.8254435826771651
 20
-2.8102737007874015
 30
0
 11
6.8223584251968505
 21
-2.8163286614173226
 31
0
  0
LINE
  5
A84
330
22
100
AcDbEntity
  8
F.Mask
  6
CONTINUOUS
100
AcDbLine
 10
6.8223584251968505
 20
-2.8163286614173226
 30
0
 11
6.8183640551181099
 21
-2.8218264960629922
 31
0
  0
LINE
  5
A85
330
22
100
AcDbEntity
  8
F.Mask
  6
CONTINUOUS
100
AcDbLine
 10
6.8183640551181099
 20
-2.8218264960629922
 30
0
 11
6.8135587795275585
 21
-2.8266317716535432
 31
0
  0
LINE
  5
A86
330
22
100
AcDbEntity
  8
F.Mask
  6
CONTINUOUS
100
AcDbLine
 10
6.8135587795275585
 20
-2.8266317716535432
 30
0
 11
6.8080609448818894
 21
-2.8306261417322833
 31
0
  0
LINE
  5
A87
330
22
100
AcDbEntity
  8
F.Mask
  6
CONTINUOUS
100
AcDbLine
 10
6.8080609448818894
 20
-2.8306261417322833
 30
0
 11
6.8020059842519682
 21
-2.8337112992125983
 31
0
  0
LINE
  5
A88
330
22
100
AcDbEntity
  8
F.Mask
  6
CONTINUOUS
100
AcDbLine
 10
6.8020059842519682
 20
-2.8337112992125983
 30
0
 11
6.7955429133858267
 21
-2.8358112992125983
 31
0
  0
LINE
  5
A89
330
22
100
AcDbEntity
  8
F.Mask
  6
CONTINUOUS
100
AcDbLine
 10
6.7955429133858267
 20
-2.8358112992125983
 30
0
 11
6.7888309055118112
 21
-2.83687437007874
 31
0
  0
LINE
  5
A8A
330
22
100
AcDbEntity
  8
F.Mask
  6
CONTINUOUS
100
AcDbLine
 10
6.7888309055118112
 20
-2.83687437007874
 30
0
 11
6.7820352362204721
 21
-2.83687437007874
 31
0
  0
LINE
  5
A8B
330
22
100
AcDbEntity
  8
F.Mask
  6
CONTINUOUS
100
AcDbLine
 10
6.7820352362204721
 20
-2.83687437007874
 30
0
 11
6.7753232283464566
 21
-2.8358112992125983
 31
0
  0
LINE
  5
A8C
330
22
100
AcDbEntity
  8
F.Mask
  6
CONTINUOUS
100
AcDbLine
 10
6.7753232283464566
 20
-2.8358112992125983
 30
0
 11
6.7688601574803151
 21
-2.8337112992125983
 31
0
  0
LINE
  5
A8D
330
22
100
AcDbEntity
  8
F.Mask
  6
CONTINUOUS
100
AcDbLine
 10
6.7688601574803151
 20
-2.8337112992125983
 30
0
 11
6.7628051968503939
 21
-2.8306261417322833
 31
0
  0
LINE
  5
A8E
330
22
100
AcDbEntity
  8
F.Mask
  6
CONTINUOUS
100
AcDbLine
 10
6.7628051968503939
 20
-2.8306261417322833
 30
0
 11
6.7573073622047239
 21
-2.8266317716535432
 31
0
  0
LINE
  5
A8F
330
22
100
AcDbEntity
  8
F.Mask
  6
CONTINUOUS
100
AcDbLine
 10
6.7573073622047239
 20
-2.8266317716535432
 30
0
 11
6.7525020866141734
 21
-2.8218264960629922
 31
0
  0
LINE
  5
A90
330
22
100
AcDbEntity
  8
F.Mask
  6
CONTINUOUS
100
AcDbLine
 10
6.7525020866141734
 20
-2.8218264960629922
 30
0
 11
6.7485077165354328
 21
-2.8163286614173226
 31
0
  0
LINE
  5
A91
330
22
100
AcDbEntity
  8
F.Mask
  6
CONTINUOUS
100
AcDbLine
 10
6.7485077165354328
 20
-2.8163286614173226
 30
0
 11
6.7454225590551182
 21
-2.8102737007874015
 31
0
  0
LINE
  5
A92
330
22
100
AcDbEntity
  8
F.Mask
  6
CONTINUOUS
100
AcDbLine
 10
6.7454225590551182
 20
-2.8102737007874015
 30
0
 11
6.7433225590551178
 21
-2.80381062992126
 31
0
  0
LINE
  5
A93
330
22
100
AcDbEntity
  8
F.Mask
  6
CONTINUOUS
100
AcDbLine
 10
6.7433225590551178
 20
-2.80381062992126
 30
0
 11
6.742344881889764
 21
-2.7976377952755906
 31
0
  0
LINE
  5
A94
330
22
100
AcDbEntity
  8
F.Mask
  6
CONTINUOUS
100
AcDbLine
 10
6.742344881889764
 20
-2.7976377952755906
 30
0
 11
5.4640853149606299
 21
-2.7976377952755906
 31
0
  0
LINE
  5
A95
330
22
100
AcDbEntity
  8
F.Mask
  6
CONTINUOUS
100
AcDbLine
 10
5.4640853149606299
 20
-2.7976377952755906
 30
0
 11
5.3572490551181104
 21
-2.9044740551181101
 31
0
  0
LINE
  5
A96
330
22
100
AcDbEntity
  8
F.Mask
  6
CONTINUOUS
100
AcDbLine
 10
5.3572490551181104
 20
-2.9044740551181101
 30
0
 11
5.3576108267716531
 21
-2.9044918503937005
 31
0
  0
LINE
  5
A97
330
22
100
AcDbEntity
  8
F.Mask
  6
CONTINUOUS
100
AcDbLine
 10
5.3576108267716531
 20
-2.9044918503937005
 30
0
 11
5.3640449606299212
 21
-2.9057716929133859
 31
0
  0
LINE
  5
A98
330
22
100
AcDbEntity
  8
F.Mask
  6
CONTINUOUS
100
AcDbLine
 10
5.3640449606299212
 20
-2.9057716929133859
 30
0
 11
5.3701057874015747
 21
-2.9082821653543305
 31
0
  0
LINE
  5
A99
330
22
100
AcDbEntity
  8
F.Mask
  6
CONTINUOUS
100
AcDbLine
 10
5.3701057874015747
 20
-2.9082821653543305
 30
0
 11
5.3755603937007876
 21
-2.9119268110236218
 31
0
  0
LINE
  5
A9A
330
22
100
AcDbEntity
  8
F.Mask
  6
CONTINUOUS
100
AcDbLine
 10
5.3755603937007876
 20
-2.9119268110236218
 30
0
 11
5.3801991732283465
 21
-2.9165655905511811
 31
0
  0
LINE
  5
A9B
330
22
100
AcDbEntity
  8
F.Mask
  6
CONTINUOUS
100
AcDbLine
 10
5.3801991732283465
 20
-2.9165655905511811
 30
0
 11
5.3838438188976374
 21
-2.9220201968503936
 31
0
  0
LINE
  5
A9C
330
22
100
AcDbEntity
  8
F.Mask
  6
CONTINUOUS
100
AcDbLine
 10
5.3838438188976374
 20
-2.9220201968503936
 30
0
 11
5.3863542913385825
 21
-2.9280810236220471
 31
0
  0
LINE
  5
A9D
330
22
100
AcDbEntity
  8
F.Mask
  6
CONTINUOUS
100
AcDbLine
 10
5.3863542913385825
 20
-2.9280810236220471
 30
0
 11
5.3876341338582678
 21
-2.9345151574803148
 31
0
  0
LINE
  5
A9E
330
22
100
AcDbEntity
  8
F.Mask
  6
CONTINUOUS
100
AcDbLine
 10
5.3876341338582678
 20
-2.9345151574803148
 30
0
 11
5.3876341338582678
 21
-2.9410753937007872
 31
0
  0
LINE
  5
A9F
330
22
100
AcDbEntity
  8
F.Mask
  6
CONTINUOUS
100
AcDbLine
 10
5.3876341338582678
 20
-2.9410753937007872
 30
0
 11
5.3863542913385825
 21
-2.9475095275590553
 31
0
  0
LINE
  5
AA0
330
22
100
AcDbEntity
  8
F.Mask
  6
CONTINUOUS
100
AcDbLine
 10
5.3863542913385825
 20
-2.9475095275590553
 30
0
 11
5.3838438188976374
 21
-2.9535703543307088
 31
0
  0
LINE
  5
AA1
330
22
100
AcDbEntity
  8
F.Mask
  6
CONTINUOUS
100
AcDbLine
 10
5.3838438188976374
 20
-2.9535703543307088
 30
0
 11
5.3801991732283465
 21
-2.9590249606299213
 31
0
  0
LINE
  5
AA2
330
22
100
AcDbEntity
  8
F.Mask
  6
CONTINUOUS
100
AcDbLine
 10
5.3801991732283465
 20
-2.9590249606299213
 30
0
 11
5.3755603937007876
 21
-2.9636637401574801
 31
0
  0
LINE
  5
AA3
330
22
100
AcDbEntity
  8
F.Mask
  6
CONTINUOUS
100
AcDbLine
 10
5.3755603937007876
 20
-2.9636637401574801
 30
0
 11
5.3701057874015747
 21
-2.9673083858267715
 31
0
  0
LINE
  5
AA4
330
22
100
AcDbEntity
  8
F.Mask
  6
CONTINUOUS
100
AcDbLine
 10
5.3701057874015747
 20
-2.9673083858267715
 30
0
 11
5.3640449606299212
 21
-2.9698188582677165
 31
0
  0
LINE
  5
AA5
330
22
100
AcDbEntity
  8
F.Mask
  6
CONTINUOUS
100
AcDbLine
 10
5.3640449606299212
 20
-2.9698188582677165
 30
0
 11
5.3576108267716531
 21
-2.9710987007874015
 31
0
  0
LINE
  5
AA6
330
22
100
AcDbEntity
  8
F.Mask
  6
CONTINUOUS
100
AcDbLine
 10
5.3576108267716531
 20
-2.9710987007874015
 30
0
 11
5.3543307086614176
 21
-2.971259842519685
 31
0
  0
LINE
  5
AA7
330
22
100
AcDbEntity
  8
F.Mask
  6
CONTINUOUS
100
AcDbLine
 10
5.3543307086614176
 20
-2.971259842519685
 30
0
 11
5.2755905511811019
 21
-2.971259842519685
 31
0
  0
LINE
  5
AA8
330
22
100
AcDbEntity
  8
F.Mask
  6
CONTINUOUS
100
AcDbLine
 10
5.2755905511811019
 20
-2.971259842519685
 30
0
 11
5.2723104330708663
 21
-2.9710987007874015
 31
0
  0
LINE
  5
AA9
330
22
100
AcDbEntity
  8
F.Mask
  6
CONTINUOUS
100
AcDbLine
 10
5.2723104330708663
 20
-2.9710987007874015
 30
0
 11
5.2658762992125983
 21
-2.9698188582677165
 31
0
  0
LINE
  5
AAA
330
22
100
AcDbEntity
  8
F.Mask
  6
CONTINUOUS
100
AcDbLine
 10
5.2658762992125983
 20
-2.9698188582677165
 30
0
 11
5.2598154724409447
 21
-2.9673083858267715
 31
0
  0
LINE
  5
AAB
330
22
100
AcDbEntity
  8
F.Mask
  6
CONTINUOUS
100
AcDbLine
 10
5.2598154724409447
 20
-2.9673083858267715
 30
0
 11
5.2543608661417318
 21
-2.9636637401574801
 31
0
  0
LINE
  5
AAC
330
22
100
AcDbEntity
  8
F.Mask
  6
CONTINUOUS
100
AcDbLine
 10
5.2543608661417318
 20
-2.9636637401574801
 30
0
 11
5.2497220866141729
 21
-2.9590249606299213
 31
0
  0
LINE
  5
AAD
330
22
100
AcDbEntity
  8
F.Mask
  6
CONTINUOUS
100
AcDbLine
 10
5.2497220866141729
 20
-2.9590249606299213
 30
0
 11
5.246077440944882
 21
-2.9535703543307088
 31
0
  0
LINE
  5
AAE
330
22
100
AcDbEntity
  8
F.Mask
  6
CONTINUOUS
100
AcDbLine
 10
5.246077440944882
 20
-2.9535703543307088
 30
0
 11
5.243566968503937
 21
-2.9475095275590553
 31
0
  0
LINE
  5
AAF
330
22
100
AcDbEntity
  8
F.Mask
  6
CONTINUOUS
100
AcDbLine
 10
5.243566968503937
 20
-2.9475095275590553
 30
0
 11
5.2422871259842516
 21
-2.9410753937007872
 31
0
  0
LINE
  5
AB0
330
22
100
AcDbEntity
  8
F.Mask
  6
CONTINUOUS
100
AcDbLine
 10
5.2422871259842516
 20
-2.9410753937007872
 30
0
 11
5.2422871259842516
 21
-2.9345151574803148
 31
0
  0
LINE
  5
AB1
330
22
100
AcDbEntity
  8
F.Mask
  6
CONTINUOUS
100
AcDbLine
 10
5.2422871259842516
 20
-2.9345151574803148
 30
0
 11
5.243566968503937
 21
-2.9280810236220471
 31
0
  0
LINE
  5
AB2
330
22
100
AcDbEntity
  8
F.Mask
  6
CONTINUOUS
100
AcDbLine
 10
5.243566968503937
 20
-2.9280810236220471
 30
0
 11
5.246077440944882
 21
-2.9220201968503936
 31
0
  0
LINE
  5
AB3
330
22
100
AcDbEntity
  8
F.Mask
  6
CONTINUOUS
100
AcDbLine
 10
5.246077440944882
 20
-2.9220201968503936
 30
0
 11
5.2497220866141729
 21
-2.9165655905511811
 31
0
  0
LINE
  5
AB4
330
22
100
AcDbEntity
  8
F.Mask
  6
CONTINUOUS
100
AcDbLine
 10
5.2497220866141729
 20
-2.9165655905511811
 30
0
 11
5.2543608661417318
 21
-2.9119268110236218
 31
0
  0
LINE
  5
AB5
330
22
100
AcDbEntity
  8
F.Mask
  6
CONTINUOUS
100
AcDbLine
 10
5.2543608661417318
 20
-2.9119268110236218
 30
0
 11
5.2598154724409447
 21
-2.9082821653543305
 31
0
  0
LINE
  5
AB6
330
22
100
AcDbEntity
  8
F.Mask
  6
CONTINUOUS
100
AcDbLine
 10
5.2598154724409447
 20
-2.9082821653543305
 30
0
 11
5.2658762992125983
 21
-2.9057716929133859
 31
0
  0
LINE
  5
AB7
330
22
100
AcDbEntity
  8
F.Mask
  6
CONTINUOUS
100
AcDbLine
 10
5.2658762992125983
 20
-2.9057716929133859
 30
0
 11
5.2723104330708663
 21
-2.9044918503937005
 31
0
  0
LINE
  5
AB8
330
22
100
AcDbEntity
  8
F.Mask
  6
CONTINUOUS
100
AcDbLine
 10
5.2723104330708663
 20
-2.9044918503937005
 30
0
 11
5.2755905511811019
 21
-2.9043307086614174
 31
0
  0
LINE
  5
AB9
330
22
100
AcDbEntity
  8
F.Mask
  6
CONTINUOUS
100
AcDbLine
 10
5.2755905511811019
 20
-2.9043307086614174
 30
0
 11
5.3462568503937007
 21
-2.9043307086614174
 31
0
  0
LINE
  5
ABA
330
22
100
AcDbEntity
  8
F.Mask
  6
CONTINUOUS
100
AcDbLine
 10
5.3462568503937007
 20
-2.9043307086614174
 30
0
 11
5.4596707086614176
 21
-2.7909168897637793
 31
0
  0
LINE
  5
ABB
330
22
100
AcDbEntity
  8
F.Mask
  6
CONTINUOUS
100
AcDbLine
 10
5.4596707086614176
 20
-2.7909168897637793
 30
0
 11
5.4602672834645665
 21
-2.7904272440944879
 31
0
  0
LINE
  5
ABC
330
22
100
AcDbEntity
  8
F.Mask
  6
CONTINUOUS
100
AcDbLine
 10
5.4602672834645665
 20
-2.7904272440944879
 30
0
 11
5.4616864960629918
 21
-2.789839409448819
 31
0
  0
LINE
  5
ABD
330
22
100
AcDbEntity
  8
F.Mask
  6
CONTINUOUS
100
AcDbLine
 10
5.4616864960629918
 20
-2.789839409448819
 30
0
 11
5.462454566929134
 21
-2.7897637795275592
 31
0
  0
LINE
  5
ABE
330
22
100
AcDbEntity
  8
F.Mask
  6
CONTINUOUS
100
AcDbLine
 10
5.462454566929134
 20
-2.7897637795275592
 30
0
 11
6.742344881889764
 21
-2.7897637795275592
 31
0
  0
LINE
  5
ABF
330
22
100
AcDbEntity
  8
F.Mask
  6
CONTINUOUS
100
AcDbLine
 10
6.742344881889764
 20
-2.7897637795275592
 30
0
 11
6.7433225590551178
 21
-2.7835909448818899
 31
0
  0
LINE
  5
AC0
330
22
100
AcDbEntity
  8
F.Mask
  6
CONTINUOUS
100
AcDbLine
 10
6.7433225590551178
 20
-2.7835909448818899
 30
0
 11
6.7454225590551182
 21
-2.7771278740157479
 31
0
  0
LINE
  5
AC1
330
22
100
AcDbEntity
  8
F.Mask
  6
CONTINUOUS
100
AcDbLine
 10
6.7454225590551182
 20
-2.7771278740157479
 30
0
 11
6.7485077165354328
 21
-2.7710729133858267
 31
0
  0
LINE
  5
AC2
330
22
100
AcDbEntity
  8
F.Mask
  6
CONTINUOUS
100
AcDbLine
 10
6.7485077165354328
 20
-2.7710729133858267
 30
0
 11
6.7525020866141734
 21
-2.7655750787401576
 31
0
  0
LINE
  5
AC3
330
22
100
AcDbEntity
  8
F.Mask
  6
CONTINUOUS
100
AcDbLine
 10
6.7525020866141734
 20
-2.7655750787401576
 30
0
 11
6.7573073622047239
 21
-2.7607698031496062
 31
0
  0
LINE
  5
AC4
330
22
100
AcDbEntity
  8
F.Mask
  6
CONTINUOUS
100
AcDbLine
 10
6.7573073622047239
 20
-2.7607698031496062
 30
0
 11
6.7628051968503939
 21
-2.756775433070866
 31
0
  0
LINE
  5
AC5
330
22
100
AcDbEntity
  8
F.Mask
  6
CONTINUOUS
100
AcDbLine
 10
6.7628051968503939
 20
-2.756775433070866
 30
0
 11
6.7688601574803151
 21
-2.753690275590551
 31
0
  0
LINE
  5
AC6
330
22
100
AcDbEntity
  8
F.Mask
  6
CONTINUOUS
100
AcDbLine
 10
6.7688601574803151
 20
-2.753690275590551
 30
0
 11
6.7753232283464566
 21
-2.751590275590551
 31
0
  0
LINE
  5
AC7
330
22
100
AcDbEntity
  8
F.Mask
  6
CONTINUOUS
100
AcDbLine
 10
6.7753232283464566
 20
-2.751590275590551
 30
0
 11
6.7820352362204721
 21
-2.7505272047244094
 31
0
  0
LINE
  5
AC8
330
22
100
AcDbEntity
  8
F.Mask
  6
CONTINUOUS
100
AcDbLine
 10
6.7820352362204721
 20
-2.7505272047244094
 30
0
 11
6.7888309055118112
 21
-2.7505272047244094
 31
0
  0
LINE
  5
AC9
330
22
100
AcDbEntity
  8
F.Mask
  6
CONTINUOUS
100
AcDbLine
 10
6.7888309055118112
 20
-2.7505272047244094
 30
0
 11
6.7955429133858267
 21
-2.751590275590551
 31
0
  0
LINE
  5
ACA
330
22
100
AcDbEntity
  8
F.Mask
  6
CONTINUOUS
100
AcDbLine
 10
6.5455429133858267
 20
-2.8515902755905511
 30
0
 11
6.5520059842519682
 21
-2.8536902755905511
 31
0
  0
LINE
  5
ACB
330
22
100
AcDbEntity
  8
F.Mask
  6
CONTINUOUS
100
AcDbLine
 10
6.5520059842519682
 20
-2.8536902755905511
 30
0
 11
6.5580609448818894
 21
-2.8567754330708661
 31
0
  0
LINE
  5
ACC
330
22
100
AcDbEntity
  8
F.Mask
  6
CONTINUOUS
100
AcDbLine
 10
6.5580609448818894
 20
-2.8567754330708661
 30
0
 11
6.5635587795275585
 21
-2.8607698031496063
 31
0
  0
LINE
  5
ACD
330
22
100
AcDbEntity
  8
F.Mask
  6
CONTINUOUS
100
AcDbLine
 10
6.5635587795275585
 20
-2.8607698031496063
 30
0
 11
6.5683640551181099
 21
-2.8655750787401573
 31
0
  0
LINE
  5
ACE
330
22
100
AcDbEntity
  8
F.Mask
  6
CONTINUOUS
100
AcDbLine
 10
6.5683640551181099
 20
-2.8655750787401573
 30
0
 11
6.5723584251968505
 21
-2.8710729133858268
 31
0
  0
LINE
  5
ACF
330
22
100
AcDbEntity
  8
F.Mask
  6
CONTINUOUS
100
AcDbLine
 10
6.5723584251968505
 20
-2.8710729133858268
 30
0
 11
6.5754435826771651
 21
-2.877127874015748
 31
0
  0
LINE
  5
AD0
330
22
100
AcDbEntity
  8
F.Mask
  6
CONTINUOUS
100
AcDbLine
 10
6.5754435826771651
 20
-2.877127874015748
 30
0
 11
6.5775435826771655
 21
-2.8835909448818895
 31
0
  0
LINE
  5
AD1
330
22
100
AcDbEntity
  8
F.Mask
  6
CONTINUOUS
100
AcDbLine
 10
6.5775435826771655
 20
-2.8835909448818895
 30
0
 11
6.5786066535433072
 21
-2.8903029527559054
 31
0
  0
LINE
  5
AD2
330
22
100
AcDbEntity
  8
F.Mask
  6
CONTINUOUS
100
AcDbLine
 10
6.5786066535433072
 20
-2.8903029527559054
 30
0
 11
6.5786066535433072
 21
-2.8970986220472441
 31
0
  0
LINE
  5
AD3
330
22
100
AcDbEntity
  8
F.Mask
  6
CONTINUOUS
100
AcDbLine
 10
6.5786066535433072
 20
-2.8970986220472441
 30
0
 11
6.5775435826771655
 21
-2.9038106299212596
 31
0
  0
LINE
  5
AD4
330
22
100
AcDbEntity
  8
F.Mask
  6
CONTINUOUS
100
AcDbLine
 10
6.5775435826771655
 20
-2.9038106299212596
 30
0
 11
6.5754435826771651
 21
-2.9102737007874016
 31
0
  0
LINE
  5
AD5
330
22
100
AcDbEntity
  8
F.Mask
  6
CONTINUOUS
100
AcDbLine
 10
6.5754435826771651
 20
-2.9102737007874016
 30
0
 11
6.5723584251968505
 21
-2.9163286614173227
 31
0
  0
LINE
  5
AD6
330
22
100
AcDbEntity
  8
F.Mask
  6
CONTINUOUS
100
AcDbLine
 10
6.5723584251968505
 20
-2.9163286614173227
 30
0
 11
6.5683640551181099
 21
-2.9218264960629923
 31
0
  0
LINE
  5
AD7
330
22
100
AcDbEntity
  8
F.Mask
  6
CONTINUOUS
100
AcDbLine
 10
6.5683640551181099
 20
-2.9218264960629923
 30
0
 11
6.5635587795275585
 21
-2.9266317716535433
 31
0
  0
LINE
  5
AD8
330
22
100
AcDbEntity
  8
F.Mask
  6
CONTINUOUS
100
AcDbLine
 10
6.5635587795275585
 20
-2.9266317716535433
 30
0
 11
6.5580609448818894
 21
-2.9306261417322834
 31
0
  0
LINE
  5
AD9
330
22
100
AcDbEntity
  8
F.Mask
  6
CONTINUOUS
100
AcDbLine
 10
6.5580609448818894
 20
-2.9306261417322834
 30
0
 11
6.5520059842519682
 21
-2.9337112992125984
 31
0
  0
LINE
  5
ADA
330
22
100
AcDbEntity
  8
F.Mask
  6
CONTINUOUS
100
AcDbLine
 10
6.5520059842519682
 20
-2.9337112992125984
 30
0
 11
6.5455429133858267
 21
-2.9358112992125984
 31
0
  0
LINE
  5
ADB
330
22
100
AcDbEntity
  8
F.Mask
  6
CONTINUOUS
100
AcDbLine
 10
6.5455429133858267
 20
-2.9358112992125984
 30
0
 11
6.5388309055118112
 21
-2.9368743700787401
 31
0
  0
LINE
  5
ADC
330
22
100
AcDbEntity
  8
F.Mask
  6
CONTINUOUS
100
AcDbLine
 10
6.5388309055118112
 20
-2.9368743700787401
 30
0
 11
6.5320352362204721
 21
-2.9368743700787401
 31
0
  0
LINE
  5
ADD
330
22
100
AcDbEntity
  8
F.Mask
  6
CONTINUOUS
100
AcDbLine
 10
6.5320352362204721
 20
-2.9368743700787401
 30
0
 11
6.5253232283464566
 21
-2.9358112992125984
 31
0
  0
LINE
  5
ADE
330
22
100
AcDbEntity
  8
F.Mask
  6
CONTINUOUS
100
AcDbLine
 10
6.5253232283464566
 20
-2.9358112992125984
 30
0
 11
6.5188601574803151
 21
-2.9337112992125984
 31
0
  0
LINE
  5
ADF
330
22
100
AcDbEntity
  8
F.Mask
  6
CONTINUOUS
100
AcDbLine
 10
6.5188601574803151
 20
-2.9337112992125984
 30
0
 11
6.5128051968503939
 21
-2.9306261417322834
 31
0
  0
LINE
  5
AE0
330
22
100
AcDbEntity
  8
F.Mask
  6
CONTINUOUS
100
AcDbLine
 10
6.5128051968503939
 20
-2.9306261417322834
 30
0
 11
6.5073073622047239
 21
-2.9266317716535433
 31
0
  0
LINE
  5
AE1
330
22
100
AcDbEntity
  8
F.Mask
  6
CONTINUOUS
100
AcDbLine
 10
6.5073073622047239
 20
-2.9266317716535433
 30
0
 11
6.5025020866141734
 21
-2.9218264960629923
 31
0
  0
LINE
  5
AE2
330
22
100
AcDbEntity
  8
F.Mask
  6
CONTINUOUS
100
AcDbLine
 10
6.5025020866141734
 20
-2.9218264960629923
 30
0
 11
6.4985077165354328
 21
-2.9163286614173227
 31
0
  0
LINE
  5
AE3
330
22
100
AcDbEntity
  8
F.Mask
  6
CONTINUOUS
100
AcDbLine
 10
6.4985077165354328
 20
-2.9163286614173227
 30
0
 11
6.4954225590551182
 21
-2.9102737007874016
 31
0
  0
LINE
  5
AE4
330
22
100
AcDbEntity
  8
F.Mask
  6
CONTINUOUS
100
AcDbLine
 10
6.4954225590551182
 20
-2.9102737007874016
 30
0
 11
6.4933225590551178
 21
-2.9038106299212596
 31
0
  0
LINE
  5
AE5
330
22
100
AcDbEntity
  8
F.Mask
  6
CONTINUOUS
100
AcDbLine
 10
6.4933225590551178
 20
-2.9038106299212596
 30
0
 11
6.4922594881889761
 21
-2.8970986220472441
 31
0
  0
LINE
  5
AE6
330
22
100
AcDbEntity
  8
F.Mask
  6
CONTINUOUS
100
AcDbLine
 10
6.4922594881889761
 20
-2.8970986220472441
 30
0
 11
6.4922594881889761
 21
-2.8903029527559054
 31
0
  0
LINE
  5
AE7
330
22
100
AcDbEntity
  8
F.Mask
  6
CONTINUOUS
100
AcDbLine
 10
6.4922594881889761
 20
-2.8903029527559054
 30
0
 11
6.4933225590551178
 21
-2.8835909448818895
 31
0
  0
LINE
  5
AE8
330
22
100
AcDbEntity
  8
F.Mask
  6
CONTINUOUS
100
AcDbLine
 10
6.4933225590551178
 20
-2.8835909448818895
 30
0
 11
6.4954225590551182
 21
-2.877127874015748
 31
0
  0
LINE
  5
AE9
330
22
100
AcDbEntity
  8
F.Mask
  6
CONTINUOUS
100
AcDbLine
 10
6.4954225590551182
 20
-2.877127874015748
 30
0
 11
6.4985077165354328
 21
-2.8710729133858268
 31
0
  0
LINE
  5
AEA
330
22
100
AcDbEntity
  8
F.Mask
  6
CONTINUOUS
100
AcDbLine
 10
6.4985077165354328
 20
-2.8710729133858268
 30
0
 11
6.5025020866141734
 21
-2.8655750787401573
 31
0
  0
LINE
  5
AEB
330
22
100
AcDbEntity
  8
F.Mask
  6
CONTINUOUS
100
AcDbLine
 10
6.5025020866141734
 20
-2.8655750787401573
 30
0
 11
6.5073073622047239
 21
-2.8607698031496063
 31
0
  0
LINE
  5
AEC
330
22
100
AcDbEntity
  8
F.Mask
  6
CONTINUOUS
100
AcDbLine
 10
6.5073073622047239
 20
-2.8607698031496063
 30
0
 11
6.5128051968503939
 21
-2.8567754330708661
 31
0
  0
LINE
  5
AED
330
22
100
AcDbEntity
  8
F.Mask
  6
CONTINUOUS
100
AcDbLine
 10
6.5128051968503939
 20
-2.8567754330708661
 30
0
 11
6.5188601574803151
 21
-2.8536902755905511
 31
0
  0
LINE
  5
AEE
330
22
100
AcDbEntity
  8
F.Mask
  6
CONTINUOUS
100
AcDbLine
 10
6.5188601574803151
 20
-2.8536902755905511
 30
0
 11
6.5253232283464566
 21
-2.8515902755905511
 31
0
  0
LINE
  5
AEF
330
22
100
AcDbEntity
  8
F.Mask
  6
CONTINUOUS
100
AcDbLine
 10
6.5253232283464566
 20
-2.8515902755905511
 30
0
 11
6.5320352362204721
 21
-2.8505272047244095
 31
0
  0
LINE
  5
AF0
330
22
100
AcDbEntity
  8
F.Mask
  6
CONTINUOUS
100
AcDbLine
 10
6.5320352362204721
 20
-2.8505272047244095
 30
0
 11
6.5388309055118112
 21
-2.8505272047244095
 31
0
  0
LINE
  5
AF1
330
22
100
AcDbEntity
  8
F.Mask
  6
CONTINUOUS
100
AcDbLine
 10
6.5388309055118112
 20
-2.8505272047244095
 30
0
 11
6.5455429133858267
 21
-2.8515902755905511
 31
0
  0
LINE
  5
AF2
330
22
100
AcDbEntity
  8
F.Mask
  6
CONTINUOUS
100
AcDbLine
 10
4.676508464566929
 20
-2.8044918503937009
 30
0
 11
4.6829425984251971
 21
-2.8057716929133858
 31
0
  0
LINE
  5
AF3
330
22
100
AcDbEntity
  8
F.Mask
  6
CONTINUOUS
100
AcDbLine
 10
4.6829425984251971
 20
-2.8057716929133858
 30
0
 11
4.6890034251968506
 21
-2.8082821653543308
 31
0
  0
LINE
  5
AF4
330
22
100
AcDbEntity
  8
F.Mask
  6
CONTINUOUS
100
AcDbLine
 10
4.6890034251968506
 20
-2.8082821653543308
 30
0
 11
4.6944580314960627
 21
-2.8119268110236222
 31
0
  0
LINE
  5
AF5
330
22
100
AcDbEntity
  8
F.Mask
  6
CONTINUOUS
100
AcDbLine
 10
4.6944580314960627
 20
-2.8119268110236222
 30
0
 11
4.6990968110236215
 21
-2.8165655905511811
 31
0
  0
LINE
  5
AF6
330
22
100
AcDbEntity
  8
F.Mask
  6
CONTINUOUS
100
AcDbLine
 10
4.6990968110236215
 20
-2.8165655905511811
 30
0
 11
4.7027414566929133
 21
-2.8220201968503935
 31
0
  0
LINE
  5
AF7
330
22
100
AcDbEntity
  8
F.Mask
  6
CONTINUOUS
100
AcDbLine
 10
4.7027414566929133
 20
-2.8220201968503935
 30
0
 11
4.7052519291338584
 21
-2.8280810236220471
 31
0
  0
LINE
  5
AF8
330
22
100
AcDbEntity
  8
F.Mask
  6
CONTINUOUS
100
AcDbLine
 10
4.7052519291338584
 20
-2.8280810236220471
 30
0
 11
4.7065317716535429
 21
-2.8345151574803147
 31
0
  0
LINE
  5
AF9
330
22
100
AcDbEntity
  8
F.Mask
  6
CONTINUOUS
100
AcDbLine
 10
4.7065317716535429
 20
-2.8345151574803147
 30
0
 11
4.7065317716535429
 21
-2.8410753937007875
 31
0
  0
LINE
  5
AFA
330
22
100
AcDbEntity
  8
F.Mask
  6
CONTINUOUS
100
AcDbLine
 10
4.7065317716535429
 20
-2.8410753937007875
 30
0
 11
4.7052519291338584
 21
-2.8475095275590552
 31
0
  0
LINE
  5
AFB
330
22
100
AcDbEntity
  8
F.Mask
  6
CONTINUOUS
100
AcDbLine
 10
4.7052519291338584
 20
-2.8475095275590552
 30
0
 11
4.7027414566929133
 21
-2.8535703543307087
 31
0
  0
LINE
  5
AFC
330
22
100
AcDbEntity
  8
F.Mask
  6
CONTINUOUS
100
AcDbLine
 10
4.7027414566929133
 20
-2.8535703543307087
 30
0
 11
4.6990968110236215
 21
-2.8590249606299212
 31
0
  0
LINE
  5
AFD
330
22
100
AcDbEntity
  8
F.Mask
  6
CONTINUOUS
100
AcDbLine
 10
4.6990968110236215
 20
-2.8590249606299212
 30
0
 11
4.6944580314960627
 21
-2.86366374015748
 31
0
  0
LINE
  5
AFE
330
22
100
AcDbEntity
  8
F.Mask
  6
CONTINUOUS
100
AcDbLine
 10
4.6944580314960627
 20
-2.86366374015748
 30
0
 11
4.6890034251968506
 21
-2.8673083858267714
 31
0
  0
LINE
  5
AFF
330
22
100
AcDbEntity
  8
F.Mask
  6
CONTINUOUS
100
AcDbLine
 10
4.6890034251968506
 20
-2.8673083858267714
 30
0
 11
4.6829425984251971
 21
-2.8698188582677164
 31
0
  0
LINE
  5
B00
330
22
100
AcDbEntity
  8
F.Mask
  6
CONTINUOUS
100
AcDbLine
 10
4.6829425984251971
 20
-2.8698188582677164
 30
0
 11
4.676508464566929
 21
-2.8710987007874014
 31
0
  0
LINE
  5
B01
330
22
100
AcDbEntity
  8
F.Mask
  6
CONTINUOUS
100
AcDbLine
 10
4.676508464566929
 20
-2.8710987007874014
 30
0
 11
4.6732283464566926
 21
-2.8712598425196849
 31
0
  0
LINE
  5
B02
330
22
100
AcDbEntity
  8
F.Mask
  6
CONTINUOUS
100
AcDbLine
 10
4.6732283464566926
 20
-2.8712598425196849
 30
0
 11
4.5984251968503935
 21
-2.8712598425196849
 31
0
  0
LINE
  5
B03
330
22
100
AcDbEntity
  8
F.Mask
  6
CONTINUOUS
100
AcDbLine
 10
4.5984251968503935
 20
-2.8712598425196849
 30
0
 11
4.5951450787401571
 21
-2.8710987007874014
 31
0
  0
LINE
  5
B04
330
22
100
AcDbEntity
  8
F.Mask
  6
CONTINUOUS
100
AcDbLine
 10
4.5951450787401571
 20
-2.8710987007874014
 30
0
 11
4.5887109448818899
 21
-2.8698188582677164
 31
0
  0
LINE
  5
B05
330
22
100
AcDbEntity
  8
F.Mask
  6
CONTINUOUS
100
AcDbLine
 10
4.5887109448818899
 20
-2.8698188582677164
 30
0
 11
4.5826501181102364
 21
-2.8673083858267714
 31
0
  0
LINE
  5
B06
330
22
100
AcDbEntity
  8
F.Mask
  6
CONTINUOUS
100
AcDbLine
 10
4.5826501181102364
 20
-2.8673083858267714
 30
0
 11
4.5771955118110235
 21
-2.86366374015748
 31
0
  0
LINE
  5
B07
330
22
100
AcDbEntity
  8
F.Mask
  6
CONTINUOUS
100
AcDbLine
 10
4.5771955118110235
 20
-2.86366374015748
 30
0
 11
4.5725567322834646
 21
-2.8590249606299212
 31
0
  0
LINE
  5
B08
330
22
100
AcDbEntity
  8
F.Mask
  6
CONTINUOUS
100
AcDbLine
 10
4.5725567322834646
 20
-2.8590249606299212
 30
0
 11
4.5689120866141728
 21
-2.8535703543307087
 31
0
  0
LINE
  5
B09
330
22
100
AcDbEntity
  8
F.Mask
  6
CONTINUOUS
100
AcDbLine
 10
4.5689120866141728
 20
-2.8535703543307087
 30
0
 11
4.5664016141732287
 21
-2.8475095275590552
 31
0
  0
LINE
  5
B0A
330
22
100
AcDbEntity
  8
F.Mask
  6
CONTINUOUS
100
AcDbLine
 10
4.5664016141732287
 20
-2.8475095275590552
 30
0
 11
4.5651217716535433
 21
-2.8410753937007875
 31
0
  0
LINE
  5
B0B
330
22
100
AcDbEntity
  8
F.Mask
  6
CONTINUOUS
100
AcDbLine
 10
4.5651217716535433
 20
-2.8410753937007875
 30
0
 11
4.5651217716535433
 21
-2.8345151574803147
 31
0
  0
LINE
  5
B0C
330
22
100
AcDbEntity
  8
F.Mask
  6
CONTINUOUS
100
AcDbLine
 10
4.5651217716535433
 20
-2.8345151574803147
 30
0
 11
4.5664016141732287
 21
-2.8280810236220471
 31
0
  0
LINE
  5
B0D
330
22
100
AcDbEntity
  8
F.Mask
  6
CONTINUOUS
100
AcDbLine
 10
4.5664016141732287
 20
-2.8280810236220471
 30
0
 11
4.5689120866141728
 21
-2.8220201968503935
 31
0
  0
LINE
  5
B0E
330
22
100
AcDbEntity
  8
F.Mask
  6
CONTINUOUS
100
AcDbLine
 10
4.5689120866141728
 20
-2.8220201968503935
 30
0
 11
4.5725567322834646
 21
-2.8165655905511811
 31
0
  0
LINE
  5
B0F
330
22
100
AcDbEntity
  8
F.Mask
  6
CONTINUOUS
100
AcDbLine
 10
4.5725567322834646
 20
-2.8165655905511811
 30
0
 11
4.5771955118110235
 21
-2.8119268110236222
 31
0
  0
LINE
  5
B10
330
22
100
AcDbEntity
  8
F.Mask
  6
CONTINUOUS
100
AcDbLine
 10
4.5771955118110235
 20
-2.8119268110236222
 30
0
 11
4.5826501181102364
 21
-2.8082821653543308
 31
0
  0
LINE
  5
B11
330
22
100
AcDbEntity
  8
F.Mask
  6
CONTINUOUS
100
AcDbLine
 10
4.5826501181102364
 20
-2.8082821653543308
 30
0
 11
4.5887109448818899
 21
-2.8057716929133858
 31
0
  0
LINE
  5
B12
330
22
100
AcDbEntity
  8
F.Mask
  6
CONTINUOUS
100
AcDbLine
 10
4.5887109448818899
 20
-2.8057716929133858
 30
0
 11
4.5951450787401571
 21
-2.8044918503937009
 31
0
  0
LINE
  5
B13
330
22
100
AcDbEntity
  8
F.Mask
  6
CONTINUOUS
100
AcDbLine
 10
4.5951450787401571
 20
-2.8044918503937009
 30
0
 11
4.5984251968503935
 21
-2.8043307086614173
 31
0
  0
LINE
  5
B14
330
22
100
AcDbEntity
  8
F.Mask
  6
CONTINUOUS
100
AcDbLine
 10
4.5984251968503935
 20
-2.8043307086614173
 30
0
 11
4.6732283464566926
 21
-2.8043307086614173
 31
0
  0
LINE
  5
B15
330
22
100
AcDbEntity
  8
F.Mask
  6
CONTINUOUS
100
AcDbLine
 10
4.6732283464566926
 20
-2.8043307086614173
 30
0
 11
4.676508464566929
 21
-2.8044918503937009
 31
0
  0
LINE
  5
B16
330
22
100
AcDbEntity
  8
F.Mask
  6
CONTINUOUS
100
AcDbLine
 10
4.676508464566929
 20
-2.7044918503937008
 30
0
 11
4.6829425984251971
 21
-2.7057716929133857
 31
0
  0
LINE
  5
B17
330
22
100
AcDbEntity
  8
F.Mask
  6
CONTINUOUS
100
AcDbLine
 10
4.6829425984251971
 20
-2.7057716929133857
 30
0
 11
4.6890034251968506
 21
-2.7082821653543308
 31
0
  0
LINE
  5
B18
330
22
100
AcDbEntity
  8
F.Mask
  6
CONTINUOUS
100
AcDbLine
 10
4.6890034251968506
 20
-2.7082821653543308
 30
0
 11
4.6944580314960627
 21
-2.7119268110236221
 31
0
  0
LINE
  5
B19
330
22
100
AcDbEntity
  8
F.Mask
  6
CONTINUOUS
100
AcDbLine
 10
4.6944580314960627
 20
-2.7119268110236221
 30
0
 11
4.6990968110236215
 21
-2.716565590551181
 31
0
  0
LINE
  5
B1A
330
22
100
AcDbEntity
  8
F.Mask
  6
CONTINUOUS
100
AcDbLine
 10
4.6990968110236215
 20
-2.716565590551181
 30
0
 11
4.7027414566929133
 21
-2.7220201968503934
 31
0
  0
LINE
  5
B1B
330
22
100
AcDbEntity
  8
F.Mask
  6
CONTINUOUS
100
AcDbLine
 10
4.7027414566929133
 20
-2.7220201968503934
 30
0
 11
4.7052519291338584
 21
-2.728081023622047
 31
0
  0
LINE
  5
B1C
330
22
100
AcDbEntity
  8
F.Mask
  6
CONTINUOUS
100
AcDbLine
 10
4.7052519291338584
 20
-2.728081023622047
 30
0
 11
4.7065317716535429
 21
-2.734515157480315
 31
0
  0
LINE
  5
B1D
330
22
100
AcDbEntity
  8
F.Mask
  6
CONTINUOUS
100
AcDbLine
 10
4.7065317716535429
 20
-2.734515157480315
 30
0
 11
4.7065317716535429
 21
-2.7410753937007875
 31
0
  0
LINE
  5
B1E
330
22
100
AcDbEntity
  8
F.Mask
  6
CONTINUOUS
100
AcDbLine
 10
4.7065317716535429
 20
-2.7410753937007875
 30
0
 11
4.7052519291338584
 21
-2.7475095275590551
 31
0
  0
LINE
  5
B1F
330
22
100
AcDbEntity
  8
F.Mask
  6
CONTINUOUS
100
AcDbLine
 10
4.7052519291338584
 20
-2.7475095275590551
 30
0
 11
4.7027414566929133
 21
-2.7535703543307086
 31
0
  0
LINE
  5
B20
330
22
100
AcDbEntity
  8
F.Mask
  6
CONTINUOUS
100
AcDbLine
 10
4.7027414566929133
 20
-2.7535703543307086
 30
0
 11
4.6990968110236215
 21
-2.7590249606299211
 31
0
  0
LINE
  5
B21
330
22
100
AcDbEntity
  8
F.Mask
  6
CONTINUOUS
100
AcDbLine
 10
4.6990968110236215
 20
-2.7590249606299211
 30
0
 11
4.6944580314960627
 21
-2.7636637401574804
 31
0
  0
LINE
  5
B22
330
22
100
AcDbEntity
  8
F.Mask
  6
CONTINUOUS
100
AcDbLine
 10
4.6944580314960627
 20
-2.7636637401574804
 30
0
 11
4.6890034251968506
 21
-2.7673083858267717
 31
0
  0
LINE
  5
B23
330
22
100
AcDbEntity
  8
F.Mask
  6
CONTINUOUS
100
AcDbLine
 10
4.6890034251968506
 20
-2.7673083858267717
 30
0
 11
4.6829425984251971
 21
-2.7698188582677163
 31
0
  0
LINE
  5
B24
330
22
100
AcDbEntity
  8
F.Mask
  6
CONTINUOUS
100
AcDbLine
 10
4.6829425984251971
 20
-2.7698188582677163
 30
0
 11
4.676508464566929
 21
-2.7710987007874017
 31
0
  0
LINE
  5
B25
330
22
100
AcDbEntity
  8
F.Mask
  6
CONTINUOUS
100
AcDbLine
 10
4.676508464566929
 20
-2.7710987007874017
 30
0
 11
4.6732283464566926
 21
-2.7712598425196848
 31
0
  0
LINE
  5
B26
330
22
100
AcDbEntity
  8
F.Mask
  6
CONTINUOUS
100
AcDbLine
 10
4.6732283464566926
 20
-2.7712598425196848
 30
0
 11
4.5984251968503935
 21
-2.7712598425196848
 31
0
  0
LINE
  5
B27
330
22
100
AcDbEntity
  8
F.Mask
  6
CONTINUOUS
100
AcDbLine
 10
4.5984251968503935
 20
-2.7712598425196848
 30
0
 11
4.5951450787401571
 21
-2.7710987007874017
 31
0
  0
LINE
  5
B28
330
22
100
AcDbEntity
  8
F.Mask
  6
CONTINUOUS
100
AcDbLine
 10
4.5951450787401571
 20
-2.7710987007874017
 30
0
 11
4.5887109448818899
 21
-2.7698188582677163
 31
0
  0
LINE
  5
B29
330
22
100
AcDbEntity
  8
F.Mask
  6
CONTINUOUS
100
AcDbLine
 10
4.5887109448818899
 20
-2.7698188582677163
 30
0
 11
4.5826501181102364
 21
-2.7673083858267717
 31
0
  0
LINE
  5
B2A
330
22
100
AcDbEntity
  8
F.Mask
  6
CONTINUOUS
100
AcDbLine
 10
4.5826501181102364
 20
-2.7673083858267717
 30
0
 11
4.5771955118110235
 21
-2.7636637401574804
 31
0
  0
LINE
  5
B2B
330
22
100
AcDbEntity
  8
F.Mask
  6
CONTINUOUS
100
AcDbLine
 10
4.5771955118110235
 20
-2.7636637401574804
 30
0
 11
4.5725567322834646
 21
-2.7590249606299211
 31
0
  0
LINE
  5
B2C
330
22
100
AcDbEntity
  8
F.Mask
  6
CONTINUOUS
100
AcDbLine
 10
4.5725567322834646
 20
-2.7590249606299211
 30
0
 11
4.5689120866141728
 21
-2.7535703543307086
 31
0
  0
LINE
  5
B2D
330
22
100
AcDbEntity
  8
F.Mask
  6
CONTINUOUS
100
AcDbLine
 10
4.5689120866141728
 20
-2.7535703543307086
 30
0
 11
4.5664016141732287
 21
-2.7475095275590551
 31
0
  0
LINE
  5
B2E
330
22
100
AcDbEntity
  8
F.Mask
  6
CONTINUOUS
100
AcDbLine
 10
4.5664016141732287
 20
-2.7475095275590551
 30
0
 11
4.5651217716535433
 21
-2.7410753937007875
 31
0
  0
LINE
  5
B2F
330
22
100
AcDbEntity
  8
F.Mask
  6
CONTINUOUS
100
AcDbLine
 10
4.5651217716535433
 20
-2.7410753937007875
 30
0
 11
4.5651217716535433
 21
-2.734515157480315
 31
0
  0
LINE
  5
B30
330
22
100
AcDbEntity
  8
F.Mask
  6
CONTINUOUS
100
AcDbLine
 10
4.5651217716535433
 20
-2.734515157480315
 30
0
 11
4.5664016141732287
 21
-2.728081023622047
 31
0
  0
LINE
  5
B31
330
22
100
AcDbEntity
  8
F.Mask
  6
CONTINUOUS
100
AcDbLine
 10
4.5664016141732287
 20
-2.728081023622047
 30
0
 11
4.5689120866141728
 21
-2.7220201968503934
 31
0
  0
LINE
  5
B32
330
22
100
AcDbEntity
  8
F.Mask
  6
CONTINUOUS
100
AcDbLine
 10
4.5689120866141728
 20
-2.7220201968503934
 30
0
 11
4.5725567322834646
 21
-2.716565590551181
 31
0
  0
LINE
  5
B33
330
22
100
AcDbEntity
  8
F.Mask
  6
CONTINUOUS
100
AcDbLine
 10
4.5725567322834646
 20
-2.716565590551181
 30
0
 11
4.5771955118110235
 21
-2.7119268110236221
 31
0
  0
LINE
  5
B34
330
22
100
AcDbEntity
  8
F.Mask
  6
CONTINUOUS
100
AcDbLine
 10
4.5771955118110235
 20
-2.7119268110236221
 30
0
 11
4.5826501181102364
 21
-2.7082821653543308
 31
0
  0
LINE
  5
B35
330
22
100
AcDbEntity
  8
F.Mask
  6
CONTINUOUS
100
AcDbLine
 10
4.5826501181102364
 20
-2.7082821653543308
 30
0
 11
4.5887109448818899
 21
-2.7057716929133857
 31
0
  0
LINE
  5
B36
330
22
100
AcDbEntity
  8
F.Mask
  6
CONTINUOUS
100
AcDbLine
 10
4.5887109448818899
 20
-2.7057716929133857
 30
0
 11
4.5951450787401571
 21
-2.7044918503937008
 31
0
  0
LINE
  5
B37
330
22
100
AcDbEntity
  8
F.Mask
  6
CONTINUOUS
100
AcDbLine
 10
4.5951450787401571
 20
-2.7044918503937008
 30
0
 11
4.5984251968503935
 21
-2.7043307086614172
 31
0
  0
LINE
  5
B38
330
22
100
AcDbEntity
  8
F.Mask
  6
CONTINUOUS
100
AcDbLine
 10
4.5984251968503935
 20
-2.7043307086614172
 30
0
 11
4.6732283464566926
 21
-2.7043307086614172
 31
0
  0
LINE
  5
B39
330
22
100
AcDbEntity
  8
F.Mask
  6
CONTINUOUS
100
AcDbLine
 10
4.6732283464566926
 20
-2.7043307086614172
 30
0
 11
4.676508464566929
 21
-2.7044918503937008
 31
0
  0
LINE
  5
B3A
330
22
100
AcDbEntity
  8
F.Mask
  6
CONTINUOUS
100
AcDbLine
 10
5.3576108267716531
 20
-2.7044918503937008
 30
0
 11
5.3640449606299212
 21
-2.7057716929133857
 31
0
  0
LINE
  5
B3B
330
22
100
AcDbEntity
  8
F.Mask
  6
CONTINUOUS
100
AcDbLine
 10
5.3640449606299212
 20
-2.7057716929133857
 30
0
 11
5.3701057874015747
 21
-2.7082821653543308
 31
0
  0
LINE
  5
B3C
330
22
100
AcDbEntity
  8
F.Mask
  6
CONTINUOUS
100
AcDbLine
 10
5.3701057874015747
 20
-2.7082821653543308
 30
0
 11
5.3755603937007876
 21
-2.7119268110236221
 31
0
  0
LINE
  5
B3D
330
22
100
AcDbEntity
  8
F.Mask
  6
CONTINUOUS
100
AcDbLine
 10
5.3755603937007876
 20
-2.7119268110236221
 30
0
 11
5.3801991732283465
 21
-2.716565590551181
 31
0
  0
LINE
  5
B3E
330
22
100
AcDbEntity
  8
F.Mask
  6
CONTINUOUS
100
AcDbLine
 10
5.3801991732283465
 20
-2.716565590551181
 30
0
 11
5.3838438188976374
 21
-2.7220201968503934
 31
0
  0
LINE
  5
B3F
330
22
100
AcDbEntity
  8
F.Mask
  6
CONTINUOUS
100
AcDbLine
 10
5.3838438188976374
 20
-2.7220201968503934
 30
0
 11
5.3863542913385825
 21
-2.728081023622047
 31
0
  0
LINE
  5
B40
330
22
100
AcDbEntity
  8
F.Mask
  6
CONTINUOUS
100
AcDbLine
 10
5.3863542913385825
 20
-2.728081023622047
 30
0
 11
5.3876341338582678
 21
-2.734515157480315
 31
0
  0
LINE
  5
B41
330
22
100
AcDbEntity
  8
F.Mask
  6
CONTINUOUS
100
AcDbLine
 10
5.3876341338582678
 20
-2.734515157480315
 30
0
 11
5.3876341338582678
 21
-2.7410753937007875
 31
0
  0
LINE
  5
B42
330
22
100
AcDbEntity
  8
F.Mask
  6
CONTINUOUS
100
AcDbLine
 10
5.3876341338582678
 20
-2.7410753937007875
 30
0
 11
5.3863542913385825
 21
-2.7475095275590551
 31
0
  0
LINE
  5
B43
330
22
100
AcDbEntity
  8
F.Mask
  6
CONTINUOUS
100
AcDbLine
 10
5.3863542913385825
 20
-2.7475095275590551
 30
0
 11
5.3838438188976374
 21
-2.7535703543307086
 31
0
  0
LINE
  5
B44
330
22
100
AcDbEntity
  8
F.Mask
  6
CONTINUOUS
100
AcDbLine
 10
5.3838438188976374
 20
-2.7535703543307086
 30
0
 11
5.3801991732283465
 21
-2.7590249606299211
 31
0
  0
LINE
  5
B45
330
22
100
AcDbEntity
  8
F.Mask
  6
CONTINUOUS
100
AcDbLine
 10
5.3801991732283465
 20
-2.7590249606299211
 30
0
 11
5.3755603937007876
 21
-2.7636637401574804
 31
0
  0
LINE
  5
B46
330
22
100
AcDbEntity
  8
F.Mask
  6
CONTINUOUS
100
AcDbLine
 10
5.3755603937007876
 20
-2.7636637401574804
 30
0
 11
5.3701057874015747
 21
-2.7673083858267717
 31
0
  0
LINE
  5
B47
330
22
100
AcDbEntity
  8
F.Mask
  6
CONTINUOUS
100
AcDbLine
 10
5.3701057874015747
 20
-2.7673083858267717
 30
0
 11
5.3640449606299212
 21
-2.7698188582677163
 31
0
  0
LINE
  5
B48
330
22
100
AcDbEntity
  8
F.Mask
  6
CONTINUOUS
100
AcDbLine
 10
5.3640449606299212
 20
-2.7698188582677163
 30
0
 11
5.3576108267716531
 21
-2.7710987007874017
 31
0
  0
LINE
  5
B49
330
22
100
AcDbEntity
  8
F.Mask
  6
CONTINUOUS
100
AcDbLine
 10
5.3576108267716531
 20
-2.7710987007874017
 30
0
 11
5.3543307086614176
 21
-2.7712598425196848
 31
0
  0
LINE
  5
B4A
330
22
100
AcDbEntity
  8
F.Mask
  6
CONTINUOUS
100
AcDbLine
 10
5.3543307086614176
 20
-2.7712598425196848
 30
0
 11
5.2755905511811019
 21
-2.7712598425196848
 31
0
  0
LINE
  5
B4B
330
22
100
AcDbEntity
  8
F.Mask
  6
CONTINUOUS
100
AcDbLine
 10
5.2755905511811019
 20
-2.7712598425196848
 30
0
 11
5.2723104330708663
 21
-2.7710987007874017
 31
0
  0
LINE
  5
B4C
330
22
100
AcDbEntity
  8
F.Mask
  6
CONTINUOUS
100
AcDbLine
 10
5.2723104330708663
 20
-2.7710987007874017
 30
0
 11
5.2658762992125983
 21
-2.7698188582677163
 31
0
  0
LINE
  5
B4D
330
22
100
AcDbEntity
  8
F.Mask
  6
CONTINUOUS
100
AcDbLine
 10
5.2658762992125983
 20
-2.7698188582677163
 30
0
 11
5.2598154724409447
 21
-2.7673083858267717
 31
0
  0
LINE
  5
B4E
330
22
100
AcDbEntity
  8
F.Mask
  6
CONTINUOUS
100
AcDbLine
 10
5.2598154724409447
 20
-2.7673083858267717
 30
0
 11
5.2543608661417318
 21
-2.7636637401574804
 31
0
  0
LINE
  5
B4F
330
22
100
AcDbEntity
  8
F.Mask
  6
CONTINUOUS
100
AcDbLine
 10
5.2543608661417318
 20
-2.7636637401574804
 30
0
 11
5.2497220866141729
 21
-2.7590249606299211
 31
0
  0
LINE
  5
B50
330
22
100
AcDbEntity
  8
F.Mask
  6
CONTINUOUS
100
AcDbLine
 10
5.2497220866141729
 20
-2.7590249606299211
 30
0
 11
5.246077440944882
 21
-2.7535703543307086
 31
0
  0
LINE
  5
B51
330
22
100
AcDbEntity
  8
F.Mask
  6
CONTINUOUS
100
AcDbLine
 10
5.246077440944882
 20
-2.7535703543307086
 30
0
 11
5.243566968503937
 21
-2.7475095275590551
 31
0
  0
LINE
  5
B52
330
22
100
AcDbEntity
  8
F.Mask
  6
CONTINUOUS
100
AcDbLine
 10
5.243566968503937
 20
-2.7475095275590551
 30
0
 11
5.2422871259842516
 21
-2.7410753937007875
 31
0
  0
LINE
  5
B53
330
22
100
AcDbEntity
  8
F.Mask
  6
CONTINUOUS
100
AcDbLine
 10
5.2422871259842516
 20
-2.7410753937007875
 30
0
 11
5.2422871259842516
 21
-2.734515157480315
 31
0
  0
LINE
  5
B54
330
22
100
AcDbEntity
  8
F.Mask
  6
CONTINUOUS
100
AcDbLine
 10
5.2422871259842516
 20
-2.734515157480315
 30
0
 11
5.243566968503937
 21
-2.728081023622047
 31
0
  0
LINE
  5
B55
330
22
100
AcDbEntity
  8
F.Mask
  6
CONTINUOUS
100
AcDbLine
 10
5.243566968503937
 20
-2.728081023622047
 30
0
 11
5.246077440944882
 21
-2.7220201968503934
 31
0
  0
LINE
  5
B56
330
22
100
AcDbEntity
  8
F.Mask
  6
CONTINUOUS
100
AcDbLine
 10
5.246077440944882
 20
-2.7220201968503934
 30
0
 11
5.2497220866141729
 21
-2.716565590551181
 31
0
  0
LINE
  5
B57
330
22
100
AcDbEntity
  8
F.Mask
  6
CONTINUOUS
100
AcDbLine
 10
5.2497220866141729
 20
-2.716565590551181
 30
0
 11
5.2543608661417318
 21
-2.7119268110236221
 31
0
  0
LINE
  5
B58
330
22
100
AcDbEntity
  8
F.Mask
  6
CONTINUOUS
100
AcDbLine
 10
5.2543608661417318
 20
-2.7119268110236221
 30
0
 11
5.2598154724409447
 21
-2.7082821653543308
 31
0
  0
LINE
  5
B59
330
22
100
AcDbEntity
  8
F.Mask
  6
CONTINUOUS
100
AcDbLine
 10
5.2598154724409447
 20
-2.7082821653543308
 30
0
 11
5.2658762992125983
 21
-2.7057716929133857
 31
0
  0
LINE
  5
B5A
330
22
100
AcDbEntity
  8
F.Mask
  6
CONTINUOUS
100
AcDbLine
 10
5.2658762992125983
 20
-2.7057716929133857
 30
0
 11
5.2723104330708663
 21
-2.7044918503937008
 31
0
  0
LINE
  5
B5B
330
22
100
AcDbEntity
  8
F.Mask
  6
CONTINUOUS
100
AcDbLine
 10
5.2723104330708663
 20
-2.7044918503937008
 30
0
 11
5.2755905511811019
 21
-2.7043307086614172
 31
0
  0
LINE
  5
B5C
330
22
100
AcDbEntity
  8
F.Mask
  6
CONTINUOUS
100
AcDbLine
 10
5.2755905511811019
 20
-2.7043307086614172
 30
0
 11
5.3543307086614176
 21
-2.7043307086614172
 31
0
  0
LINE
  5
B5D
330
22
100
AcDbEntity
  8
F.Mask
  6
CONTINUOUS
100
AcDbLine
 10
5.3543307086614176
 20
-2.7043307086614172
 30
0
 11
5.3576108267716531
 21
-2.7044918503937008
 31
0
  0
LINE
  5
B5E
330
22
100
AcDbEntity
  8
F.Mask
  6
CONTINUOUS
100
AcDbLine
 10
4.7047244094488185
 20
-2.6712598425196852
 30
0
 11
4.5669291338582676
 21
-2.6712598425196852
 31
0
  0
LINE
  5
B5F
330
22
100
AcDbEntity
  8
F.Mask
  6
CONTINUOUS
100
AcDbLine
 10
4.5669291338582676
 20
-2.6712598425196852
 30
0
 11
4.5669291338582676
 21
-2.6043307086614171
 31
0
  0
LINE
  5
B60
330
22
100
AcDbEntity
  8
F.Mask
  6
CONTINUOUS
100
AcDbLine
 10
4.5669291338582676
 20
-2.6043307086614171
 30
0
 11
4.7047244094488185
 21
-2.6043307086614171
 31
0
  0
LINE
  5
B61
330
22
100
AcDbEntity
  8
F.Mask
  6
CONTINUOUS
100
AcDbLine
 10
4.7047244094488185
 20
-2.6043307086614171
 30
0
 11
4.7047244094488185
 21
-2.6712598425196852
 31
0
  0
LINE
  5
B62
330
22
100
AcDbEntity
  8
F.Mask
  6
CONTINUOUS
100
AcDbLine
 10
5.3576108267716531
 20
-2.6044918503937007
 30
0
 11
5.3640449606299212
 21
-2.6057716929133856
 31
0
  0
LINE
  5
B63
330
22
100
AcDbEntity
  8
F.Mask
  6
CONTINUOUS
100
AcDbLine
 10
5.3640449606299212
 20
-2.6057716929133856
 30
0
 11
5.3701057874015747
 21
-2.6082821653543307
 31
0
  0
LINE
  5
B64
330
22
100
AcDbEntity
  8
F.Mask
  6
CONTINUOUS
100
AcDbLine
 10
5.3701057874015747
 20
-2.6082821653543307
 30
0
 11
5.3755603937007876
 21
-2.611926811023622
 31
0
  0
LINE
  5
B65
330
22
100
AcDbEntity
  8
F.Mask
  6
CONTINUOUS
100
AcDbLine
 10
5.3755603937007876
 20
-2.611926811023622
 30
0
 11
5.3801991732283465
 21
-2.6165655905511809
 31
0
  0
LINE
  5
B66
330
22
100
AcDbEntity
  8
F.Mask
  6
CONTINUOUS
100
AcDbLine
 10
5.3801991732283465
 20
-2.6165655905511809
 30
0
 11
5.3838438188976374
 21
-2.6220201968503938
 31
0
  0
LINE
  5
B67
330
22
100
AcDbEntity
  8
F.Mask
  6
CONTINUOUS
100
AcDbLine
 10
5.3838438188976374
 20
-2.6220201968503938
 30
0
 11
5.3863542913385825
 21
-2.6280810236220473
 31
0
  0
LINE
  5
B68
330
22
100
AcDbEntity
  8
F.Mask
  6
CONTINUOUS
100
AcDbLine
 10
5.3863542913385825
 20
-2.6280810236220473
 30
0
 11
5.3876341338582678
 21
-2.634515157480315
 31
0
  0
LINE
  5
B69
330
22
100
AcDbEntity
  8
F.Mask
  6
CONTINUOUS
100
AcDbLine
 10
5.3876341338582678
 20
-2.634515157480315
 30
0
 11
5.3876341338582678
 21
-2.6410753937007874
 31
0
  0
LINE
  5
B6A
330
22
100
AcDbEntity
  8
F.Mask
  6
CONTINUOUS
100
AcDbLine
 10
5.3876341338582678
 20
-2.6410753937007874
 30
0
 11
5.3863542913385825
 21
-2.647509527559055
 31
0
  0
LINE
  5
B6B
330
22
100
AcDbEntity
  8
F.Mask
  6
CONTINUOUS
100
AcDbLine
 10
5.3863542913385825
 20
-2.647509527559055
 30
0
 11
5.3838438188976374
 21
-2.6535703543307085
 31
0
  0
LINE
  5
B6C
330
22
100
AcDbEntity
  8
F.Mask
  6
CONTINUOUS
100
AcDbLine
 10
5.3838438188976374
 20
-2.6535703543307085
 30
0
 11
5.3801991732283465
 21
-2.659024960629921
 31
0
  0
LINE
  5
B6D
330
22
100
AcDbEntity
  8
F.Mask
  6
CONTINUOUS
100
AcDbLine
 10
5.3801991732283465
 20
-2.659024960629921
 30
0
 11
5.3755603937007876
 21
-2.6636637401574803
 31
0
  0
LINE
  5
B6E
330
22
100
AcDbEntity
  8
F.Mask
  6
CONTINUOUS
100
AcDbLine
 10
5.3755603937007876
 20
-2.6636637401574803
 30
0
 11
5.3701057874015747
 21
-2.6673083858267717
 31
0
  0
LINE
  5
B6F
330
22
100
AcDbEntity
  8
F.Mask
  6
CONTINUOUS
100
AcDbLine
 10
5.3701057874015747
 20
-2.6673083858267717
 30
0
 11
5.3640449606299212
 21
-2.6698188582677163
 31
0
  0
LINE
  5
B70
330
22
100
AcDbEntity
  8
F.Mask
  6
CONTINUOUS
100
AcDbLine
 10
5.3640449606299212
 20
-2.6698188582677163
 30
0
 11
5.3576108267716531
 21
-2.6710987007874016
 31
0
  0
LINE
  5
B71
330
22
100
AcDbEntity
  8
F.Mask
  6
CONTINUOUS
100
AcDbLine
 10
5.3576108267716531
 20
-2.6710987007874016
 30
0
 11
5.3543307086614176
 21
-2.6712598425196852
 31
0
  0
LINE
  5
B72
330
22
100
AcDbEntity
  8
F.Mask
  6
CONTINUOUS
100
AcDbLine
 10
5.3543307086614176
 20
-2.6712598425196852
 30
0
 11
5.2755905511811019
 21
-2.6712598425196852
 31
0
  0
LINE
  5
B73
330
22
100
AcDbEntity
  8
F.Mask
  6
CONTINUOUS
100
AcDbLine
 10
5.2755905511811019
 20
-2.6712598425196852
 30
0
 11
5.2723104330708663
 21
-2.6710987007874016
 31
0
  0
LINE
  5
B74
330
22
100
AcDbEntity
  8
F.Mask
  6
CONTINUOUS
100
AcDbLine
 10
5.2723104330708663
 20
-2.6710987007874016
 30
0
 11
5.2658762992125983
 21
-2.6698188582677163
 31
0
  0
LINE
  5
B75
330
22
100
AcDbEntity
  8
F.Mask
  6
CONTINUOUS
100
AcDbLine
 10
5.2658762992125983
 20
-2.6698188582677163
 30
0
 11
5.2598154724409447
 21
-2.6673083858267717
 31
0
  0
LINE
  5
B76
330
22
100
AcDbEntity
  8
F.Mask
  6
CONTINUOUS
100
AcDbLine
 10
5.2598154724409447
 20
-2.6673083858267717
 30
0
 11
5.2543608661417318
 21
-2.6636637401574803
 31
0
  0
LINE
  5
B77
330
22
100
AcDbEntity
  8
F.Mask
  6
CONTINUOUS
100
AcDbLine
 10
5.2543608661417318
 20
-2.6636637401574803
 30
0
 11
5.2497220866141729
 21
-2.659024960629921
 31
0
  0
LINE
  5
B78
330
22
100
AcDbEntity
  8
F.Mask
  6
CONTINUOUS
100
AcDbLine
 10
5.2497220866141729
 20
-2.659024960629921
 30
0
 11
5.246077440944882
 21
-2.6535703543307085
 31
0
  0
LINE
  5
B79
330
22
100
AcDbEntity
  8
F.Mask
  6
CONTINUOUS
100
AcDbLine
 10
5.246077440944882
 20
-2.6535703543307085
 30
0
 11
5.243566968503937
 21
-2.647509527559055
 31
0
  0
LINE
  5
B7A
330
22
100
AcDbEntity
  8
F.Mask
  6
CONTINUOUS
100
AcDbLine
 10
5.243566968503937
 20
-2.647509527559055
 30
0
 11
5.2422871259842516
 21
-2.6410753937007874
 31
0
  0
LINE
  5
B7B
330
22
100
AcDbEntity
  8
F.Mask
  6
CONTINUOUS
100
AcDbLine
 10
5.2422871259842516
 20
-2.6410753937007874
 30
0
 11
5.2422871259842516
 21
-2.634515157480315
 31
0
  0
LINE
  5
B7C
330
22
100
AcDbEntity
  8
F.Mask
  6
CONTINUOUS
100
AcDbLine
 10
5.2422871259842516
 20
-2.634515157480315
 30
0
 11
5.243566968503937
 21
-2.6280810236220473
 31
0
  0
LINE
  5
B7D
330
22
100
AcDbEntity
  8
F.Mask
  6
CONTINUOUS
100
AcDbLine
 10
5.243566968503937
 20
-2.6280810236220473
 30
0
 11
5.246077440944882
 21
-2.6220201968503938
 31
0
  0
LINE
  5
B7E
330
22
100
AcDbEntity
  8
F.Mask
  6
CONTINUOUS
100
AcDbLine
 10
5.246077440944882
 20
-2.6220201968503938
 30
0
 11
5.2497220866141729
 21
-2.6165655905511809
 31
0
  0
LINE
  5
B7F
330
22
100
AcDbEntity
  8
F.Mask
  6
CONTINUOUS
100
AcDbLine
 10
5.2497220866141729
 20
-2.6165655905511809
 30
0
 11
5.2543608661417318
 21
-2.611926811023622
 31
0
  0
LINE
  5
B80
330
22
100
AcDbEntity
  8
F.Mask
  6
CONTINUOUS
100
AcDbLine
 10
5.2543608661417318
 20
-2.611926811023622
 30
0
 11
5.2598154724409447
 21
-2.6082821653543307
 31
0
  0
LINE
  5
B81
330
22
100
AcDbEntity
  8
F.Mask
  6
CONTINUOUS
100
AcDbLine
 10
5.2598154724409447
 20
-2.6082821653543307
 30
0
 11
5.2658762992125983
 21
-2.6057716929133856
 31
0
  0
LINE
  5
B82
330
22
100
AcDbEntity
  8
F.Mask
  6
CONTINUOUS
100
AcDbLine
 10
5.2658762992125983
 20
-2.6057716929133856
 30
0
 11
5.2723104330708663
 21
-2.6044918503937007
 31
0
  0
LINE
  5
B83
330
22
100
AcDbEntity
  8
F.Mask
  6
CONTINUOUS
100
AcDbLine
 10
5.2723104330708663
 20
-2.6044918503937007
 30
0
 11
5.2755905511811019
 21
-2.6043307086614171
 31
0
  0
LINE
  5
B84
330
22
100
AcDbEntity
  8
F.Mask
  6
CONTINUOUS
100
AcDbLine
 10
5.2755905511811019
 20
-2.6043307086614171
 30
0
 11
5.3543307086614176
 21
-2.6043307086614171
 31
0
  0
LINE
  5
B85
330
22
100
AcDbEntity
  8
F.Mask
  6
CONTINUOUS
100
AcDbLine
 10
5.3543307086614176
 20
-2.6043307086614171
 30
0
 11
5.3576108267716531
 21
-2.6044918503937007
 31
0
  0
LINE
  5
B86
330
22
100
AcDbEntity
  8
F.Mask
  6
CONTINUOUS
100
AcDbLine
 10
6.7007945275590552
 20
-3.6645050787401572
 30
0
 11
6.7107432677165351
 21
-3.6671708661417322
 31
0
  0
LINE
  5
B87
330
22
100
AcDbEntity
  8
F.Mask
  6
CONTINUOUS
100
AcDbLine
 10
6.7107432677165351
 20
-3.6671708661417322
 30
0
 11
6.7202589370078742
 21
-3.6711124015748031
 31
0
  0
LINE
  5
B88
330
22
100
AcDbEntity
  8
F.Mask
  6
CONTINUOUS
100
AcDbLine
 10
6.7202589370078742
 20
-3.6711124015748031
 30
0
 11
6.7291787401574803
 21
-3.6762622440944881
 31
0
  0
LINE
  5
B89
330
22
100
AcDbEntity
  8
F.Mask
  6
CONTINUOUS
100
AcDbLine
 10
6.7291787401574803
 20
-3.6762622440944881
 30
0
 11
6.7373500787401577
 21
-3.6825322834645666
 31
0
  0
LINE
  5
B8A
330
22
100
AcDbEntity
  8
F.Mask
  6
CONTINUOUS
100
AcDbLine
 10
6.7373500787401577
 20
-3.6825322834645666
 30
0
 11
6.7446330708661417
 21
-3.6898152755905511
 31
0
  0
LINE
  5
B8B
330
22
100
AcDbEntity
  8
F.Mask
  6
CONTINUOUS
100
AcDbLine
 10
6.7446330708661417
 20
-3.6898152755905511
 30
0
 11
6.7509031102362203
 21
-3.697986614173228
 31
0
  0
LINE
  5
B8C
330
22
100
AcDbEntity
  8
F.Mask
  6
CONTINUOUS
100
AcDbLine
 10
6.7509031102362203
 20
-3.697986614173228
 30
0
 11
6.7560529527559057
 21
-3.7069064173228345
 31
0
  0
LINE
  5
B8D
330
22
100
AcDbEntity
  8
F.Mask
  6
CONTINUOUS
100
AcDbLine
 10
6.7560529527559057
 20
-3.7069064173228345
 30
0
 11
6.7599944881889762
 21
-3.7164220866141733
 31
0
  0
LINE
  5
B8E
330
22
100
AcDbEntity
  8
F.Mask
  6
CONTINUOUS
100
AcDbLine
 10
6.7599944881889762
 20
-3.7164220866141733
 30
0
 11
6.7626602755905507
 21
-3.7263708267716535
 31
0
  0
LINE
  5
B8F
330
22
100
AcDbEntity
  8
F.Mask
  6
CONTINUOUS
100
AcDbLine
 10
6.7626602755905507
 20
-3.7263708267716535
 30
0
 11
6.7640046456692913
 21
-3.7365824409448818
 31
0
  0
LINE
  5
B90
330
22
100
AcDbEntity
  8
F.Mask
  6
CONTINUOUS
100
AcDbLine
 10
6.7640046456692913
 20
-3.7365824409448818
 30
0
 11
6.7640046456692913
 21
-3.7468821259842517
 31
0
  0
LINE
  5
B91
330
22
100
AcDbEntity
  8
F.Mask
  6
CONTINUOUS
100
AcDbLine
 10
6.7640046456692913
 20
-3.7468821259842517
 30
0
 11
6.7626602755905507
 21
-3.7570937401574804
 31
0
  0
LINE
  5
B92
330
22
100
AcDbEntity
  8
F.Mask
  6
CONTINUOUS
100
AcDbLine
 10
6.7626602755905507
 20
-3.7570937401574804
 30
0
 11
6.7599944881889762
 21
-3.7670424803149607
 31
0
  0
LINE
  5
B93
330
22
100
AcDbEntity
  8
F.Mask
  6
CONTINUOUS
100
AcDbLine
 10
6.7599944881889762
 20
-3.7670424803149607
 30
0
 11
6.7560529527559057
 21
-3.776558149606299
 31
0
  0
LINE
  5
B94
330
22
100
AcDbEntity
  8
F.Mask
  6
CONTINUOUS
100
AcDbLine
 10
6.7560529527559057
 20
-3.776558149606299
 30
0
 11
6.7509031102362203
 21
-3.7854779527559055
 31
0
  0
LINE
  5
B95
330
22
100
AcDbEntity
  8
F.Mask
  6
CONTINUOUS
100
AcDbLine
 10
6.7509031102362203
 20
-3.7854779527559055
 30
0
 11
6.7446330708661417
 21
-3.7936492913385824
 31
0
  0
LINE
  5
B96
330
22
100
AcDbEntity
  8
F.Mask
  6
CONTINUOUS
100
AcDbLine
 10
6.7446330708661417
 20
-3.7936492913385824
 30
0
 11
6.7373500787401577
 21
-3.8009322834645669
 31
0
  0
LINE
  5
B97
330
22
100
AcDbEntity
  8
F.Mask
  6
CONTINUOUS
100
AcDbLine
 10
6.7373500787401577
 20
-3.8009322834645669
 30
0
 11
6.7291787401574803
 21
-3.8072023228346454
 31
0
  0
LINE
  5
B98
330
22
100
AcDbEntity
  8
F.Mask
  6
CONTINUOUS
100
AcDbLine
 10
6.7291787401574803
 20
-3.8072023228346454
 30
0
 11
6.7202589370078742
 21
-3.8123521653543304
 31
0
  0
LINE
  5
B99
330
22
100
AcDbEntity
  8
F.Mask
  6
CONTINUOUS
100
AcDbLine
 10
6.7202589370078742
 20
-3.8123521653543304
 30
0
 11
6.7107432677165351
 21
-3.8162937007874014
 31
0
  0
LINE
  5
B9A
330
22
100
AcDbEntity
  8
F.Mask
  6
CONTINUOUS
100
AcDbLine
 10
6.7107432677165351
 20
-3.8162937007874014
 30
0
 11
6.7007945275590552
 21
-3.8189594881889763
 31
0
  0
LINE
  5
B9B
330
22
100
AcDbEntity
  8
F.Mask
  6
CONTINUOUS
100
AcDbLine
 10
6.7007945275590552
 20
-3.8189594881889763
 30
0
 11
6.6905829133858266
 21
-3.8203038582677165
 31
0
  0
LINE
  5
B9C
330
22
100
AcDbEntity
  8
F.Mask
  6
CONTINUOUS
100
AcDbLine
 10
6.6905829133858266
 20
-3.8203038582677165
 30
0
 11
6.6802832283464566
 21
-3.8203038582677165
 31
0
  0
LINE
  5
B9D
330
22
100
AcDbEntity
  8
F.Mask
  6
CONTINUOUS
100
AcDbLine
 10
6.6802832283464566
 20
-3.8203038582677165
 30
0
 11
6.6700716141732279
 21
-3.8189594881889763
 31
0
  0
LINE
  5
B9E
330
22
100
AcDbEntity
  8
F.Mask
  6
CONTINUOUS
100
AcDbLine
 10
6.6700716141732279
 20
-3.8189594881889763
 30
0
 11
6.6601228740157481
 21
-3.8162937007874014
 31
0
  0
LINE
  5
B9F
330
22
100
AcDbEntity
  8
F.Mask
  6
CONTINUOUS
100
AcDbLine
 10
6.6601228740157481
 20
-3.8162937007874014
 30
0
 11
6.6506072047244089
 21
-3.8123521653543304
 31
0
  0
LINE
  5
BA0
330
22
100
AcDbEntity
  8
F.Mask
  6
CONTINUOUS
100
AcDbLine
 10
6.6506072047244089
 20
-3.8123521653543304
 30
0
 11
6.6416874015748029
 21
-3.8072023228346454
 31
0
  0
LINE
  5
BA1
330
22
100
AcDbEntity
  8
F.Mask
  6
CONTINUOUS
100
AcDbLine
 10
6.6416874015748029
 20
-3.8072023228346454
 30
0
 11
6.6335160629921255
 21
-3.8009322834645669
 31
0
  0
LINE
  5
BA2
330
22
100
AcDbEntity
  8
F.Mask
  6
CONTINUOUS
100
AcDbLine
 10
6.6335160629921255
 20
-3.8009322834645669
 30
0
 11
6.6262330708661414
 21
-3.7936492913385824
 31
0
  0
LINE
  5
BA3
330
22
100
AcDbEntity
  8
F.Mask
  6
CONTINUOUS
100
AcDbLine
 10
6.6262330708661414
 20
-3.7936492913385824
 30
0
 11
6.6199630314960629
 21
-3.7854779527559055
 31
0
  0
LINE
  5
BA4
330
22
100
AcDbEntity
  8
F.Mask
  6
CONTINUOUS
100
AcDbLine
 10
6.6199630314960629
 20
-3.7854779527559055
 30
0
 11
6.6148131889763775
 21
-3.776558149606299
 31
0
  0
LINE
  5
BA5
330
22
100
AcDbEntity
  8
F.Mask
  6
CONTINUOUS
100
AcDbLine
 10
6.6148131889763775
 20
-3.776558149606299
 30
0
 11
6.610871653543307
 21
-3.7670424803149607
 31
0
  0
LINE
  5
BA6
330
22
100
AcDbEntity
  8
F.Mask
  6
CONTINUOUS
100
AcDbLine
 10
6.610871653543307
 20
-3.7670424803149607
 30
0
 11
6.6082058661417324
 21
-3.7570937401574804
 31
0
  0
LINE
  5
BA7
330
22
100
AcDbEntity
  8
F.Mask
  6
CONTINUOUS
100
AcDbLine
 10
6.6082058661417324
 20
-3.7570937401574804
 30
0
 11
6.6068614960629919
 21
-3.7468821259842517
 31
0
  0
LINE
  5
BA8
330
22
100
AcDbEntity
  8
F.Mask
  6
CONTINUOUS
100
AcDbLine
 10
6.6068614960629919
 20
-3.7468821259842517
 30
0
 11
6.6068614960629919
 21
-3.7365824409448818
 31
0
  0
LINE
  5
BA9
330
22
100
AcDbEntity
  8
F.Mask
  6
CONTINUOUS
100
AcDbLine
 10
6.6068614960629919
 20
-3.7365824409448818
 30
0
 11
6.6082058661417324
 21
-3.7263708267716535
 31
0
  0
LINE
  5
BAA
330
22
100
AcDbEntity
  8
F.Mask
  6
CONTINUOUS
100
AcDbLine
 10
6.6082058661417324
 20
-3.7263708267716535
 30
0
 11
6.610871653543307
 21
-3.7164220866141733
 31
0
  0
LINE
  5
BAB
330
22
100
AcDbEntity
  8
F.Mask
  6
CONTINUOUS
100
AcDbLine
 10
6.610871653543307
 20
-3.7164220866141733
 30
0
 11
6.6148131889763775
 21
-3.7069064173228345
 31
0
  0
LINE
  5
BAC
330
22
100
AcDbEntity
  8
F.Mask
  6
CONTINUOUS
100
AcDbLine
 10
6.6148131889763775
 20
-3.7069064173228345
 30
0
 11
6.6199630314960629
 21
-3.697986614173228
 31
0
  0
LINE
  5
BAD
330
22
100
AcDbEntity
  8
F.Mask
  6
CONTINUOUS
100
AcDbLine
 10
6.6199630314960629
 20
-3.697986614173228
 30
0
 11
6.6262330708661414
 21
-3.6898152755905511
 31
0
  0
LINE
  5
BAE
330
22
100
AcDbEntity
  8
F.Mask
  6
CONTINUOUS
100
AcDbLine
 10
6.6262330708661414
 20
-3.6898152755905511
 30
0
 11
6.6335160629921255
 21
-3.6825322834645666
 31
0
  0
LINE
  5
BAF
330
22
100
AcDbEntity
  8
F.Mask
  6
CONTINUOUS
100
AcDbLine
 10
6.6335160629921255
 20
-3.6825322834645666
 30
0
 11
6.6416874015748029
 21
-3.6762622440944881
 31
0
  0
LINE
  5
BB0
330
22
100
AcDbEntity
  8
F.Mask
  6
CONTINUOUS
100
AcDbLine
 10
6.6416874015748029
 20
-3.6762622440944881
 30
0
 11
6.6506072047244089
 21
-3.6711124015748031
 31
0
  0
LINE
  5
BB1
330
22
100
AcDbEntity
  8
F.Mask
  6
CONTINUOUS
100
AcDbLine
 10
6.6506072047244089
 20
-3.6711124015748031
 30
0
 11
6.6601228740157481
 21
-3.6671708661417322
 31
0
  0
LINE
  5
BB2
330
22
100
AcDbEntity
  8
F.Mask
  6
CONTINUOUS
100
AcDbLine
 10
6.6601228740157481
 20
-3.6671708661417322
 30
0
 11
6.6700716141732279
 21
-3.6645050787401572
 31
0
  0
LINE
  5
BB3
330
22
100
AcDbEntity
  8
F.Mask
  6
CONTINUOUS
100
AcDbLine
 10
6.6700716141732279
 20
-3.6645050787401572
 30
0
 11
6.6802832283464566
 21
-3.6631607086614171
 31
0
  0
LINE
  5
BB4
330
22
100
AcDbEntity
  8
F.Mask
  6
CONTINUOUS
100
AcDbLine
 10
6.6802832283464566
 20
-3.6631607086614171
 30
0
 11
6.6905829133858266
 21
-3.6631607086614171
 31
0
  0
LINE
  5
BB5
330
22
100
AcDbEntity
  8
F.Mask
  6
CONTINUOUS
100
AcDbLine
 10
6.6905829133858266
 20
-3.6631607086614171
 30
0
 11
6.7007945275590552
 21
-3.6645050787401572
 31
0
  0
LINE
  5
BB6
330
22
100
AcDbEntity
  8
F.Mask
  6
CONTINUOUS
100
AcDbLine
 10
5.9405583070866141
 20
-3.6629302755905511
 30
0
 11
5.950507047244094
 21
-3.665596062992126
 31
0
  0
LINE
  5
BB7
330
22
100
AcDbEntity
  8
F.Mask
  6
CONTINUOUS
100
AcDbLine
 10
5.950507047244094
 20
-3.665596062992126
 30
0
 11
5.9600227165354331
 21
-3.6695375984251966
 31
0
  0
LINE
  5
BB8
330
22
100
AcDbEntity
  8
F.Mask
  6
CONTINUOUS
100
AcDbLine
 10
5.9600227165354331
 20
-3.6695375984251966
 30
0
 11
5.9689425196850392
 21
-3.674687440944882
 31
0
  0
LINE
  5
BB9
330
22
100
AcDbEntity
  8
F.Mask
  6
CONTINUOUS
100
AcDbLine
 10
5.9689425196850392
 20
-3.674687440944882
 30
0
 11
5.9771138582677166
 21
-3.6809574803149605
 31
0
  0
LINE
  5
BBA
330
22
100
AcDbEntity
  8
F.Mask
  6
CONTINUOUS
100
AcDbLine
 10
5.9771138582677166
 20
-3.6809574803149605
 30
0
 11
5.9843968503937006
 21
-3.688240472440945
 31
0
  0
LINE
  5
BBB
330
22
100
AcDbEntity
  8
F.Mask
  6
CONTINUOUS
100
AcDbLine
 10
5.9843968503937006
 20
-3.688240472440945
 30
0
 11
5.9906668897637791
 21
-3.6964118110236219
 31
0
  0
LINE
  5
BBC
330
22
100
AcDbEntity
  8
F.Mask
  6
CONTINUOUS
100
AcDbLine
 10
5.9906668897637791
 20
-3.6964118110236219
 30
0
 11
5.9958167322834646
 21
-3.7053316141732284
 31
0
  0
LINE
  5
BBD
330
22
100
AcDbEntity
  8
F.Mask
  6
CONTINUOUS
100
AcDbLine
 10
5.9958167322834646
 20
-3.7053316141732284
 30
0
 11
5.9997582677165351
 21
-3.7148472834645667
 31
0
  0
LINE
  5
BBE
330
22
100
AcDbEntity
  8
F.Mask
  6
CONTINUOUS
100
AcDbLine
 10
5.9997582677165351
 20
-3.7148472834645667
 30
0
 11
6.0024240551181105
 21
-3.724796023622047
 31
0
  0
LINE
  5
BBF
330
22
100
AcDbEntity
  8
F.Mask
  6
CONTINUOUS
100
AcDbLine
 10
6.0024240551181105
 20
-3.724796023622047
 30
0
 11
6.0037684251968502
 21
-3.7350076377952757
 31
0
  0
LINE
  5
BC0
330
22
100
AcDbEntity
  8
F.Mask
  6
CONTINUOUS
100
AcDbLine
 10
6.0037684251968502
 20
-3.7350076377952757
 30
0
 11
6.0037684251968502
 21
-3.7453073228346456
 31
0
  0
LINE
  5
BC1
330
22
100
AcDbEntity
  8
F.Mask
  6
CONTINUOUS
100
AcDbLine
 10
6.0037684251968502
 20
-3.7453073228346456
 30
0
 11
6.0024240551181105
 21
-3.7555189370078739
 31
0
  0
LINE
  5
BC2
330
22
100
AcDbEntity
  8
F.Mask
  6
CONTINUOUS
100
AcDbLine
 10
6.0024240551181105
 20
-3.7555189370078739
 30
0
 11
5.9997582677165351
 21
-3.7654676771653541
 31
0
  0
LINE
  5
BC3
330
22
100
AcDbEntity
  8
F.Mask
  6
CONTINUOUS
100
AcDbLine
 10
5.9997582677165351
 20
-3.7654676771653541
 30
0
 11
5.9958167322834646
 21
-3.7749833464566929
 31
0
  0
LINE
  5
BC4
330
22
100
AcDbEntity
  8
F.Mask
  6
CONTINUOUS
100
AcDbLine
 10
5.9958167322834646
 20
-3.7749833464566929
 30
0
 11
5.9906668897637791
 21
-3.7839031496062989
 31
0
  0
LINE
  5
BC5
330
22
100
AcDbEntity
  8
F.Mask
  6
CONTINUOUS
100
AcDbLine
 10
5.9906668897637791
 20
-3.7839031496062989
 30
0
 11
5.9843968503937006
 21
-3.7920744881889763
 31
0
  0
LINE
  5
BC6
330
22
100
AcDbEntity
  8
F.Mask
  6
CONTINUOUS
100
AcDbLine
 10
5.9843968503937006
 20
-3.7920744881889763
 30
0
 11
5.9771138582677166
 21
-3.7993574803149603
 31
0
  0
LINE
  5
BC7
330
22
100
AcDbEntity
  8
F.Mask
  6
CONTINUOUS
100
AcDbLine
 10
5.9771138582677166
 20
-3.7993574803149603
 30
0
 11
5.9689425196850392
 21
-3.8056275196850393
 31
0
  0
LINE
  5
BC8
330
22
100
AcDbEntity
  8
F.Mask
  6
CONTINUOUS
100
AcDbLine
 10
5.9689425196850392
 20
-3.8056275196850393
 30
0
 11
5.9600227165354331
 21
-3.8107773622047243
 31
0
  0
LINE
  5
BC9
330
22
100
AcDbEntity
  8
F.Mask
  6
CONTINUOUS
100
AcDbLine
 10
5.9600227165354331
 20
-3.8107773622047243
 30
0
 11
5.950507047244094
 21
-3.8147188976377953
 31
0
  0
LINE
  5
BCA
330
22
100
AcDbEntity
  8
F.Mask
  6
CONTINUOUS
100
AcDbLine
 10
5.950507047244094
 20
-3.8147188976377953
 30
0
 11
5.9405583070866141
 21
-3.8173846850393698
 31
0
  0
LINE
  5
BCB
330
22
100
AcDbEntity
  8
F.Mask
  6
CONTINUOUS
100
AcDbLine
 10
5.9405583070866141
 20
-3.8173846850393698
 30
0
 11
5.9303466929133855
 21
-3.8187290551181103
 31
0
  0
LINE
  5
BCC
330
22
100
AcDbEntity
  8
F.Mask
  6
CONTINUOUS
100
AcDbLine
 10
5.9303466929133855
 20
-3.8187290551181103
 30
0
 11
5.9200470078740155
 21
-3.8187290551181103
 31
0
  0
LINE
  5
BCD
330
22
100
AcDbEntity
  8
F.Mask
  6
CONTINUOUS
100
AcDbLine
 10
5.9200470078740155
 20
-3.8187290551181103
 30
0
 11
5.9098353937007877
 21
-3.8173846850393698
 31
0
  0
LINE
  5
BCE
330
22
100
AcDbEntity
  8
F.Mask
  6
CONTINUOUS
100
AcDbLine
 10
5.9098353937007877
 20
-3.8173846850393698
 30
0
 11
5.899886653543307
 21
-3.8147188976377953
 31
0
  0
LINE
  5
BCF
330
22
100
AcDbEntity
  8
F.Mask
  6
CONTINUOUS
100
AcDbLine
 10
5.899886653543307
 20
-3.8147188976377953
 30
0
 11
5.8903709842519687
 21
-3.8107773622047243
 31
0
  0
LINE
  5
BD0
330
22
100
AcDbEntity
  8
F.Mask
  6
CONTINUOUS
100
AcDbLine
 10
5.8903709842519687
 20
-3.8107773622047243
 30
0
 11
5.8814511811023618
 21
-3.8056275196850393
 31
0
  0
LINE
  5
BD1
330
22
100
AcDbEntity
  8
F.Mask
  6
CONTINUOUS
100
AcDbLine
 10
5.8814511811023618
 20
-3.8056275196850393
 30
0
 11
5.8732798425196853
 21
-3.7993574803149603
 31
0
  0
LINE
  5
BD2
330
22
100
AcDbEntity
  8
F.Mask
  6
CONTINUOUS
100
AcDbLine
 10
5.8732798425196853
 20
-3.7993574803149603
 30
0
 11
5.8659968503937003
 21
-3.7920744881889763
 31
0
  0
LINE
  5
BD3
330
22
100
AcDbEntity
  8
F.Mask
  6
CONTINUOUS
100
AcDbLine
 10
5.8659968503937003
 20
-3.7920744881889763
 30
0
 11
5.8597268110236218
 21
-3.7839031496062989
 31
0
  0
LINE
  5
BD4
330
22
100
AcDbEntity
  8
F.Mask
  6
CONTINUOUS
100
AcDbLine
 10
5.8597268110236218
 20
-3.7839031496062989
 30
0
 11
5.8545769685039373
 21
-3.7749833464566929
 31
0
  0
LINE
  5
BD5
330
22
100
AcDbEntity
  8
F.Mask
  6
CONTINUOUS
100
AcDbLine
 10
5.8545769685039373
 20
-3.7749833464566929
 30
0
 11
5.8506354330708659
 21
-3.7654676771653541
 31
0
  0
LINE
  5
BD6
330
22
100
AcDbEntity
  8
F.Mask
  6
CONTINUOUS
100
AcDbLine
 10
5.8506354330708659
 20
-3.7654676771653541
 30
0
 11
5.8479696456692913
 21
-3.7555189370078739
 31
0
  0
LINE
  5
BD7
330
22
100
AcDbEntity
  8
F.Mask
  6
CONTINUOUS
100
AcDbLine
 10
5.8479696456692913
 20
-3.7555189370078739
 30
0
 11
5.8466252755905508
 21
-3.7453073228346456
 31
0
  0
LINE
  5
BD8
330
22
100
AcDbEntity
  8
F.Mask
  6
CONTINUOUS
100
AcDbLine
 10
5.8466252755905508
 20
-3.7453073228346456
 30
0
 11
5.8466252755905508
 21
-3.7350076377952757
 31
0
  0
LINE
  5
BD9
330
22
100
AcDbEntity
  8
F.Mask
  6
CONTINUOUS
100
AcDbLine
 10
5.8466252755905508
 20
-3.7350076377952757
 30
0
 11
5.8479696456692913
 21
-3.724796023622047
 31
0
  0
LINE
  5
BDA
330
22
100
AcDbEntity
  8
F.Mask
  6
CONTINUOUS
100
AcDbLine
 10
5.8479696456692913
 20
-3.724796023622047
 30
0
 11
5.8506354330708659
 21
-3.7148472834645667
 31
0
  0
LINE
  5
BDB
330
22
100
AcDbEntity
  8
F.Mask
  6
CONTINUOUS
100
AcDbLine
 10
5.8506354330708659
 20
-3.7148472834645667
 30
0
 11
5.8545769685039373
 21
-3.7053316141732284
 31
0
  0
LINE
  5
BDC
330
22
100
AcDbEntity
  8
F.Mask
  6
CONTINUOUS
100
AcDbLine
 10
5.8545769685039373
 20
-3.7053316141732284
 30
0
 11
5.8597268110236218
 21
-3.6964118110236219
 31
0
  0
LINE
  5
BDD
330
22
100
AcDbEntity
  8
F.Mask
  6
CONTINUOUS
100
AcDbLine
 10
5.8597268110236218
 20
-3.6964118110236219
 30
0
 11
5.8659968503937003
 21
-3.688240472440945
 31
0
  0
LINE
  5
BDE
330
22
100
AcDbEntity
  8
F.Mask
  6
CONTINUOUS
100
AcDbLine
 10
5.8659968503937003
 20
-3.688240472440945
 30
0
 11
5.8732798425196853
 21
-3.6809574803149605
 31
0
  0
LINE
  5
BDF
330
22
100
AcDbEntity
  8
F.Mask
  6
CONTINUOUS
100
AcDbLine
 10
5.8732798425196853
 20
-3.6809574803149605
 30
0
 11
5.8814511811023618
 21
-3.674687440944882
 31
0
  0
LINE
  5
BE0
330
22
100
AcDbEntity
  8
F.Mask
  6
CONTINUOUS
100
AcDbLine
 10
5.8814511811023618
 20
-3.674687440944882
 30
0
 11
5.8903709842519687
 21
-3.6695375984251966
 31
0
  0
LINE
  5
BE1
330
22
100
AcDbEntity
  8
F.Mask
  6
CONTINUOUS
100
AcDbLine
 10
5.8903709842519687
 20
-3.6695375984251966
 30
0
 11
5.899886653543307
 21
-3.665596062992126
 31
0
  0
LINE
  5
BE2
330
22
100
AcDbEntity
  8
F.Mask
  6
CONTINUOUS
100
AcDbLine
 10
5.899886653543307
 20
-3.665596062992126
 30
0
 11
5.9098353937007877
 21
-3.6629302755905511
 31
0
  0
LINE
  5
BE3
330
22
100
AcDbEntity
  8
F.Mask
  6
CONTINUOUS
100
AcDbLine
 10
5.9098353937007877
 20
-3.6629302755905511
 30
0
 11
5.9200470078740155
 21
-3.661585905511811
 31
0
  0
LINE
  5
BE4
330
22
100
AcDbEntity
  8
F.Mask
  6
CONTINUOUS
100
AcDbLine
 10
5.9200470078740155
 20
-3.661585905511811
 30
0
 11
5.9303466929133855
 21
-3.661585905511811
 31
0
  0
LINE
  5
BE5
330
22
100
AcDbEntity
  8
F.Mask
  6
CONTINUOUS
100
AcDbLine
 10
5.9303466929133855
 20
-3.661585905511811
 30
0
 11
5.9405583070866141
 21
-3.6629302755905511
 31
0
  0
LINE
  5
BE6
330
22
100
AcDbEntity
  8
F.Mask
  6
CONTINUOUS
100
AcDbLine
 10
7.4563063385826771
 20
-3.6629302755905511
 30
0
 11
7.4662550787401569
 21
-3.665596062992126
 31
0
  0
LINE
  5
BE7
330
22
100
AcDbEntity
  8
F.Mask
  6
CONTINUOUS
100
AcDbLine
 10
7.4662550787401569
 20
-3.665596062992126
 30
0
 11
7.4757707480314961
 21
-3.6695375984251966
 31
0
  0
LINE
  5
BE8
330
22
100
AcDbEntity
  8
F.Mask
  6
CONTINUOUS
100
AcDbLine
 10
7.4757707480314961
 20
-3.6695375984251966
 30
0
 11
7.4846905511811022
 21
-3.674687440944882
 31
0
  0
LINE
  5
BE9
330
22
100
AcDbEntity
  8
F.Mask
  6
CONTINUOUS
100
AcDbLine
 10
7.4846905511811022
 20
-3.674687440944882
 30
0
 11
7.4928618897637795
 21
-3.6809574803149605
 31
0
  0
LINE
  5
BEA
330
22
100
AcDbEntity
  8
F.Mask
  6
CONTINUOUS
100
AcDbLine
 10
7.4928618897637795
 20
-3.6809574803149605
 30
0
 11
7.5001448818897636
 21
-3.688240472440945
 31
0
  0
LINE
  5
BEB
330
22
100
AcDbEntity
  8
F.Mask
  6
CONTINUOUS
100
AcDbLine
 10
7.5001448818897636
 20
-3.688240472440945
 30
0
 11
7.5064149212598421
 21
-3.6964118110236219
 31
0
  0
LINE
  5
BEC
330
22
100
AcDbEntity
  8
F.Mask
  6
CONTINUOUS
100
AcDbLine
 10
7.5064149212598421
 20
-3.6964118110236219
 30
0
 11
7.5115647637795275
 21
-3.7053316141732284
 31
0
  0
LINE
  5
BED
330
22
100
AcDbEntity
  8
F.Mask
  6
CONTINUOUS
100
AcDbLine
 10
7.5115647637795275
 20
-3.7053316141732284
 30
0
 11
7.5155062992125981
 21
-3.7148472834645667
 31
0
  0
LINE
  5
BEE
330
22
100
AcDbEntity
  8
F.Mask
  6
CONTINUOUS
100
AcDbLine
 10
7.5155062992125981
 20
-3.7148472834645667
 30
0
 11
7.5181720866141735
 21
-3.724796023622047
 31
0
  0
LINE
  5
BEF
330
22
100
AcDbEntity
  8
F.Mask
  6
CONTINUOUS
100
AcDbLine
 10
7.5181720866141735
 20
-3.724796023622047
 30
0
 11
7.5195164566929131
 21
-3.7350076377952757
 31
0
  0
LINE
  5
BF0
330
22
100
AcDbEntity
  8
F.Mask
  6
CONTINUOUS
100
AcDbLine
 10
7.5195164566929131
 20
-3.7350076377952757
 30
0
 11
7.5195164566929131
 21
-3.7453073228346456
 31
0
  0
LINE
  5
BF1
330
22
100
AcDbEntity
  8
F.Mask
  6
CONTINUOUS
100
AcDbLine
 10
7.5195164566929131
 20
-3.7453073228346456
 30
0
 11
7.5181720866141735
 21
-3.7555189370078739
 31
0
  0
LINE
  5
BF2
330
22
100
AcDbEntity
  8
F.Mask
  6
CONTINUOUS
100
AcDbLine
 10
7.5181720866141735
 20
-3.7555189370078739
 30
0
 11
7.5155062992125981
 21
-3.7654676771653541
 31
0
  0
LINE
  5
BF3
330
22
100
AcDbEntity
  8
F.Mask
  6
CONTINUOUS
100
AcDbLine
 10
7.5155062992125981
 20
-3.7654676771653541
 30
0
 11
7.5115647637795275
 21
-3.7749833464566929
 31
0
  0
LINE
  5
BF4
330
22
100
AcDbEntity
  8
F.Mask
  6
CONTINUOUS
100
AcDbLine
 10
7.5115647637795275
 20
-3.7749833464566929
 30
0
 11
7.5064149212598421
 21
-3.7839031496062989
 31
0
  0
LINE
  5
BF5
330
22
100
AcDbEntity
  8
F.Mask
  6
CONTINUOUS
100
AcDbLine
 10
7.5064149212598421
 20
-3.7839031496062989
 30
0
 11
7.5001448818897636
 21
-3.7920744881889763
 31
0
  0
LINE
  5
BF6
330
22
100
AcDbEntity
  8
F.Mask
  6
CONTINUOUS
100
AcDbLine
 10
7.5001448818897636
 20
-3.7920744881889763
 30
0
 11
7.4928618897637795
 21
-3.7993574803149603
 31
0
  0
LINE
  5
BF7
330
22
100
AcDbEntity
  8
F.Mask
  6
CONTINUOUS
100
AcDbLine
 10
7.4928618897637795
 20
-3.7993574803149603
 30
0
 11
7.4846905511811022
 21
-3.8056275196850393
 31
0
  0
LINE
  5
BF8
330
22
100
AcDbEntity
  8
F.Mask
  6
CONTINUOUS
100
AcDbLine
 10
7.4846905511811022
 20
-3.8056275196850393
 30
0
 11
7.4757707480314961
 21
-3.8107773622047243
 31
0
  0
LINE
  5
BF9
330
22
100
AcDbEntity
  8
F.Mask
  6
CONTINUOUS
100
AcDbLine
 10
7.4757707480314961
 20
-3.8107773622047243
 30
0
 11
7.4662550787401569
 21
-3.8147188976377953
 31
0
  0
LINE
  5
BFA
330
22
100
AcDbEntity
  8
F.Mask
  6
CONTINUOUS
100
AcDbLine
 10
7.4662550787401569
 20
-3.8147188976377953
 30
0
 11
7.4563063385826771
 21
-3.8173846850393698
 31
0
  0
LINE
  5
BFB
330
22
100
AcDbEntity
  8
F.Mask
  6
CONTINUOUS
100
AcDbLine
 10
7.4563063385826771
 20
-3.8173846850393698
 30
0
 11
7.4460947244094484
 21
-3.8187290551181103
 31
0
  0
LINE
  5
BFC
330
22
100
AcDbEntity
  8
F.Mask
  6
CONTINUOUS
100
AcDbLine
 10
7.4460947244094484
 20
-3.8187290551181103
 30
0
 11
7.4357950393700785
 21
-3.8187290551181103
 31
0
  0
LINE
  5
BFD
330
22
100
AcDbEntity
  8
F.Mask
  6
CONTINUOUS
100
AcDbLine
 10
7.4357950393700785
 20
-3.8187290551181103
 30
0
 11
7.4255834251968507
 21
-3.8173846850393698
 31
0
  0
LINE
  5
BFE
330
22
100
AcDbEntity
  8
F.Mask
  6
CONTINUOUS
100
AcDbLine
 10
7.4255834251968507
 20
-3.8173846850393698
 30
0
 11
7.41563468503937
 21
-3.8147188976377953
 31
0
  0
LINE
  5
BFF
330
22
100
AcDbEntity
  8
F.Mask
  6
CONTINUOUS
100
AcDbLine
 10
7.41563468503937
 20
-3.8147188976377953
 30
0
 11
7.4061190157480317
 21
-3.8107773622047243
 31
0
  0
LINE
  5
C00
330
22
100
AcDbEntity
  8
F.Mask
  6
CONTINUOUS
100
AcDbLine
 10
7.4061190157480317
 20
-3.8107773622047243
 30
0
 11
7.3971992125984247
 21
-3.8056275196850393
 31
0
  0
LINE
  5
C01
330
22
100
AcDbEntity
  8
F.Mask
  6
CONTINUOUS
100
AcDbLine
 10
7.3971992125984247
 20
-3.8056275196850393
 30
0
 11
7.3890278740157482
 21
-3.7993574803149603
 31
0
  0
LINE
  5
C02
330
22
100
AcDbEntity
  8
F.Mask
  6
CONTINUOUS
100
AcDbLine
 10
7.3890278740157482
 20
-3.7993574803149603
 30
0
 11
7.3817448818897633
 21
-3.7920744881889763
 31
0
  0
LINE
  5
C03
330
22
100
AcDbEntity
  8
F.Mask
  6
CONTINUOUS
100
AcDbLine
 10
7.3817448818897633
 20
-3.7920744881889763
 30
0
 11
7.3754748425196848
 21
-3.7839031496062989
 31
0
  0
LINE
  5
C04
330
22
100
AcDbEntity
  8
F.Mask
  6
CONTINUOUS
100
AcDbLine
 10
7.3754748425196848
 20
-3.7839031496062989
 30
0
 11
7.3703250000000002
 21
-3.7749833464566929
 31
0
  0
LINE
  5
C05
330
22
100
AcDbEntity
  8
F.Mask
  6
CONTINUOUS
100
AcDbLine
 10
7.3703250000000002
 20
-3.7749833464566929
 30
0
 11
7.3663834645669288
 21
-3.7654676771653541
 31
0
  0
LINE
  5
C06
330
22
100
AcDbEntity
  8
F.Mask
  6
CONTINUOUS
100
AcDbLine
 10
7.3663834645669288
 20
-3.7654676771653541
 30
0
 11
7.3637176771653543
 21
-3.7555189370078739
 31
0
  0
LINE
  5
C07
330
22
100
AcDbEntity
  8
F.Mask
  6
CONTINUOUS
100
AcDbLine
 10
7.3637176771653543
 20
-3.7555189370078739
 30
0
 11
7.3623733070866137
 21
-3.7453073228346456
 31
0
  0
LINE
  5
C08
330
22
100
AcDbEntity
  8
F.Mask
  6
CONTINUOUS
100
AcDbLine
 10
7.3623733070866137
 20
-3.7453073228346456
 30
0
 11
7.3623733070866137
 21
-3.7350076377952757
 31
0
  0
LINE
  5
C09
330
22
100
AcDbEntity
  8
F.Mask
  6
CONTINUOUS
100
AcDbLine
 10
7.3623733070866137
 20
-3.7350076377952757
 30
0
 11
7.3637176771653543
 21
-3.724796023622047
 31
0
  0
LINE
  5
C0A
330
22
100
AcDbEntity
  8
F.Mask
  6
CONTINUOUS
100
AcDbLine
 10
7.3637176771653543
 20
-3.724796023622047
 30
0
 11
7.3663834645669288
 21
-3.7148472834645667
 31
0
  0
LINE
  5
C0B
330
22
100
AcDbEntity
  8
F.Mask
  6
CONTINUOUS
100
AcDbLine
 10
7.3663834645669288
 20
-3.7148472834645667
 30
0
 11
7.3703250000000002
 21
-3.7053316141732284
 31
0
  0
LINE
  5
C0C
330
22
100
AcDbEntity
  8
F.Mask
  6
CONTINUOUS
100
AcDbLine
 10
7.3703250000000002
 20
-3.7053316141732284
 30
0
 11
7.3754748425196848
 21
-3.6964118110236219
 31
0
  0
LINE
  5
C0D
330
22
100
AcDbEntity
  8
F.Mask
  6
CONTINUOUS
100
AcDbLine
 10
7.3754748425196848
 20
-3.6964118110236219
 30
0
 11
7.3817448818897633
 21
-3.688240472440945
 31
0
  0
LINE
  5
C0E
330
22
100
AcDbEntity
  8
F.Mask
  6
CONTINUOUS
100
AcDbLine
 10
7.3817448818897633
 20
-3.688240472440945
 30
0
 11
7.3890278740157482
 21
-3.6809574803149605
 31
0
  0
LINE
  5
C0F
330
22
100
AcDbEntity
  8
F.Mask
  6
CONTINUOUS
100
AcDbLine
 10
7.3890278740157482
 20
-3.6809574803149605
 30
0
 11
7.3971992125984247
 21
-3.674687440944882
 31
0
  0
LINE
  5
C10
330
22
100
AcDbEntity
  8
F.Mask
  6
CONTINUOUS
100
AcDbLine
 10
7.3971992125984247
 20
-3.674687440944882
 30
0
 11
7.4061190157480317
 21
-3.6695375984251966
 31
0
  0
LINE
  5
C11
330
22
100
AcDbEntity
  8
F.Mask
  6
CONTINUOUS
100
AcDbLine
 10
7.4061190157480317
 20
-3.6695375984251966
 30
0
 11
7.41563468503937
 21
-3.665596062992126
 31
0
  0
LINE
  5
C12
330
22
100
AcDbEntity
  8
F.Mask
  6
CONTINUOUS
100
AcDbLine
 10
7.41563468503937
 20
-3.665596062992126
 30
0
 11
7.4255834251968507
 21
-3.6629302755905511
 31
0
  0
LINE
  5
C13
330
22
100
AcDbEntity
  8
F.Mask
  6
CONTINUOUS
100
AcDbLine
 10
7.4255834251968507
 20
-3.6629302755905511
 30
0
 11
7.4357950393700785
 21
-3.661585905511811
 31
0
  0
LINE
  5
C14
330
22
100
AcDbEntity
  8
F.Mask
  6
CONTINUOUS
100
AcDbLine
 10
7.4357950393700785
 20
-3.661585905511811
 30
0
 11
7.4460947244094484
 21
-3.661585905511811
 31
0
  0
LINE
  5
C15
330
22
100
AcDbEntity
  8
F.Mask
  6
CONTINUOUS
100
AcDbLine
 10
7.4460947244094484
 20
-3.661585905511811
 30
0
 11
7.4563063385826771
 21
-3.6629302755905511
 31
0
  0
LINE
  5
C16
330
22
100
AcDbEntity
  8
F.Mask
  6
CONTINUOUS
100
AcDbLine
 10
6.4951473228346455
 20
-3.7097087007874014
 30
0
 11
6.501208149606299
 21
-3.7122191732283465
 31
0
  0
LINE
  5
C17
330
22
100
AcDbEntity
  8
F.Mask
  6
CONTINUOUS
100
AcDbLine
 10
6.501208149606299
 20
-3.7122191732283465
 30
0
 11
6.5066627559055119
 21
-3.7158638188976378
 31
0
  0
LINE
  5
C18
330
22
100
AcDbEntity
  8
F.Mask
  6
CONTINUOUS
100
AcDbLine
 10
6.5066627559055119
 20
-3.7158638188976378
 30
0
 11
6.5113015354330708
 21
-3.7205025984251967
 31
0
  0
LINE
  5
C19
330
22
100
AcDbEntity
  8
F.Mask
  6
CONTINUOUS
100
AcDbLine
 10
6.5113015354330708
 20
-3.7205025984251967
 30
0
 11
6.5149461811023617
 21
-3.7259572047244092
 31
0
  0
LINE
  5
C1A
330
22
100
AcDbEntity
  8
F.Mask
  6
CONTINUOUS
100
AcDbLine
 10
6.5149461811023617
 20
-3.7259572047244092
 30
0
 11
6.5174566535433067
 21
-3.7320180314960627
 31
0
  0
LINE
  5
C1B
330
22
100
AcDbEntity
  8
F.Mask
  6
CONTINUOUS
100
AcDbLine
 10
6.5174566535433067
 20
-3.7320180314960627
 30
0
 11
6.5187364960629921
 21
-3.7384521653543308
 31
0
  0
LINE
  5
C1C
330
22
100
AcDbEntity
  8
F.Mask
  6
CONTINUOUS
100
AcDbLine
 10
6.5187364960629921
 20
-3.7384521653543308
 30
0
 11
6.5187364960629921
 21
-3.7450124015748032
 31
0
  0
LINE
  5
C1D
330
22
100
AcDbEntity
  8
F.Mask
  6
CONTINUOUS
100
AcDbLine
 10
6.5187364960629921
 20
-3.7450124015748032
 30
0
 11
6.5174566535433067
 21
-3.7514465354330708
 31
0
  0
LINE
  5
C1E
330
22
100
AcDbEntity
  8
F.Mask
  6
CONTINUOUS
100
AcDbLine
 10
6.5174566535433067
 20
-3.7514465354330708
 30
0
 11
6.5149461811023617
 21
-3.7575073622047244
 31
0
  0
LINE
  5
C1F
330
22
100
AcDbEntity
  8
F.Mask
  6
CONTINUOUS
100
AcDbLine
 10
6.5149461811023617
 20
-3.7575073622047244
 30
0
 11
6.5113015354330708
 21
-3.7629619685039368
 31
0
  0
LINE
  5
C20
330
22
100
AcDbEntity
  8
F.Mask
  6
CONTINUOUS
100
AcDbLine
 10
6.5113015354330708
 20
-3.7629619685039368
 30
0
 11
6.5066627559055119
 21
-3.7676007480314961
 31
0
  0
LINE
  5
C21
330
22
100
AcDbEntity
  8
F.Mask
  6
CONTINUOUS
100
AcDbLine
 10
6.5066627559055119
 20
-3.7676007480314961
 30
0
 11
6.501208149606299
 21
-3.7712453937007875
 31
0
  0
LINE
  5
C22
330
22
100
AcDbEntity
  8
F.Mask
  6
CONTINUOUS
100
AcDbLine
 10
6.501208149606299
 20
-3.7712453937007875
 30
0
 11
6.4951473228346455
 21
-3.7737558661417321
 31
0
  0
LINE
  5
C23
330
22
100
AcDbEntity
  8
F.Mask
  6
CONTINUOUS
100
AcDbLine
 10
6.4951473228346455
 20
-3.7737558661417321
 30
0
 11
6.4887131889763774
 21
-3.775035708661417
 31
0
  0
LINE
  5
C24
330
22
100
AcDbEntity
  8
F.Mask
  6
CONTINUOUS
100
AcDbLine
 10
6.4887131889763774
 20
-3.775035708661417
 30
0
 11
6.4821529527559054
 21
-3.775035708661417
 31
0
  0
LINE
  5
C25
330
22
100
AcDbEntity
  8
F.Mask
  6
CONTINUOUS
100
AcDbLine
 10
6.4821529527559054
 20
-3.775035708661417
 30
0
 11
6.4757188188976373
 21
-3.7737558661417321
 31
0
  0
LINE
  5
C26
330
22
100
AcDbEntity
  8
F.Mask
  6
CONTINUOUS
100
AcDbLine
 10
6.4757188188976373
 20
-3.7737558661417321
 30
0
 11
6.4696579921259838
 21
-3.7712453937007875
 31
0
  0
LINE
  5
C27
330
22
100
AcDbEntity
  8
F.Mask
  6
CONTINUOUS
100
AcDbLine
 10
6.4696579921259838
 20
-3.7712453937007875
 30
0
 11
6.4642033858267718
 21
-3.7676007480314961
 31
0
  0
LINE
  5
C28
330
22
100
AcDbEntity
  8
F.Mask
  6
CONTINUOUS
100
AcDbLine
 10
6.4642033858267718
 20
-3.7676007480314961
 30
0
 11
6.459564606299212
 21
-3.7629619685039368
 31
0
  0
LINE
  5
C29
330
22
100
AcDbEntity
  8
F.Mask
  6
CONTINUOUS
100
AcDbLine
 10
6.459564606299212
 20
-3.7629619685039368
 30
0
 11
6.4559199606299211
 21
-3.7575073622047244
 31
0
  0
LINE
  5
C2A
330
22
100
AcDbEntity
  8
F.Mask
  6
CONTINUOUS
100
AcDbLine
 10
6.4559199606299211
 20
-3.7575073622047244
 30
0
 11
6.4534094881889761
 21
-3.7514465354330708
 31
0
  0
LINE
  5
C2B
330
22
100
AcDbEntity
  8
F.Mask
  6
CONTINUOUS
100
AcDbLine
 10
6.4534094881889761
 20
-3.7514465354330708
 30
0
 11
6.4521296456692916
 21
-3.7450124015748032
 31
0
  0
LINE
  5
C2C
330
22
100
AcDbEntity
  8
F.Mask
  6
CONTINUOUS
100
AcDbLine
 10
6.4521296456692916
 20
-3.7450124015748032
 30
0
 11
6.4521296456692916
 21
-3.7384521653543308
 31
0
  0
LINE
  5
C2D
330
22
100
AcDbEntity
  8
F.Mask
  6
CONTINUOUS
100
AcDbLine
 10
6.4521296456692916
 20
-3.7384521653543308
 30
0
 11
6.4534094881889761
 21
-3.7320180314960627
 31
0
  0
LINE
  5
C2E
330
22
100
AcDbEntity
  8
F.Mask
  6
CONTINUOUS
100
AcDbLine
 10
6.4534094881889761
 20
-3.7320180314960627
 30
0
 11
6.4559199606299211
 21
-3.7259572047244092
 31
0
  0
LINE
  5
C2F
330
22
100
AcDbEntity
  8
F.Mask
  6
CONTINUOUS
100
AcDbLine
 10
6.4559199606299211
 20
-3.7259572047244092
 30
0
 11
6.459564606299212
 21
-3.7205025984251967
 31
0
  0
LINE
  5
C30
330
22
100
AcDbEntity
  8
F.Mask
  6
CONTINUOUS
100
AcDbLine
 10
6.459564606299212
 20
-3.7205025984251967
 30
0
 11
6.4642033858267718
 21
-3.7158638188976378
 31
0
  0
LINE
  5
C31
330
22
100
AcDbEntity
  8
F.Mask
  6
CONTINUOUS
100
AcDbLine
 10
6.4642033858267718
 20
-3.7158638188976378
 30
0
 11
6.4696579921259838
 21
-3.7122191732283465
 31
0
  0
LINE
  5
C32
330
22
100
AcDbEntity
  8
F.Mask
  6
CONTINUOUS
100
AcDbLine
 10
6.4696579921259838
 20
-3.7122191732283465
 30
0
 11
6.4757188188976373
 21
-3.7097087007874014
 31
0
  0
LINE
  5
C33
330
22
100
AcDbEntity
  8
F.Mask
  6
CONTINUOUS
100
AcDbLine
 10
6.4757188188976373
 20
-3.7097087007874014
 30
0
 11
6.4821529527559054
 21
-3.7084288582677165
 31
0
  0
LINE
  5
C34
330
22
100
AcDbEntity
  8
F.Mask
  6
CONTINUOUS
100
AcDbLine
 10
6.4821529527559054
 20
-3.7084288582677165
 30
0
 11
6.4887131889763774
 21
-3.7084288582677165
 31
0
  0
LINE
  5
C35
330
22
100
AcDbEntity
  8
F.Mask
  6
CONTINUOUS
100
AcDbLine
 10
6.4887131889763774
 20
-3.7084288582677165
 30
0
 11
6.4951473228346455
 21
-3.7097087007874014
 31
0
  0
LINE
  5
C36
330
22
100
AcDbEntity
  8
F.Mask
  6
CONTINUOUS
100
AcDbLine
 10
6.8951473228346458
 20
-3.7097087007874014
 30
0
 11
6.9012081496062994
 21
-3.7122191732283465
 31
0
  0
LINE
  5
C37
330
22
100
AcDbEntity
  8
F.Mask
  6
CONTINUOUS
100
AcDbLine
 10
6.9012081496062994
 20
-3.7122191732283465
 30
0
 11
6.9066627559055114
 21
-3.7158638188976378
 31
0
  0
LINE
  5
C38
330
22
100
AcDbEntity
  8
F.Mask
  6
CONTINUOUS
100
AcDbLine
 10
6.9066627559055114
 20
-3.7158638188976378
 30
0
 11
6.9113015354330711
 21
-3.7205025984251967
 31
0
  0
LINE
  5
C39
330
22
100
AcDbEntity
  8
F.Mask
  6
CONTINUOUS
100
AcDbLine
 10
6.9113015354330711
 20
-3.7205025984251967
 30
0
 11
6.914946181102362
 21
-3.7259572047244092
 31
0
  0
LINE
  5
C3A
330
22
100
AcDbEntity
  8
F.Mask
  6
CONTINUOUS
100
AcDbLine
 10
6.914946181102362
 20
-3.7259572047244092
 30
0
 11
6.9174566535433071
 21
-3.7320180314960627
 31
0
  0
LINE
  5
C3B
330
22
100
AcDbEntity
  8
F.Mask
  6
CONTINUOUS
100
AcDbLine
 10
6.9174566535433071
 20
-3.7320180314960627
 30
0
 11
6.9187364960629916
 21
-3.7384521653543308
 31
0
  0
LINE
  5
C3C
330
22
100
AcDbEntity
  8
F.Mask
  6
CONTINUOUS
100
AcDbLine
 10
6.9187364960629916
 20
-3.7384521653543308
 30
0
 11
6.9187364960629916
 21
-3.7450124015748032
 31
0
  0
LINE
  5
C3D
330
22
100
AcDbEntity
  8
F.Mask
  6
CONTINUOUS
100
AcDbLine
 10
6.9187364960629916
 20
-3.7450124015748032
 30
0
 11
6.9174566535433071
 21
-3.7514465354330708
 31
0
  0
LINE
  5
C3E
330
22
100
AcDbEntity
  8
F.Mask
  6
CONTINUOUS
100
AcDbLine
 10
6.9174566535433071
 20
-3.7514465354330708
 30
0
 11
6.914946181102362
 21
-3.7575073622047244
 31
0
  0
LINE
  5
C3F
330
22
100
AcDbEntity
  8
F.Mask
  6
CONTINUOUS
100
AcDbLine
 10
6.914946181102362
 20
-3.7575073622047244
 30
0
 11
6.9113015354330711
 21
-3.7629619685039368
 31
0
  0
LINE
  5
C40
330
22
100
AcDbEntity
  8
F.Mask
  6
CONTINUOUS
100
AcDbLine
 10
6.9113015354330711
 20
-3.7629619685039368
 30
0
 11
6.9066627559055114
 21
-3.7676007480314961
 31
0
  0
LINE
  5
C41
330
22
100
AcDbEntity
  8
F.Mask
  6
CONTINUOUS
100
AcDbLine
 10
6.9066627559055114
 20
-3.7676007480314961
 30
0
 11
6.9012081496062994
 21
-3.7712453937007875
 31
0
  0
LINE
  5
C42
330
22
100
AcDbEntity
  8
F.Mask
  6
CONTINUOUS
100
AcDbLine
 10
6.9012081496062994
 20
-3.7712453937007875
 30
0
 11
6.8951473228346458
 21
-3.7737558661417321
 31
0
  0
LINE
  5
C43
330
22
100
AcDbEntity
  8
F.Mask
  6
CONTINUOUS
100
AcDbLine
 10
6.8951473228346458
 20
-3.7737558661417321
 30
0
 11
6.8887131889763777
 21
-3.775035708661417
 31
0
  0
LINE
  5
C44
330
22
100
AcDbEntity
  8
F.Mask
  6
CONTINUOUS
100
AcDbLine
 10
6.8887131889763777
 20
-3.775035708661417
 30
0
 11
6.8821529527559058
 21
-3.775035708661417
 31
0
  0
LINE
  5
C45
330
22
100
AcDbEntity
  8
F.Mask
  6
CONTINUOUS
100
AcDbLine
 10
6.8821529527559058
 20
-3.775035708661417
 30
0
 11
6.8757188188976377
 21
-3.7737558661417321
 31
0
  0
LINE
  5
C46
330
22
100
AcDbEntity
  8
F.Mask
  6
CONTINUOUS
100
AcDbLine
 10
6.8757188188976377
 20
-3.7737558661417321
 30
0
 11
6.8696579921259842
 21
-3.7712453937007875
 31
0
  0
LINE
  5
C47
330
22
100
AcDbEntity
  8
F.Mask
  6
CONTINUOUS
100
AcDbLine
 10
6.8696579921259842
 20
-3.7712453937007875
 30
0
 11
6.8642033858267713
 21
-3.7676007480314961
 31
0
  0
LINE
  5
C48
330
22
100
AcDbEntity
  8
F.Mask
  6
CONTINUOUS
100
AcDbLine
 10
6.8642033858267713
 20
-3.7676007480314961
 30
0
 11
6.8595646062992124
 21
-3.7629619685039368
 31
0
  0
LINE
  5
C49
330
22
100
AcDbEntity
  8
F.Mask
  6
CONTINUOUS
100
AcDbLine
 10
6.8595646062992124
 20
-3.7629619685039368
 30
0
 11
6.8559199606299215
 21
-3.7575073622047244
 31
0
  0
LINE
  5
C4A
330
22
100
AcDbEntity
  8
F.Mask
  6
CONTINUOUS
100
AcDbLine
 10
6.8559199606299215
 20
-3.7575073622047244
 30
0
 11
6.8534094881889764
 21
-3.7514465354330708
 31
0
  0
LINE
  5
C4B
330
22
100
AcDbEntity
  8
F.Mask
  6
CONTINUOUS
100
AcDbLine
 10
6.8534094881889764
 20
-3.7514465354330708
 30
0
 11
6.8521296456692911
 21
-3.7450124015748032
 31
0
  0
LINE
  5
C4C
330
22
100
AcDbEntity
  8
F.Mask
  6
CONTINUOUS
100
AcDbLine
 10
6.8521296456692911
 20
-3.7450124015748032
 30
0
 11
6.8521296456692911
 21
-3.7384521653543308
 31
0
  0
LINE
  5
C4D
330
22
100
AcDbEntity
  8
F.Mask
  6
CONTINUOUS
100
AcDbLine
 10
6.8521296456692911
 20
-3.7384521653543308
 30
0
 11
6.8534094881889764
 21
-3.7320180314960627
 31
0
  0
LINE
  5
C4E
330
22
100
AcDbEntity
  8
F.Mask
  6
CONTINUOUS
100
AcDbLine
 10
6.8534094881889764
 20
-3.7320180314960627
 30
0
 11
6.8559199606299215
 21
-3.7259572047244092
 31
0
  0
LINE
  5
C4F
330
22
100
AcDbEntity
  8
F.Mask
  6
CONTINUOUS
100
AcDbLine
 10
6.8559199606299215
 20
-3.7259572047244092
 30
0
 11
6.8595646062992124
 21
-3.7205025984251967
 31
0
  0
LINE
  5
C50
330
22
100
AcDbEntity
  8
F.Mask
  6
CONTINUOUS
100
AcDbLine
 10
6.8595646062992124
 20
-3.7205025984251967
 30
0
 11
6.8642033858267713
 21
-3.7158638188976378
 31
0
  0
LINE
  5
C51
330
22
100
AcDbEntity
  8
F.Mask
  6
CONTINUOUS
100
AcDbLine
 10
6.8642033858267713
 20
-3.7158638188976378
 30
0
 11
6.8696579921259842
 21
-3.7122191732283465
 31
0
  0
LINE
  5
C52
330
22
100
AcDbEntity
  8
F.Mask
  6
CONTINUOUS
100
AcDbLine
 10
6.8696579921259842
 20
-3.7122191732283465
 30
0
 11
6.8757188188976377
 21
-3.7097087007874014
 31
0
  0
LINE
  5
C53
330
22
100
AcDbEntity
  8
F.Mask
  6
CONTINUOUS
100
AcDbLine
 10
6.8757188188976377
 20
-3.7097087007874014
 30
0
 11
6.8821529527559058
 21
-3.7084288582677165
 31
0
  0
LINE
  5
C54
330
22
100
AcDbEntity
  8
F.Mask
  6
CONTINUOUS
100
AcDbLine
 10
6.8821529527559058
 20
-3.7084288582677165
 30
0
 11
6.8887131889763777
 21
-3.7084288582677165
 31
0
  0
LINE
  5
C55
330
22
100
AcDbEntity
  8
F.Mask
  6
CONTINUOUS
100
AcDbLine
 10
6.8887131889763777
 20
-3.7084288582677165
 30
0
 11
6.8951473228346458
 21
-3.7097087007874014
 31
0
  0
LINE
  5
C56
330
22
100
AcDbEntity
  8
F.Mask
  6
CONTINUOUS
100
AcDbLine
 10
5.7349111023622044
 20
-3.7081338976377953
 30
0
 11
5.7409719291338579
 21
-3.7106443700787399
 31
0
  0
LINE
  5
C57
330
22
100
AcDbEntity
  8
F.Mask
  6
CONTINUOUS
100
AcDbLine
 10
5.7409719291338579
 20
-3.7106443700787399
 30
0
 11
5.7464265354330708
 21
-3.7142890157480313
 31
0
  0
LINE
  5
C58
330
22
100
AcDbEntity
  8
F.Mask
  6
CONTINUOUS
100
AcDbLine
 10
5.7464265354330708
 20
-3.7142890157480313
 30
0
 11
5.7510653149606297
 21
-3.7189277952755906
 31
0
  0
LINE
  5
C59
330
22
100
AcDbEntity
  8
F.Mask
  6
CONTINUOUS
100
AcDbLine
 10
5.7510653149606297
 20
-3.7189277952755906
 30
0
 11
5.7547099606299215
 21
-3.724382401574803
 31
0
  0
LINE
  5
C5A
330
22
100
AcDbEntity
  8
F.Mask
  6
CONTINUOUS
100
AcDbLine
 10
5.7547099606299215
 20
-3.724382401574803
 30
0
 11
5.7572204330708656
 21
-3.7304432283464566
 31
0
  0
LINE
  5
C5B
330
22
100
AcDbEntity
  8
F.Mask
  6
CONTINUOUS
100
AcDbLine
 10
5.7572204330708656
 20
-3.7304432283464566
 30
0
 11
5.758500275590551
 21
-3.7368773622047242
 31
0
  0
LINE
  5
C5C
330
22
100
AcDbEntity
  8
F.Mask
  6
CONTINUOUS
100
AcDbLine
 10
5.758500275590551
 20
-3.7368773622047242
 30
0
 11
5.758500275590551
 21
-3.7434375984251966
 31
0
  0
LINE
  5
C5D
330
22
100
AcDbEntity
  8
F.Mask
  6
CONTINUOUS
100
AcDbLine
 10
5.758500275590551
 20
-3.7434375984251966
 30
0
 11
5.7572204330708656
 21
-3.7498717322834643
 31
0
  0
LINE
  5
C5E
330
22
100
AcDbEntity
  8
F.Mask
  6
CONTINUOUS
100
AcDbLine
 10
5.7572204330708656
 20
-3.7498717322834643
 30
0
 11
5.7547099606299215
 21
-3.7559325590551178
 31
0
  0
LINE
  5
C5F
330
22
100
AcDbEntity
  8
F.Mask
  6
CONTINUOUS
100
AcDbLine
 10
5.7547099606299215
 20
-3.7559325590551178
 30
0
 11
5.7510653149606297
 21
-3.7613871653543307
 31
0
  0
LINE
  5
C60
330
22
100
AcDbEntity
  8
F.Mask
  6
CONTINUOUS
100
AcDbLine
 10
5.7510653149606297
 20
-3.7613871653543307
 30
0
 11
5.7464265354330708
 21
-3.7660259448818896
 31
0
  0
LINE
  5
C61
330
22
100
AcDbEntity
  8
F.Mask
  6
CONTINUOUS
100
AcDbLine
 10
5.7464265354330708
 20
-3.7660259448818896
 30
0
 11
5.7409719291338579
 21
-3.7696705905511809
 31
0
  0
LINE
  5
C62
330
22
100
AcDbEntity
  8
F.Mask
  6
CONTINUOUS
100
AcDbLine
 10
5.7409719291338579
 20
-3.7696705905511809
 30
0
 11
5.7349111023622044
 21
-3.772181062992126
 31
0
  0
LINE
  5
C63
330
22
100
AcDbEntity
  8
F.Mask
  6
CONTINUOUS
100
AcDbLine
 10
5.7349111023622044
 20
-3.772181062992126
 30
0
 11
5.7284769685039372
 21
-3.7734609055118109
 31
0
  0
LINE
  5
C64
330
22
100
AcDbEntity
  8
F.Mask
  6
CONTINUOUS
100
AcDbLine
 10
5.7284769685039372
 20
-3.7734609055118109
 30
0
 11
5.7219167322834643
 21
-3.7734609055118109
 31
0
  0
LINE
  5
C65
330
22
100
AcDbEntity
  8
F.Mask
  6
CONTINUOUS
100
AcDbLine
 10
5.7219167322834643
 20
-3.7734609055118109
 30
0
 11
5.7154825984251971
 21
-3.772181062992126
 31
0
  0
LINE
  5
C66
330
22
100
AcDbEntity
  8
F.Mask
  6
CONTINUOUS
100
AcDbLine
 10
5.7154825984251971
 20
-3.772181062992126
 30
0
 11
5.7094217716535436
 21
-3.7696705905511809
 31
0
  0
LINE
  5
C67
330
22
100
AcDbEntity
  8
F.Mask
  6
CONTINUOUS
100
AcDbLine
 10
5.7094217716535436
 20
-3.7696705905511809
 30
0
 11
5.7039671653543307
 21
-3.7660259448818896
 31
0
  0
LINE
  5
C68
330
22
100
AcDbEntity
  8
F.Mask
  6
CONTINUOUS
100
AcDbLine
 10
5.7039671653543307
 20
-3.7660259448818896
 30
0
 11
5.6993283858267718
 21
-3.7613871653543307
 31
0
  0
LINE
  5
C69
330
22
100
AcDbEntity
  8
F.Mask
  6
CONTINUOUS
100
AcDbLine
 10
5.6993283858267718
 20
-3.7613871653543307
 30
0
 11
5.69568374015748
 21
-3.7559325590551178
 31
0
  0
LINE
  5
C6A
330
22
100
AcDbEntity
  8
F.Mask
  6
CONTINUOUS
100
AcDbLine
 10
5.69568374015748
 20
-3.7559325590551178
 30
0
 11
5.693173267716535
 21
-3.7498717322834643
 31
0
  0
LINE
  5
C6B
330
22
100
AcDbEntity
  8
F.Mask
  6
CONTINUOUS
100
AcDbLine
 10
5.693173267716535
 20
-3.7498717322834643
 30
0
 11
5.6918934251968505
 21
-3.7434375984251966
 31
0
  0
LINE
  5
C6C
330
22
100
AcDbEntity
  8
F.Mask
  6
CONTINUOUS
100
AcDbLine
 10
5.6918934251968505
 20
-3.7434375984251966
 30
0
 11
5.6918934251968505
 21
-3.7368773622047242
 31
0
  0
LINE
  5
C6D
330
22
100
AcDbEntity
  8
F.Mask
  6
CONTINUOUS
100
AcDbLine
 10
5.6918934251968505
 20
-3.7368773622047242
 30
0
 11
5.693173267716535
 21
-3.7304432283464566
 31
0
  0
LINE
  5
C6E
330
22
100
AcDbEntity
  8
F.Mask
  6
CONTINUOUS
100
AcDbLine
 10
5.693173267716535
 20
-3.7304432283464566
 30
0
 11
5.69568374015748
 21
-3.724382401574803
 31
0
  0
LINE
  5
C6F
330
22
100
AcDbEntity
  8
F.Mask
  6
CONTINUOUS
100
AcDbLine
 10
5.69568374015748
 20
-3.724382401574803
 30
0
 11
5.6993283858267718
 21
-3.7189277952755906
 31
0
  0
LINE
  5
C70
330
22
100
AcDbEntity
  8
F.Mask
  6
CONTINUOUS
100
AcDbLine
 10
5.6993283858267718
 20
-3.7189277952755906
 30
0
 11
5.7039671653543307
 21
-3.7142890157480313
 31
0
  0
LINE
  5
C71
330
22
100
AcDbEntity
  8
F.Mask
  6
CONTINUOUS
100
AcDbLine
 10
5.7039671653543307
 20
-3.7142890157480313
 30
0
 11
5.7094217716535436
 21
-3.7106443700787399
 31
0
  0
LINE
  5
C72
330
22
100
AcDbEntity
  8
F.Mask
  6
CONTINUOUS
100
AcDbLine
 10
5.7094217716535436
 20
-3.7106443700787399
 30
0
 11
5.7154825984251971
 21
-3.7081338976377953
 31
0
  0
LINE
  5
C73
330
22
100
AcDbEntity
  8
F.Mask
  6
CONTINUOUS
100
AcDbLine
 10
5.7154825984251971
 20
-3.7081338976377953
 30
0
 11
5.7219167322834643
 21
-3.7068540551181099
 31
0
  0
LINE
  5
C74
330
22
100
AcDbEntity
  8
F.Mask
  6
CONTINUOUS
100
AcDbLine
 10
5.7219167322834643
 20
-3.7068540551181099
 30
0
 11
5.7284769685039372
 21
-3.7068540551181099
 31
0
  0
LINE
  5
C75
330
22
100
AcDbEntity
  8
F.Mask
  6
CONTINUOUS
100
AcDbLine
 10
5.7284769685039372
 20
-3.7068540551181099
 30
0
 11
5.7349111023622044
 21
-3.7081338976377953
 31
0
  0
LINE
  5
C76
330
22
100
AcDbEntity
  8
F.Mask
  6
CONTINUOUS
100
AcDbLine
 10
6.1349111023622047
 20
-3.7081338976377953
 30
0
 11
6.1409719291338583
 21
-3.7106443700787399
 31
0
  0
LINE
  5
C77
330
22
100
AcDbEntity
  8
F.Mask
  6
CONTINUOUS
100
AcDbLine
 10
6.1409719291338583
 20
-3.7106443700787399
 30
0
 11
6.1464265354330712
 21
-3.7142890157480313
 31
0
  0
LINE
  5
C78
330
22
100
AcDbEntity
  8
F.Mask
  6
CONTINUOUS
100
AcDbLine
 10
6.1464265354330712
 20
-3.7142890157480313
 30
0
 11
6.15106531496063
 21
-3.7189277952755906
 31
0
  0
LINE
  5
C79
330
22
100
AcDbEntity
  8
F.Mask
  6
CONTINUOUS
100
AcDbLine
 10
6.15106531496063
 20
-3.7189277952755906
 30
0
 11
6.1547099606299209
 21
-3.724382401574803
 31
0
  0
LINE
  5
C7A
330
22
100
AcDbEntity
  8
F.Mask
  6
CONTINUOUS
100
AcDbLine
 10
6.1547099606299209
 20
-3.724382401574803
 30
0
 11
6.157220433070866
 21
-3.7304432283464566
 31
0
  0
LINE
  5
C7B
330
22
100
AcDbEntity
  8
F.Mask
  6
CONTINUOUS
100
AcDbLine
 10
6.157220433070866
 20
-3.7304432283464566
 30
0
 11
6.1585002755905514
 21
-3.7368773622047242
 31
0
  0
LINE
  5
C7C
330
22
100
AcDbEntity
  8
F.Mask
  6
CONTINUOUS
100
AcDbLine
 10
6.1585002755905514
 20
-3.7368773622047242
 30
0
 11
6.1585002755905514
 21
-3.7434375984251966
 31
0
  0
LINE
  5
C7D
330
22
100
AcDbEntity
  8
F.Mask
  6
CONTINUOUS
100
AcDbLine
 10
6.1585002755905514
 20
-3.7434375984251966
 30
0
 11
6.157220433070866
 21
-3.7498717322834643
 31
0
  0
LINE
  5
C7E
330
22
100
AcDbEntity
  8
F.Mask
  6
CONTINUOUS
100
AcDbLine
 10
6.157220433070866
 20
-3.7498717322834643
 30
0
 11
6.1547099606299209
 21
-3.7559325590551178
 31
0
  0
LINE
  5
C7F
330
22
100
AcDbEntity
  8
F.Mask
  6
CONTINUOUS
100
AcDbLine
 10
6.1547099606299209
 20
-3.7559325590551178
 30
0
 11
6.15106531496063
 21
-3.7613871653543307
 31
0
  0
LINE
  5
C80
330
22
100
AcDbEntity
  8
F.Mask
  6
CONTINUOUS
100
AcDbLine
 10
6.15106531496063
 20
-3.7613871653543307
 30
0
 11
6.1464265354330712
 21
-3.7660259448818896
 31
0
  0
LINE
  5
C81
330
22
100
AcDbEntity
  8
F.Mask
  6
CONTINUOUS
100
AcDbLine
 10
6.1464265354330712
 20
-3.7660259448818896
 30
0
 11
6.1409719291338583
 21
-3.7696705905511809
 31
0
  0
LINE
  5
C82
330
22
100
AcDbEntity
  8
F.Mask
  6
CONTINUOUS
100
AcDbLine
 10
6.1409719291338583
 20
-3.7696705905511809
 30
0
 11
6.1349111023622047
 21
-3.772181062992126
 31
0
  0
LINE
  5
C83
330
22
100
AcDbEntity
  8
F.Mask
  6
CONTINUOUS
100
AcDbLine
 10
6.1349111023622047
 20
-3.772181062992126
 30
0
 11
6.1284769685039366
 21
-3.7734609055118109
 31
0
  0
LINE
  5
C84
330
22
100
AcDbEntity
  8
F.Mask
  6
CONTINUOUS
100
AcDbLine
 10
6.1284769685039366
 20
-3.7734609055118109
 30
0
 11
6.1219167322834647
 21
-3.7734609055118109
 31
0
  0
LINE
  5
C85
330
22
100
AcDbEntity
  8
F.Mask
  6
CONTINUOUS
100
AcDbLine
 10
6.1219167322834647
 20
-3.7734609055118109
 30
0
 11
6.1154825984251966
 21
-3.772181062992126
 31
0
  0
LINE
  5
C86
330
22
100
AcDbEntity
  8
F.Mask
  6
CONTINUOUS
100
AcDbLine
 10
6.1154825984251966
 20
-3.772181062992126
 30
0
 11
6.1094217716535431
 21
-3.7696705905511809
 31
0
  0
LINE
  5
C87
330
22
100
AcDbEntity
  8
F.Mask
  6
CONTINUOUS
100
AcDbLine
 10
6.1094217716535431
 20
-3.7696705905511809
 30
0
 11
6.1039671653543301
 21
-3.7660259448818896
 31
0
  0
LINE
  5
C88
330
22
100
AcDbEntity
  8
F.Mask
  6
CONTINUOUS
100
AcDbLine
 10
6.1039671653543301
 20
-3.7660259448818896
 30
0
 11
6.0993283858267713
 21
-3.7613871653543307
 31
0
  0
LINE
  5
C89
330
22
100
AcDbEntity
  8
F.Mask
  6
CONTINUOUS
100
AcDbLine
 10
6.0993283858267713
 20
-3.7613871653543307
 30
0
 11
6.0956837401574804
 21
-3.7559325590551178
 31
0
  0
LINE
  5
C8A
330
22
100
AcDbEntity
  8
F.Mask
  6
CONTINUOUS
100
AcDbLine
 10
6.0956837401574804
 20
-3.7559325590551178
 30
0
 11
6.0931732677165353
 21
-3.7498717322834643
 31
0
  0
LINE
  5
C8B
330
22
100
AcDbEntity
  8
F.Mask
  6
CONTINUOUS
100
AcDbLine
 10
6.0931732677165353
 20
-3.7498717322834643
 30
0
 11
6.09189342519685
 21
-3.7434375984251966
 31
0
  0
LINE
  5
C8C
330
22
100
AcDbEntity
  8
F.Mask
  6
CONTINUOUS
100
AcDbLine
 10
6.09189342519685
 20
-3.7434375984251966
 30
0
 11
6.09189342519685
 21
-3.7368773622047242
 31
0
  0
LINE
  5
C8D
330
22
100
AcDbEntity
  8
F.Mask
  6
CONTINUOUS
100
AcDbLine
 10
6.09189342519685
 20
-3.7368773622047242
 30
0
 11
6.0931732677165353
 21
-3.7304432283464566
 31
0
  0
LINE
  5
C8E
330
22
100
AcDbEntity
  8
F.Mask
  6
CONTINUOUS
100
AcDbLine
 10
6.0931732677165353
 20
-3.7304432283464566
 30
0
 11
6.0956837401574804
 21
-3.724382401574803
 31
0
  0
LINE
  5
C8F
330
22
100
AcDbEntity
  8
F.Mask
  6
CONTINUOUS
100
AcDbLine
 10
6.0956837401574804
 20
-3.724382401574803
 30
0
 11
6.0993283858267713
 21
-3.7189277952755906
 31
0
  0
LINE
  5
C90
330
22
100
AcDbEntity
  8
F.Mask
  6
CONTINUOUS
100
AcDbLine
 10
6.0993283858267713
 20
-3.7189277952755906
 30
0
 11
6.1039671653543301
 21
-3.7142890157480313
 31
0
  0
LINE
  5
C91
330
22
100
AcDbEntity
  8
F.Mask
  6
CONTINUOUS
100
AcDbLine
 10
6.1039671653543301
 20
-3.7142890157480313
 30
0
 11
6.1094217716535431
 21
-3.7106443700787399
 31
0
  0
LINE
  5
C92
330
22
100
AcDbEntity
  8
F.Mask
  6
CONTINUOUS
100
AcDbLine
 10
6.1094217716535431
 20
-3.7106443700787399
 30
0
 11
6.1154825984251966
 21
-3.7081338976377953
 31
0
  0
LINE
  5
C93
330
22
100
AcDbEntity
  8
F.Mask
  6
CONTINUOUS
100
AcDbLine
 10
6.1154825984251966
 20
-3.7081338976377953
 30
0
 11
6.1219167322834647
 21
-3.7068540551181099
 31
0
  0
LINE
  5
C94
330
22
100
AcDbEntity
  8
F.Mask
  6
CONTINUOUS
100
AcDbLine
 10
6.1219167322834647
 20
-3.7068540551181099
 30
0
 11
6.1284769685039366
 21
-3.7068540551181099
 31
0
  0
LINE
  5
C95
330
22
100
AcDbEntity
  8
F.Mask
  6
CONTINUOUS
100
AcDbLine
 10
6.1284769685039366
 20
-3.7068540551181099
 30
0
 11
6.1349111023622047
 21
-3.7081338976377953
 31
0
  0
LINE
  5
C96
330
22
100
AcDbEntity
  8
F.Mask
  6
CONTINUOUS
100
AcDbLine
 10
7.2506591338582673
 20
-3.7081338976377953
 30
0
 11
7.2567199606299209
 21
-3.7106443700787399
 31
0
  0
LINE
  5
C97
330
22
100
AcDbEntity
  8
F.Mask
  6
CONTINUOUS
100
AcDbLine
 10
7.2567199606299209
 20
-3.7106443700787399
 30
0
 11
7.2621745669291338
 21
-3.7142890157480313
 31
0
  0
LINE
  5
C98
330
22
100
AcDbEntity
  8
F.Mask
  6
CONTINUOUS
100
AcDbLine
 10
7.2621745669291338
 20
-3.7142890157480313
 30
0
 11
7.2668133464566926
 21
-3.7189277952755906
 31
0
  0
LINE
  5
C99
330
22
100
AcDbEntity
  8
F.Mask
  6
CONTINUOUS
100
AcDbLine
 10
7.2668133464566926
 20
-3.7189277952755906
 30
0
 11
7.2704579921259844
 21
-3.724382401574803
 31
0
  0
LINE
  5
C9A
330
22
100
AcDbEntity
  8
F.Mask
  6
CONTINUOUS
100
AcDbLine
 10
7.2704579921259844
 20
-3.724382401574803
 30
0
 11
7.2729684645669286
 21
-3.7304432283464566
 31
0
  0
LINE
  5
C9B
330
22
100
AcDbEntity
  8
F.Mask
  6
CONTINUOUS
100
AcDbLine
 10
7.2729684645669286
 20
-3.7304432283464566
 30
0
 11
7.274248307086614
 21
-3.7368773622047242
 31
0
  0
LINE
  5
C9C
330
22
100
AcDbEntity
  8
F.Mask
  6
CONTINUOUS
100
AcDbLine
 10
7.274248307086614
 20
-3.7368773622047242
 30
0
 11
7.274248307086614
 21
-3.7434375984251966
 31
0
  0
LINE
  5
C9D
330
22
100
AcDbEntity
  8
F.Mask
  6
CONTINUOUS
100
AcDbLine
 10
7.274248307086614
 20
-3.7434375984251966
 30
0
 11
7.2729684645669286
 21
-3.7498717322834643
 31
0
  0
LINE
  5
C9E
330
22
100
AcDbEntity
  8
F.Mask
  6
CONTINUOUS
100
AcDbLine
 10
7.2729684645669286
 20
-3.7498717322834643
 30
0
 11
7.2704579921259844
 21
-3.7559325590551178
 31
0
  0
LINE
  5
C9F
330
22
100
AcDbEntity
  8
F.Mask
  6
CONTINUOUS
100
AcDbLine
 10
7.2704579921259844
 20
-3.7559325590551178
 30
0
 11
7.2668133464566926
 21
-3.7613871653543307
 31
0
  0
LINE
  5
CA0
330
22
100
AcDbEntity
  8
F.Mask
  6
CONTINUOUS
100
AcDbLine
 10
7.2668133464566926
 20
-3.7613871653543307
 30
0
 11
7.2621745669291338
 21
-3.7660259448818896
 31
0
  0
LINE
  5
CA1
330
22
100
AcDbEntity
  8
F.Mask
  6
CONTINUOUS
100
AcDbLine
 10
7.2621745669291338
 20
-3.7660259448818896
 30
0
 11
7.2567199606299209
 21
-3.7696705905511809
 31
0
  0
LINE
  5
CA2
330
22
100
AcDbEntity
  8
F.Mask
  6
CONTINUOUS
100
AcDbLine
 10
7.2567199606299209
 20
-3.7696705905511809
 30
0
 11
7.2506591338582673
 21
-3.772181062992126
 31
0
  0
LINE
  5
CA3
330
22
100
AcDbEntity
  8
F.Mask
  6
CONTINUOUS
100
AcDbLine
 10
7.2506591338582673
 20
-3.772181062992126
 30
0
 11
7.2442250000000001
 21
-3.7734609055118109
 31
0
  0
LINE
  5
CA4
330
22
100
AcDbEntity
  8
F.Mask
  6
CONTINUOUS
100
AcDbLine
 10
7.2442250000000001
 20
-3.7734609055118109
 30
0
 11
7.2376647637795273
 21
-3.7734609055118109
 31
0
  0
LINE
  5
CA5
330
22
100
AcDbEntity
  8
F.Mask
  6
CONTINUOUS
100
AcDbLine
 10
7.2376647637795273
 20
-3.7734609055118109
 30
0
 11
7.2312306299212601
 21
-3.772181062992126
 31
0
  0
LINE
  5
CA6
330
22
100
AcDbEntity
  8
F.Mask
  6
CONTINUOUS
100
AcDbLine
 10
7.2312306299212601
 20
-3.772181062992126
 30
0
 11
7.2251698031496066
 21
-3.7696705905511809
 31
0
  0
LINE
  5
CA7
330
22
100
AcDbEntity
  8
F.Mask
  6
CONTINUOUS
100
AcDbLine
 10
7.2251698031496066
 20
-3.7696705905511809
 30
0
 11
7.2197151968503936
 21
-3.7660259448818896
 31
0
  0
LINE
  5
CA8
330
22
100
AcDbEntity
  8
F.Mask
  6
CONTINUOUS
100
AcDbLine
 10
7.2197151968503936
 20
-3.7660259448818896
 30
0
 11
7.2150764173228348
 21
-3.7613871653543307
 31
0
  0
LINE
  5
CA9
330
22
100
AcDbEntity
  8
F.Mask
  6
CONTINUOUS
100
AcDbLine
 10
7.2150764173228348
 20
-3.7613871653543307
 30
0
 11
7.211431771653543
 21
-3.7559325590551178
 31
0
  0
LINE
  5
CAA
330
22
100
AcDbEntity
  8
F.Mask
  6
CONTINUOUS
100
AcDbLine
 10
7.211431771653543
 20
-3.7559325590551178
 30
0
 11
7.2089212992125979
 21
-3.7498717322834643
 31
0
  0
LINE
  5
CAB
330
22
100
AcDbEntity
  8
F.Mask
  6
CONTINUOUS
100
AcDbLine
 10
7.2089212992125979
 20
-3.7498717322834643
 30
0
 11
7.2076414566929135
 21
-3.7434375984251966
 31
0
  0
LINE
  5
CAC
330
22
100
AcDbEntity
  8
F.Mask
  6
CONTINUOUS
100
AcDbLine
 10
7.2076414566929135
 20
-3.7434375984251966
 30
0
 11
7.2076414566929135
 21
-3.7368773622047242
 31
0
  0
LINE
  5
CAD
330
22
100
AcDbEntity
  8
F.Mask
  6
CONTINUOUS
100
AcDbLine
 10
7.2076414566929135
 20
-3.7368773622047242
 30
0
 11
7.2089212992125979
 21
-3.7304432283464566
 31
0
  0
LINE
  5
CAE
330
22
100
AcDbEntity
  8
F.Mask
  6
CONTINUOUS
100
AcDbLine
 10
7.2089212992125979
 20
-3.7304432283464566
 30
0
 11
7.211431771653543
 21
-3.724382401574803
 31
0
  0
LINE
  5
CAF
330
22
100
AcDbEntity
  8
F.Mask
  6
CONTINUOUS
100
AcDbLine
 10
7.211431771653543
 20
-3.724382401574803
 30
0
 11
7.2150764173228348
 21
-3.7189277952755906
 31
0
  0
LINE
  5
CB0
330
22
100
AcDbEntity
  8
F.Mask
  6
CONTINUOUS
100
AcDbLine
 10
7.2150764173228348
 20
-3.7189277952755906
 30
0
 11
7.2197151968503936
 21
-3.7142890157480313
 31
0
  0
LINE
  5
CB1
330
22
100
AcDbEntity
  8
F.Mask
  6
CONTINUOUS
100
AcDbLine
 10
7.2197151968503936
 20
-3.7142890157480313
 30
0
 11
7.2251698031496066
 21
-3.7106443700787399
 31
0
  0
LINE
  5
CB2
330
22
100
AcDbEntity
  8
F.Mask
  6
CONTINUOUS
100
AcDbLine
 10
7.2251698031496066
 20
-3.7106443700787399
 30
0
 11
7.2312306299212601
 21
-3.7081338976377953
 31
0
  0
LINE
  5
CB3
330
22
100
AcDbEntity
  8
F.Mask
  6
CONTINUOUS
100
AcDbLine
 10
7.2312306299212601
 20
-3.7081338976377953
 30
0
 11
7.2376647637795273
 21
-3.7068540551181099
 31
0
  0
LINE
  5
CB4
330
22
100
AcDbEntity
  8
F.Mask
  6
CONTINUOUS
100
AcDbLine
 10
7.2376647637795273
 20
-3.7068540551181099
 30
0
 11
7.2442250000000001
 21
-3.7068540551181099
 31
0
  0
LINE
  5
CB5
330
22
100
AcDbEntity
  8
F.Mask
  6
CONTINUOUS
100
AcDbLine
 10
7.2442250000000001
 20
-3.7068540551181099
 30
0
 11
7.2506591338582673
 21
-3.7081338976377953
 31
0
  0
LINE
  5
CB6
330
22
100
AcDbEntity
  8
F.Mask
  6
CONTINUOUS
100
AcDbLine
 10
7.6506591338582677
 20
-3.7081338976377953
 30
0
 11
7.6567199606299212
 21
-3.7106443700787399
 31
0
  0
LINE
  5
CB7
330
22
100
AcDbEntity
  8
F.Mask
  6
CONTINUOUS
100
AcDbLine
 10
7.6567199606299212
 20
-3.7106443700787399
 30
0
 11
7.6621745669291341
 21
-3.7142890157480313
 31
0
  0
LINE
  5
CB8
330
22
100
AcDbEntity
  8
F.Mask
  6
CONTINUOUS
100
AcDbLine
 10
7.6621745669291341
 20
-3.7142890157480313
 30
0
 11
7.666813346456693
 21
-3.7189277952755906
 31
0
  0
LINE
  5
CB9
330
22
100
AcDbEntity
  8
F.Mask
  6
CONTINUOUS
100
AcDbLine
 10
7.666813346456693
 20
-3.7189277952755906
 30
0
 11
7.6704579921259839
 21
-3.724382401574803
 31
0
  0
LINE
  5
CBA
330
22
100
AcDbEntity
  8
F.Mask
  6
CONTINUOUS
100
AcDbLine
 10
7.6704579921259839
 20
-3.724382401574803
 30
0
 11
7.6729684645669289
 21
-3.7304432283464566
 31
0
  0
LINE
  5
CBB
330
22
100
AcDbEntity
  8
F.Mask
  6
CONTINUOUS
100
AcDbLine
 10
7.6729684645669289
 20
-3.7304432283464566
 30
0
 11
7.6742483070866143
 21
-3.7368773622047242
 31
0
  0
LINE
  5
CBC
330
22
100
AcDbEntity
  8
F.Mask
  6
CONTINUOUS
100
AcDbLine
 10
7.6742483070866143
 20
-3.7368773622047242
 30
0
 11
7.6742483070866143
 21
-3.7434375984251966
 31
0
  0
LINE
  5
CBD
330
22
100
AcDbEntity
  8
F.Mask
  6
CONTINUOUS
100
AcDbLine
 10
7.6742483070866143
 20
-3.7434375984251966
 30
0
 11
7.6729684645669289
 21
-3.7498717322834643
 31
0
  0
LINE
  5
CBE
330
22
100
AcDbEntity
  8
F.Mask
  6
CONTINUOUS
100
AcDbLine
 10
7.6729684645669289
 20
-3.7498717322834643
 30
0
 11
7.6704579921259839
 21
-3.7559325590551178
 31
0
  0
LINE
  5
CBF
330
22
100
AcDbEntity
  8
F.Mask
  6
CONTINUOUS
100
AcDbLine
 10
7.6704579921259839
 20
-3.7559325590551178
 30
0
 11
7.666813346456693
 21
-3.7613871653543307
 31
0
  0
LINE
  5
CC0
330
22
100
AcDbEntity
  8
F.Mask
  6
CONTINUOUS
100
AcDbLine
 10
7.666813346456693
 20
-3.7613871653543307
 30
0
 11
7.6621745669291341
 21
-3.7660259448818896
 31
0
  0
LINE
  5
CC1
330
22
100
AcDbEntity
  8
F.Mask
  6
CONTINUOUS
100
AcDbLine
 10
7.6621745669291341
 20
-3.7660259448818896
 30
0
 11
7.6567199606299212
 21
-3.7696705905511809
 31
0
  0
LINE
  5
CC2
330
22
100
AcDbEntity
  8
F.Mask
  6
CONTINUOUS
100
AcDbLine
 10
7.6567199606299212
 20
-3.7696705905511809
 30
0
 11
7.6506591338582677
 21
-3.772181062992126
 31
0
  0
LINE
  5
CC3
330
22
100
AcDbEntity
  8
F.Mask
  6
CONTINUOUS
100
AcDbLine
 10
7.6506591338582677
 20
-3.772181062992126
 30
0
 11
7.6442249999999996
 21
-3.7734609055118109
 31
0
  0
LINE
  5
CC4
330
22
100
AcDbEntity
  8
F.Mask
  6
CONTINUOUS
100
AcDbLine
 10
7.6442249999999996
 20
-3.7734609055118109
 30
0
 11
7.6376647637795276
 21
-3.7734609055118109
 31
0
  0
LINE
  5
CC5
330
22
100
AcDbEntity
  8
F.Mask
  6
CONTINUOUS
100
AcDbLine
 10
7.6376647637795276
 20
-3.7734609055118109
 30
0
 11
7.6312306299212596
 21
-3.772181062992126
 31
0
  0
LINE
  5
CC6
330
22
100
AcDbEntity
  8
F.Mask
  6
CONTINUOUS
100
AcDbLine
 10
7.6312306299212596
 20
-3.772181062992126
 30
0
 11
7.625169803149606
 21
-3.7696705905511809
 31
0
  0
LINE
  5
CC7
330
22
100
AcDbEntity
  8
F.Mask
  6
CONTINUOUS
100
AcDbLine
 10
7.625169803149606
 20
-3.7696705905511809
 30
0
 11
7.6197151968503931
 21
-3.7660259448818896
 31
0
  0
LINE
  5
CC8
330
22
100
AcDbEntity
  8
F.Mask
  6
CONTINUOUS
100
AcDbLine
 10
7.6197151968503931
 20
-3.7660259448818896
 30
0
 11
7.6150764173228342
 21
-3.7613871653543307
 31
0
  0
LINE
  5
CC9
330
22
100
AcDbEntity
  8
F.Mask
  6
CONTINUOUS
100
AcDbLine
 10
7.6150764173228342
 20
-3.7613871653543307
 30
0
 11
7.6114317716535433
 21
-3.7559325590551178
 31
0
  0
LINE
  5
CCA
330
22
100
AcDbEntity
  8
F.Mask
  6
CONTINUOUS
100
AcDbLine
 10
7.6114317716535433
 20
-3.7559325590551178
 30
0
 11
7.6089212992125983
 21
-3.7498717322834643
 31
0
  0
LINE
  5
CCB
330
22
100
AcDbEntity
  8
F.Mask
  6
CONTINUOUS
100
AcDbLine
 10
7.6089212992125983
 20
-3.7498717322834643
 30
0
 11
7.6076414566929129
 21
-3.7434375984251966
 31
0
  0
LINE
  5
CCC
330
22
100
AcDbEntity
  8
F.Mask
  6
CONTINUOUS
100
AcDbLine
 10
7.6076414566929129
 20
-3.7434375984251966
 30
0
 11
7.6076414566929129
 21
-3.7368773622047242
 31
0
  0
LINE
  5
CCD
330
22
100
AcDbEntity
  8
F.Mask
  6
CONTINUOUS
100
AcDbLine
 10
7.6076414566929129
 20
-3.7368773622047242
 30
0
 11
7.6089212992125983
 21
-3.7304432283464566
 31
0
  0
LINE
  5
CCE
330
22
100
AcDbEntity
  8
F.Mask
  6
CONTINUOUS
100
AcDbLine
 10
7.6089212992125983
 20
-3.7304432283464566
 30
0
 11
7.6114317716535433
 21
-3.724382401574803
 31
0
  0
LINE
  5
CCF
330
22
100
AcDbEntity
  8
F.Mask
  6
CONTINUOUS
100
AcDbLine
 10
7.6114317716535433
 20
-3.724382401574803
 30
0
 11
7.6150764173228342
 21
-3.7189277952755906
 31
0
  0
LINE
  5
CD0
330
22
100
AcDbEntity
  8
F.Mask
  6
CONTINUOUS
100
AcDbLine
 10
7.6150764173228342
 20
-3.7189277952755906
 30
0
 11
7.6197151968503931
 21
-3.7142890157480313
 31
0
  0
LINE
  5
CD1
330
22
100
AcDbEntity
  8
F.Mask
  6
CONTINUOUS
100
AcDbLine
 10
7.6197151968503931
 20
-3.7142890157480313
 30
0
 11
7.625169803149606
 21
-3.7106443700787399
 31
0
  0
LINE
  5
CD2
330
22
100
AcDbEntity
  8
F.Mask
  6
CONTINUOUS
100
AcDbLine
 10
7.625169803149606
 20
-3.7106443700787399
 30
0
 11
7.6312306299212596
 21
-3.7081338976377953
 31
0
  0
LINE
  5
CD3
330
22
100
AcDbEntity
  8
F.Mask
  6
CONTINUOUS
100
AcDbLine
 10
7.6312306299212596
 20
-3.7081338976377953
 30
0
 11
7.6376647637795276
 21
-3.7068540551181099
 31
0
  0
LINE
  5
CD4
330
22
100
AcDbEntity
  8
F.Mask
  6
CONTINUOUS
100
AcDbLine
 10
7.6376647637795276
 20
-3.7068540551181099
 30
0
 11
7.6442249999999996
 21
-3.7068540551181099
 31
0
  0
LINE
  5
CD5
330
22
100
AcDbEntity
  8
F.Mask
  6
CONTINUOUS
100
AcDbLine
 10
7.6442249999999996
 20
-3.7068540551181099
 30
0
 11
7.6506591338582677
 21
-3.7081338976377953
 31
0
  0
LINE
  5
CD6
330
22
100
AcDbEntity
  8
F.Mask
  6
CONTINUOUS
100
AcDbLine
 10
6.5455429133858267
 20
-3.5996217716535432
 30
0
 11
6.5520059842519682
 21
-3.6017217716535432
 31
0
  0
LINE
  5
CD7
330
22
100
AcDbEntity
  8
F.Mask
  6
CONTINUOUS
100
AcDbLine
 10
6.5520059842519682
 20
-3.6017217716535432
 30
0
 11
6.5580609448818894
 21
-3.6048069291338583
 31
0
  0
LINE
  5
CD8
330
22
100
AcDbEntity
  8
F.Mask
  6
CONTINUOUS
100
AcDbLine
 10
6.5580609448818894
 20
-3.6048069291338583
 30
0
 11
6.5635587795275585
 21
-3.6088012992125984
 31
0
  0
LINE
  5
CD9
330
22
100
AcDbEntity
  8
F.Mask
  6
CONTINUOUS
100
AcDbLine
 10
6.5635587795275585
 20
-3.6088012992125984
 30
0
 11
6.5683640551181099
 21
-3.6136065748031494
 31
0
  0
LINE
  5
CDA
330
22
100
AcDbEntity
  8
F.Mask
  6
CONTINUOUS
100
AcDbLine
 10
6.5683640551181099
 20
-3.6136065748031494
 30
0
 11
6.5723584251968505
 21
-3.6191044094488189
 31
0
  0
LINE
  5
CDB
330
22
100
AcDbEntity
  8
F.Mask
  6
CONTINUOUS
100
AcDbLine
 10
6.5723584251968505
 20
-3.6191044094488189
 30
0
 11
6.5754435826771651
 21
-3.6251593700787401
 31
0
  0
LINE
  5
CDC
330
22
100
AcDbEntity
  8
F.Mask
  6
CONTINUOUS
100
AcDbLine
 10
6.5754435826771651
 20
-3.6251593700787401
 30
0
 11
6.5775435826771655
 21
-3.6316224409448816
 31
0
  0
LINE
  5
CDD
330
22
100
AcDbEntity
  8
F.Mask
  6
CONTINUOUS
100
AcDbLine
 10
6.5775435826771655
 20
-3.6316224409448816
 30
0
 11
6.5786066535433072
 21
-3.6383344488188976
 31
0
  0
LINE
  5
CDE
330
22
100
AcDbEntity
  8
F.Mask
  6
CONTINUOUS
100
AcDbLine
 10
6.5786066535433072
 20
-3.6383344488188976
 30
0
 11
6.5786066535433072
 21
-3.6451301181102362
 31
0
  0
LINE
  5
CDF
330
22
100
AcDbEntity
  8
F.Mask
  6
CONTINUOUS
100
AcDbLine
 10
6.5786066535433072
 20
-3.6451301181102362
 30
0
 11
6.5775435826771655
 21
-3.6518421259842517
 31
0
  0
LINE
  5
CE0
330
22
100
AcDbEntity
  8
F.Mask
  6
CONTINUOUS
100
AcDbLine
 10
6.5775435826771655
 20
-3.6518421259842517
 30
0
 11
6.5754435826771651
 21
-3.6583051968503937
 31
0
  0
LINE
  5
CE1
330
22
100
AcDbEntity
  8
F.Mask
  6
CONTINUOUS
100
AcDbLine
 10
6.5754435826771651
 20
-3.6583051968503937
 30
0
 11
6.5723584251968505
 21
-3.6643601574803149
 31
0
  0
LINE
  5
CE2
330
22
100
AcDbEntity
  8
F.Mask
  6
CONTINUOUS
100
AcDbLine
 10
6.5723584251968505
 20
-3.6643601574803149
 30
0
 11
6.5683640551181099
 21
-3.669857992125984
 31
0
  0
LINE
  5
CE3
330
22
100
AcDbEntity
  8
F.Mask
  6
CONTINUOUS
100
AcDbLine
 10
6.5683640551181099
 20
-3.669857992125984
 30
0
 11
6.5635587795275585
 21
-3.6746632677165354
 31
0
  0
LINE
  5
CE4
330
22
100
AcDbEntity
  8
F.Mask
  6
CONTINUOUS
100
AcDbLine
 10
6.5635587795275585
 20
-3.6746632677165354
 30
0
 11
6.5580609448818894
 21
-3.6786576377952755
 31
0
  0
LINE
  5
CE5
330
22
100
AcDbEntity
  8
F.Mask
  6
CONTINUOUS
100
AcDbLine
 10
6.5580609448818894
 20
-3.6786576377952755
 30
0
 11
6.5520059842519682
 21
-3.6817427952755906
 31
0
  0
LINE
  5
CE6
330
22
100
AcDbEntity
  8
F.Mask
  6
CONTINUOUS
100
AcDbLine
 10
6.5520059842519682
 20
-3.6817427952755906
 30
0
 11
6.5455429133858267
 21
-3.6838427952755906
 31
0
  0
LINE
  5
CE7
330
22
100
AcDbEntity
  8
F.Mask
  6
CONTINUOUS
100
AcDbLine
 10
6.5455429133858267
 20
-3.6838427952755906
 30
0
 11
6.5388309055118112
 21
-3.6849058661417322
 31
0
  0
LINE
  5
CE8
330
22
100
AcDbEntity
  8
F.Mask
  6
CONTINUOUS
100
AcDbLine
 10
6.5388309055118112
 20
-3.6849058661417322
 30
0
 11
6.5320352362204721
 21
-3.6849058661417322
 31
0
  0
LINE
  5
CE9
330
22
100
AcDbEntity
  8
F.Mask
  6
CONTINUOUS
100
AcDbLine
 10
6.5320352362204721
 20
-3.6849058661417322
 30
0
 11
6.5253232283464566
 21
-3.6838427952755906
 31
0
  0
LINE
  5
CEA
330
22
100
AcDbEntity
  8
F.Mask
  6
CONTINUOUS
100
AcDbLine
 10
6.5253232283464566
 20
-3.6838427952755906
 30
0
 11
6.5188601574803151
 21
-3.6817427952755906
 31
0
  0
LINE
  5
CEB
330
22
100
AcDbEntity
  8
F.Mask
  6
CONTINUOUS
100
AcDbLine
 10
6.5188601574803151
 20
-3.6817427952755906
 30
0
 11
6.5128051968503939
 21
-3.6786576377952755
 31
0
  0
LINE
  5
CEC
330
22
100
AcDbEntity
  8
F.Mask
  6
CONTINUOUS
100
AcDbLine
 10
6.5128051968503939
 20
-3.6786576377952755
 30
0
 11
6.5073073622047239
 21
-3.6746632677165354
 31
0
  0
LINE
  5
CED
330
22
100
AcDbEntity
  8
F.Mask
  6
CONTINUOUS
100
AcDbLine
 10
6.5073073622047239
 20
-3.6746632677165354
 30
0
 11
6.5025020866141734
 21
-3.669857992125984
 31
0
  0
LINE
  5
CEE
330
22
100
AcDbEntity
  8
F.Mask
  6
CONTINUOUS
100
AcDbLine
 10
6.5025020866141734
 20
-3.669857992125984
 30
0
 11
6.4985077165354328
 21
-3.6643601574803149
 31
0
  0
LINE
  5
CEF
330
22
100
AcDbEntity
  8
F.Mask
  6
CONTINUOUS
100
AcDbLine
 10
6.4985077165354328
 20
-3.6643601574803149
 30
0
 11
6.4954225590551182
 21
-3.6583051968503937
 31
0
  0
LINE
  5
CF0
330
22
100
AcDbEntity
  8
F.Mask
  6
CONTINUOUS
100
AcDbLine
 10
6.4954225590551182
 20
-3.6583051968503937
 30
0
 11
6.4933225590551178
 21
-3.6518421259842517
 31
0
  0
LINE
  5
CF1
330
22
100
AcDbEntity
  8
F.Mask
  6
CONTINUOUS
100
AcDbLine
 10
6.4933225590551178
 20
-3.6518421259842517
 30
0
 11
6.4922594881889761
 21
-3.6451301181102362
 31
0
  0
LINE
  5
CF2
330
22
100
AcDbEntity
  8
F.Mask
  6
CONTINUOUS
100
AcDbLine
 10
6.4922594881889761
 20
-3.6451301181102362
 30
0
 11
6.4922594881889761
 21
-3.6383344488188976
 31
0
  0
LINE
  5
CF3
330
22
100
AcDbEntity
  8
F.Mask
  6
CONTINUOUS
100
AcDbLine
 10
6.4922594881889761
 20
-3.6383344488188976
 30
0
 11
6.4933225590551178
 21
-3.6316224409448816
 31
0
  0
LINE
  5
CF4
330
22
100
AcDbEntity
  8
F.Mask
  6
CONTINUOUS
100
AcDbLine
 10
6.4933225590551178
 20
-3.6316224409448816
 30
0
 11
6.4954225590551182
 21
-3.6251593700787401
 31
0
  0
LINE
  5
CF5
330
22
100
AcDbEntity
  8
F.Mask
  6
CONTINUOUS
100
AcDbLine
 10
6.4954225590551182
 20
-3.6251593700787401
 30
0
 11
6.4985077165354328
 21
-3.6191044094488189
 31
0
  0
LINE
  5
CF6
330
22
100
AcDbEntity
  8
F.Mask
  6
CONTINUOUS
100
AcDbLine
 10
6.4985077165354328
 20
-3.6191044094488189
 30
0
 11
6.5025020866141734
 21
-3.6136065748031494
 31
0
  0
LINE
  5
CF7
330
22
100
AcDbEntity
  8
F.Mask
  6
CONTINUOUS
100
AcDbLine
 10
6.5025020866141734
 20
-3.6136065748031494
 30
0
 11
6.5073073622047239
 21
-3.6088012992125984
 31
0
  0
LINE
  5
CF8
330
22
100
AcDbEntity
  8
F.Mask
  6
CONTINUOUS
100
AcDbLine
 10
6.5073073622047239
 20
-3.6088012992125984
 30
0
 11
6.5128051968503939
 21
-3.6048069291338583
 31
0
  0
LINE
  5
CF9
330
22
100
AcDbEntity
  8
F.Mask
  6
CONTINUOUS
100
AcDbLine
 10
6.5128051968503939
 20
-3.6048069291338583
 30
0
 11
6.5188601574803151
 21
-3.6017217716535432
 31
0
  0
LINE
  5
CFA
330
22
100
AcDbEntity
  8
F.Mask
  6
CONTINUOUS
100
AcDbLine
 10
6.5188601574803151
 20
-3.6017217716535432
 30
0
 11
6.5253232283464566
 21
-3.5996217716535432
 31
0
  0
LINE
  5
CFB
330
22
100
AcDbEntity
  8
F.Mask
  6
CONTINUOUS
100
AcDbLine
 10
6.5253232283464566
 20
-3.5996217716535432
 30
0
 11
6.5320352362204721
 21
-3.5985587007874016
 31
0
  0
LINE
  5
CFC
330
22
100
AcDbEntity
  8
F.Mask
  6
CONTINUOUS
100
AcDbLine
 10
6.5320352362204721
 20
-3.5985587007874016
 30
0
 11
6.5388309055118112
 21
-3.5985587007874016
 31
0
  0
LINE
  5
CFD
330
22
100
AcDbEntity
  8
F.Mask
  6
CONTINUOUS
100
AcDbLine
 10
6.5388309055118112
 20
-3.5985587007874016
 30
0
 11
6.5455429133858267
 21
-3.5996217716535432
 31
0
  0
LINE
  5
CFE
330
22
100
AcDbEntity
  8
F.Mask
  6
CONTINUOUS
100
AcDbLine
 10
5.7853066929133856
 20
-3.5980469685039371
 30
0
 11
5.7917697637795271
 21
-3.6001469685039371
 31
0
  0
LINE
  5
CFF
330
22
100
AcDbEntity
  8
F.Mask
  6
CONTINUOUS
100
AcDbLine
 10
5.7917697637795271
 20
-3.6001469685039371
 30
0
 11
5.7978247244094483
 21
-3.6032321259842517
 31
0
  0
LINE
  5
D00
330
22
100
AcDbEntity
  8
F.Mask
  6
CONTINUOUS
100
AcDbLine
 10
5.7978247244094483
 20
-3.6032321259842517
 30
0
 11
5.8033225590551183
 21
-3.6072264960629918
 31
0
  0
LINE
  5
D01
330
22
100
AcDbEntity
  8
F.Mask
  6
CONTINUOUS
100
AcDbLine
 10
5.8033225590551183
 20
-3.6072264960629918
 30
0
 11
5.8081278346456688
 21
-3.6120317716535433
 31
0
  0
LINE
  5
D02
330
22
100
AcDbEntity
  8
F.Mask
  6
CONTINUOUS
100
AcDbLine
 10
5.8081278346456688
 20
-3.6120317716535433
 30
0
 11
5.8121222047244094
 21
-3.6175296062992124
 31
0
  0
LINE
  5
D03
330
22
100
AcDbEntity
  8
F.Mask
  6
CONTINUOUS
100
AcDbLine
 10
5.8121222047244094
 20
-3.6175296062992124
 30
0
 11
5.815207362204724
 21
-3.6235845669291336
 31
0
  0
LINE
  5
D04
330
22
100
AcDbEntity
  8
F.Mask
  6
CONTINUOUS
100
AcDbLine
 10
5.815207362204724
 20
-3.6235845669291336
 30
0
 11
5.8173073622047244
 21
-3.6300476377952755
 31
0
  0
LINE
  5
D05
330
22
100
AcDbEntity
  8
F.Mask
  6
CONTINUOUS
100
AcDbLine
 10
5.8173073622047244
 20
-3.6300476377952755
 30
0
 11
5.8183704330708661
 21
-3.6367596456692914
 31
0
  0
LINE
  5
D06
330
22
100
AcDbEntity
  8
F.Mask
  6
CONTINUOUS
100
AcDbLine
 10
5.8183704330708661
 20
-3.6367596456692914
 30
0
 11
5.8183704330708661
 21
-3.6435553149606297
 31
0
  0
LINE
  5
D07
330
22
100
AcDbEntity
  8
F.Mask
  6
CONTINUOUS
100
AcDbLine
 10
5.8183704330708661
 20
-3.6435553149606297
 30
0
 11
5.8173073622047244
 21
-3.6502673228346456
 31
0
  0
LINE
  5
D08
330
22
100
AcDbEntity
  8
F.Mask
  6
CONTINUOUS
100
AcDbLine
 10
5.8173073622047244
 20
-3.6502673228346456
 30
0
 11
5.815207362204724
 21
-3.6567303937007871
 31
0
  0
LINE
  5
D09
330
22
100
AcDbEntity
  8
F.Mask
  6
CONTINUOUS
100
AcDbLine
 10
5.815207362204724
 20
-3.6567303937007871
 30
0
 11
5.8121222047244094
 21
-3.6627853543307087
 31
0
  0
LINE
  5
D0A
330
22
100
AcDbEntity
  8
F.Mask
  6
CONTINUOUS
100
AcDbLine
 10
5.8121222047244094
 20
-3.6627853543307087
 30
0
 11
5.8081278346456688
 21
-3.6682831889763778
 31
0
  0
LINE
  5
D0B
330
22
100
AcDbEntity
  8
F.Mask
  6
CONTINUOUS
100
AcDbLine
 10
5.8081278346456688
 20
-3.6682831889763778
 30
0
 11
5.8033225590551183
 21
-3.6730884645669288
 31
0
  0
LINE
  5
D0C
330
22
100
AcDbEntity
  8
F.Mask
  6
CONTINUOUS
100
AcDbLine
 10
5.8033225590551183
 20
-3.6730884645669288
 30
0
 11
5.7978247244094483
 21
-3.6770828346456694
 31
0
  0
LINE
  5
D0D
330
22
100
AcDbEntity
  8
F.Mask
  6
CONTINUOUS
100
AcDbLine
 10
5.7978247244094483
 20
-3.6770828346456694
 30
0
 11
5.7917697637795271
 21
-3.680167992125984
 31
0
  0
LINE
  5
D0E
330
22
100
AcDbEntity
  8
F.Mask
  6
CONTINUOUS
100
AcDbLine
 10
5.7917697637795271
 20
-3.680167992125984
 30
0
 11
5.7853066929133856
 21
-3.682267992125984
 31
0
  0
LINE
  5
D0F
330
22
100
AcDbEntity
  8
F.Mask
  6
CONTINUOUS
100
AcDbLine
 10
5.7853066929133856
 20
-3.682267992125984
 30
0
 11
5.7785946850393701
 21
-3.6833310629921261
 31
0
  0
LINE
  5
D10
330
22
100
AcDbEntity
  8
F.Mask
  6
CONTINUOUS
100
AcDbLine
 10
5.7785946850393701
 20
-3.6833310629921261
 30
0
 11
5.771799015748031
 21
-3.6833310629921261
 31
0
  0
LINE
  5
D11
330
22
100
AcDbEntity
  8
F.Mask
  6
CONTINUOUS
100
AcDbLine
 10
5.771799015748031
 20
-3.6833310629921261
 30
0
 11
5.7650870078740155
 21
-3.682267992125984
 31
0
  0
LINE
  5
D12
330
22
100
AcDbEntity
  8
F.Mask
  6
CONTINUOUS
100
AcDbLine
 10
5.7650870078740155
 20
-3.682267992125984
 30
0
 11
5.758623937007874
 21
-3.680167992125984
 31
0
  0
LINE
  5
D13
330
22
100
AcDbEntity
  8
F.Mask
  6
CONTINUOUS
100
AcDbLine
 10
5.758623937007874
 20
-3.680167992125984
 30
0
 11
5.7525689763779528
 21
-3.6770828346456694
 31
0
  0
LINE
  5
D14
330
22
100
AcDbEntity
  8
F.Mask
  6
CONTINUOUS
100
AcDbLine
 10
5.7525689763779528
 20
-3.6770828346456694
 30
0
 11
5.7470711417322837
 21
-3.6730884645669288
 31
0
  0
LINE
  5
D15
330
22
100
AcDbEntity
  8
F.Mask
  6
CONTINUOUS
100
AcDbLine
 10
5.7470711417322837
 20
-3.6730884645669288
 30
0
 11
5.7422658661417323
 21
-3.6682831889763778
 31
0
  0
LINE
  5
D16
330
22
100
AcDbEntity
  8
F.Mask
  6
CONTINUOUS
100
AcDbLine
 10
5.7422658661417323
 20
-3.6682831889763778
 30
0
 11
5.7382714960629917
 21
-3.6627853543307087
 31
0
  0
LINE
  5
D17
330
22
100
AcDbEntity
  8
F.Mask
  6
CONTINUOUS
100
AcDbLine
 10
5.7382714960629917
 20
-3.6627853543307087
 30
0
 11
5.7351863385826771
 21
-3.6567303937007871
 31
0
  0
LINE
  5
D18
330
22
100
AcDbEntity
  8
F.Mask
  6
CONTINUOUS
100
AcDbLine
 10
5.7351863385826771
 20
-3.6567303937007871
 30
0
 11
5.7330863385826767
 21
-3.6502673228346456
 31
0
  0
LINE
  5
D19
330
22
100
AcDbEntity
  8
F.Mask
  6
CONTINUOUS
100
AcDbLine
 10
5.7330863385826767
 20
-3.6502673228346456
 30
0
 11
5.732023267716535
 21
-3.6435553149606297
 31
0
  0
LINE
  5
D1A
330
22
100
AcDbEntity
  8
F.Mask
  6
CONTINUOUS
100
AcDbLine
 10
5.732023267716535
 20
-3.6435553149606297
 30
0
 11
5.732023267716535
 21
-3.6367596456692914
 31
0
  0
LINE
  5
D1B
330
22
100
AcDbEntity
  8
F.Mask
  6
CONTINUOUS
100
AcDbLine
 10
5.732023267716535
 20
-3.6367596456692914
 30
0
 11
5.7330863385826767
 21
-3.6300476377952755
 31
0
  0
LINE
  5
D1C
330
22
100
AcDbEntity
  8
F.Mask
  6
CONTINUOUS
100
AcDbLine
 10
5.7330863385826767
 20
-3.6300476377952755
 30
0
 11
5.7351863385826771
 21
-3.6235845669291336
 31
0
  0
LINE
  5
D1D
330
22
100
AcDbEntity
  8
F.Mask
  6
CONTINUOUS
100
AcDbLine
 10
5.7351863385826771
 20
-3.6235845669291336
 30
0
 11
5.7382714960629917
 21
-3.6175296062992124
 31
0
  0
LINE
  5
D1E
330
22
100
AcDbEntity
  8
F.Mask
  6
CONTINUOUS
100
AcDbLine
 10
5.7382714960629917
 20
-3.6175296062992124
 30
0
 11
5.7422658661417323
 21
-3.6120317716535433
 31
0
  0
LINE
  5
D1F
330
22
100
AcDbEntity
  8
F.Mask
  6
CONTINUOUS
100
AcDbLine
 10
5.7422658661417323
 20
-3.6120317716535433
 30
0
 11
5.7470711417322837
 21
-3.6072264960629918
 31
0
  0
LINE
  5
D20
330
22
100
AcDbEntity
  8
F.Mask
  6
CONTINUOUS
100
AcDbLine
 10
5.7470711417322837
 20
-3.6072264960629918
 30
0
 11
5.7525689763779528
 21
-3.6032321259842517
 31
0
  0
LINE
  5
D21
330
22
100
AcDbEntity
  8
F.Mask
  6
CONTINUOUS
100
AcDbLine
 10
5.7525689763779528
 20
-3.6032321259842517
 30
0
 11
5.758623937007874
 21
-3.6001469685039371
 31
0
  0
LINE
  5
D22
330
22
100
AcDbEntity
  8
F.Mask
  6
CONTINUOUS
100
AcDbLine
 10
5.758623937007874
 20
-3.6001469685039371
 30
0
 11
5.7650870078740155
 21
-3.5980469685039371
 31
0
  0
LINE
  5
D23
330
22
100
AcDbEntity
  8
F.Mask
  6
CONTINUOUS
100
AcDbLine
 10
5.7650870078740155
 20
-3.5980469685039371
 30
0
 11
5.771799015748031
 21
-3.596983897637795
 31
0
  0
LINE
  5
D24
330
22
100
AcDbEntity
  8
F.Mask
  6
CONTINUOUS
100
AcDbLine
 10
5.771799015748031
 20
-3.596983897637795
 30
0
 11
5.7785946850393701
 21
-3.596983897637795
 31
0
  0
LINE
  5
D25
330
22
100
AcDbEntity
  8
F.Mask
  6
CONTINUOUS
100
AcDbLine
 10
5.7785946850393701
 20
-3.596983897637795
 30
0
 11
5.7853066929133856
 21
-3.5980469685039371
 31
0
  0
LINE
  5
D26
330
22
100
AcDbEntity
  8
F.Mask
  6
CONTINUOUS
100
AcDbLine
 10
7.3010547244094486
 20
-3.5980469685039371
 30
0
 11
7.3075177952755901
 21
-3.6001469685039371
 31
0
  0
LINE
  5
D27
330
22
100
AcDbEntity
  8
F.Mask
  6
CONTINUOUS
100
AcDbLine
 10
7.3075177952755901
 20
-3.6001469685039371
 30
0
 11
7.3135727559055113
 21
-3.6032321259842517
 31
0
  0
LINE
  5
D28
330
22
100
AcDbEntity
  8
F.Mask
  6
CONTINUOUS
100
AcDbLine
 10
7.3135727559055113
 20
-3.6032321259842517
 30
0
 11
7.3190705905511813
 21
-3.6072264960629918
 31
0
  0
LINE
  5
D29
330
22
100
AcDbEntity
  8
F.Mask
  6
CONTINUOUS
100
AcDbLine
 10
7.3190705905511813
 20
-3.6072264960629918
 30
0
 11
7.3238758661417318
 21
-3.6120317716535433
 31
0
  0
LINE
  5
D2A
330
22
100
AcDbEntity
  8
F.Mask
  6
CONTINUOUS
100
AcDbLine
 10
7.3238758661417318
 20
-3.6120317716535433
 30
0
 11
7.3278702362204724
 21
-3.6175296062992124
 31
0
  0
LINE
  5
D2B
330
22
100
AcDbEntity
  8
F.Mask
  6
CONTINUOUS
100
AcDbLine
 10
7.3278702362204724
 20
-3.6175296062992124
 30
0
 11
7.330955393700787
 21
-3.6235845669291336
 31
0
  0
LINE
  5
D2C
330
22
100
AcDbEntity
  8
F.Mask
  6
CONTINUOUS
100
AcDbLine
 10
7.330955393700787
 20
-3.6235845669291336
 30
0
 11
7.3330553937007874
 21
-3.6300476377952755
 31
0
  0
LINE
  5
D2D
330
22
100
AcDbEntity
  8
F.Mask
  6
CONTINUOUS
100
AcDbLine
 10
7.3330553937007874
 20
-3.6300476377952755
 30
0
 11
7.3341184645669291
 21
-3.6367596456692914
 31
0
  0
LINE
  5
D2E
330
22
100
AcDbEntity
  8
F.Mask
  6
CONTINUOUS
100
AcDbLine
 10
7.3341184645669291
 20
-3.6367596456692914
 30
0
 11
7.3341184645669291
 21
-3.6435553149606297
 31
0
  0
LINE
  5
D2F
330
22
100
AcDbEntity
  8
F.Mask
  6
CONTINUOUS
100
AcDbLine
 10
7.3341184645669291
 20
-3.6435553149606297
 30
0
 11
7.3330553937007874
 21
-3.6502673228346456
 31
0
  0
LINE
  5
D30
330
22
100
AcDbEntity
  8
F.Mask
  6
CONTINUOUS
100
AcDbLine
 10
7.3330553937007874
 20
-3.6502673228346456
 30
0
 11
7.330955393700787
 21
-3.6567303937007871
 31
0
  0
LINE
  5
D31
330
22
100
AcDbEntity
  8
F.Mask
  6
CONTINUOUS
100
AcDbLine
 10
7.330955393700787
 20
-3.6567303937007871
 30
0
 11
7.3278702362204724
 21
-3.6627853543307087
 31
0
  0
LINE
  5
D32
330
22
100
AcDbEntity
  8
F.Mask
  6
CONTINUOUS
100
AcDbLine
 10
7.3278702362204724
 20
-3.6627853543307087
 30
0
 11
7.3238758661417318
 21
-3.6682831889763778
 31
0
  0
LINE
  5
D33
330
22
100
AcDbEntity
  8
F.Mask
  6
CONTINUOUS
100
AcDbLine
 10
7.3238758661417318
 20
-3.6682831889763778
 30
0
 11
7.3190705905511813
 21
-3.6730884645669288
 31
0
  0
LINE
  5
D34
330
22
100
AcDbEntity
  8
F.Mask
  6
CONTINUOUS
100
AcDbLine
 10
7.3190705905511813
 20
-3.6730884645669288
 30
0
 11
7.3135727559055113
 21
-3.6770828346456694
 31
0
  0
LINE
  5
D35
330
22
100
AcDbEntity
  8
F.Mask
  6
CONTINUOUS
100
AcDbLine
 10
7.3135727559055113
 20
-3.6770828346456694
 30
0
 11
7.3075177952755901
 21
-3.680167992125984
 31
0
  0
LINE
  5
D36
330
22
100
AcDbEntity
  8
F.Mask
  6
CONTINUOUS
100
AcDbLine
 10
7.3075177952755901
 20
-3.680167992125984
 30
0
 11
7.3010547244094486
 21
-3.682267992125984
 31
0
  0
LINE
  5
D37
330
22
100
AcDbEntity
  8
F.Mask
  6
CONTINUOUS
100
AcDbLine
 10
7.3010547244094486
 20
-3.682267992125984
 30
0
 11
7.2943427165354331
 21
-3.6833310629921261
 31
0
  0
LINE
  5
D38
330
22
100
AcDbEntity
  8
F.Mask
  6
CONTINUOUS
100
AcDbLine
 10
7.2943427165354331
 20
-3.6833310629921261
 30
0
 11
7.287547047244094
 21
-3.6833310629921261
 31
0
  0
LINE
  5
D39
330
22
100
AcDbEntity
  8
F.Mask
  6
CONTINUOUS
100
AcDbLine
 10
7.287547047244094
 20
-3.6833310629921261
 30
0
 11
7.2808350393700785
 21
-3.682267992125984
 31
0
  0
LINE
  5
D3A
330
22
100
AcDbEntity
  8
F.Mask
  6
CONTINUOUS
100
AcDbLine
 10
7.2808350393700785
 20
-3.682267992125984
 30
0
 11
7.274371968503937
 21
-3.680167992125984
 31
0
  0
LINE
  5
D3B
330
22
100
AcDbEntity
  8
F.Mask
  6
CONTINUOUS
100
AcDbLine
 10
7.274371968503937
 20
-3.680167992125984
 30
0
 11
7.2683170078740158
 21
-3.6770828346456694
 31
0
  0
LINE
  5
D3C
330
22
100
AcDbEntity
  8
F.Mask
  6
CONTINUOUS
100
AcDbLine
 10
7.2683170078740158
 20
-3.6770828346456694
 30
0
 11
7.2628191732283467
 21
-3.6730884645669288
 31
0
  0
LINE
  5
D3D
330
22
100
AcDbEntity
  8
F.Mask
  6
CONTINUOUS
100
AcDbLine
 10
7.2628191732283467
 20
-3.6730884645669288
 30
0
 11
7.2580138976377953
 21
-3.6682831889763778
 31
0
  0
LINE
  5
D3E
330
22
100
AcDbEntity
  8
F.Mask
  6
CONTINUOUS
100
AcDbLine
 10
7.2580138976377953
 20
-3.6682831889763778
 30
0
 11
7.2540195275590547
 21
-3.6627853543307087
 31
0
  0
LINE
  5
D3F
330
22
100
AcDbEntity
  8
F.Mask
  6
CONTINUOUS
100
AcDbLine
 10
7.2540195275590547
 20
-3.6627853543307087
 30
0
 11
7.2509343700787401
 21
-3.6567303937007871
 31
0
  0
LINE
  5
D40
330
22
100
AcDbEntity
  8
F.Mask
  6
CONTINUOUS
100
AcDbLine
 10
7.2509343700787401
 20
-3.6567303937007871
 30
0
 11
7.2488343700787397
 21
-3.6502673228346456
 31
0
  0
LINE
  5
D41
330
22
100
AcDbEntity
  8
F.Mask
  6
CONTINUOUS
100
AcDbLine
 10
7.2488343700787397
 20
-3.6502673228346456
 30
0
 11
7.247771299212598
 21
-3.6435553149606297
 31
0
  0
LINE
  5
D42
330
22
100
AcDbEntity
  8
F.Mask
  6
CONTINUOUS
100
AcDbLine
 10
7.247771299212598
 20
-3.6435553149606297
 30
0
 11
7.247771299212598
 21
-3.6367596456692914
 31
0
  0
LINE
  5
D43
330
22
100
AcDbEntity
  8
F.Mask
  6
CONTINUOUS
100
AcDbLine
 10
7.247771299212598
 20
-3.6367596456692914
 30
0
 11
7.2488343700787397
 21
-3.6300476377952755
 31
0
  0
LINE
  5
D44
330
22
100
AcDbEntity
  8
F.Mask
  6
CONTINUOUS
100
AcDbLine
 10
7.2488343700787397
 20
-3.6300476377952755
 30
0
 11
7.2509343700787401
 21
-3.6235845669291336
 31
0
  0
LINE
  5
D45
330
22
100
AcDbEntity
  8
F.Mask
  6
CONTINUOUS
100
AcDbLine
 10
7.2509343700787401
 20
-3.6235845669291336
 30
0
 11
7.2540195275590547
 21
-3.6175296062992124
 31
0
  0
LINE
  5
D46
330
22
100
AcDbEntity
  8
F.Mask
  6
CONTINUOUS
100
AcDbLine
 10
7.2540195275590547
 20
-3.6175296062992124
 30
0
 11
7.2580138976377953
 21
-3.6120317716535433
 31
0
  0
LINE
  5
D47
330
22
100
AcDbEntity
  8
F.Mask
  6
CONTINUOUS
100
AcDbLine
 10
7.2580138976377953
 20
-3.6120317716535433
 30
0
 11
7.2628191732283467
 21
-3.6072264960629918
 31
0
  0
LINE
  5
D48
330
22
100
AcDbEntity
  8
F.Mask
  6
CONTINUOUS
100
AcDbLine
 10
7.2628191732283467
 20
-3.6072264960629918
 30
0
 11
7.2683170078740158
 21
-3.6032321259842517
 31
0
  0
LINE
  5
D49
330
22
100
AcDbEntity
  8
F.Mask
  6
CONTINUOUS
100
AcDbLine
 10
7.2683170078740158
 20
-3.6032321259842517
 30
0
 11
7.274371968503937
 21
-3.6001469685039371
 31
0
  0
LINE
  5
D4A
330
22
100
AcDbEntity
  8
F.Mask
  6
CONTINUOUS
100
AcDbLine
 10
7.274371968503937
 20
-3.6001469685039371
 30
0
 11
7.2808350393700785
 21
-3.5980469685039371
 31
0
  0
LINE
  5
D4B
330
22
100
AcDbEntity
  8
F.Mask
  6
CONTINUOUS
100
AcDbLine
 10
7.2808350393700785
 20
-3.5980469685039371
 30
0
 11
7.287547047244094
 21
-3.596983897637795
 31
0
  0
LINE
  5
D4C
330
22
100
AcDbEntity
  8
F.Mask
  6
CONTINUOUS
100
AcDbLine
 10
7.287547047244094
 20
-3.596983897637795
 30
0
 11
7.2943427165354331
 21
-3.596983897637795
 31
0
  0
LINE
  5
D4D
330
22
100
AcDbEntity
  8
F.Mask
  6
CONTINUOUS
100
AcDbLine
 10
7.2943427165354331
 20
-3.596983897637795
 30
0
 11
7.3010547244094486
 21
-3.5980469685039371
 31
0
  0
LINE
  5
D4E
330
22
100
AcDbEntity
  8
F.Mask
  6
CONTINUOUS
100
AcDbLine
 10
6.7955429133858267
 20
-3.4996217716535432
 30
0
 11
6.8020059842519682
 21
-3.5017217716535431
 31
0
  0
LINE
  5
D4F
330
22
100
AcDbEntity
  8
F.Mask
  6
CONTINUOUS
100
AcDbLine
 10
6.8020059842519682
 20
-3.5017217716535431
 30
0
 11
6.8080609448818894
 21
-3.5048069291338582
 31
0
  0
LINE
  5
D50
330
22
100
AcDbEntity
  8
F.Mask
  6
CONTINUOUS
100
AcDbLine
 10
6.8080609448818894
 20
-3.5048069291338582
 30
0
 11
6.8135587795275585
 21
-3.5088012992125983
 31
0
  0
LINE
  5
D51
330
22
100
AcDbEntity
  8
F.Mask
  6
CONTINUOUS
100
AcDbLine
 10
6.8135587795275585
 20
-3.5088012992125983
 30
0
 11
6.8183640551181099
 21
-3.5136065748031493
 31
0
  0
LINE
  5
D52
330
22
100
AcDbEntity
  8
F.Mask
  6
CONTINUOUS
100
AcDbLine
 10
6.8183640551181099
 20
-3.5136065748031493
 30
0
 11
6.8223584251968505
 21
-3.5191044094488189
 31
0
  0
LINE
  5
D53
330
22
100
AcDbEntity
  8
F.Mask
  6
CONTINUOUS
100
AcDbLine
 10
6.8223584251968505
 20
-3.5191044094488189
 30
0
 11
6.8254435826771651
 21
-3.52515937007874
 31
0
  0
LINE
  5
D54
330
22
100
AcDbEntity
  8
F.Mask
  6
CONTINUOUS
100
AcDbLine
 10
6.8254435826771651
 20
-3.52515937007874
 30
0
 11
6.8275435826771655
 21
-3.531622440944882
 31
0
  0
LINE
  5
D55
330
22
100
AcDbEntity
  8
F.Mask
  6
CONTINUOUS
100
AcDbLine
 10
6.8275435826771655
 20
-3.531622440944882
 30
0
 11
6.8286066535433072
 21
-3.5383344488188975
 31
0
  0
LINE
  5
D56
330
22
100
AcDbEntity
  8
F.Mask
  6
CONTINUOUS
100
AcDbLine
 10
6.8286066535433072
 20
-3.5383344488188975
 30
0
 11
6.8286066535433072
 21
-3.5451301181102362
 31
0
  0
LINE
  5
D57
330
22
100
AcDbEntity
  8
F.Mask
  6
CONTINUOUS
100
AcDbLine
 10
6.8286066535433072
 20
-3.5451301181102362
 30
0
 11
6.8275435826771655
 21
-3.5518421259842521
 31
0
  0
LINE
  5
D58
330
22
100
AcDbEntity
  8
F.Mask
  6
CONTINUOUS
100
AcDbLine
 10
6.8275435826771655
 20
-3.5518421259842521
 30
0
 11
6.8254435826771651
 21
-3.5583051968503936
 31
0
  0
LINE
  5
D59
330
22
100
AcDbEntity
  8
F.Mask
  6
CONTINUOUS
100
AcDbLine
 10
6.8254435826771651
 20
-3.5583051968503936
 30
0
 11
6.8223584251968505
 21
-3.5643601574803148
 31
0
  0
LINE
  5
D5A
330
22
100
AcDbEntity
  8
F.Mask
  6
CONTINUOUS
100
AcDbLine
 10
6.8223584251968505
 20
-3.5643601574803148
 30
0
 11
6.8183640551181099
 21
-3.5698579921259843
 31
0
  0
LINE
  5
D5B
330
22
100
AcDbEntity
  8
F.Mask
  6
CONTINUOUS
100
AcDbLine
 10
6.8183640551181099
 20
-3.5698579921259843
 30
0
 11
6.8135587795275585
 21
-3.5746632677165353
 31
0
  0
LINE
  5
D5C
330
22
100
AcDbEntity
  8
F.Mask
  6
CONTINUOUS
100
AcDbLine
 10
6.8135587795275585
 20
-3.5746632677165353
 30
0
 11
6.8080609448818894
 21
-3.5786576377952755
 31
0
  0
LINE
  5
D5D
330
22
100
AcDbEntity
  8
F.Mask
  6
CONTINUOUS
100
AcDbLine
 10
6.8080609448818894
 20
-3.5786576377952755
 30
0
 11
6.8020059842519682
 21
-3.5817427952755905
 31
0
  0
LINE
  5
D5E
330
22
100
AcDbEntity
  8
F.Mask
  6
CONTINUOUS
100
AcDbLine
 10
6.8020059842519682
 20
-3.5817427952755905
 30
0
 11
6.7955429133858267
 21
-3.5838427952755905
 31
0
  0
LINE
  5
D5F
330
22
100
AcDbEntity
  8
F.Mask
  6
CONTINUOUS
100
AcDbLine
 10
6.7955429133858267
 20
-3.5838427952755905
 30
0
 11
6.7888309055118112
 21
-3.5849058661417321
 31
0
  0
LINE
  5
D60
330
22
100
AcDbEntity
  8
F.Mask
  6
CONTINUOUS
100
AcDbLine
 10
6.7888309055118112
 20
-3.5849058661417321
 30
0
 11
6.7820352362204721
 21
-3.5849058661417321
 31
0
  0
LINE
  5
D61
330
22
100
AcDbEntity
  8
F.Mask
  6
CONTINUOUS
100
AcDbLine
 10
6.7820352362204721
 20
-3.5849058661417321
 30
0
 11
6.7753232283464566
 21
-3.5838427952755905
 31
0
  0
LINE
  5
D62
330
22
100
AcDbEntity
  8
F.Mask
  6
CONTINUOUS
100
AcDbLine
 10
6.7753232283464566
 20
-3.5838427952755905
 30
0
 11
6.7688601574803151
 21
-3.5817427952755905
 31
0
  0
LINE
  5
D63
330
22
100
AcDbEntity
  8
F.Mask
  6
CONTINUOUS
100
AcDbLine
 10
6.7688601574803151
 20
-3.5817427952755905
 30
0
 11
6.7628051968503939
 21
-3.5786576377952755
 31
0
  0
LINE
  5
D64
330
22
100
AcDbEntity
  8
F.Mask
  6
CONTINUOUS
100
AcDbLine
 10
6.7628051968503939
 20
-3.5786576377952755
 30
0
 11
6.7573073622047239
 21
-3.5746632677165353
 31
0
  0
LINE
  5
D65
330
22
100
AcDbEntity
  8
F.Mask
  6
CONTINUOUS
100
AcDbLine
 10
6.7573073622047239
 20
-3.5746632677165353
 30
0
 11
6.7525020866141734
 21
-3.5698579921259843
 31
0
  0
LINE
  5
D66
330
22
100
AcDbEntity
  8
F.Mask
  6
CONTINUOUS
100
AcDbLine
 10
6.7525020866141734
 20
-3.5698579921259843
 30
0
 11
6.7485077165354328
 21
-3.5643601574803148
 31
0
  0
LINE
  5
D67
330
22
100
AcDbEntity
  8
F.Mask
  6
CONTINUOUS
100
AcDbLine
 10
6.7485077165354328
 20
-3.5643601574803148
 30
0
 11
6.7454225590551182
 21
-3.5583051968503936
 31
0
  0
LINE
  5
D68
330
22
100
AcDbEntity
  8
F.Mask
  6
CONTINUOUS
100
AcDbLine
 10
6.7454225590551182
 20
-3.5583051968503936
 30
0
 11
6.7433225590551178
 21
-3.5518421259842521
 31
0
  0
LINE
  5
D69
330
22
100
AcDbEntity
  8
F.Mask
  6
CONTINUOUS
100
AcDbLine
 10
6.7433225590551178
 20
-3.5518421259842521
 30
0
 11
6.7422594881889761
 21
-3.5451301181102362
 31
0
  0
LINE
  5
D6A
330
22
100
AcDbEntity
  8
F.Mask
  6
CONTINUOUS
100
AcDbLine
 10
6.7422594881889761
 20
-3.5451301181102362
 30
0
 11
6.7422594881889761
 21
-3.5383344488188975
 31
0
  0
LINE
  5
D6B
330
22
100
AcDbEntity
  8
F.Mask
  6
CONTINUOUS
100
AcDbLine
 10
6.7422594881889761
 20
-3.5383344488188975
 30
0
 11
6.7433225590551178
 21
-3.531622440944882
 31
0
  0
LINE
  5
D6C
330
22
100
AcDbEntity
  8
F.Mask
  6
CONTINUOUS
100
AcDbLine
 10
6.7433225590551178
 20
-3.531622440944882
 30
0
 11
6.7454225590551182
 21
-3.52515937007874
 31
0
  0
LINE
  5
D6D
330
22
100
AcDbEntity
  8
F.Mask
  6
CONTINUOUS
100
AcDbLine
 10
6.7454225590551182
 20
-3.52515937007874
 30
0
 11
6.7485077165354328
 21
-3.5191044094488189
 31
0
  0
LINE
  5
D6E
330
22
100
AcDbEntity
  8
F.Mask
  6
CONTINUOUS
100
AcDbLine
 10
6.7485077165354328
 20
-3.5191044094488189
 30
0
 11
6.7525020866141734
 21
-3.5136065748031493
 31
0
  0
LINE
  5
D6F
330
22
100
AcDbEntity
  8
F.Mask
  6
CONTINUOUS
100
AcDbLine
 10
6.7525020866141734
 20
-3.5136065748031493
 30
0
 11
6.7573073622047239
 21
-3.5088012992125983
 31
0
  0
LINE
  5
D70
330
22
100
AcDbEntity
  8
F.Mask
  6
CONTINUOUS
100
AcDbLine
 10
6.7573073622047239
 20
-3.5088012992125983
 30
0
 11
6.7628051968503939
 21
-3.5048069291338582
 31
0
  0
LINE
  5
D71
330
22
100
AcDbEntity
  8
F.Mask
  6
CONTINUOUS
100
AcDbLine
 10
6.7628051968503939
 20
-3.5048069291338582
 30
0
 11
6.7688601574803151
 21
-3.5017217716535431
 31
0
  0
LINE
  5
D72
330
22
100
AcDbEntity
  8
F.Mask
  6
CONTINUOUS
100
AcDbLine
 10
6.7688601574803151
 20
-3.5017217716535431
 30
0
 11
6.7753232283464566
 21
-3.4996217716535432
 31
0
  0
LINE
  5
D73
330
22
100
AcDbEntity
  8
F.Mask
  6
CONTINUOUS
100
AcDbLine
 10
6.7753232283464566
 20
-3.4996217716535432
 30
0
 11
6.7820352362204721
 21
-3.4985587007874015
 31
0
  0
LINE
  5
D74
330
22
100
AcDbEntity
  8
F.Mask
  6
CONTINUOUS
100
AcDbLine
 10
6.7820352362204721
 20
-3.4985587007874015
 30
0
 11
6.7888309055118112
 21
-3.4985587007874015
 31
0
  0
LINE
  5
D75
330
22
100
AcDbEntity
  8
F.Mask
  6
CONTINUOUS
100
AcDbLine
 10
6.7888309055118112
 20
-3.4985587007874015
 30
0
 11
6.7955429133858267
 21
-3.4996217716535432
 31
0
  0
LINE
  5
D76
330
22
100
AcDbEntity
  8
F.Mask
  6
CONTINUOUS
100
AcDbLine
 10
6.0353066929133856
 20
-3.498046968503937
 30
0
 11
6.0417697637795271
 21
-3.500146968503937
 31
0
  0
LINE
  5
D77
330
22
100
AcDbEntity
  8
F.Mask
  6
CONTINUOUS
100
AcDbLine
 10
6.0417697637795271
 20
-3.500146968503937
 30
0
 11
6.0478247244094483
 21
-3.503232125984252
 31
0
  0
LINE
  5
D78
330
22
100
AcDbEntity
  8
F.Mask
  6
CONTINUOUS
100
AcDbLine
 10
6.0478247244094483
 20
-3.503232125984252
 30
0
 11
6.0533225590551183
 21
-3.5072264960629922
 31
0
  0
LINE
  5
D79
330
22
100
AcDbEntity
  8
F.Mask
  6
CONTINUOUS
100
AcDbLine
 10
6.0533225590551183
 20
-3.5072264960629922
 30
0
 11
6.0581278346456688
 21
-3.5120317716535432
 31
0
  0
LINE
  5
D7A
330
22
100
AcDbEntity
  8
F.Mask
  6
CONTINUOUS
100
AcDbLine
 10
6.0581278346456688
 20
-3.5120317716535432
 30
0
 11
6.0621222047244094
 21
-3.5175296062992123
 31
0
  0
LINE
  5
D7B
330
22
100
AcDbEntity
  8
F.Mask
  6
CONTINUOUS
100
AcDbLine
 10
6.0621222047244094
 20
-3.5175296062992123
 30
0
 11
6.065207362204724
 21
-3.5235845669291339
 31
0
  0
LINE
  5
D7C
330
22
100
AcDbEntity
  8
F.Mask
  6
CONTINUOUS
100
AcDbLine
 10
6.065207362204724
 20
-3.5235845669291339
 30
0
 11
6.0673073622047244
 21
-3.5300476377952754
 31
0
  0
LINE
  5
D7D
330
22
100
AcDbEntity
  8
F.Mask
  6
CONTINUOUS
100
AcDbLine
 10
6.0673073622047244
 20
-3.5300476377952754
 30
0
 11
6.0683704330708661
 21
-3.5367596456692914
 31
0
  0
LINE
  5
D7E
330
22
100
AcDbEntity
  8
F.Mask
  6
CONTINUOUS
100
AcDbLine
 10
6.0683704330708661
 20
-3.5367596456692914
 30
0
 11
6.0683704330708661
 21
-3.54355531496063
 31
0
  0
LINE
  5
D7F
330
22
100
AcDbEntity
  8
F.Mask
  6
CONTINUOUS
100
AcDbLine
 10
6.0683704330708661
 20
-3.54355531496063
 30
0
 11
6.0673073622047244
 21
-3.5502673228346455
 31
0
  0
LINE
  5
D80
330
22
100
AcDbEntity
  8
F.Mask
  6
CONTINUOUS
100
AcDbLine
 10
6.0673073622047244
 20
-3.5502673228346455
 30
0
 11
6.065207362204724
 21
-3.5567303937007875
 31
0
  0
LINE
  5
D81
330
22
100
AcDbEntity
  8
F.Mask
  6
CONTINUOUS
100
AcDbLine
 10
6.065207362204724
 20
-3.5567303937007875
 30
0
 11
6.0621222047244094
 21
-3.5627853543307086
 31
0
  0
LINE
  5
D82
330
22
100
AcDbEntity
  8
F.Mask
  6
CONTINUOUS
100
AcDbLine
 10
6.0621222047244094
 20
-3.5627853543307086
 30
0
 11
6.0581278346456688
 21
-3.5682831889763778
 31
0
  0
LINE
  5
D83
330
22
100
AcDbEntity
  8
F.Mask
  6
CONTINUOUS
100
AcDbLine
 10
6.0581278346456688
 20
-3.5682831889763778
 30
0
 11
6.0533225590551183
 21
-3.5730884645669292
 31
0
  0
LINE
  5
D84
330
22
100
AcDbEntity
  8
F.Mask
  6
CONTINUOUS
100
AcDbLine
 10
6.0533225590551183
 20
-3.5730884645669292
 30
0
 11
6.0478247244094483
 21
-3.5770828346456693
 31
0
  0
LINE
  5
D85
330
22
100
AcDbEntity
  8
F.Mask
  6
CONTINUOUS
100
AcDbLine
 10
6.0478247244094483
 20
-3.5770828346456693
 30
0
 11
6.0417697637795271
 21
-3.5801679921259844
 31
0
  0
LINE
  5
D86
330
22
100
AcDbEntity
  8
F.Mask
  6
CONTINUOUS
100
AcDbLine
 10
6.0417697637795271
 20
-3.5801679921259844
 30
0
 11
6.0353066929133856
 21
-3.5822679921259843
 31
0
  0
LINE
  5
D87
330
22
100
AcDbEntity
  8
F.Mask
  6
CONTINUOUS
100
AcDbLine
 10
6.0353066929133856
 20
-3.5822679921259843
 30
0
 11
6.0285946850393701
 21
-3.583331062992126
 31
0
  0
LINE
  5
D88
330
22
100
AcDbEntity
  8
F.Mask
  6
CONTINUOUS
100
AcDbLine
 10
6.0285946850393701
 20
-3.583331062992126
 30
0
 11
6.021799015748031
 21
-3.583331062992126
 31
0
  0
LINE
  5
D89
330
22
100
AcDbEntity
  8
F.Mask
  6
CONTINUOUS
100
AcDbLine
 10
6.021799015748031
 20
-3.583331062992126
 30
0
 11
6.0150870078740155
 21
-3.5822679921259843
 31
0
  0
LINE
  5
D8A
330
22
100
AcDbEntity
  8
F.Mask
  6
CONTINUOUS
100
AcDbLine
 10
6.0150870078740155
 20
-3.5822679921259843
 30
0
 11
6.008623937007874
 21
-3.5801679921259844
 31
0
  0
LINE
  5
D8B
330
22
100
AcDbEntity
  8
F.Mask
  6
CONTINUOUS
100
AcDbLine
 10
6.008623937007874
 20
-3.5801679921259844
 30
0
 11
6.0025689763779528
 21
-3.5770828346456693
 31
0
  0
LINE
  5
D8C
330
22
100
AcDbEntity
  8
F.Mask
  6
CONTINUOUS
100
AcDbLine
 10
6.0025689763779528
 20
-3.5770828346456693
 30
0
 11
5.9970711417322837
 21
-3.5730884645669292
 31
0
  0
LINE
  5
D8D
330
22
100
AcDbEntity
  8
F.Mask
  6
CONTINUOUS
100
AcDbLine
 10
5.9970711417322837
 20
-3.5730884645669292
 30
0
 11
5.9922658661417323
 21
-3.5682831889763778
 31
0
  0
LINE
  5
D8E
330
22
100
AcDbEntity
  8
F.Mask
  6
CONTINUOUS
100
AcDbLine
 10
5.9922658661417323
 20
-3.5682831889763778
 30
0
 11
5.9882714960629917
 21
-3.5627853543307086
 31
0
  0
LINE
  5
D8F
330
22
100
AcDbEntity
  8
F.Mask
  6
CONTINUOUS
100
AcDbLine
 10
5.9882714960629917
 20
-3.5627853543307086
 30
0
 11
5.9851863385826771
 21
-3.5567303937007875
 31
0
  0
LINE
  5
D90
330
22
100
AcDbEntity
  8
F.Mask
  6
CONTINUOUS
100
AcDbLine
 10
5.9851863385826771
 20
-3.5567303937007875
 30
0
 11
5.9830863385826767
 21
-3.5502673228346455
 31
0
  0
LINE
  5
D91
330
22
100
AcDbEntity
  8
F.Mask
  6
CONTINUOUS
100
AcDbLine
 10
5.9830863385826767
 20
-3.5502673228346455
 30
0
 11
5.982023267716535
 21
-3.54355531496063
 31
0
  0
LINE
  5
D92
330
22
100
AcDbEntity
  8
F.Mask
  6
CONTINUOUS
100
AcDbLine
 10
5.982023267716535
 20
-3.54355531496063
 30
0
 11
5.982023267716535
 21
-3.5367596456692914
 31
0
  0
LINE
  5
D93
330
22
100
AcDbEntity
  8
F.Mask
  6
CONTINUOUS
100
AcDbLine
 10
5.982023267716535
 20
-3.5367596456692914
 30
0
 11
5.9830863385826767
 21
-3.5300476377952754
 31
0
  0
LINE
  5
D94
330
22
100
AcDbEntity
  8
F.Mask
  6
CONTINUOUS
100
AcDbLine
 10
5.9830863385826767
 20
-3.5300476377952754
 30
0
 11
5.9851863385826771
 21
-3.5235845669291339
 31
0
  0
LINE
  5
D95
330
22
100
AcDbEntity
  8
F.Mask
  6
CONTINUOUS
100
AcDbLine
 10
5.9851863385826771
 20
-3.5235845669291339
 30
0
 11
5.9882714960629917
 21
-3.5175296062992123
 31
0
  0
LINE
  5
D96
330
22
100
AcDbEntity
  8
F.Mask
  6
CONTINUOUS
100
AcDbLine
 10
5.9882714960629917
 20
-3.5175296062992123
 30
0
 11
5.9922658661417323
 21
-3.5120317716535432
 31
0
  0
LINE
  5
D97
330
22
100
AcDbEntity
  8
F.Mask
  6
CONTINUOUS
100
AcDbLine
 10
5.9922658661417323
 20
-3.5120317716535432
 30
0
 11
5.9970711417322837
 21
-3.5072264960629922
 31
0
  0
LINE
  5
D98
330
22
100
AcDbEntity
  8
F.Mask
  6
CONTINUOUS
100
AcDbLine
 10
5.9970711417322837
 20
-3.5072264960629922
 30
0
 11
6.0025689763779528
 21
-3.503232125984252
 31
0
  0
LINE
  5
D99
330
22
100
AcDbEntity
  8
F.Mask
  6
CONTINUOUS
100
AcDbLine
 10
6.0025689763779528
 20
-3.503232125984252
 30
0
 11
6.008623937007874
 21
-3.500146968503937
 31
0
  0
LINE
  5
D9A
330
22
100
AcDbEntity
  8
F.Mask
  6
CONTINUOUS
100
AcDbLine
 10
6.008623937007874
 20
-3.500146968503937
 30
0
 11
6.0150870078740155
 21
-3.498046968503937
 31
0
  0
LINE
  5
D9B
330
22
100
AcDbEntity
  8
F.Mask
  6
CONTINUOUS
100
AcDbLine
 10
6.0150870078740155
 20
-3.498046968503937
 30
0
 11
6.021799015748031
 21
-3.4969838976377954
 31
0
  0
LINE
  5
D9C
330
22
100
AcDbEntity
  8
F.Mask
  6
CONTINUOUS
100
AcDbLine
 10
6.021799015748031
 20
-3.4969838976377954
 30
0
 11
6.0285946850393701
 21
-3.4969838976377954
 31
0
  0
LINE
  5
D9D
330
22
100
AcDbEntity
  8
F.Mask
  6
CONTINUOUS
100
AcDbLine
 10
6.0285946850393701
 20
-3.4969838976377954
 30
0
 11
6.0353066929133856
 21
-3.498046968503937
 31
0
  0
LINE
  5
D9E
330
22
100
AcDbEntity
  8
F.Mask
  6
CONTINUOUS
100
AcDbLine
 10
7.5510547244094486
 20
-3.498046968503937
 30
0
 11
7.5575177952755901
 21
-3.500146968503937
 31
0
  0
LINE
  5
D9F
330
22
100
AcDbEntity
  8
F.Mask
  6
CONTINUOUS
100
AcDbLine
 10
7.5575177952755901
 20
-3.500146968503937
 30
0
 11
7.5635727559055113
 21
-3.503232125984252
 31
0
  0
LINE
  5
DA0
330
22
100
AcDbEntity
  8
F.Mask
  6
CONTINUOUS
100
AcDbLine
 10
7.5635727559055113
 20
-3.503232125984252
 30
0
 11
7.5690705905511813
 21
-3.5072264960629922
 31
0
  0
LINE
  5
DA1
330
22
100
AcDbEntity
  8
F.Mask
  6
CONTINUOUS
100
AcDbLine
 10
7.5690705905511813
 20
-3.5072264960629922
 30
0
 11
7.5738758661417318
 21
-3.5120317716535432
 31
0
  0
LINE
  5
DA2
330
22
100
AcDbEntity
  8
F.Mask
  6
CONTINUOUS
100
AcDbLine
 10
7.5738758661417318
 20
-3.5120317716535432
 30
0
 11
7.5778702362204724
 21
-3.5175296062992123
 31
0
  0
LINE
  5
DA3
330
22
100
AcDbEntity
  8
F.Mask
  6
CONTINUOUS
100
AcDbLine
 10
7.5778702362204724
 20
-3.5175296062992123
 30
0
 11
7.580955393700787
 21
-3.5235845669291339
 31
0
  0
LINE
  5
DA4
330
22
100
AcDbEntity
  8
F.Mask
  6
CONTINUOUS
100
AcDbLine
 10
7.580955393700787
 20
-3.5235845669291339
 30
0
 11
7.5830553937007874
 21
-3.5300476377952754
 31
0
  0
LINE
  5
DA5
330
22
100
AcDbEntity
  8
F.Mask
  6
CONTINUOUS
100
AcDbLine
 10
7.5830553937007874
 20
-3.5300476377952754
 30
0
 11
7.5841184645669291
 21
-3.5367596456692914
 31
0
  0
LINE
  5
DA6
330
22
100
AcDbEntity
  8
F.Mask
  6
CONTINUOUS
100
AcDbLine
 10
7.5841184645669291
 20
-3.5367596456692914
 30
0
 11
7.5841184645669291
 21
-3.54355531496063
 31
0
  0
LINE
  5
DA7
330
22
100
AcDbEntity
  8
F.Mask
  6
CONTINUOUS
100
AcDbLine
 10
7.5841184645669291
 20
-3.54355531496063
 30
0
 11
7.5830553937007874
 21
-3.5502673228346455
 31
0
  0
LINE
  5
DA8
330
22
100
AcDbEntity
  8
F.Mask
  6
CONTINUOUS
100
AcDbLine
 10
7.5830553937007874
 20
-3.5502673228346455
 30
0
 11
7.580955393700787
 21
-3.5567303937007875
 31
0
  0
LINE
  5
DA9
330
22
100
AcDbEntity
  8
F.Mask
  6
CONTINUOUS
100
AcDbLine
 10
7.580955393700787
 20
-3.5567303937007875
 30
0
 11
7.5778702362204724
 21
-3.5627853543307086
 31
0
  0
LINE
  5
DAA
330
22
100
AcDbEntity
  8
F.Mask
  6
CONTINUOUS
100
AcDbLine
 10
7.5778702362204724
 20
-3.5627853543307086
 30
0
 11
7.5738758661417318
 21
-3.5682831889763778
 31
0
  0
LINE
  5
DAB
330
22
100
AcDbEntity
  8
F.Mask
  6
CONTINUOUS
100
AcDbLine
 10
7.5738758661417318
 20
-3.5682831889763778
 30
0
 11
7.5690705905511813
 21
-3.5730884645669292
 31
0
  0
LINE
  5
DAC
330
22
100
AcDbEntity
  8
F.Mask
  6
CONTINUOUS
100
AcDbLine
 10
7.5690705905511813
 20
-3.5730884645669292
 30
0
 11
7.5635727559055113
 21
-3.5770828346456693
 31
0
  0
LINE
  5
DAD
330
22
100
AcDbEntity
  8
F.Mask
  6
CONTINUOUS
100
AcDbLine
 10
7.5635727559055113
 20
-3.5770828346456693
 30
0
 11
7.5575177952755901
 21
-3.5801679921259844
 31
0
  0
LINE
  5
DAE
330
22
100
AcDbEntity
  8
F.Mask
  6
CONTINUOUS
100
AcDbLine
 10
7.5575177952755901
 20
-3.5801679921259844
 30
0
 11
7.5510547244094486
 21
-3.5822679921259843
 31
0
  0
LINE
  5
DAF
330
22
100
AcDbEntity
  8
F.Mask
  6
CONTINUOUS
100
AcDbLine
 10
7.5510547244094486
 20
-3.5822679921259843
 30
0
 11
7.5443427165354331
 21
-3.583331062992126
 31
0
  0
LINE
  5
DB0
330
22
100
AcDbEntity
  8
F.Mask
  6
CONTINUOUS
100
AcDbLine
 10
7.5443427165354331
 20
-3.583331062992126
 30
0
 11
7.537547047244094
 21
-3.583331062992126
 31
0
  0
LINE
  5
DB1
330
22
100
AcDbEntity
  8
F.Mask
  6
CONTINUOUS
100
AcDbLine
 10
7.537547047244094
 20
-3.583331062992126
 30
0
 11
7.5308350393700785
 21
-3.5822679921259843
 31
0
  0
LINE
  5
DB2
330
22
100
AcDbEntity
  8
F.Mask
  6
CONTINUOUS
100
AcDbLine
 10
7.5308350393700785
 20
-3.5822679921259843
 30
0
 11
7.524371968503937
 21
-3.5801679921259844
 31
0
  0
LINE
  5
DB3
330
22
100
AcDbEntity
  8
F.Mask
  6
CONTINUOUS
100
AcDbLine
 10
7.524371968503937
 20
-3.5801679921259844
 30
0
 11
7.5183170078740158
 21
-3.5770828346456693
 31
0
  0
LINE
  5
DB4
330
22
100
AcDbEntity
  8
F.Mask
  6
CONTINUOUS
100
AcDbLine
 10
7.5183170078740158
 20
-3.5770828346456693
 30
0
 11
7.5128191732283467
 21
-3.5730884645669292
 31
0
  0
LINE
  5
DB5
330
22
100
AcDbEntity
  8
F.Mask
  6
CONTINUOUS
100
AcDbLine
 10
7.5128191732283467
 20
-3.5730884645669292
 30
0
 11
7.5080138976377953
 21
-3.5682831889763778
 31
0
  0
LINE
  5
DB6
330
22
100
AcDbEntity
  8
F.Mask
  6
CONTINUOUS
100
AcDbLine
 10
7.5080138976377953
 20
-3.5682831889763778
 30
0
 11
7.5040195275590547
 21
-3.5627853543307086
 31
0
  0
LINE
  5
DB7
330
22
100
AcDbEntity
  8
F.Mask
  6
CONTINUOUS
100
AcDbLine
 10
7.5040195275590547
 20
-3.5627853543307086
 30
0
 11
7.5009343700787401
 21
-3.5567303937007875
 31
0
  0
LINE
  5
DB8
330
22
100
AcDbEntity
  8
F.Mask
  6
CONTINUOUS
100
AcDbLine
 10
7.5009343700787401
 20
-3.5567303937007875
 30
0
 11
7.4988343700787397
 21
-3.5502673228346455
 31
0
  0
LINE
  5
DB9
330
22
100
AcDbEntity
  8
F.Mask
  6
CONTINUOUS
100
AcDbLine
 10
7.4988343700787397
 20
-3.5502673228346455
 30
0
 11
7.497771299212598
 21
-3.54355531496063
 31
0
  0
LINE
  5
DBA
330
22
100
AcDbEntity
  8
F.Mask
  6
CONTINUOUS
100
AcDbLine
 10
7.497771299212598
 20
-3.54355531496063
 30
0
 11
7.497771299212598
 21
-3.5367596456692914
 31
0
  0
LINE
  5
DBB
330
22
100
AcDbEntity
  8
F.Mask
  6
CONTINUOUS
100
AcDbLine
 10
7.497771299212598
 20
-3.5367596456692914
 30
0
 11
7.4988343700787397
 21
-3.5300476377952754
 31
0
  0
LINE
  5
DBC
330
22
100
AcDbEntity
  8
F.Mask
  6
CONTINUOUS
100
AcDbLine
 10
7.4988343700787397
 20
-3.5300476377952754
 30
0
 11
7.5009343700787401
 21
-3.5235845669291339
 31
0
  0
LINE
  5
DBD
330
22
100
AcDbEntity
  8
F.Mask
  6
CONTINUOUS
100
AcDbLine
 10
7.5009343700787401
 20
-3.5235845669291339
 30
0
 11
7.5040195275590547
 21
-3.5175296062992123
 31
0
  0
LINE
  5
DBE
330
22
100
AcDbEntity
  8
F.Mask
  6
CONTINUOUS
100
AcDbLine
 10
7.5040195275590547
 20
-3.5175296062992123
 30
0
 11
7.5080138976377953
 21
-3.5120317716535432
 31
0
  0
LINE
  5
DBF
330
22
100
AcDbEntity
  8
F.Mask
  6
CONTINUOUS
100
AcDbLine
 10
7.5080138976377953
 20
-3.5120317716535432
 30
0
 11
7.5128191732283467
 21
-3.5072264960629922
 31
0
  0
LINE
  5
DC0
330
22
100
AcDbEntity
  8
F.Mask
  6
CONTINUOUS
100
AcDbLine
 10
7.5128191732283467
 20
-3.5072264960629922
 30
0
 11
7.5183170078740158
 21
-3.503232125984252
 31
0
  0
LINE
  5
DC1
330
22
100
AcDbEntity
  8
F.Mask
  6
CONTINUOUS
100
AcDbLine
 10
7.5183170078740158
 20
-3.503232125984252
 30
0
 11
7.524371968503937
 21
-3.500146968503937
 31
0
  0
LINE
  5
DC2
330
22
100
AcDbEntity
  8
F.Mask
  6
CONTINUOUS
100
AcDbLine
 10
7.524371968503937
 20
-3.500146968503937
 30
0
 11
7.5308350393700785
 21
-3.498046968503937
 31
0
  0
LINE
  5
DC3
330
22
100
AcDbEntity
  8
F.Mask
  6
CONTINUOUS
100
AcDbLine
 10
7.5308350393700785
 20
-3.498046968503937
 30
0
 11
7.537547047244094
 21
-3.4969838976377954
 31
0
  0
LINE
  5
DC4
330
22
100
AcDbEntity
  8
F.Mask
  6
CONTINUOUS
100
AcDbLine
 10
7.537547047244094
 20
-3.4969838976377954
 30
0
 11
7.5443427165354331
 21
-3.4969838976377954
 31
0
  0
LINE
  5
DC5
330
22
100
AcDbEntity
  8
F.Mask
  6
CONTINUOUS
100
AcDbLine
 10
7.5443427165354331
 20
-3.4969838976377954
 30
0
 11
7.5510547244094486
 21
-3.498046968503937
 31
0
  0
LINE
  5
DC6
330
22
100
AcDbEntity
  8
F.Mask
  6
CONTINUOUS
100
AcDbLine
 10
4.676508464566929
 20
-3.2044918503937008
 30
0
 11
4.6829425984251971
 21
-3.2057716929133857
 31
0
  0
LINE
  5
DC7
330
22
100
AcDbEntity
  8
F.Mask
  6
CONTINUOUS
100
AcDbLine
 10
4.6829425984251971
 20
-3.2057716929133857
 30
0
 11
4.6890034251968506
 21
-3.2082821653543308
 31
0
  0
LINE
  5
DC8
330
22
100
AcDbEntity
  8
F.Mask
  6
CONTINUOUS
100
AcDbLine
 10
4.6890034251968506
 20
-3.2082821653543308
 30
0
 11
4.6944580314960627
 21
-3.2119268110236221
 31
0
  0
LINE
  5
DC9
330
22
100
AcDbEntity
  8
F.Mask
  6
CONTINUOUS
100
AcDbLine
 10
4.6944580314960627
 20
-3.2119268110236221
 30
0
 11
4.6990968110236215
 21
-3.216565590551181
 31
0
  0
LINE
  5
DCA
330
22
100
AcDbEntity
  8
F.Mask
  6
CONTINUOUS
100
AcDbLine
 10
4.6990968110236215
 20
-3.216565590551181
 30
0
 11
4.7027414566929133
 21
-3.2220201968503934
 31
0
  0
LINE
  5
DCB
330
22
100
AcDbEntity
  8
F.Mask
  6
CONTINUOUS
100
AcDbLine
 10
4.7027414566929133
 20
-3.2220201968503934
 30
0
 11
4.7052519291338584
 21
-3.228081023622047
 31
0
  0
LINE
  5
DCC
330
22
100
AcDbEntity
  8
F.Mask
  6
CONTINUOUS
100
AcDbLine
 10
4.7052519291338584
 20
-3.228081023622047
 30
0
 11
4.7065317716535429
 21
-3.234515157480315
 31
0
  0
LINE
  5
DCD
330
22
100
AcDbEntity
  8
F.Mask
  6
CONTINUOUS
100
AcDbLine
 10
4.7065317716535429
 20
-3.234515157480315
 30
0
 11
4.7065317716535429
 21
-3.2410753937007875
 31
0
  0
LINE
  5
DCE
330
22
100
AcDbEntity
  8
F.Mask
  6
CONTINUOUS
100
AcDbLine
 10
4.7065317716535429
 20
-3.2410753937007875
 30
0
 11
4.7052519291338584
 21
-3.2475095275590551
 31
0
  0
LINE
  5
DCF
330
22
100
AcDbEntity
  8
F.Mask
  6
CONTINUOUS
100
AcDbLine
 10
4.7052519291338584
 20
-3.2475095275590551
 30
0
 11
4.7027414566929133
 21
-3.2535703543307086
 31
0
  0
LINE
  5
DD0
330
22
100
AcDbEntity
  8
F.Mask
  6
CONTINUOUS
100
AcDbLine
 10
4.7027414566929133
 20
-3.2535703543307086
 30
0
 11
4.6990968110236215
 21
-3.2590249606299211
 31
0
  0
LINE
  5
DD1
330
22
100
AcDbEntity
  8
F.Mask
  6
CONTINUOUS
100
AcDbLine
 10
4.6990968110236215
 20
-3.2590249606299211
 30
0
 11
4.6944580314960627
 21
-3.2636637401574804
 31
0
  0
LINE
  5
DD2
330
22
100
AcDbEntity
  8
F.Mask
  6
CONTINUOUS
100
AcDbLine
 10
4.6944580314960627
 20
-3.2636637401574804
 30
0
 11
4.6890034251968506
 21
-3.2673083858267717
 31
0
  0
LINE
  5
DD3
330
22
100
AcDbEntity
  8
F.Mask
  6
CONTINUOUS
100
AcDbLine
 10
4.6890034251968506
 20
-3.2673083858267717
 30
0
 11
4.6829425984251971
 21
-3.2698188582677163
 31
0
  0
LINE
  5
DD4
330
22
100
AcDbEntity
  8
F.Mask
  6
CONTINUOUS
100
AcDbLine
 10
4.6829425984251971
 20
-3.2698188582677163
 30
0
 11
4.676508464566929
 21
-3.2710987007874013
 31
0
  0
LINE
  5
DD5
330
22
100
AcDbEntity
  8
F.Mask
  6
CONTINUOUS
100
AcDbLine
 10
4.676508464566929
 20
-3.2710987007874013
 30
0
 11
4.6732283464566926
 21
-3.2712598425196848
 31
0
  0
LINE
  5
DD6
330
22
100
AcDbEntity
  8
F.Mask
  6
CONTINUOUS
100
AcDbLine
 10
4.6732283464566926
 20
-3.2712598425196848
 30
0
 11
4.5984251968503935
 21
-3.2712598425196848
 31
0
  0
LINE
  5
DD7
330
22
100
AcDbEntity
  8
F.Mask
  6
CONTINUOUS
100
AcDbLine
 10
4.5984251968503935
 20
-3.2712598425196848
 30
0
 11
4.5951450787401571
 21
-3.2710987007874013
 31
0
  0
LINE
  5
DD8
330
22
100
AcDbEntity
  8
F.Mask
  6
CONTINUOUS
100
AcDbLine
 10
4.5951450787401571
 20
-3.2710987007874013
 30
0
 11
4.5887109448818899
 21
-3.2698188582677163
 31
0
  0
LINE
  5
DD9
330
22
100
AcDbEntity
  8
F.Mask
  6
CONTINUOUS
100
AcDbLine
 10
4.5887109448818899
 20
-3.2698188582677163
 30
0
 11
4.5826501181102364
 21
-3.2673083858267717
 31
0
  0
LINE
  5
DDA
330
22
100
AcDbEntity
  8
F.Mask
  6
CONTINUOUS
100
AcDbLine
 10
4.5826501181102364
 20
-3.2673083858267717
 30
0
 11
4.5771955118110235
 21
-3.2636637401574804
 31
0
  0
LINE
  5
DDB
330
22
100
AcDbEntity
  8
F.Mask
  6
CONTINUOUS
100
AcDbLine
 10
4.5771955118110235
 20
-3.2636637401574804
 30
0
 11
4.5725567322834646
 21
-3.2590249606299211
 31
0
  0
LINE
  5
DDC
330
22
100
AcDbEntity
  8
F.Mask
  6
CONTINUOUS
100
AcDbLine
 10
4.5725567322834646
 20
-3.2590249606299211
 30
0
 11
4.5689120866141728
 21
-3.2535703543307086
 31
0
  0
LINE
  5
DDD
330
22
100
AcDbEntity
  8
F.Mask
  6
CONTINUOUS
100
AcDbLine
 10
4.5689120866141728
 20
-3.2535703543307086
 30
0
 11
4.5664016141732287
 21
-3.2475095275590551
 31
0
  0
LINE
  5
DDE
330
22
100
AcDbEntity
  8
F.Mask
  6
CONTINUOUS
100
AcDbLine
 10
4.5664016141732287
 20
-3.2475095275590551
 30
0
 11
4.5651217716535433
 21
-3.2410753937007875
 31
0
  0
LINE
  5
DDF
330
22
100
AcDbEntity
  8
F.Mask
  6
CONTINUOUS
100
AcDbLine
 10
4.5651217716535433
 20
-3.2410753937007875
 30
0
 11
4.5651217716535433
 21
-3.234515157480315
 31
0
  0
LINE
  5
DE0
330
22
100
AcDbEntity
  8
F.Mask
  6
CONTINUOUS
100
AcDbLine
 10
4.5651217716535433
 20
-3.234515157480315
 30
0
 11
4.5664016141732287
 21
-3.228081023622047
 31
0
  0
LINE
  5
DE1
330
22
100
AcDbEntity
  8
F.Mask
  6
CONTINUOUS
100
AcDbLine
 10
4.5664016141732287
 20
-3.228081023622047
 30
0
 11
4.5689120866141728
 21
-3.2220201968503934
 31
0
  0
LINE
  5
DE2
330
22
100
AcDbEntity
  8
F.Mask
  6
CONTINUOUS
100
AcDbLine
 10
4.5689120866141728
 20
-3.2220201968503934
 30
0
 11
4.5725567322834646
 21
-3.216565590551181
 31
0
  0
LINE
  5
DE3
330
22
100
AcDbEntity
  8
F.Mask
  6
CONTINUOUS
100
AcDbLine
 10
4.5725567322834646
 20
-3.216565590551181
 30
0
 11
4.5771955118110235
 21
-3.2119268110236221
 31
0
  0
LINE
  5
DE4
330
22
100
AcDbEntity
  8
F.Mask
  6
CONTINUOUS
100
AcDbLine
 10
4.5771955118110235
 20
-3.2119268110236221
 30
0
 11
4.5826501181102364
 21
-3.2082821653543308
 31
0
  0
LINE
  5
DE5
330
22
100
AcDbEntity
  8
F.Mask
  6
CONTINUOUS
100
AcDbLine
 10
4.5826501181102364
 20
-3.2082821653543308
 30
0
 11
4.5887109448818899
 21
-3.2057716929133857
 31
0
  0
LINE
  5
DE6
330
22
100
AcDbEntity
  8
F.Mask
  6
CONTINUOUS
100
AcDbLine
 10
4.5887109448818899
 20
-3.2057716929133857
 30
0
 11
4.5951450787401571
 21
-3.2044918503937008
 31
0
  0
LINE
  5
DE7
330
22
100
AcDbEntity
  8
F.Mask
  6
CONTINUOUS
100
AcDbLine
 10
4.5951450787401571
 20
-3.2044918503937008
 30
0
 11
4.5984251968503935
 21
-3.2043307086614172
 31
0
  0
LINE
  5
DE8
330
22
100
AcDbEntity
  8
F.Mask
  6
CONTINUOUS
100
AcDbLine
 10
4.5984251968503935
 20
-3.2043307086614172
 30
0
 11
4.6732283464566926
 21
-3.2043307086614172
 31
0
  0
LINE
  5
DE9
330
22
100
AcDbEntity
  8
F.Mask
  6
CONTINUOUS
100
AcDbLine
 10
4.6732283464566926
 20
-3.2043307086614172
 30
0
 11
4.676508464566929
 21
-3.2044918503937008
 31
0
  0
LINE
  5
DEA
330
22
100
AcDbEntity
  8
F.Mask
  6
CONTINUOUS
100
AcDbLine
 10
5.3556423228346457
 20
-3.2044918503937008
 30
0
 11
5.3620764566929129
 21
-3.2057716929133857
 31
0
  0
LINE
  5
DEB
330
22
100
AcDbEntity
  8
F.Mask
  6
CONTINUOUS
100
AcDbLine
 10
5.3620764566929129
 20
-3.2057716929133857
 30
0
 11
5.3681372834645664
 21
-3.2082821653543308
 31
0
  0
LINE
  5
DEC
330
22
100
AcDbEntity
  8
F.Mask
  6
CONTINUOUS
100
AcDbLine
 10
5.3681372834645664
 20
-3.2082821653543308
 30
0
 11
5.3735918897637793
 21
-3.2119268110236221
 31
0
  0
LINE
  5
DED
330
22
100
AcDbEntity
  8
F.Mask
  6
CONTINUOUS
100
AcDbLine
 10
5.3735918897637793
 20
-3.2119268110236221
 30
0
 11
5.3782306692913382
 21
-3.216565590551181
 31
0
  0
LINE
  5
DEE
330
22
100
AcDbEntity
  8
F.Mask
  6
CONTINUOUS
100
AcDbLine
 10
5.3782306692913382
 20
-3.216565590551181
 30
0
 11
5.38187531496063
 21
-3.2220201968503934
 31
0
  0
LINE
  5
DEF
330
22
100
AcDbEntity
  8
F.Mask
  6
CONTINUOUS
100
AcDbLine
 10
5.38187531496063
 20
-3.2220201968503934
 30
0
 11
5.384385787401575
 21
-3.228081023622047
 31
0
  0
LINE
  5
DF0
330
22
100
AcDbEntity
  8
F.Mask
  6
CONTINUOUS
100
AcDbLine
 10
5.384385787401575
 20
-3.228081023622047
 30
0
 11
5.3856656299212595
 21
-3.234515157480315
 31
0
  0
LINE
  5
DF1
330
22
100
AcDbEntity
  8
F.Mask
  6
CONTINUOUS
100
AcDbLine
 10
5.3856656299212595
 20
-3.234515157480315
 30
0
 11
5.3856656299212595
 21
-3.2410753937007875
 31
0
  0
LINE
  5
DF2
330
22
100
AcDbEntity
  8
F.Mask
  6
CONTINUOUS
100
AcDbLine
 10
5.3856656299212595
 20
-3.2410753937007875
 30
0
 11
5.384385787401575
 21
-3.2475095275590551
 31
0
  0
LINE
  5
DF3
330
22
100
AcDbEntity
  8
F.Mask
  6
CONTINUOUS
100
AcDbLine
 10
5.384385787401575
 20
-3.2475095275590551
 30
0
 11
5.38187531496063
 21
-3.2535703543307086
 31
0
  0
LINE
  5
DF4
330
22
100
AcDbEntity
  8
F.Mask
  6
CONTINUOUS
100
AcDbLine
 10
5.38187531496063
 20
-3.2535703543307086
 30
0
 11
5.3782306692913382
 21
-3.2590249606299211
 31
0
  0
LINE
  5
DF5
330
22
100
AcDbEntity
  8
F.Mask
  6
CONTINUOUS
100
AcDbLine
 10
5.3782306692913382
 20
-3.2590249606299211
 30
0
 11
5.3735918897637793
 21
-3.2636637401574804
 31
0
  0
LINE
  5
DF6
330
22
100
AcDbEntity
  8
F.Mask
  6
CONTINUOUS
100
AcDbLine
 10
5.3735918897637793
 20
-3.2636637401574804
 30
0
 11
5.3681372834645664
 21
-3.2673083858267717
 31
0
  0
LINE
  5
DF7
330
22
100
AcDbEntity
  8
F.Mask
  6
CONTINUOUS
100
AcDbLine
 10
5.3681372834645664
 20
-3.2673083858267717
 30
0
 11
5.3620764566929129
 21
-3.2698188582677163
 31
0
  0
LINE
  5
DF8
330
22
100
AcDbEntity
  8
F.Mask
  6
CONTINUOUS
100
AcDbLine
 10
5.3620764566929129
 20
-3.2698188582677163
 30
0
 11
5.3556423228346457
 21
-3.2710987007874013
 31
0
  0
LINE
  5
DF9
330
22
100
AcDbEntity
  8
F.Mask
  6
CONTINUOUS
100
AcDbLine
 10
5.3556423228346457
 20
-3.2710987007874013
 30
0
 11
5.3523622047244093
 21
-3.2712598425196848
 31
0
  0
LINE
  5
DFA
330
22
100
AcDbEntity
  8
F.Mask
  6
CONTINUOUS
100
AcDbLine
 10
5.3523622047244093
 20
-3.2712598425196848
 30
0
 11
5.2775590551181102
 21
-3.2712598425196848
 31
0
  0
LINE
  5
DFB
330
22
100
AcDbEntity
  8
F.Mask
  6
CONTINUOUS
100
AcDbLine
 10
5.2775590551181102
 20
-3.2712598425196848
 30
0
 11
5.2742789370078738
 21
-3.2710987007874013
 31
0
  0
LINE
  5
DFC
330
22
100
AcDbEntity
  8
F.Mask
  6
CONTINUOUS
100
AcDbLine
 10
5.2742789370078738
 20
-3.2710987007874013
 30
0
 11
5.2678448031496066
 21
-3.2698188582677163
 31
0
  0
LINE
  5
DFD
330
22
100
AcDbEntity
  8
F.Mask
  6
CONTINUOUS
100
AcDbLine
 10
5.2678448031496066
 20
-3.2698188582677163
 30
0
 11
5.261783976377953
 21
-3.2673083858267717
 31
0
  0
LINE
  5
DFE
330
22
100
AcDbEntity
  8
F.Mask
  6
CONTINUOUS
100
AcDbLine
 10
5.261783976377953
 20
-3.2673083858267717
 30
0
 11
5.2563293700787401
 21
-3.2636637401574804
 31
0
  0
LINE
  5
DFF
330
22
100
AcDbEntity
  8
F.Mask
  6
CONTINUOUS
100
AcDbLine
 10
5.2563293700787401
 20
-3.2636637401574804
 30
0
 11
5.2516905905511813
 21
-3.2590249606299211
 31
0
  0
LINE
  5
E00
330
22
100
AcDbEntity
  8
F.Mask
  6
CONTINUOUS
100
AcDbLine
 10
5.2516905905511813
 20
-3.2590249606299211
 30
0
 11
5.2480459448818895
 21
-3.2535703543307086
 31
0
  0
LINE
  5
E01
330
22
100
AcDbEntity
  8
F.Mask
  6
CONTINUOUS
100
AcDbLine
 10
5.2480459448818895
 20
-3.2535703543307086
 30
0
 11
5.2455354724409444
 21
-3.2475095275590551
 31
0
  0
LINE
  5
E02
330
22
100
AcDbEntity
  8
F.Mask
  6
CONTINUOUS
100
AcDbLine
 10
5.2455354724409444
 20
-3.2475095275590551
 30
0
 11
5.2442556299212599
 21
-3.2410753937007875
 31
0
  0
LINE
  5
E03
330
22
100
AcDbEntity
  8
F.Mask
  6
CONTINUOUS
100
AcDbLine
 10
5.2442556299212599
 20
-3.2410753937007875
 30
0
 11
5.2442556299212599
 21
-3.234515157480315
 31
0
  0
LINE
  5
E04
330
22
100
AcDbEntity
  8
F.Mask
  6
CONTINUOUS
100
AcDbLine
 10
5.2442556299212599
 20
-3.234515157480315
 30
0
 11
5.2455354724409444
 21
-3.228081023622047
 31
0
  0
LINE
  5
E05
330
22
100
AcDbEntity
  8
F.Mask
  6
CONTINUOUS
100
AcDbLine
 10
5.2455354724409444
 20
-3.228081023622047
 30
0
 11
5.2480459448818895
 21
-3.2220201968503934
 31
0
  0
LINE
  5
E06
330
22
100
AcDbEntity
  8
F.Mask
  6
CONTINUOUS
100
AcDbLine
 10
5.2480459448818895
 20
-3.2220201968503934
 30
0
 11
5.2516905905511813
 21
-3.216565590551181
 31
0
  0
LINE
  5
E07
330
22
100
AcDbEntity
  8
F.Mask
  6
CONTINUOUS
100
AcDbLine
 10
5.2516905905511813
 20
-3.216565590551181
 30
0
 11
5.2563293700787401
 21
-3.2119268110236221
 31
0
  0
LINE
  5
E08
330
22
100
AcDbEntity
  8
F.Mask
  6
CONTINUOUS
100
AcDbLine
 10
5.2563293700787401
 20
-3.2119268110236221
 30
0
 11
5.261783976377953
 21
-3.2082821653543308
 31
0
  0
LINE
  5
E09
330
22
100
AcDbEntity
  8
F.Mask
  6
CONTINUOUS
100
AcDbLine
 10
5.261783976377953
 20
-3.2082821653543308
 30
0
 11
5.2678448031496066
 21
-3.2057716929133857
 31
0
  0
LINE
  5
E0A
330
22
100
AcDbEntity
  8
F.Mask
  6
CONTINUOUS
100
AcDbLine
 10
5.2678448031496066
 20
-3.2057716929133857
 30
0
 11
5.2742789370078738
 21
-3.2044918503937008
 31
0
  0
LINE
  5
E0B
330
22
100
AcDbEntity
  8
F.Mask
  6
CONTINUOUS
100
AcDbLine
 10
5.2742789370078738
 20
-3.2044918503937008
 30
0
 11
5.2775590551181102
 21
-3.2043307086614172
 31
0
  0
LINE
  5
E0C
330
22
100
AcDbEntity
  8
F.Mask
  6
CONTINUOUS
100
AcDbLine
 10
5.2775590551181102
 20
-3.2043307086614172
 30
0
 11
5.3523622047244093
 21
-3.2043307086614172
 31
0
  0
LINE
  5
E0D
330
22
100
AcDbEntity
  8
F.Mask
  6
CONTINUOUS
100
AcDbLine
 10
5.3523622047244093
 20
-3.2043307086614172
 30
0
 11
5.3556423228346457
 21
-3.2044918503937008
 31
0
  0
LINE
  5
E0E
330
22
100
AcDbEntity
  8
F.Mask
  6
CONTINUOUS
100
AcDbLine
 10
4.676508464566929
 20
-3.1044918503937007
 30
0
 11
4.6829425984251971
 21
-3.1057716929133856
 31
0
  0
LINE
  5
E0F
330
22
100
AcDbEntity
  8
F.Mask
  6
CONTINUOUS
100
AcDbLine
 10
4.6829425984251971
 20
-3.1057716929133856
 30
0
 11
4.6890034251968506
 21
-3.1082821653543307
 31
0
  0
LINE
  5
E10
330
22
100
AcDbEntity
  8
F.Mask
  6
CONTINUOUS
100
AcDbLine
 10
4.6890034251968506
 20
-3.1082821653543307
 30
0
 11
4.6944580314960627
 21
-3.111926811023622
 31
0
  0
LINE
  5
E11
330
22
100
AcDbEntity
  8
F.Mask
  6
CONTINUOUS
100
AcDbLine
 10
4.6944580314960627
 20
-3.111926811023622
 30
0
 11
4.6990968110236215
 21
-3.1165655905511809
 31
0
  0
LINE
  5
E12
330
22
100
AcDbEntity
  8
F.Mask
  6
CONTINUOUS
100
AcDbLine
 10
4.6990968110236215
 20
-3.1165655905511809
 30
0
 11
4.7027414566929133
 21
-3.1220201968503938
 31
0
  0
LINE
  5
E13
330
22
100
AcDbEntity
  8
F.Mask
  6
CONTINUOUS
100
AcDbLine
 10
4.7027414566929133
 20
-3.1220201968503938
 30
0
 11
4.7052519291338584
 21
-3.1280810236220473
 31
0
  0
LINE
  5
E14
330
22
100
AcDbEntity
  8
F.Mask
  6
CONTINUOUS
100
AcDbLine
 10
4.7052519291338584
 20
-3.1280810236220473
 30
0
 11
4.7065317716535429
 21
-3.134515157480315
 31
0
  0
LINE
  5
E15
330
22
100
AcDbEntity
  8
F.Mask
  6
CONTINUOUS
100
AcDbLine
 10
4.7065317716535429
 20
-3.134515157480315
 30
0
 11
4.7065317716535429
 21
-3.1410753937007874
 31
0
  0
LINE
  5
E16
330
22
100
AcDbEntity
  8
F.Mask
  6
CONTINUOUS
100
AcDbLine
 10
4.7065317716535429
 20
-3.1410753937007874
 30
0
 11
4.7052519291338584
 21
-3.147509527559055
 31
0
  0
LINE
  5
E17
330
22
100
AcDbEntity
  8
F.Mask
  6
CONTINUOUS
100
AcDbLine
 10
4.7052519291338584
 20
-3.147509527559055
 30
0
 11
4.7027414566929133
 21
-3.1535703543307085
 31
0
  0
LINE
  5
E18
330
22
100
AcDbEntity
  8
F.Mask
  6
CONTINUOUS
100
AcDbLine
 10
4.7027414566929133
 20
-3.1535703543307085
 30
0
 11
4.6990968110236215
 21
-3.159024960629921
 31
0
  0
LINE
  5
E19
330
22
100
AcDbEntity
  8
F.Mask
  6
CONTINUOUS
100
AcDbLine
 10
4.6990968110236215
 20
-3.159024960629921
 30
0
 11
4.6944580314960627
 21
-3.1636637401574803
 31
0
  0
LINE
  5
E1A
330
22
100
AcDbEntity
  8
F.Mask
  6
CONTINUOUS
100
AcDbLine
 10
4.6944580314960627
 20
-3.1636637401574803
 30
0
 11
4.6890034251968506
 21
-3.1673083858267717
 31
0
  0
LINE
  5
E1B
330
22
100
AcDbEntity
  8
F.Mask
  6
CONTINUOUS
100
AcDbLine
 10
4.6890034251968506
 20
-3.1673083858267717
 30
0
 11
4.6829425984251971
 21
-3.1698188582677163
 31
0
  0
LINE
  5
E1C
330
22
100
AcDbEntity
  8
F.Mask
  6
CONTINUOUS
100
AcDbLine
 10
4.6829425984251971
 20
-3.1698188582677163
 30
0
 11
4.676508464566929
 21
-3.1710987007874016
 31
0
  0
LINE
  5
E1D
330
22
100
AcDbEntity
  8
F.Mask
  6
CONTINUOUS
100
AcDbLine
 10
4.676508464566929
 20
-3.1710987007874016
 30
0
 11
4.6732283464566926
 21
-3.1712598425196852
 31
0
  0
LINE
  5
E1E
330
22
100
AcDbEntity
  8
F.Mask
  6
CONTINUOUS
100
AcDbLine
 10
4.6732283464566926
 20
-3.1712598425196852
 30
0
 11
4.5984251968503935
 21
-3.1712598425196852
 31
0
  0
LINE
  5
E1F
330
22
100
AcDbEntity
  8
F.Mask
  6
CONTINUOUS
100
AcDbLine
 10
4.5984251968503935
 20
-3.1712598425196852
 30
0
 11
4.5951450787401571
 21
-3.1710987007874016
 31
0
  0
LINE
  5
E20
330
22
100
AcDbEntity
  8
F.Mask
  6
CONTINUOUS
100
AcDbLine
 10
4.5951450787401571
 20
-3.1710987007874016
 30
0
 11
4.5887109448818899
 21
-3.1698188582677163
 31
0
  0
LINE
  5
E21
330
22
100
AcDbEntity
  8
F.Mask
  6
CONTINUOUS
100
AcDbLine
 10
4.5887109448818899
 20
-3.1698188582677163
 30
0
 11
4.5826501181102364
 21
-3.1673083858267717
 31
0
  0
LINE
  5
E22
330
22
100
AcDbEntity
  8
F.Mask
  6
CONTINUOUS
100
AcDbLine
 10
4.5826501181102364
 20
-3.1673083858267717
 30
0
 11
4.5771955118110235
 21
-3.1636637401574803
 31
0
  0
LINE
  5
E23
330
22
100
AcDbEntity
  8
F.Mask
  6
CONTINUOUS
100
AcDbLine
 10
4.5771955118110235
 20
-3.1636637401574803
 30
0
 11
4.5725567322834646
 21
-3.159024960629921
 31
0
  0
LINE
  5
E24
330
22
100
AcDbEntity
  8
F.Mask
  6
CONTINUOUS
100
AcDbLine
 10
4.5725567322834646
 20
-3.159024960629921
 30
0
 11
4.5689120866141728
 21
-3.1535703543307085
 31
0
  0
LINE
  5
E25
330
22
100
AcDbEntity
  8
F.Mask
  6
CONTINUOUS
100
AcDbLine
 10
4.5689120866141728
 20
-3.1535703543307085
 30
0
 11
4.5664016141732287
 21
-3.147509527559055
 31
0
  0
LINE
  5
E26
330
22
100
AcDbEntity
  8
F.Mask
  6
CONTINUOUS
100
AcDbLine
 10
4.5664016141732287
 20
-3.147509527559055
 30
0
 11
4.5651217716535433
 21
-3.1410753937007874
 31
0
  0
LINE
  5
E27
330
22
100
AcDbEntity
  8
F.Mask
  6
CONTINUOUS
100
AcDbLine
 10
4.5651217716535433
 20
-3.1410753937007874
 30
0
 11
4.5651217716535433
 21
-3.134515157480315
 31
0
  0
LINE
  5
E28
330
22
100
AcDbEntity
  8
F.Mask
  6
CONTINUOUS
100
AcDbLine
 10
4.5651217716535433
 20
-3.134515157480315
 30
0
 11
4.5664016141732287
 21
-3.1280810236220473
 31
0
  0
LINE
  5
E29
330
22
100
AcDbEntity
  8
F.Mask
  6
CONTINUOUS
100
AcDbLine
 10
4.5664016141732287
 20
-3.1280810236220473
 30
0
 11
4.5689120866141728
 21
-3.1220201968503938
 31
0
  0
LINE
  5
E2A
330
22
100
AcDbEntity
  8
F.Mask
  6
CONTINUOUS
100
AcDbLine
 10
4.5689120866141728
 20
-3.1220201968503938
 30
0
 11
4.5725567322834646
 21
-3.1165655905511809
 31
0
  0
LINE
  5
E2B
330
22
100
AcDbEntity
  8
F.Mask
  6
CONTINUOUS
100
AcDbLine
 10
4.5725567322834646
 20
-3.1165655905511809
 30
0
 11
4.5771955118110235
 21
-3.111926811023622
 31
0
  0
LINE
  5
E2C
330
22
100
AcDbEntity
  8
F.Mask
  6
CONTINUOUS
100
AcDbLine
 10
4.5771955118110235
 20
-3.111926811023622
 30
0
 11
4.5826501181102364
 21
-3.1082821653543307
 31
0
  0
LINE
  5
E2D
330
22
100
AcDbEntity
  8
F.Mask
  6
CONTINUOUS
100
AcDbLine
 10
4.5826501181102364
 20
-3.1082821653543307
 30
0
 11
4.5887109448818899
 21
-3.1057716929133856
 31
0
  0
LINE
  5
E2E
330
22
100
AcDbEntity
  8
F.Mask
  6
CONTINUOUS
100
AcDbLine
 10
4.5887109448818899
 20
-3.1057716929133856
 30
0
 11
4.5951450787401571
 21
-3.1044918503937007
 31
0
  0
LINE
  5
E2F
330
22
100
AcDbEntity
  8
F.Mask
  6
CONTINUOUS
100
AcDbLine
 10
4.5951450787401571
 20
-3.1044918503937007
 30
0
 11
4.5984251968503935
 21
-3.1043307086614171
 31
0
  0
LINE
  5
E30
330
22
100
AcDbEntity
  8
F.Mask
  6
CONTINUOUS
100
AcDbLine
 10
4.5984251968503935
 20
-3.1043307086614171
 30
0
 11
4.6732283464566926
 21
-3.1043307086614171
 31
0
  0
LINE
  5
E31
330
22
100
AcDbEntity
  8
F.Mask
  6
CONTINUOUS
100
AcDbLine
 10
4.6732283464566926
 20
-3.1043307086614171
 30
0
 11
4.676508464566929
 21
-3.1044918503937007
 31
0
  0
LINE
  5
E32
330
22
100
AcDbEntity
  8
F.Mask
  6
CONTINUOUS
100
AcDbLine
 10
5.3556423228346457
 20
-3.1044918503937007
 30
0
 11
5.3620764566929129
 21
-3.1057716929133856
 31
0
  0
LINE
  5
E33
330
22
100
AcDbEntity
  8
F.Mask
  6
CONTINUOUS
100
AcDbLine
 10
5.3620764566929129
 20
-3.1057716929133856
 30
0
 11
5.3681372834645664
 21
-3.1082821653543307
 31
0
  0
LINE
  5
E34
330
22
100
AcDbEntity
  8
F.Mask
  6
CONTINUOUS
100
AcDbLine
 10
5.3681372834645664
 20
-3.1082821653543307
 30
0
 11
5.3735918897637793
 21
-3.111926811023622
 31
0
  0
LINE
  5
E35
330
22
100
AcDbEntity
  8
F.Mask
  6
CONTINUOUS
100
AcDbLine
 10
5.3735918897637793
 20
-3.111926811023622
 30
0
 11
5.3782306692913382
 21
-3.1165655905511809
 31
0
  0
LINE
  5
E36
330
22
100
AcDbEntity
  8
F.Mask
  6
CONTINUOUS
100
AcDbLine
 10
5.3782306692913382
 20
-3.1165655905511809
 30
0
 11
5.38187531496063
 21
-3.1220201968503938
 31
0
  0
LINE
  5
E37
330
22
100
AcDbEntity
  8
F.Mask
  6
CONTINUOUS
100
AcDbLine
 10
5.38187531496063
 20
-3.1220201968503938
 30
0
 11
5.384385787401575
 21
-3.1280810236220473
 31
0
  0
LINE
  5
E38
330
22
100
AcDbEntity
  8
F.Mask
  6
CONTINUOUS
100
AcDbLine
 10
5.384385787401575
 20
-3.1280810236220473
 30
0
 11
5.3856656299212595
 21
-3.134515157480315
 31
0
  0
LINE
  5
E39
330
22
100
AcDbEntity
  8
F.Mask
  6
CONTINUOUS
100
AcDbLine
 10
5.3856656299212595
 20
-3.134515157480315
 30
0
 11
5.3856656299212595
 21
-3.1410753937007874
 31
0
  0
LINE
  5
E3A
330
22
100
AcDbEntity
  8
F.Mask
  6
CONTINUOUS
100
AcDbLine
 10
5.3856656299212595
 20
-3.1410753937007874
 30
0
 11
5.384385787401575
 21
-3.147509527559055
 31
0
  0
LINE
  5
E3B
330
22
100
AcDbEntity
  8
F.Mask
  6
CONTINUOUS
100
AcDbLine
 10
5.384385787401575
 20
-3.147509527559055
 30
0
 11
5.38187531496063
 21
-3.1535703543307085
 31
0
  0
LINE
  5
E3C
330
22
100
AcDbEntity
  8
F.Mask
  6
CONTINUOUS
100
AcDbLine
 10
5.38187531496063
 20
-3.1535703543307085
 30
0
 11
5.3782306692913382
 21
-3.159024960629921
 31
0
  0
LINE
  5
E3D
330
22
100
AcDbEntity
  8
F.Mask
  6
CONTINUOUS
100
AcDbLine
 10
5.3782306692913382
 20
-3.159024960629921
 30
0
 11
5.3735918897637793
 21
-3.1636637401574803
 31
0
  0
LINE
  5
E3E
330
22
100
AcDbEntity
  8
F.Mask
  6
CONTINUOUS
100
AcDbLine
 10
5.3735918897637793
 20
-3.1636637401574803
 30
0
 11
5.3681372834645664
 21
-3.1673083858267717
 31
0
  0
LINE
  5
E3F
330
22
100
AcDbEntity
  8
F.Mask
  6
CONTINUOUS
100
AcDbLine
 10
5.3681372834645664
 20
-3.1673083858267717
 30
0
 11
5.3620764566929129
 21
-3.1698188582677163
 31
0
  0
LINE
  5
E40
330
22
100
AcDbEntity
  8
F.Mask
  6
CONTINUOUS
100
AcDbLine
 10
5.3620764566929129
 20
-3.1698188582677163
 30
0
 11
5.3556423228346457
 21
-3.1710987007874016
 31
0
  0
LINE
  5
E41
330
22
100
AcDbEntity
  8
F.Mask
  6
CONTINUOUS
100
AcDbLine
 10
5.3556423228346457
 20
-3.1710987007874016
 30
0
 11
5.3523622047244093
 21
-3.1712598425196852
 31
0
  0
LINE
  5
E42
330
22
100
AcDbEntity
  8
F.Mask
  6
CONTINUOUS
100
AcDbLine
 10
5.3523622047244093
 20
-3.1712598425196852
 30
0
 11
5.2775590551181102
 21
-3.1712598425196852
 31
0
  0
LINE
  5
E43
330
22
100
AcDbEntity
  8
F.Mask
  6
CONTINUOUS
100
AcDbLine
 10
5.2775590551181102
 20
-3.1712598425196852
 30
0
 11
5.2742789370078738
 21
-3.1710987007874016
 31
0
  0
LINE
  5
E44
330
22
100
AcDbEntity
  8
F.Mask
  6
CONTINUOUS
100
AcDbLine
 10
5.2742789370078738
 20
-3.1710987007874016
 30
0
 11
5.2678448031496066
 21
-3.1698188582677163
 31
0
  0
LINE
  5
E45
330
22
100
AcDbEntity
  8
F.Mask
  6
CONTINUOUS
100
AcDbLine
 10
5.2678448031496066
 20
-3.1698188582677163
 30
0
 11
5.261783976377953
 21
-3.1673083858267717
 31
0
  0
LINE
  5
E46
330
22
100
AcDbEntity
  8
F.Mask
  6
CONTINUOUS
100
AcDbLine
 10
5.261783976377953
 20
-3.1673083858267717
 30
0
 11
5.2563293700787401
 21
-3.1636637401574803
 31
0
  0
LINE
  5
E47
330
22
100
AcDbEntity
  8
F.Mask
  6
CONTINUOUS
100
AcDbLine
 10
5.2563293700787401
 20
-3.1636637401574803
 30
0
 11
5.2516905905511813
 21
-3.159024960629921
 31
0
  0
LINE
  5
E48
330
22
100
AcDbEntity
  8
F.Mask
  6
CONTINUOUS
100
AcDbLine
 10
5.2516905905511813
 20
-3.159024960629921
 30
0
 11
5.2480459448818895
 21
-3.1535703543307085
 31
0
  0
LINE
  5
E49
330
22
100
AcDbEntity
  8
F.Mask
  6
CONTINUOUS
100
AcDbLine
 10
5.2480459448818895
 20
-3.1535703543307085
 30
0
 11
5.2455354724409444
 21
-3.147509527559055
 31
0
  0
LINE
  5
E4A
330
22
100
AcDbEntity
  8
F.Mask
  6
CONTINUOUS
100
AcDbLine
 10
5.2455354724409444
 20
-3.147509527559055
 30
0
 11
5.2442556299212599
 21
-3.1410753937007874
 31
0
  0
LINE
  5
E4B
330
22
100
AcDbEntity
  8
F.Mask
  6
CONTINUOUS
100
AcDbLine
 10
5.2442556299212599
 20
-3.1410753937007874
 30
0
 11
5.2442556299212599
 21
-3.134515157480315
 31
0
  0
LINE
  5
E4C
330
22
100
AcDbEntity
  8
F.Mask
  6
CONTINUOUS
100
AcDbLine
 10
5.2442556299212599
 20
-3.134515157480315
 30
0
 11
5.2455354724409444
 21
-3.1280810236220473
 31
0
  0
LINE
  5
E4D
330
22
100
AcDbEntity
  8
F.Mask
  6
CONTINUOUS
100
AcDbLine
 10
5.2455354724409444
 20
-3.1280810236220473
 30
0
 11
5.2480459448818895
 21
-3.1220201968503938
 31
0
  0
LINE
  5
E4E
330
22
100
AcDbEntity
  8
F.Mask
  6
CONTINUOUS
100
AcDbLine
 10
5.2480459448818895
 20
-3.1220201968503938
 30
0
 11
5.2516905905511813
 21
-3.1165655905511809
 31
0
  0
LINE
  5
E4F
330
22
100
AcDbEntity
  8
F.Mask
  6
CONTINUOUS
100
AcDbLine
 10
5.2516905905511813
 20
-3.1165655905511809
 30
0
 11
5.2563293700787401
 21
-3.111926811023622
 31
0
  0
LINE
  5
E50
330
22
100
AcDbEntity
  8
F.Mask
  6
CONTINUOUS
100
AcDbLine
 10
5.2563293700787401
 20
-3.111926811023622
 30
0
 11
5.261783976377953
 21
-3.1082821653543307
 31
0
  0
LINE
  5
E51
330
22
100
AcDbEntity
  8
F.Mask
  6
CONTINUOUS
100
AcDbLine
 10
5.261783976377953
 20
-3.1082821653543307
 30
0
 11
5.2678448031496066
 21
-3.1057716929133856
 31
0
  0
LINE
  5
E52
330
22
100
AcDbEntity
  8
F.Mask
  6
CONTINUOUS
100
AcDbLine
 10
5.2678448031496066
 20
-3.1057716929133856
 30
0
 11
5.2742789370078738
 21
-3.1044918503937007
 31
0
  0
LINE
  5
E53
330
22
100
AcDbEntity
  8
F.Mask
  6
CONTINUOUS
100
AcDbLine
 10
5.2742789370078738
 20
-3.1044918503937007
 30
0
 11
5.2775590551181102
 21
-3.1043307086614171
 31
0
  0
LINE
  5
E54
330
22
100
AcDbEntity
  8
F.Mask
  6
CONTINUOUS
100
AcDbLine
 10
5.2775590551181102
 20
-3.1043307086614171
 30
0
 11
5.3523622047244093
 21
-3.1043307086614171
 31
0
  0
LINE
  5
E55
330
22
100
AcDbEntity
  8
F.Mask
  6
CONTINUOUS
100
AcDbLine
 10
5.3523622047244093
 20
-3.1043307086614171
 30
0
 11
5.3556423228346457
 21
-3.1044918503937007
 31
0
  0
LINE
  5
E56
330
22
100
AcDbEntity
  8
F.Mask
  6
CONTINUOUS
100
AcDbLine
 10
6.7007945275590552
 20
-2.9164735826771655
 30
0
 11
6.7107432677165351
 21
-2.91913937007874
 31
0
  0
LINE
  5
E57
330
22
100
AcDbEntity
  8
F.Mask
  6
CONTINUOUS
100
AcDbLine
 10
6.7107432677165351
 20
-2.91913937007874
 30
0
 11
6.7202589370078742
 21
-2.923080905511811
 31
0
  0
LINE
  5
E58
330
22
100
AcDbEntity
  8
F.Mask
  6
CONTINUOUS
100
AcDbLine
 10
6.7202589370078742
 20
-2.923080905511811
 30
0
 11
6.7291787401574803
 21
-2.928230748031496
 31
0
  0
LINE
  5
E59
330
22
100
AcDbEntity
  8
F.Mask
  6
CONTINUOUS
100
AcDbLine
 10
6.7291787401574803
 20
-2.928230748031496
 30
0
 11
6.7373500787401577
 21
-2.9345007874015749
 31
0
  0
LINE
  5
E5A
330
22
100
AcDbEntity
  8
F.Mask
  6
CONTINUOUS
100
AcDbLine
 10
6.7373500787401577
 20
-2.9345007874015749
 30
0
 11
6.7446330708661417
 21
-2.941783779527559
 31
0
  0
LINE
  5
E5B
330
22
100
AcDbEntity
  8
F.Mask
  6
CONTINUOUS
100
AcDbLine
 10
6.7446330708661417
 20
-2.941783779527559
 30
0
 11
6.7509031102362203
 21
-2.9499551181102364
 31
0
  0
LINE
  5
E5C
330
22
100
AcDbEntity
  8
F.Mask
  6
CONTINUOUS
100
AcDbLine
 10
6.7509031102362203
 20
-2.9499551181102364
 30
0
 11
6.7560529527559057
 21
-2.9588749212598424
 31
0
  0
LINE
  5
E5D
330
22
100
AcDbEntity
  8
F.Mask
  6
CONTINUOUS
100
AcDbLine
 10
6.7560529527559057
 20
-2.9588749212598424
 30
0
 11
6.7599944881889762
 21
-2.9683905905511812
 31
0
  0
LINE
  5
E5E
330
22
100
AcDbEntity
  8
F.Mask
  6
CONTINUOUS
100
AcDbLine
 10
6.7599944881889762
 20
-2.9683905905511812
 30
0
 11
6.7626602755905507
 21
-2.9783393307086614
 31
0
  0
LINE
  5
E5F
330
22
100
AcDbEntity
  8
F.Mask
  6
CONTINUOUS
100
AcDbLine
 10
6.7626602755905507
 20
-2.9783393307086614
 30
0
 11
6.7640046456692913
 21
-2.9885509448818897
 31
0
  0
LINE
  5
E60
330
22
100
AcDbEntity
  8
F.Mask
  6
CONTINUOUS
100
AcDbLine
 10
6.7640046456692913
 20
-2.9885509448818897
 30
0
 11
6.7640046456692913
 21
-2.9988506299212596
 31
0
  0
LINE
  5
E61
330
22
100
AcDbEntity
  8
F.Mask
  6
CONTINUOUS
100
AcDbLine
 10
6.7640046456692913
 20
-2.9988506299212596
 30
0
 11
6.7626602755905507
 21
-3.0090622440944883
 31
0
  0
LINE
  5
E62
330
22
100
AcDbEntity
  8
F.Mask
  6
CONTINUOUS
100
AcDbLine
 10
6.7626602755905507
 20
-3.0090622440944883
 30
0
 11
6.7599944881889762
 21
-3.0190109842519686
 31
0
  0
LINE
  5
E63
330
22
100
AcDbEntity
  8
F.Mask
  6
CONTINUOUS
100
AcDbLine
 10
6.7599944881889762
 20
-3.0190109842519686
 30
0
 11
6.7560529527559057
 21
-3.0285266535433069
 31
0
  0
LINE
  5
E64
330
22
100
AcDbEntity
  8
F.Mask
  6
CONTINUOUS
100
AcDbLine
 10
6.7560529527559057
 20
-3.0285266535433069
 30
0
 11
6.7509031102362203
 21
-3.0374464566929134
 31
0
  0
LINE
  5
E65
330
22
100
AcDbEntity
  8
F.Mask
  6
CONTINUOUS
100
AcDbLine
 10
6.7509031102362203
 20
-3.0374464566929134
 30
0
 11
6.7446330708661417
 21
-3.0456177952755903
 31
0
  0
LINE
  5
E66
330
22
100
AcDbEntity
  8
F.Mask
  6
CONTINUOUS
100
AcDbLine
 10
6.7446330708661417
 20
-3.0456177952755903
 30
0
 11
6.7373500787401577
 21
-3.0529007874015748
 31
0
  0
LINE
  5
E67
330
22
100
AcDbEntity
  8
F.Mask
  6
CONTINUOUS
100
AcDbLine
 10
6.7373500787401577
 20
-3.0529007874015748
 30
0
 11
6.7291787401574803
 21
-3.0591708267716533
 31
0
  0
LINE
  5
E68
330
22
100
AcDbEntity
  8
F.Mask
  6
CONTINUOUS
100
AcDbLine
 10
6.7291787401574803
 20
-3.0591708267716533
 30
0
 11
6.7202589370078742
 21
-3.0643206692913387
 31
0
  0
LINE
  5
E69
330
22
100
AcDbEntity
  8
F.Mask
  6
CONTINUOUS
100
AcDbLine
 10
6.7202589370078742
 20
-3.0643206692913387
 30
0
 11
6.7107432677165351
 21
-3.0682622047244092
 31
0
  0
LINE
  5
E6A
330
22
100
AcDbEntity
  8
F.Mask
  6
CONTINUOUS
100
AcDbLine
 10
6.7107432677165351
 20
-3.0682622047244092
 30
0
 11
6.7007945275590552
 21
-3.0709279921259842
 31
0
  0
LINE
  5
E6B
330
22
100
AcDbEntity
  8
F.Mask
  6
CONTINUOUS
100
AcDbLine
 10
6.7007945275590552
 20
-3.0709279921259842
 30
0
 11
6.6905829133858266
 21
-3.0722723622047243
 31
0
  0
LINE
  5
E6C
330
22
100
AcDbEntity
  8
F.Mask
  6
CONTINUOUS
100
AcDbLine
 10
6.6905829133858266
 20
-3.0722723622047243
 30
0
 11
6.6802832283464566
 21
-3.0722723622047243
 31
0
  0
LINE
  5
E6D
330
22
100
AcDbEntity
  8
F.Mask
  6
CONTINUOUS
100
AcDbLine
 10
6.6802832283464566
 20
-3.0722723622047243
 30
0
 11
6.6700716141732279
 21
-3.0709279921259842
 31
0
  0
LINE
  5
E6E
330
22
100
AcDbEntity
  8
F.Mask
  6
CONTINUOUS
100
AcDbLine
 10
6.6700716141732279
 20
-3.0709279921259842
 30
0
 11
6.6601228740157481
 21
-3.0682622047244092
 31
0
  0
LINE
  5
E6F
330
22
100
AcDbEntity
  8
F.Mask
  6
CONTINUOUS
100
AcDbLine
 10
6.6601228740157481
 20
-3.0682622047244092
 30
0
 11
6.6506072047244089
 21
-3.0643206692913387
 31
0
  0
LINE
  5
E70
330
22
100
AcDbEntity
  8
F.Mask
  6
CONTINUOUS
100
AcDbLine
 10
6.6506072047244089
 20
-3.0643206692913387
 30
0
 11
6.6416874015748029
 21
-3.0591708267716533
 31
0
  0
LINE
  5
E71
330
22
100
AcDbEntity
  8
F.Mask
  6
CONTINUOUS
100
AcDbLine
 10
6.6416874015748029
 20
-3.0591708267716533
 30
0
 11
6.6335160629921255
 21
-3.0529007874015748
 31
0
  0
LINE
  5
E72
330
22
100
AcDbEntity
  8
F.Mask
  6
CONTINUOUS
100
AcDbLine
 10
6.6335160629921255
 20
-3.0529007874015748
 30
0
 11
6.6262330708661414
 21
-3.0456177952755903
 31
0
  0
LINE
  5
E73
330
22
100
AcDbEntity
  8
F.Mask
  6
CONTINUOUS
100
AcDbLine
 10
6.6262330708661414
 20
-3.0456177952755903
 30
0
 11
6.6199630314960629
 21
-3.0374464566929134
 31
0
  0
LINE
  5
E74
330
22
100
AcDbEntity
  8
F.Mask
  6
CONTINUOUS
100
AcDbLine
 10
6.6199630314960629
 20
-3.0374464566929134
 30
0
 11
6.6148131889763775
 21
-3.0285266535433069
 31
0
  0
LINE
  5
E75
330
22
100
AcDbEntity
  8
F.Mask
  6
CONTINUOUS
100
AcDbLine
 10
6.6148131889763775
 20
-3.0285266535433069
 30
0
 11
6.610871653543307
 21
-3.0190109842519686
 31
0
  0
LINE
  5
E76
330
22
100
AcDbEntity
  8
F.Mask
  6
CONTINUOUS
100
AcDbLine
 10
6.610871653543307
 20
-3.0190109842519686
 30
0
 11
6.6082058661417324
 21
-3.0090622440944883
 31
0
  0
LINE
  5
E77
330
22
100
AcDbEntity
  8
F.Mask
  6
CONTINUOUS
100
AcDbLine
 10
6.6082058661417324
 20
-3.0090622440944883
 30
0
 11
6.6068614960629919
 21
-2.9988506299212596
 31
0
  0
LINE
  5
E78
330
22
100
AcDbEntity
  8
F.Mask
  6
CONTINUOUS
100
AcDbLine
 10
6.6068614960629919
 20
-2.9988506299212596
 30
0
 11
6.6068614960629919
 21
-2.9885509448818897
 31
0
  0
LINE
  5
E79
330
22
100
AcDbEntity
  8
F.Mask
  6
CONTINUOUS
100
AcDbLine
 10
6.6068614960629919
 20
-2.9885509448818897
 30
0
 11
6.6082058661417324
 21
-2.9783393307086614
 31
0
  0
LINE
  5
E7A
330
22
100
AcDbEntity
  8
F.Mask
  6
CONTINUOUS
100
AcDbLine
 10
6.6082058661417324
 20
-2.9783393307086614
 30
0
 11
6.610871653543307
 21
-2.9683905905511812
 31
0
  0
LINE
  5
E7B
330
22
100
AcDbEntity
  8
F.Mask
  6
CONTINUOUS
100
AcDbLine
 10
6.610871653543307
 20
-2.9683905905511812
 30
0
 11
6.6148131889763775
 21
-2.9588749212598424
 31
0
  0
LINE
  5
E7C
330
22
100
AcDbEntity
  8
F.Mask
  6
CONTINUOUS
100
AcDbLine
 10
6.6148131889763775
 20
-2.9588749212598424
 30
0
 11
6.6199630314960629
 21
-2.9499551181102364
 31
0
  0
LINE
  5
E7D
330
22
100
AcDbEntity
  8
F.Mask
  6
CONTINUOUS
100
AcDbLine
 10
6.6199630314960629
 20
-2.9499551181102364
 30
0
 11
6.6262330708661414
 21
-2.941783779527559
 31
0
  0
LINE
  5
E7E
330
22
100
AcDbEntity
  8
F.Mask
  6
CONTINUOUS
100
AcDbLine
 10
6.6262330708661414
 20
-2.941783779527559
 30
0
 11
6.6335160629921255
 21
-2.9345007874015749
 31
0
  0
LINE
  5
E7F
330
22
100
AcDbEntity
  8
F.Mask
  6
CONTINUOUS
100
AcDbLine
 10
6.6335160629921255
 20
-2.9345007874015749
 30
0
 11
6.6416874015748029
 21
-2.928230748031496
 31
0
  0
LINE
  5
E80
330
22
100
AcDbEntity
  8
F.Mask
  6
CONTINUOUS
100
AcDbLine
 10
6.6416874015748029
 20
-2.928230748031496
 30
0
 11
6.6506072047244089
 21
-2.923080905511811
 31
0
  0
LINE
  5
E81
330
22
100
AcDbEntity
  8
F.Mask
  6
CONTINUOUS
100
AcDbLine
 10
6.6506072047244089
 20
-2.923080905511811
 30
0
 11
6.6601228740157481
 21
-2.91913937007874
 31
0
  0
LINE
  5
E82
330
22
100
AcDbEntity
  8
F.Mask
  6
CONTINUOUS
100
AcDbLine
 10
6.6601228740157481
 20
-2.91913937007874
 30
0
 11
6.6700716141732279
 21
-2.9164735826771655
 31
0
  0
LINE
  5
E83
330
22
100
AcDbEntity
  8
F.Mask
  6
CONTINUOUS
100
AcDbLine
 10
6.6700716141732279
 20
-2.9164735826771655
 30
0
 11
6.6802832283464566
 21
-2.9151292125984249
 31
0
  0
LINE
  5
E84
330
22
100
AcDbEntity
  8
F.Mask
  6
CONTINUOUS
100
AcDbLine
 10
6.6802832283464566
 20
-2.9151292125984249
 30
0
 11
6.6905829133858266
 21
-2.9151292125984249
 31
0
  0
LINE
  5
E85
330
22
100
AcDbEntity
  8
F.Mask
  6
CONTINUOUS
100
AcDbLine
 10
6.6905829133858266
 20
-2.9151292125984249
 30
0
 11
6.7007945275590552
 21
-2.9164735826771655
 31
0
  0
LINE
  5
E86
330
22
100
AcDbEntity
  8
F.Mask
  6
CONTINUOUS
100
AcDbLine
 10
4.676508464566929
 20
-3.0044918503937006
 30
0
 11
4.6829425984251971
 21
-3.005771692913386
 31
0
  0
LINE
  5
E87
330
22
100
AcDbEntity
  8
F.Mask
  6
CONTINUOUS
100
AcDbLine
 10
4.6829425984251971
 20
-3.005771692913386
 30
0
 11
4.6890034251968506
 21
-3.0082821653543306
 31
0
  0
LINE
  5
E88
330
22
100
AcDbEntity
  8
F.Mask
  6
CONTINUOUS
100
AcDbLine
 10
4.6890034251968506
 20
-3.0082821653543306
 30
0
 11
4.6944580314960627
 21
-3.0119268110236219
 31
0
  0
LINE
  5
E89
330
22
100
AcDbEntity
  8
F.Mask
  6
CONTINUOUS
100
AcDbLine
 10
4.6944580314960627
 20
-3.0119268110236219
 30
0
 11
4.6990968110236215
 21
-3.0165655905511812
 31
0
  0
LINE
  5
E8A
330
22
100
AcDbEntity
  8
F.Mask
  6
CONTINUOUS
100
AcDbLine
 10
4.6990968110236215
 20
-3.0165655905511812
 30
0
 11
4.7027414566929133
 21
-3.0220201968503937
 31
0
  0
LINE
  5
E8B
330
22
100
AcDbEntity
  8
F.Mask
  6
CONTINUOUS
100
AcDbLine
 10
4.7027414566929133
 20
-3.0220201968503937
 30
0
 11
4.7052519291338584
 21
-3.0280810236220472
 31
0
  0
LINE
  5
E8C
330
22
100
AcDbEntity
  8
F.Mask
  6
CONTINUOUS
100
AcDbLine
 10
4.7052519291338584
 20
-3.0280810236220472
 30
0
 11
4.7065317716535429
 21
-3.0345151574803149
 31
0
  0
LINE
  5
E8D
330
22
100
AcDbEntity
  8
F.Mask
  6
CONTINUOUS
100
AcDbLine
 10
4.7065317716535429
 20
-3.0345151574803149
 30
0
 11
4.7065317716535429
 21
-3.0410753937007873
 31
0
  0
LINE
  5
E8E
330
22
100
AcDbEntity
  8
F.Mask
  6
CONTINUOUS
100
AcDbLine
 10
4.7065317716535429
 20
-3.0410753937007873
 30
0
 11
4.7052519291338584
 21
-3.0475095275590549
 31
0
  0
LINE
  5
E8F
330
22
100
AcDbEntity
  8
F.Mask
  6
CONTINUOUS
100
AcDbLine
 10
4.7052519291338584
 20
-3.0475095275590549
 30
0
 11
4.7027414566929133
 21
-3.0535703543307084
 31
0
  0
LINE
  5
E90
330
22
100
AcDbEntity
  8
F.Mask
  6
CONTINUOUS
100
AcDbLine
 10
4.7027414566929133
 20
-3.0535703543307084
 30
0
 11
4.6990968110236215
 21
-3.0590249606299214
 31
0
  0
LINE
  5
E91
330
22
100
AcDbEntity
  8
F.Mask
  6
CONTINUOUS
100
AcDbLine
 10
4.6990968110236215
 20
-3.0590249606299214
 30
0
 11
4.6944580314960627
 21
-3.0636637401574802
 31
0
  0
LINE
  5
E92
330
22
100
AcDbEntity
  8
F.Mask
  6
CONTINUOUS
100
AcDbLine
 10
4.6944580314960627
 20
-3.0636637401574802
 30
0
 11
4.6890034251968506
 21
-3.0673083858267716
 31
0
  0
LINE
  5
E93
330
22
100
AcDbEntity
  8
F.Mask
  6
CONTINUOUS
100
AcDbLine
 10
4.6890034251968506
 20
-3.0673083858267716
 30
0
 11
4.6829425984251971
 21
-3.0698188582677166
 31
0
  0
LINE
  5
E94
330
22
100
AcDbEntity
  8
F.Mask
  6
CONTINUOUS
100
AcDbLine
 10
4.6829425984251971
 20
-3.0698188582677166
 30
0
 11
4.676508464566929
 21
-3.0710987007874015
 31
0
  0
LINE
  5
E95
330
22
100
AcDbEntity
  8
F.Mask
  6
CONTINUOUS
100
AcDbLine
 10
4.676508464566929
 20
-3.0710987007874015
 30
0
 11
4.6732283464566926
 21
-3.0712598425196851
 31
0
  0
LINE
  5
E96
330
22
100
AcDbEntity
  8
F.Mask
  6
CONTINUOUS
100
AcDbLine
 10
4.6732283464566926
 20
-3.0712598425196851
 30
0
 11
4.5984251968503935
 21
-3.0712598425196851
 31
0
  0
LINE
  5
E97
330
22
100
AcDbEntity
  8
F.Mask
  6
CONTINUOUS
100
AcDbLine
 10
4.5984251968503935
 20
-3.0712598425196851
 30
0
 11
4.5951450787401571
 21
-3.0710987007874015
 31
0
  0
LINE
  5
E98
330
22
100
AcDbEntity
  8
F.Mask
  6
CONTINUOUS
100
AcDbLine
 10
4.5951450787401571
 20
-3.0710987007874015
 30
0
 11
4.5887109448818899
 21
-3.0698188582677166
 31
0
  0
LINE
  5
E99
330
22
100
AcDbEntity
  8
F.Mask
  6
CONTINUOUS
100
AcDbLine
 10
4.5887109448818899
 20
-3.0698188582677166
 30
0
 11
4.5826501181102364
 21
-3.0673083858267716
 31
0
  0
LINE
  5
E9A
330
22
100
AcDbEntity
  8
F.Mask
  6
CONTINUOUS
100
AcDbLine
 10
4.5826501181102364
 20
-3.0673083858267716
 30
0
 11
4.5771955118110235
 21
-3.0636637401574802
 31
0
  0
LINE
  5
E9B
330
22
100
AcDbEntity
  8
F.Mask
  6
CONTINUOUS
100
AcDbLine
 10
4.5771955118110235
 20
-3.0636637401574802
 30
0
 11
4.5725567322834646
 21
-3.0590249606299214
 31
0
  0
LINE
  5
E9C
330
22
100
AcDbEntity
  8
F.Mask
  6
CONTINUOUS
100
AcDbLine
 10
4.5725567322834646
 20
-3.0590249606299214
 30
0
 11
4.5689120866141728
 21
-3.0535703543307084
 31
0
  0
LINE
  5
E9D
330
22
100
AcDbEntity
  8
F.Mask
  6
CONTINUOUS
100
AcDbLine
 10
4.5689120866141728
 20
-3.0535703543307084
 30
0
 11
4.5664016141732287
 21
-3.0475095275590549
 31
0
  0
LINE
  5
E9E
330
22
100
AcDbEntity
  8
F.Mask
  6
CONTINUOUS
100
AcDbLine
 10
4.5664016141732287
 20
-3.0475095275590549
 30
0
 11
4.5651217716535433
 21
-3.0410753937007873
 31
0
  0
LINE
  5
E9F
330
22
100
AcDbEntity
  8
F.Mask
  6
CONTINUOUS
100
AcDbLine
 10
4.5651217716535433
 20
-3.0410753937007873
 30
0
 11
4.5651217716535433
 21
-3.0345151574803149
 31
0
  0
LINE
  5
EA0
330
22
100
AcDbEntity
  8
F.Mask
  6
CONTINUOUS
100
AcDbLine
 10
4.5651217716535433
 20
-3.0345151574803149
 30
0
 11
4.5664016141732287
 21
-3.0280810236220472
 31
0
  0
LINE
  5
EA1
330
22
100
AcDbEntity
  8
F.Mask
  6
CONTINUOUS
100
AcDbLine
 10
4.5664016141732287
 20
-3.0280810236220472
 30
0
 11
4.5689120866141728
 21
-3.0220201968503937
 31
0
  0
LINE
  5
EA2
330
22
100
AcDbEntity
  8
F.Mask
  6
CONTINUOUS
100
AcDbLine
 10
4.5689120866141728
 20
-3.0220201968503937
 30
0
 11
4.5725567322834646
 21
-3.0165655905511812
 31
0
  0
LINE
  5
EA3
330
22
100
AcDbEntity
  8
F.Mask
  6
CONTINUOUS
100
AcDbLine
 10
4.5725567322834646
 20
-3.0165655905511812
 30
0
 11
4.5771955118110235
 21
-3.0119268110236219
 31
0
  0
LINE
  5
EA4
330
22
100
AcDbEntity
  8
F.Mask
  6
CONTINUOUS
100
AcDbLine
 10
4.5771955118110235
 20
-3.0119268110236219
 30
0
 11
4.5826501181102364
 21
-3.0082821653543306
 31
0
  0
LINE
  5
EA5
330
22
100
AcDbEntity
  8
F.Mask
  6
CONTINUOUS
100
AcDbLine
 10
4.5826501181102364
 20
-3.0082821653543306
 30
0
 11
4.5887109448818899
 21
-3.005771692913386
 31
0
  0
LINE
  5
EA6
330
22
100
AcDbEntity
  8
F.Mask
  6
CONTINUOUS
100
AcDbLine
 10
4.5887109448818899
 20
-3.005771692913386
 30
0
 11
4.5951450787401571
 21
-3.0044918503937006
 31
0
  0
LINE
  5
EA7
330
22
100
AcDbEntity
  8
F.Mask
  6
CONTINUOUS
100
AcDbLine
 10
4.5951450787401571
 20
-3.0044918503937006
 30
0
 11
4.5984251968503935
 21
-3.004330708661417
 31
0
  0
LINE
  5
EA8
330
22
100
AcDbEntity
  8
F.Mask
  6
CONTINUOUS
100
AcDbLine
 10
4.5984251968503935
 20
-3.004330708661417
 30
0
 11
4.6732283464566926
 21
-3.004330708661417
 31
0
  0
LINE
  5
EA9
330
22
100
AcDbEntity
  8
F.Mask
  6
CONTINUOUS
100
AcDbLine
 10
4.6732283464566926
 20
-3.004330708661417
 30
0
 11
4.676508464566929
 21
-3.0044918503937006
 31
0
  0
LINE
  5
EAA
330
22
100
AcDbEntity
  8
F.Mask
  6
CONTINUOUS
100
AcDbLine
 10
5.3556423228346457
 20
-3.0044918503937006
 30
0
 11
5.3620764566929129
 21
-3.005771692913386
 31
0
  0
LINE
  5
EAB
330
22
100
AcDbEntity
  8
F.Mask
  6
CONTINUOUS
100
AcDbLine
 10
5.3620764566929129
 20
-3.005771692913386
 30
0
 11
5.3681372834645664
 21
-3.0082821653543306
 31
0
  0
LINE
  5
EAC
330
22
100
AcDbEntity
  8
F.Mask
  6
CONTINUOUS
100
AcDbLine
 10
5.3681372834645664
 20
-3.0082821653543306
 30
0
 11
5.3735918897637793
 21
-3.0119268110236219
 31
0
  0
LINE
  5
EAD
330
22
100
AcDbEntity
  8
F.Mask
  6
CONTINUOUS
100
AcDbLine
 10
5.3735918897637793
 20
-3.0119268110236219
 30
0
 11
5.3782306692913382
 21
-3.0165655905511812
 31
0
  0
LINE
  5
EAE
330
22
100
AcDbEntity
  8
F.Mask
  6
CONTINUOUS
100
AcDbLine
 10
5.3782306692913382
 20
-3.0165655905511812
 30
0
 11
5.38187531496063
 21
-3.0220201968503937
 31
0
  0
LINE
  5
EAF
330
22
100
AcDbEntity
  8
F.Mask
  6
CONTINUOUS
100
AcDbLine
 10
5.38187531496063
 20
-3.0220201968503937
 30
0
 11
5.384385787401575
 21
-3.0280810236220472
 31
0
  0
LINE
  5
EB0
330
22
100
AcDbEntity
  8
F.Mask
  6
CONTINUOUS
100
AcDbLine
 10
5.384385787401575
 20
-3.0280810236220472
 30
0
 11
5.3856656299212595
 21
-3.0345151574803149
 31
0
  0
LINE
  5
EB1
330
22
100
AcDbEntity
  8
F.Mask
  6
CONTINUOUS
100
AcDbLine
 10
5.3856656299212595
 20
-3.0345151574803149
 30
0
 11
5.3856656299212595
 21
-3.0410753937007873
 31
0
  0
LINE
  5
EB2
330
22
100
AcDbEntity
  8
F.Mask
  6
CONTINUOUS
100
AcDbLine
 10
5.3856656299212595
 20
-3.0410753937007873
 30
0
 11
5.384385787401575
 21
-3.0475095275590549
 31
0
  0
LINE
  5
EB3
330
22
100
AcDbEntity
  8
F.Mask
  6
CONTINUOUS
100
AcDbLine
 10
5.384385787401575
 20
-3.0475095275590549
 30
0
 11
5.38187531496063
 21
-3.0535703543307084
 31
0
  0
LINE
  5
EB4
330
22
100
AcDbEntity
  8
F.Mask
  6
CONTINUOUS
100
AcDbLine
 10
5.38187531496063
 20
-3.0535703543307084
 30
0
 11
5.3782306692913382
 21
-3.0590249606299214
 31
0
  0
LINE
  5
EB5
330
22
100
AcDbEntity
  8
F.Mask
  6
CONTINUOUS
100
AcDbLine
 10
5.3782306692913382
 20
-3.0590249606299214
 30
0
 11
5.3735918897637793
 21
-3.0636637401574802
 31
0
  0
LINE
  5
EB6
330
22
100
AcDbEntity
  8
F.Mask
  6
CONTINUOUS
100
AcDbLine
 10
5.3735918897637793
 20
-3.0636637401574802
 30
0
 11
5.3681372834645664
 21
-3.0673083858267716
 31
0
  0
LINE
  5
EB7
330
22
100
AcDbEntity
  8
F.Mask
  6
CONTINUOUS
100
AcDbLine
 10
5.3681372834645664
 20
-3.0673083858267716
 30
0
 11
5.3620764566929129
 21
-3.0698188582677166
 31
0
  0
LINE
  5
EB8
330
22
100
AcDbEntity
  8
F.Mask
  6
CONTINUOUS
100
AcDbLine
 10
5.3620764566929129
 20
-3.0698188582677166
 30
0
 11
5.3556423228346457
 21
-3.0710987007874015
 31
0
  0
LINE
  5
EB9
330
22
100
AcDbEntity
  8
F.Mask
  6
CONTINUOUS
100
AcDbLine
 10
5.3556423228346457
 20
-3.0710987007874015
 30
0
 11
5.3523622047244093
 21
-3.0712598425196851
 31
0
  0
LINE
  5
EBA
330
22
100
AcDbEntity
  8
F.Mask
  6
CONTINUOUS
100
AcDbLine
 10
5.3523622047244093
 20
-3.0712598425196851
 30
0
 11
5.2775590551181102
 21
-3.0712598425196851
 31
0
  0
LINE
  5
EBB
330
22
100
AcDbEntity
  8
F.Mask
  6
CONTINUOUS
100
AcDbLine
 10
5.2775590551181102
 20
-3.0712598425196851
 30
0
 11
5.2742789370078738
 21
-3.0710987007874015
 31
0
  0
LINE
  5
EBC
330
22
100
AcDbEntity
  8
F.Mask
  6
CONTINUOUS
100
AcDbLine
 10
5.2742789370078738
 20
-3.0710987007874015
 30
0
 11
5.2678448031496066
 21
-3.0698188582677166
 31
0
  0
LINE
  5
EBD
330
22
100
AcDbEntity
  8
F.Mask
  6
CONTINUOUS
100
AcDbLine
 10
5.2678448031496066
 20
-3.0698188582677166
 30
0
 11
5.261783976377953
 21
-3.0673083858267716
 31
0
  0
LINE
  5
EBE
330
22
100
AcDbEntity
  8
F.Mask
  6
CONTINUOUS
100
AcDbLine
 10
5.261783976377953
 20
-3.0673083858267716
 30
0
 11
5.2563293700787401
 21
-3.0636637401574802
 31
0
  0
LINE
  5
EBF
330
22
100
AcDbEntity
  8
F.Mask
  6
CONTINUOUS
100
AcDbLine
 10
5.2563293700787401
 20
-3.0636637401574802
 30
0
 11
5.2516905905511813
 21
-3.0590249606299214
 31
0
  0
LINE
  5
EC0
330
22
100
AcDbEntity
  8
F.Mask
  6
CONTINUOUS
100
AcDbLine
 10
5.2516905905511813
 20
-3.0590249606299214
 30
0
 11
5.2480459448818895
 21
-3.0535703543307084
 31
0
  0
LINE
  5
EC1
330
22
100
AcDbEntity
  8
F.Mask
  6
CONTINUOUS
100
AcDbLine
 10
5.2480459448818895
 20
-3.0535703543307084
 30
0
 11
5.2455354724409444
 21
-3.0475095275590549
 31
0
  0
LINE
  5
EC2
330
22
100
AcDbEntity
  8
F.Mask
  6
CONTINUOUS
100
AcDbLine
 10
5.2455354724409444
 20
-3.0475095275590549
 30
0
 11
5.2442556299212599
 21
-3.0410753937007873
 31
0
  0
LINE
  5
EC3
330
22
100
AcDbEntity
  8
F.Mask
  6
CONTINUOUS
100
AcDbLine
 10
5.2442556299212599
 20
-3.0410753937007873
 30
0
 11
5.2442556299212599
 21
-3.0345151574803149
 31
0
  0
LINE
  5
EC4
330
22
100
AcDbEntity
  8
F.Mask
  6
CONTINUOUS
100
AcDbLine
 10
5.2442556299212599
 20
-3.0345151574803149
 30
0
 11
5.2455354724409444
 21
-3.0280810236220472
 31
0
  0
LINE
  5
EC5
330
22
100
AcDbEntity
  8
F.Mask
  6
CONTINUOUS
100
AcDbLine
 10
5.2455354724409444
 20
-3.0280810236220472
 30
0
 11
5.2480459448818895
 21
-3.0220201968503937
 31
0
  0
LINE
  5
EC6
330
22
100
AcDbEntity
  8
F.Mask
  6
CONTINUOUS
100
AcDbLine
 10
5.2480459448818895
 20
-3.0220201968503937
 30
0
 11
5.2516905905511813
 21
-3.0165655905511812
 31
0
  0
LINE
  5
EC7
330
22
100
AcDbEntity
  8
F.Mask
  6
CONTINUOUS
100
AcDbLine
 10
5.2516905905511813
 20
-3.0165655905511812
 30
0
 11
5.2563293700787401
 21
-3.0119268110236219
 31
0
  0
LINE
  5
EC8
330
22
100
AcDbEntity
  8
F.Mask
  6
CONTINUOUS
100
AcDbLine
 10
5.2563293700787401
 20
-3.0119268110236219
 30
0
 11
5.261783976377953
 21
-3.0082821653543306
 31
0
  0
LINE
  5
EC9
330
22
100
AcDbEntity
  8
F.Mask
  6
CONTINUOUS
100
AcDbLine
 10
5.261783976377953
 20
-3.0082821653543306
 30
0
 11
5.2678448031496066
 21
-3.005771692913386
 31
0
  0
LINE
  5
ECA
330
22
100
AcDbEntity
  8
F.Mask
  6
CONTINUOUS
100
AcDbLine
 10
5.2678448031496066
 20
-3.005771692913386
 30
0
 11
5.2742789370078738
 21
-3.0044918503937006
 31
0
  0
LINE
  5
ECB
330
22
100
AcDbEntity
  8
F.Mask
  6
CONTINUOUS
100
AcDbLine
 10
5.2742789370078738
 20
-3.0044918503937006
 30
0
 11
5.2775590551181102
 21
-3.004330708661417
 31
0
  0
LINE
  5
ECC
330
22
100
AcDbEntity
  8
F.Mask
  6
CONTINUOUS
100
AcDbLine
 10
5.2775590551181102
 20
-3.004330708661417
 30
0
 11
5.3523622047244093
 21
-3.004330708661417
 31
0
  0
LINE
  5
ECD
330
22
100
AcDbEntity
  8
F.Mask
  6
CONTINUOUS
100
AcDbLine
 10
5.3523622047244093
 20
-3.004330708661417
 30
0
 11
5.3556423228346457
 21
-3.0044918503937006
 31
0
  0
LINE
  5
ECE
330
22
100
AcDbEntity
  8
F.Mask
  6
CONTINUOUS
100
AcDbLine
 10
6.4951473228346455
 20
-2.9616772047244093
 30
0
 11
6.501208149606299
 21
-2.9641876771653544
 31
0
  0
LINE
  5
ECF
330
22
100
AcDbEntity
  8
F.Mask
  6
CONTINUOUS
100
AcDbLine
 10
6.501208149606299
 20
-2.9641876771653544
 30
0
 11
6.5066627559055119
 21
-2.9678323228346457
 31
0
  0
LINE
  5
ED0
330
22
100
AcDbEntity
  8
F.Mask
  6
CONTINUOUS
100
AcDbLine
 10
6.5066627559055119
 20
-2.9678323228346457
 30
0
 11
6.5113015354330708
 21
-2.9724711023622046
 31
0
  0
LINE
  5
ED1
330
22
100
AcDbEntity
  8
F.Mask
  6
CONTINUOUS
100
AcDbLine
 10
6.5113015354330708
 20
-2.9724711023622046
 30
0
 11
6.5149461811023617
 21
-2.977925708661417
 31
0
  0
LINE
  5
ED2
330
22
100
AcDbEntity
  8
F.Mask
  6
CONTINUOUS
100
AcDbLine
 10
6.5149461811023617
 20
-2.977925708661417
 30
0
 11
6.5174566535433067
 21
-2.983986535433071
 31
0
  0
LINE
  5
ED3
330
22
100
AcDbEntity
  8
F.Mask
  6
CONTINUOUS
100
AcDbLine
 10
6.5174566535433067
 20
-2.983986535433071
 30
0
 11
6.5187364960629921
 21
-2.9904206692913387
 31
0
  0
LINE
  5
ED4
330
22
100
AcDbEntity
  8
F.Mask
  6
CONTINUOUS
100
AcDbLine
 10
6.5187364960629921
 20
-2.9904206692913387
 30
0
 11
6.5187364960629921
 21
-2.9969809055118111
 31
0
  0
LINE
  5
ED5
330
22
100
AcDbEntity
  8
F.Mask
  6
CONTINUOUS
100
AcDbLine
 10
6.5187364960629921
 20
-2.9969809055118111
 30
0
 11
6.5174566535433067
 21
-3.0034150393700787
 31
0
  0
LINE
  5
ED6
330
22
100
AcDbEntity
  8
F.Mask
  6
CONTINUOUS
100
AcDbLine
 10
6.5174566535433067
 20
-3.0034150393700787
 30
0
 11
6.5149461811023617
 21
-3.0094758661417322
 31
0
  0
LINE
  5
ED7
330
22
100
AcDbEntity
  8
F.Mask
  6
CONTINUOUS
100
AcDbLine
 10
6.5149461811023617
 20
-3.0094758661417322
 30
0
 11
6.5113015354330708
 21
-3.0149304724409447
 31
0
  0
LINE
  5
ED8
330
22
100
AcDbEntity
  8
F.Mask
  6
CONTINUOUS
100
AcDbLine
 10
6.5113015354330708
 20
-3.0149304724409447
 30
0
 11
6.5066627559055119
 21
-3.019569251968504
 31
0
  0
LINE
  5
ED9
330
22
100
AcDbEntity
  8
F.Mask
  6
CONTINUOUS
100
AcDbLine
 10
6.5066627559055119
 20
-3.019569251968504
 30
0
 11
6.501208149606299
 21
-3.0232138976377954
 31
0
  0
LINE
  5
EDA
330
22
100
AcDbEntity
  8
F.Mask
  6
CONTINUOUS
100
AcDbLine
 10
6.501208149606299
 20
-3.0232138976377954
 30
0
 11
6.4951473228346455
 21
-3.02572437007874
 31
0
  0
LINE
  5
EDB
330
22
100
AcDbEntity
  8
F.Mask
  6
CONTINUOUS
100
AcDbLine
 10
6.4951473228346455
 20
-3.02572437007874
 30
0
 11
6.4887131889763774
 21
-3.0270042125984253
 31
0
  0
LINE
  5
EDC
330
22
100
AcDbEntity
  8
F.Mask
  6
CONTINUOUS
100
AcDbLine
 10
6.4887131889763774
 20
-3.0270042125984253
 30
0
 11
6.4821529527559054
 21
-3.0270042125984253
 31
0
  0
LINE
  5
EDD
330
22
100
AcDbEntity
  8
F.Mask
  6
CONTINUOUS
100
AcDbLine
 10
6.4821529527559054
 20
-3.0270042125984253
 30
0
 11
6.4757188188976373
 21
-3.02572437007874
 31
0
  0
LINE
  5
EDE
330
22
100
AcDbEntity
  8
F.Mask
  6
CONTINUOUS
100
AcDbLine
 10
6.4757188188976373
 20
-3.02572437007874
 30
0
 11
6.4696579921259838
 21
-3.0232138976377954
 31
0
  0
LINE
  5
EDF
330
22
100
AcDbEntity
  8
F.Mask
  6
CONTINUOUS
100
AcDbLine
 10
6.4696579921259838
 20
-3.0232138976377954
 30
0
 11
6.4642033858267718
 21
-3.019569251968504
 31
0
  0
LINE
  5
EE0
330
22
100
AcDbEntity
  8
F.Mask
  6
CONTINUOUS
100
AcDbLine
 10
6.4642033858267718
 20
-3.019569251968504
 30
0
 11
6.459564606299212
 21
-3.0149304724409447
 31
0
  0
LINE
  5
EE1
330
22
100
AcDbEntity
  8
F.Mask
  6
CONTINUOUS
100
AcDbLine
 10
6.459564606299212
 20
-3.0149304724409447
 30
0
 11
6.4559199606299211
 21
-3.0094758661417322
 31
0
  0
LINE
  5
EE2
330
22
100
AcDbEntity
  8
F.Mask
  6
CONTINUOUS
100
AcDbLine
 10
6.4559199606299211
 20
-3.0094758661417322
 30
0
 11
6.4534094881889761
 21
-3.0034150393700787
 31
0
  0
LINE
  5
EE3
330
22
100
AcDbEntity
  8
F.Mask
  6
CONTINUOUS
100
AcDbLine
 10
6.4534094881889761
 20
-3.0034150393700787
 30
0
 11
6.4521296456692916
 21
-2.9969809055118111
 31
0
  0
LINE
  5
EE4
330
22
100
AcDbEntity
  8
F.Mask
  6
CONTINUOUS
100
AcDbLine
 10
6.4521296456692916
 20
-2.9969809055118111
 30
0
 11
6.4521296456692916
 21
-2.9904206692913387
 31
0
  0
LINE
  5
EE5
330
22
100
AcDbEntity
  8
F.Mask
  6
CONTINUOUS
100
AcDbLine
 10
6.4521296456692916
 20
-2.9904206692913387
 30
0
 11
6.4534094881889761
 21
-2.983986535433071
 31
0
  0
LINE
  5
EE6
330
22
100
AcDbEntity
  8
F.Mask
  6
CONTINUOUS
100
AcDbLine
 10
6.4534094881889761
 20
-2.983986535433071
 30
0
 11
6.4559199606299211
 21
-2.977925708661417
 31
0
  0
LINE
  5
EE7
330
22
100
AcDbEntity
  8
F.Mask
  6
CONTINUOUS
100
AcDbLine
 10
6.4559199606299211
 20
-2.977925708661417
 30
0
 11
6.459564606299212
 21
-2.9724711023622046
 31
0
  0
LINE
  5
EE8
330
22
100
AcDbEntity
  8
F.Mask
  6
CONTINUOUS
100
AcDbLine
 10
6.459564606299212
 20
-2.9724711023622046
 30
0
 11
6.4642033858267718
 21
-2.9678323228346457
 31
0
  0
LINE
  5
EE9
330
22
100
AcDbEntity
  8
F.Mask
  6
CONTINUOUS
100
AcDbLine
 10
6.4642033858267718
 20
-2.9678323228346457
 30
0
 11
6.4696579921259838
 21
-2.9641876771653544
 31
0
  0
LINE
  5
EEA
330
22
100
AcDbEntity
  8
F.Mask
  6
CONTINUOUS
100
AcDbLine
 10
6.4696579921259838
 20
-2.9641876771653544
 30
0
 11
6.4757188188976373
 21
-2.9616772047244093
 31
0
  0
LINE
  5
EEB
330
22
100
AcDbEntity
  8
F.Mask
  6
CONTINUOUS
100
AcDbLine
 10
6.4757188188976373
 20
-2.9616772047244093
 30
0
 11
6.4821529527559054
 21
-2.9603973622047244
 31
0
  0
LINE
  5
EEC
330
22
100
AcDbEntity
  8
F.Mask
  6
CONTINUOUS
100
AcDbLine
 10
6.4821529527559054
 20
-2.9603973622047244
 30
0
 11
6.4887131889763774
 21
-2.9603973622047244
 31
0
  0
LINE
  5
EED
330
22
100
AcDbEntity
  8
F.Mask
  6
CONTINUOUS
100
AcDbLine
 10
6.4887131889763774
 20
-2.9603973622047244
 30
0
 11
6.4951473228346455
 21
-2.9616772047244093
 31
0
  0
LINE
  5
EEE
330
22
100
AcDbEntity
  8
F.Mask
  6
CONTINUOUS
100
AcDbLine
 10
6.8951473228346458
 20
-2.9616772047244093
 30
0
 11
6.9012081496062994
 21
-2.9641876771653544
 31
0
  0
LINE
  5
EEF
330
22
100
AcDbEntity
  8
F.Mask
  6
CONTINUOUS
100
AcDbLine
 10
6.9012081496062994
 20
-2.9641876771653544
 30
0
 11
6.9066627559055114
 21
-2.9678323228346457
 31
0
  0
LINE
  5
EF0
330
22
100
AcDbEntity
  8
F.Mask
  6
CONTINUOUS
100
AcDbLine
 10
6.9066627559055114
 20
-2.9678323228346457
 30
0
 11
6.9113015354330711
 21
-2.9724711023622046
 31
0
  0
LINE
  5
EF1
330
22
100
AcDbEntity
  8
F.Mask
  6
CONTINUOUS
100
AcDbLine
 10
6.9113015354330711
 20
-2.9724711023622046
 30
0
 11
6.914946181102362
 21
-2.977925708661417
 31
0
  0
LINE
  5
EF2
330
22
100
AcDbEntity
  8
F.Mask
  6
CONTINUOUS
100
AcDbLine
 10
6.914946181102362
 20
-2.977925708661417
 30
0
 11
6.9174566535433071
 21
-2.983986535433071
 31
0
  0
LINE
  5
EF3
330
22
100
AcDbEntity
  8
F.Mask
  6
CONTINUOUS
100
AcDbLine
 10
6.9174566535433071
 20
-2.983986535433071
 30
0
 11
6.9187364960629916
 21
-2.9904206692913387
 31
0
  0
LINE
  5
EF4
330
22
100
AcDbEntity
  8
F.Mask
  6
CONTINUOUS
100
AcDbLine
 10
6.9187364960629916
 20
-2.9904206692913387
 30
0
 11
6.9187364960629916
 21
-2.9969809055118111
 31
0
  0
LINE
  5
EF5
330
22
100
AcDbEntity
  8
F.Mask
  6
CONTINUOUS
100
AcDbLine
 10
6.9187364960629916
 20
-2.9969809055118111
 30
0
 11
6.9174566535433071
 21
-3.0034150393700787
 31
0
  0
LINE
  5
EF6
330
22
100
AcDbEntity
  8
F.Mask
  6
CONTINUOUS
100
AcDbLine
 10
6.9174566535433071
 20
-3.0034150393700787
 30
0
 11
6.914946181102362
 21
-3.0094758661417322
 31
0
  0
LINE
  5
EF7
330
22
100
AcDbEntity
  8
F.Mask
  6
CONTINUOUS
100
AcDbLine
 10
6.914946181102362
 20
-3.0094758661417322
 30
0
 11
6.9113015354330711
 21
-3.0149304724409447
 31
0
  0
LINE
  5
EF8
330
22
100
AcDbEntity
  8
F.Mask
  6
CONTINUOUS
100
AcDbLine
 10
6.9113015354330711
 20
-3.0149304724409447
 30
0
 11
6.9066627559055114
 21
-3.019569251968504
 31
0
  0
LINE
  5
EF9
330
22
100
AcDbEntity
  8
F.Mask
  6
CONTINUOUS
100
AcDbLine
 10
6.9066627559055114
 20
-3.019569251968504
 30
0
 11
6.9012081496062994
 21
-3.0232138976377954
 31
0
  0
LINE
  5
EFA
330
22
100
AcDbEntity
  8
F.Mask
  6
CONTINUOUS
100
AcDbLine
 10
6.9012081496062994
 20
-3.0232138976377954
 30
0
 11
6.8951473228346458
 21
-3.02572437007874
 31
0
  0
LINE
  5
EFB
330
22
100
AcDbEntity
  8
F.Mask
  6
CONTINUOUS
100
AcDbLine
 10
6.8951473228346458
 20
-3.02572437007874
 30
0
 11
6.8887131889763777
 21
-3.0270042125984253
 31
0
  0
LINE
  5
EFC
330
22
100
AcDbEntity
  8
F.Mask
  6
CONTINUOUS
100
AcDbLine
 10
6.8887131889763777
 20
-3.0270042125984253
 30
0
 11
6.8821529527559058
 21
-3.0270042125984253
 31
0
  0
LINE
  5
EFD
330
22
100
AcDbEntity
  8
F.Mask
  6
CONTINUOUS
100
AcDbLine
 10
6.8821529527559058
 20
-3.0270042125984253
 30
0
 11
6.8757188188976377
 21
-3.02572437007874
 31
0
  0
LINE
  5
EFE
330
22
100
AcDbEntity
  8
F.Mask
  6
CONTINUOUS
100
AcDbLine
 10
6.8757188188976377
 20
-3.02572437007874
 30
0
 11
6.8696579921259842
 21
-3.0232138976377954
 31
0
  0
LINE
  5
EFF
330
22
100
AcDbEntity
  8
F.Mask
  6
CONTINUOUS
100
AcDbLine
 10
6.8696579921259842
 20
-3.0232138976377954
 30
0
 11
6.8642033858267713
 21
-3.019569251968504
 31
0
  0
LINE
  5
F00
330
22
100
AcDbEntity
  8
F.Mask
  6
CONTINUOUS
100
AcDbLine
 10
6.8642033858267713
 20
-3.019569251968504
 30
0
 11
6.8595646062992124
 21
-3.0149304724409447
 31
0
  0
LINE
  5
F01
330
22
100
AcDbEntity
  8
F.Mask
  6
CONTINUOUS
100
AcDbLine
 10
6.8595646062992124
 20
-3.0149304724409447
 30
0
 11
6.8559199606299215
 21
-3.0094758661417322
 31
0
  0
LINE
  5
F02
330
22
100
AcDbEntity
  8
F.Mask
  6
CONTINUOUS
100
AcDbLine
 10
6.8559199606299215
 20
-3.0094758661417322
 30
0
 11
6.8534094881889764
 21
-3.0034150393700787
 31
0
  0
LINE
  5
F03
330
22
100
AcDbEntity
  8
F.Mask
  6
CONTINUOUS
100
AcDbLine
 10
6.8534094881889764
 20
-3.0034150393700787
 30
0
 11
6.8521296456692911
 21
-2.9969809055118111
 31
0
  0
LINE
  5
F04
330
22
100
AcDbEntity
  8
F.Mask
  6
CONTINUOUS
100
AcDbLine
 10
6.8521296456692911
 20
-2.9969809055118111
 30
0
 11
6.8521296456692911
 21
-2.9904206692913387
 31
0
  0
LINE
  5
F05
330
22
100
AcDbEntity
  8
F.Mask
  6
CONTINUOUS
100
AcDbLine
 10
6.8521296456692911
 20
-2.9904206692913387
 30
0
 11
6.8534094881889764
 21
-2.983986535433071
 31
0
  0
LINE
  5
F06
330
22
100
AcDbEntity
  8
F.Mask
  6
CONTINUOUS
100
AcDbLine
 10
6.8534094881889764
 20
-2.983986535433071
 30
0
 11
6.8559199606299215
 21
-2.977925708661417
 31
0
  0
LINE
  5
F07
330
22
100
AcDbEntity
  8
F.Mask
  6
CONTINUOUS
100
AcDbLine
 10
6.8559199606299215
 20
-2.977925708661417
 30
0
 11
6.8595646062992124
 21
-2.9724711023622046
 31
0
  0
LINE
  5
F08
330
22
100
AcDbEntity
  8
F.Mask
  6
CONTINUOUS
100
AcDbLine
 10
6.8595646062992124
 20
-2.9724711023622046
 30
0
 11
6.8642033858267713
 21
-2.9678323228346457
 31
0
  0
LINE
  5
F09
330
22
100
AcDbEntity
  8
F.Mask
  6
CONTINUOUS
100
AcDbLine
 10
6.8642033858267713
 20
-2.9678323228346457
 30
0
 11
6.8696579921259842
 21
-2.9641876771653544
 31
0
  0
LINE
  5
F0A
330
22
100
AcDbEntity
  8
F.Mask
  6
CONTINUOUS
100
AcDbLine
 10
6.8696579921259842
 20
-2.9641876771653544
 30
0
 11
6.8757188188976377
 21
-2.9616772047244093
 31
0
  0
LINE
  5
F0B
330
22
100
AcDbEntity
  8
F.Mask
  6
CONTINUOUS
100
AcDbLine
 10
6.8757188188976377
 20
-2.9616772047244093
 30
0
 11
6.8821529527559058
 21
-2.9603973622047244
 31
0
  0
LINE
  5
F0C
330
22
100
AcDbEntity
  8
F.Mask
  6
CONTINUOUS
100
AcDbLine
 10
6.8821529527559058
 20
-2.9603973622047244
 30
0
 11
6.8887131889763777
 21
-2.9603973622047244
 31
0
  0
LINE
  5
F0D
330
22
100
AcDbEntity
  8
F.Mask
  6
CONTINUOUS
100
AcDbLine
 10
6.8887131889763777
 20
-2.9603973622047244
 30
0
 11
6.8951473228346458
 21
-2.9616772047244093
 31
0
  0
LINE
  5
F0E
330
22
100
AcDbEntity
  8
F.Mask
  6
CONTINUOUS
100
AcDbLine
 10
4.676508464566929
 20
-2.9044918503937005
 30
0
 11
4.6829425984251971
 21
-2.9057716929133859
 31
0
  0
LINE
  5
F0F
330
22
100
AcDbEntity
  8
F.Mask
  6
CONTINUOUS
100
AcDbLine
 10
4.6829425984251971
 20
-2.9057716929133859
 30
0
 11
4.6890034251968506
 21
-2.9082821653543305
 31
0
  0
LINE
  5
F10
330
22
100
AcDbEntity
  8
F.Mask
  6
CONTINUOUS
100
AcDbLine
 10
4.6890034251968506
 20
-2.9082821653543305
 30
0
 11
4.6944580314960627
 21
-2.9119268110236218
 31
0
  0
LINE
  5
F11
330
22
100
AcDbEntity
  8
F.Mask
  6
CONTINUOUS
100
AcDbLine
 10
4.6944580314960627
 20
-2.9119268110236218
 30
0
 11
4.6990968110236215
 21
-2.9165655905511811
 31
0
  0
LINE
  5
F12
330
22
100
AcDbEntity
  8
F.Mask
  6
CONTINUOUS
100
AcDbLine
 10
4.6990968110236215
 20
-2.9165655905511811
 30
0
 11
4.7027414566929133
 21
-2.9220201968503936
 31
0
  0
LINE
  5
F13
330
22
100
AcDbEntity
  8
F.Mask
  6
CONTINUOUS
100
AcDbLine
 10
4.7027414566929133
 20
-2.9220201968503936
 30
0
 11
4.7052519291338584
 21
-2.9280810236220471
 31
0
  0
LINE
  5
F14
330
22
100
AcDbEntity
  8
F.Mask
  6
CONTINUOUS
100
AcDbLine
 10
4.7052519291338584
 20
-2.9280810236220471
 30
0
 11
4.7065317716535429
 21
-2.9345151574803148
 31
0
  0
LINE
  5
F15
330
22
100
AcDbEntity
  8
F.Mask
  6
CONTINUOUS
100
AcDbLine
 10
4.7065317716535429
 20
-2.9345151574803148
 30
0
 11
4.7065317716535429
 21
-2.9410753937007872
 31
0
  0
LINE
  5
F16
330
22
100
AcDbEntity
  8
F.Mask
  6
CONTINUOUS
100
AcDbLine
 10
4.7065317716535429
 20
-2.9410753937007872
 30
0
 11
4.7052519291338584
 21
-2.9475095275590553
 31
0
  0
LINE
  5
F17
330
22
100
AcDbEntity
  8
F.Mask
  6
CONTINUOUS
100
AcDbLine
 10
4.7052519291338584
 20
-2.9475095275590553
 30
0
 11
4.7027414566929133
 21
-2.9535703543307088
 31
0
  0
LINE
  5
F18
330
22
100
AcDbEntity
  8
F.Mask
  6
CONTINUOUS
100
AcDbLine
 10
4.7027414566929133
 20
-2.9535703543307088
 30
0
 11
4.6990968110236215
 21
-2.9590249606299213
 31
0
  0
LINE
  5
F19
330
22
100
AcDbEntity
  8
F.Mask
  6
CONTINUOUS
100
AcDbLine
 10
4.6990968110236215
 20
-2.9590249606299213
 30
0
 11
4.6944580314960627
 21
-2.9636637401574801
 31
0
  0
LINE
  5
F1A
330
22
100
AcDbEntity
  8
F.Mask
  6
CONTINUOUS
100
AcDbLine
 10
4.6944580314960627
 20
-2.9636637401574801
 30
0
 11
4.6890034251968506
 21
-2.9673083858267715
 31
0
  0
LINE
  5
F1B
330
22
100
AcDbEntity
  8
F.Mask
  6
CONTINUOUS
100
AcDbLine
 10
4.6890034251968506
 20
-2.9673083858267715
 30
0
 11
4.6829425984251971
 21
-2.9698188582677165
 31
0
  0
LINE
  5
F1C
330
22
100
AcDbEntity
  8
F.Mask
  6
CONTINUOUS
100
AcDbLine
 10
4.6829425984251971
 20
-2.9698188582677165
 30
0
 11
4.676508464566929
 21
-2.9710987007874015
 31
0
  0
LINE
  5
F1D
330
22
100
AcDbEntity
  8
F.Mask
  6
CONTINUOUS
100
AcDbLine
 10
4.676508464566929
 20
-2.9710987007874015
 30
0
 11
4.6732283464566926
 21
-2.971259842519685
 31
0
  0
LINE
  5
F1E
330
22
100
AcDbEntity
  8
F.Mask
  6
CONTINUOUS
100
AcDbLine
 10
4.6732283464566926
 20
-2.971259842519685
 30
0
 11
4.5984251968503935
 21
-2.971259842519685
 31
0
  0
LINE
  5
F1F
330
22
100
AcDbEntity
  8
F.Mask
  6
CONTINUOUS
100
AcDbLine
 10
4.5984251968503935
 20
-2.971259842519685
 30
0
 11
4.5951450787401571
 21
-2.9710987007874015
 31
0
  0
LINE
  5
F20
330
22
100
AcDbEntity
  8
F.Mask
  6
CONTINUOUS
100
AcDbLine
 10
4.5951450787401571
 20
-2.9710987007874015
 30
0
 11
4.5887109448818899
 21
-2.9698188582677165
 31
0
  0
LINE
  5
F21
330
22
100
AcDbEntity
  8
F.Mask
  6
CONTINUOUS
100
AcDbLine
 10
4.5887109448818899
 20
-2.9698188582677165
 30
0
 11
4.5826501181102364
 21
-2.9673083858267715
 31
0
  0
LINE
  5
F22
330
22
100
AcDbEntity
  8
F.Mask
  6
CONTINUOUS
100
AcDbLine
 10
4.5826501181102364
 20
-2.9673083858267715
 30
0
 11
4.5771955118110235
 21
-2.9636637401574801
 31
0
  0
LINE
  5
F23
330
22
100
AcDbEntity
  8
F.Mask
  6
CONTINUOUS
100
AcDbLine
 10
4.5771955118110235
 20
-2.9636637401574801
 30
0
 11
4.5725567322834646
 21
-2.9590249606299213
 31
0
  0
LINE
  5
F24
330
22
100
AcDbEntity
  8
F.Mask
  6
CONTINUOUS
100
AcDbLine
 10
4.5725567322834646
 20
-2.9590249606299213
 30
0
 11
4.5689120866141728
 21
-2.9535703543307088
 31
0
  0
LINE
  5
F25
330
22
100
AcDbEntity
  8
F.Mask
  6
CONTINUOUS
100
AcDbLine
 10
4.5689120866141728
 20
-2.9535703543307088
 30
0
 11
4.5664016141732287
 21
-2.9475095275590553
 31
0
  0
LINE
  5
F26
330
22
100
AcDbEntity
  8
F.Mask
  6
CONTINUOUS
100
AcDbLine
 10
4.5664016141732287
 20
-2.9475095275590553
 30
0
 11
4.5651217716535433
 21
-2.9410753937007872
 31
0
  0
LINE
  5
F27
330
22
100
AcDbEntity
  8
F.Mask
  6
CONTINUOUS
100
AcDbLine
 10
4.5651217716535433
 20
-2.9410753937007872
 30
0
 11
4.5651217716535433
 21
-2.9345151574803148
 31
0
  0
LINE
  5
F28
330
22
100
AcDbEntity
  8
F.Mask
  6
CONTINUOUS
100
AcDbLine
 10
4.5651217716535433
 20
-2.9345151574803148
 30
0
 11
4.5664016141732287
 21
-2.9280810236220471
 31
0
  0
LINE
  5
F29
330
22
100
AcDbEntity
  8
F.Mask
  6
CONTINUOUS
100
AcDbLine
 10
4.5664016141732287
 20
-2.9280810236220471
 30
0
 11
4.5689120866141728
 21
-2.9220201968503936
 31
0
  0
LINE
  5
F2A
330
22
100
AcDbEntity
  8
F.Mask
  6
CONTINUOUS
100
AcDbLine
 10
4.5689120866141728
 20
-2.9220201968503936
 30
0
 11
4.5725567322834646
 21
-2.9165655905511811
 31
0
  0
LINE
  5
F2B
330
22
100
AcDbEntity
  8
F.Mask
  6
CONTINUOUS
100
AcDbLine
 10
4.5725567322834646
 20
-2.9165655905511811
 30
0
 11
4.5771955118110235
 21
-2.9119268110236218
 31
0
  0
LINE
  5
F2C
330
22
100
AcDbEntity
  8
F.Mask
  6
CONTINUOUS
100
AcDbLine
 10
4.5771955118110235
 20
-2.9119268110236218
 30
0
 11
4.5826501181102364
 21
-2.9082821653543305
 31
0
  0
LINE
  5
F2D
330
22
100
AcDbEntity
  8
F.Mask
  6
CONTINUOUS
100
AcDbLine
 10
4.5826501181102364
 20
-2.9082821653543305
 30
0
 11
4.5887109448818899
 21
-2.9057716929133859
 31
0
  0
LINE
  5
F2E
330
22
100
AcDbEntity
  8
F.Mask
  6
CONTINUOUS
100
AcDbLine
 10
4.5887109448818899
 20
-2.9057716929133859
 30
0
 11
4.5951450787401571
 21
-2.9044918503937005
 31
0
  0
LINE
  5
F2F
330
22
100
AcDbEntity
  8
F.Mask
  6
CONTINUOUS
100
AcDbLine
 10
4.5951450787401571
 20
-2.9044918503937005
 30
0
 11
4.5984251968503935
 21
-2.9043307086614174
 31
0
  0
LINE
  5
F30
330
22
100
AcDbEntity
  8
F.Mask
  6
CONTINUOUS
100
AcDbLine
 10
4.5984251968503935
 20
-2.9043307086614174
 30
0
 11
4.6732283464566926
 21
-2.9043307086614174
 31
0
  0
LINE
  5
F31
330
22
100
AcDbEntity
  8
F.Mask
  6
CONTINUOUS
100
AcDbLine
 10
4.6732283464566926
 20
-2.9043307086614174
 30
0
 11
4.676508464566929
 21
-2.9044918503937005
 31
0
  0
LINE
  5
F32
330
22
100
AcDbEntity
  8
F.Mask
  6
CONTINUOUS
100
AcDbLine
 10
5.3576108267716531
 20
-2.9044918503937005
 30
0
 11
5.3640449606299212
 21
-2.9057716929133859
 31
0
  0
LINE
  5
F33
330
22
100
AcDbEntity
  8
F.Mask
  6
CONTINUOUS
100
AcDbLine
 10
5.3640449606299212
 20
-2.9057716929133859
 30
0
 11
5.3701057874015747
 21
-2.9082821653543305
 31
0
  0
LINE
  5
F34
330
22
100
AcDbEntity
  8
F.Mask
  6
CONTINUOUS
100
AcDbLine
 10
5.3701057874015747
 20
-2.9082821653543305
 30
0
 11
5.3755603937007876
 21
-2.9119268110236218
 31
0
  0
LINE
  5
F35
330
22
100
AcDbEntity
  8
F.Mask
  6
CONTINUOUS
100
AcDbLine
 10
5.3755603937007876
 20
-2.9119268110236218
 30
0
 11
5.3801991732283465
 21
-2.9165655905511811
 31
0
  0
LINE
  5
F36
330
22
100
AcDbEntity
  8
F.Mask
  6
CONTINUOUS
100
AcDbLine
 10
5.3801991732283465
 20
-2.9165655905511811
 30
0
 11
5.3838438188976374
 21
-2.9220201968503936
 31
0
  0
LINE
  5
F37
330
22
100
AcDbEntity
  8
F.Mask
  6
CONTINUOUS
100
AcDbLine
 10
5.3838438188976374
 20
-2.9220201968503936
 30
0
 11
5.3863542913385825
 21
-2.9280810236220471
 31
0
  0
LINE
  5
F38
330
22
100
AcDbEntity
  8
F.Mask
  6
CONTINUOUS
100
AcDbLine
 10
5.3863542913385825
 20
-2.9280810236220471
 30
0
 11
5.3876341338582678
 21
-2.9345151574803148
 31
0
  0
LINE
  5
F39
330
22
100
AcDbEntity
  8
F.Mask
  6
CONTINUOUS
100
AcDbLine
 10
5.3876341338582678
 20
-2.9345151574803148
 30
0
 11
5.3876341338582678
 21
-2.9410753937007872
 31
0
  0
LINE
  5
F3A
330
22
100
AcDbEntity
  8
F.Mask
  6
CONTINUOUS
100
AcDbLine
 10
5.3876341338582678
 20
-2.9410753937007872
 30
0
 11
5.3863542913385825
 21
-2.9475095275590553
 31
0
  0
LINE
  5
F3B
330
22
100
AcDbEntity
  8
F.Mask
  6
CONTINUOUS
100
AcDbLine
 10
5.3863542913385825
 20
-2.9475095275590553
 30
0
 11
5.3838438188976374
 21
-2.9535703543307088
 31
0
  0
LINE
  5
F3C
330
22
100
AcDbEntity
  8
F.Mask
  6
CONTINUOUS
100
AcDbLine
 10
5.3838438188976374
 20
-2.9535703543307088
 30
0
 11
5.3801991732283465
 21
-2.9590249606299213
 31
0
  0
LINE
  5
F3D
330
22
100
AcDbEntity
  8
F.Mask
  6
CONTINUOUS
100
AcDbLine
 10
5.3801991732283465
 20
-2.9590249606299213
 30
0
 11
5.3755603937007876
 21
-2.9636637401574801
 31
0
  0
LINE
  5
F3E
330
22
100
AcDbEntity
  8
F.Mask
  6
CONTINUOUS
100
AcDbLine
 10
5.3755603937007876
 20
-2.9636637401574801
 30
0
 11
5.3701057874015747
 21
-2.9673083858267715
 31
0
  0
LINE
  5
F3F
330
22
100
AcDbEntity
  8
F.Mask
  6
CONTINUOUS
100
AcDbLine
 10
5.3701057874015747
 20
-2.9673083858267715
 30
0
 11
5.3640449606299212
 21
-2.9698188582677165
 31
0
  0
LINE
  5
F40
330
22
100
AcDbEntity
  8
F.Mask
  6
CONTINUOUS
100
AcDbLine
 10
5.3640449606299212
 20
-2.9698188582677165
 30
0
 11
5.3576108267716531
 21
-2.9710987007874015
 31
0
  0
LINE
  5
F41
330
22
100
AcDbEntity
  8
F.Mask
  6
CONTINUOUS
100
AcDbLine
 10
5.3576108267716531
 20
-2.9710987007874015
 30
0
 11
5.3543307086614176
 21
-2.971259842519685
 31
0
  0
LINE
  5
F42
330
22
100
AcDbEntity
  8
F.Mask
  6
CONTINUOUS
100
AcDbLine
 10
5.3543307086614176
 20
-2.971259842519685
 30
0
 11
5.2755905511811019
 21
-2.971259842519685
 31
0
  0
LINE
  5
F43
330
22
100
AcDbEntity
  8
F.Mask
  6
CONTINUOUS
100
AcDbLine
 10
5.2755905511811019
 20
-2.971259842519685
 30
0
 11
5.2723104330708663
 21
-2.9710987007874015
 31
0
  0
LINE
  5
F44
330
22
100
AcDbEntity
  8
F.Mask
  6
CONTINUOUS
100
AcDbLine
 10
5.2723104330708663
 20
-2.9710987007874015
 30
0
 11
5.2658762992125983
 21
-2.9698188582677165
 31
0
  0
LINE
  5
F45
330
22
100
AcDbEntity
  8
F.Mask
  6
CONTINUOUS
100
AcDbLine
 10
5.2658762992125983
 20
-2.9698188582677165
 30
0
 11
5.2598154724409447
 21
-2.9673083858267715
 31
0
  0
LINE
  5
F46
330
22
100
AcDbEntity
  8
F.Mask
  6
CONTINUOUS
100
AcDbLine
 10
5.2598154724409447
 20
-2.9673083858267715
 30
0
 11
5.2543608661417318
 21
-2.9636637401574801
 31
0
  0
LINE
  5
F47
330
22
100
AcDbEntity
  8
F.Mask
  6
CONTINUOUS
100
AcDbLine
 10
5.2543608661417318
 20
-2.9636637401574801
 30
0
 11
5.2497220866141729
 21
-2.9590249606299213
 31
0
  0
LINE
  5
F48
330
22
100
AcDbEntity
  8
F.Mask
  6
CONTINUOUS
100
AcDbLine
 10
5.2497220866141729
 20
-2.9590249606299213
 30
0
 11
5.246077440944882
 21
-2.9535703543307088
 31
0
  0
LINE
  5
F49
330
22
100
AcDbEntity
  8
F.Mask
  6
CONTINUOUS
100
AcDbLine
 10
5.246077440944882
 20
-2.9535703543307088
 30
0
 11
5.243566968503937
 21
-2.9475095275590553
 31
0
  0
LINE
  5
F4A
330
22
100
AcDbEntity
  8
F.Mask
  6
CONTINUOUS
100
AcDbLine
 10
5.243566968503937
 20
-2.9475095275590553
 30
0
 11
5.2422871259842516
 21
-2.9410753937007872
 31
0
  0
LINE
  5
F4B
330
22
100
AcDbEntity
  8
F.Mask
  6
CONTINUOUS
100
AcDbLine
 10
5.2422871259842516
 20
-2.9410753937007872
 30
0
 11
5.2422871259842516
 21
-2.9345151574803148
 31
0
  0
LINE
  5
F4C
330
22
100
AcDbEntity
  8
F.Mask
  6
CONTINUOUS
100
AcDbLine
 10
5.2422871259842516
 20
-2.9345151574803148
 30
0
 11
5.243566968503937
 21
-2.9280810236220471
 31
0
  0
LINE
  5
F4D
330
22
100
AcDbEntity
  8
F.Mask
  6
CONTINUOUS
100
AcDbLine
 10
5.243566968503937
 20
-2.9280810236220471
 30
0
 11
5.246077440944882
 21
-2.9220201968503936
 31
0
  0
LINE
  5
F4E
330
22
100
AcDbEntity
  8
F.Mask
  6
CONTINUOUS
100
AcDbLine
 10
5.246077440944882
 20
-2.9220201968503936
 30
0
 11
5.2497220866141729
 21
-2.9165655905511811
 31
0
  0
LINE
  5
F4F
330
22
100
AcDbEntity
  8
F.Mask
  6
CONTINUOUS
100
AcDbLine
 10
5.2497220866141729
 20
-2.9165655905511811
 30
0
 11
5.2543608661417318
 21
-2.9119268110236218
 31
0
  0
LINE
  5
F50
330
22
100
AcDbEntity
  8
F.Mask
  6
CONTINUOUS
100
AcDbLine
 10
5.2543608661417318
 20
-2.9119268110236218
 30
0
 11
5.2598154724409447
 21
-2.9082821653543305
 31
0
  0
LINE
  5
F51
330
22
100
AcDbEntity
  8
F.Mask
  6
CONTINUOUS
100
AcDbLine
 10
5.2598154724409447
 20
-2.9082821653543305
 30
0
 11
5.2658762992125983
 21
-2.9057716929133859
 31
0
  0
LINE
  5
F52
330
22
100
AcDbEntity
  8
F.Mask
  6
CONTINUOUS
100
AcDbLine
 10
5.2658762992125983
 20
-2.9057716929133859
 30
0
 11
5.2723104330708663
 21
-2.9044918503937005
 31
0
  0
LINE
  5
F53
330
22
100
AcDbEntity
  8
F.Mask
  6
CONTINUOUS
100
AcDbLine
 10
5.2723104330708663
 20
-2.9044918503937005
 30
0
 11
5.2755905511811019
 21
-2.9043307086614174
 31
0
  0
LINE
  5
F54
330
22
100
AcDbEntity
  8
F.Mask
  6
CONTINUOUS
100
AcDbLine
 10
5.2755905511811019
 20
-2.9043307086614174
 30
0
 11
5.3543307086614176
 21
-2.9043307086614174
 31
0
  0
LINE
  5
F55
330
22
100
AcDbEntity
  8
F.Mask
  6
CONTINUOUS
100
AcDbLine
 10
5.3543307086614176
 20
-2.9043307086614174
 30
0
 11
5.3576108267716531
 21
-2.9044918503937005
 31
0
  0
LINE
  5
F56
330
22
100
AcDbEntity
  8
F.Mask
  6
CONTINUOUS
100
AcDbLine
 10
6.5455429133858267
 20
-2.8515902755905511
 30
0
 11
6.5520059842519682
 21
-2.8536902755905511
 31
0
  0
LINE
  5
F57
330
22
100
AcDbEntity
  8
F.Mask
  6
CONTINUOUS
100
AcDbLine
 10
6.5520059842519682
 20
-2.8536902755905511
 30
0
 11
6.5580609448818894
 21
-2.8567754330708661
 31
0
  0
LINE
  5
F58
330
22
100
AcDbEntity
  8
F.Mask
  6
CONTINUOUS
100
AcDbLine
 10
6.5580609448818894
 20
-2.8567754330708661
 30
0
 11
6.5635587795275585
 21
-2.8607698031496063
 31
0
  0
LINE
  5
F59
330
22
100
AcDbEntity
  8
F.Mask
  6
CONTINUOUS
100
AcDbLine
 10
6.5635587795275585
 20
-2.8607698031496063
 30
0
 11
6.5683640551181099
 21
-2.8655750787401573
 31
0
  0
LINE
  5
F5A
330
22
100
AcDbEntity
  8
F.Mask
  6
CONTINUOUS
100
AcDbLine
 10
6.5683640551181099
 20
-2.8655750787401573
 30
0
 11
6.5723584251968505
 21
-2.8710729133858268
 31
0
  0
LINE
  5
F5B
330
22
100
AcDbEntity
  8
F.Mask
  6
CONTINUOUS
100
AcDbLine
 10
6.5723584251968505
 20
-2.8710729133858268
 30
0
 11
6.5754435826771651
 21
-2.877127874015748
 31
0
  0
LINE
  5
F5C
330
22
100
AcDbEntity
  8
F.Mask
  6
CONTINUOUS
100
AcDbLine
 10
6.5754435826771651
 20
-2.877127874015748
 30
0
 11
6.5775435826771655
 21
-2.8835909448818895
 31
0
  0
LINE
  5
F5D
330
22
100
AcDbEntity
  8
F.Mask
  6
CONTINUOUS
100
AcDbLine
 10
6.5775435826771655
 20
-2.8835909448818895
 30
0
 11
6.5786066535433072
 21
-2.8903029527559054
 31
0
  0
LINE
  5
F5E
330
22
100
AcDbEntity
  8
F.Mask
  6
CONTINUOUS
100
AcDbLine
 10
6.5786066535433072
 20
-2.8903029527559054
 30
0
 11
6.5786066535433072
 21
-2.8970986220472441
 31
0
  0
LINE
  5
F5F
330
22
100
AcDbEntity
  8
F.Mask
  6
CONTINUOUS
100
AcDbLine
 10
6.5786066535433072
 20
-2.8970986220472441
 30
0
 11
6.5775435826771655
 21
-2.9038106299212596
 31
0
  0
LINE
  5
F60
330
22
100
AcDbEntity
  8
F.Mask
  6
CONTINUOUS
100
AcDbLine
 10
6.5775435826771655
 20
-2.9038106299212596
 30
0
 11
6.5754435826771651
 21
-2.9102737007874016
 31
0
  0
LINE
  5
F61
330
22
100
AcDbEntity
  8
F.Mask
  6
CONTINUOUS
100
AcDbLine
 10
6.5754435826771651
 20
-2.9102737007874016
 30
0
 11
6.5723584251968505
 21
-2.9163286614173227
 31
0
  0
LINE
  5
F62
330
22
100
AcDbEntity
  8
F.Mask
  6
CONTINUOUS
100
AcDbLine
 10
6.5723584251968505
 20
-2.9163286614173227
 30
0
 11
6.5683640551181099
 21
-2.9218264960629923
 31
0
  0
LINE
  5
F63
330
22
100
AcDbEntity
  8
F.Mask
  6
CONTINUOUS
100
AcDbLine
 10
6.5683640551181099
 20
-2.9218264960629923
 30
0
 11
6.5635587795275585
 21
-2.9266317716535433
 31
0
  0
LINE
  5
F64
330
22
100
AcDbEntity
  8
F.Mask
  6
CONTINUOUS
100
AcDbLine
 10
6.5635587795275585
 20
-2.9266317716535433
 30
0
 11
6.5580609448818894
 21
-2.9306261417322834
 31
0
  0
LINE
  5
F65
330
22
100
AcDbEntity
  8
F.Mask
  6
CONTINUOUS
100
AcDbLine
 10
6.5580609448818894
 20
-2.9306261417322834
 30
0
 11
6.5520059842519682
 21
-2.9337112992125984
 31
0
  0
LINE
  5
F66
330
22
100
AcDbEntity
  8
F.Mask
  6
CONTINUOUS
100
AcDbLine
 10
6.5520059842519682
 20
-2.9337112992125984
 30
0
 11
6.5455429133858267
 21
-2.9358112992125984
 31
0
  0
LINE
  5
F67
330
22
100
AcDbEntity
  8
F.Mask
  6
CONTINUOUS
100
AcDbLine
 10
6.5455429133858267
 20
-2.9358112992125984
 30
0
 11
6.5388309055118112
 21
-2.9368743700787401
 31
0
  0
LINE
  5
F68
330
22
100
AcDbEntity
  8
F.Mask
  6
CONTINUOUS
100
AcDbLine
 10
6.5388309055118112
 20
-2.9368743700787401
 30
0
 11
6.5320352362204721
 21
-2.9368743700787401
 31
0
  0
LINE
  5
F69
330
22
100
AcDbEntity
  8
F.Mask
  6
CONTINUOUS
100
AcDbLine
 10
6.5320352362204721
 20
-2.9368743700787401
 30
0
 11
6.5253232283464566
 21
-2.9358112992125984
 31
0
  0
LINE
  5
F6A
330
22
100
AcDbEntity
  8
F.Mask
  6
CONTINUOUS
100
AcDbLine
 10
6.5253232283464566
 20
-2.9358112992125984
 30
0
 11
6.5188601574803151
 21
-2.9337112992125984
 31
0
  0
LINE
  5
F6B
330
22
100
AcDbEntity
  8
F.Mask
  6
CONTINUOUS
100
AcDbLine
 10
6.5188601574803151
 20
-2.9337112992125984
 30
0
 11
6.5128051968503939
 21
-2.9306261417322834
 31
0
  0
LINE
  5
F6C
330
22
100
AcDbEntity
  8
F.Mask
  6
CONTINUOUS
100
AcDbLine
 10
6.5128051968503939
 20
-2.9306261417322834
 30
0
 11
6.5073073622047239
 21
-2.9266317716535433
 31
0
  0
LINE
  5
F6D
330
22
100
AcDbEntity
  8
F.Mask
  6
CONTINUOUS
100
AcDbLine
 10
6.5073073622047239
 20
-2.9266317716535433
 30
0
 11
6.5025020866141734
 21
-2.9218264960629923
 31
0
  0
LINE
  5
F6E
330
22
100
AcDbEntity
  8
F.Mask
  6
CONTINUOUS
100
AcDbLine
 10
6.5025020866141734
 20
-2.9218264960629923
 30
0
 11
6.4985077165354328
 21
-2.9163286614173227
 31
0
  0
LINE
  5
F6F
330
22
100
AcDbEntity
  8
F.Mask
  6
CONTINUOUS
100
AcDbLine
 10
6.4985077165354328
 20
-2.9163286614173227
 30
0
 11
6.4954225590551182
 21
-2.9102737007874016
 31
0
  0
LINE
  5
F70
330
22
100
AcDbEntity
  8
F.Mask
  6
CONTINUOUS
100
AcDbLine
 10
6.4954225590551182
 20
-2.9102737007874016
 30
0
 11
6.4933225590551178
 21
-2.9038106299212596
 31
0
  0
LINE
  5
F71
330
22
100
AcDbEntity
  8
F.Mask
  6
CONTINUOUS
100
AcDbLine
 10
6.4933225590551178
 20
-2.9038106299212596
 30
0
 11
6.4922594881889761
 21
-2.8970986220472441
 31
0
  0
LINE
  5
F72
330
22
100
AcDbEntity
  8
F.Mask
  6
CONTINUOUS
100
AcDbLine
 10
6.4922594881889761
 20
-2.8970986220472441
 30
0
 11
6.4922594881889761
 21
-2.8903029527559054
 31
0
  0
LINE
  5
F73
330
22
100
AcDbEntity
  8
F.Mask
  6
CONTINUOUS
100
AcDbLine
 10
6.4922594881889761
 20
-2.8903029527559054
 30
0
 11
6.4933225590551178
 21
-2.8835909448818895
 31
0
  0
LINE
  5
F74
330
22
100
AcDbEntity
  8
F.Mask
  6
CONTINUOUS
100
AcDbLine
 10
6.4933225590551178
 20
-2.8835909448818895
 30
0
 11
6.4954225590551182
 21
-2.877127874015748
 31
0
  0
LINE
  5
F75
330
22
100
AcDbEntity
  8
F.Mask
  6
CONTINUOUS
100
AcDbLine
 10
6.4954225590551182
 20
-2.877127874015748
 30
0
 11
6.4985077165354328
 21
-2.8710729133858268
 31
0
  0
LINE
  5
F76
330
22
100
AcDbEntity
  8
F.Mask
  6
CONTINUOUS
100
AcDbLine
 10
6.4985077165354328
 20
-2.8710729133858268
 30
0
 11
6.5025020866141734
 21
-2.8655750787401573
 31
0
  0
LINE
  5
F77
330
22
100
AcDbEntity
  8
F.Mask
  6
CONTINUOUS
100
AcDbLine
 10
6.5025020866141734
 20
-2.8655750787401573
 30
0
 11
6.5073073622047239
 21
-2.8607698031496063
 31
0
  0
LINE
  5
F78
330
22
100
AcDbEntity
  8
F.Mask
  6
CONTINUOUS
100
AcDbLine
 10
6.5073073622047239
 20
-2.8607698031496063
 30
0
 11
6.5128051968503939
 21
-2.8567754330708661
 31
0
  0
LINE
  5
F79
330
22
100
AcDbEntity
  8
F.Mask
  6
CONTINUOUS
100
AcDbLine
 10
6.5128051968503939
 20
-2.8567754330708661
 30
0
 11
6.5188601574803151
 21
-2.8536902755905511
 31
0
  0
LINE
  5
F7A
330
22
100
AcDbEntity
  8
F.Mask
  6
CONTINUOUS
100
AcDbLine
 10
6.5188601574803151
 20
-2.8536902755905511
 30
0
 11
6.5253232283464566
 21
-2.8515902755905511
 31
0
  0
LINE
  5
F7B
330
22
100
AcDbEntity
  8
F.Mask
  6
CONTINUOUS
100
AcDbLine
 10
6.5253232283464566
 20
-2.8515902755905511
 30
0
 11
6.5320352362204721
 21
-2.8505272047244095
 31
0
  0
LINE
  5
F7C
330
22
100
AcDbEntity
  8
F.Mask
  6
CONTINUOUS
100
AcDbLine
 10
6.5320352362204721
 20
-2.8505272047244095
 30
0
 11
6.5388309055118112
 21
-2.8505272047244095
 31
0
  0
LINE
  5
F7D
330
22
100
AcDbEntity
  8
F.Mask
  6
CONTINUOUS
100
AcDbLine
 10
6.5388309055118112
 20
-2.8505272047244095
 30
0
 11
6.5455429133858267
 21
-2.8515902755905511
 31
0
  0
LINE
  5
F7E
330
22
100
AcDbEntity
  8
F.Mask
  6
CONTINUOUS
100
AcDbLine
 10
4.676508464566929
 20
-2.8044918503937009
 30
0
 11
4.6829425984251971
 21
-2.8057716929133858
 31
0
  0
LINE
  5
F7F
330
22
100
AcDbEntity
  8
F.Mask
  6
CONTINUOUS
100
AcDbLine
 10
4.6829425984251971
 20
-2.8057716929133858
 30
0
 11
4.6890034251968506
 21
-2.8082821653543308
 31
0
  0
LINE
  5
F80
330
22
100
AcDbEntity
  8
F.Mask
  6
CONTINUOUS
100
AcDbLine
 10
4.6890034251968506
 20
-2.8082821653543308
 30
0
 11
4.6944580314960627
 21
-2.8119268110236222
 31
0
  0
LINE
  5
F81
330
22
100
AcDbEntity
  8
F.Mask
  6
CONTINUOUS
100
AcDbLine
 10
4.6944580314960627
 20
-2.8119268110236222
 30
0
 11
4.6990968110236215
 21
-2.8165655905511811
 31
0
  0
LINE
  5
F82
330
22
100
AcDbEntity
  8
F.Mask
  6
CONTINUOUS
100
AcDbLine
 10
4.6990968110236215
 20
-2.8165655905511811
 30
0
 11
4.7027414566929133
 21
-2.8220201968503935
 31
0
  0
LINE
  5
F83
330
22
100
AcDbEntity
  8
F.Mask
  6
CONTINUOUS
100
AcDbLine
 10
4.7027414566929133
 20
-2.8220201968503935
 30
0
 11
4.7052519291338584
 21
-2.8280810236220471
 31
0
  0
LINE
  5
F84
330
22
100
AcDbEntity
  8
F.Mask
  6
CONTINUOUS
100
AcDbLine
 10
4.7052519291338584
 20
-2.8280810236220471
 30
0
 11
4.7065317716535429
 21
-2.8345151574803147
 31
0
  0
LINE
  5
F85
330
22
100
AcDbEntity
  8
F.Mask
  6
CONTINUOUS
100
AcDbLine
 10
4.7065317716535429
 20
-2.8345151574803147
 30
0
 11
4.7065317716535429
 21
-2.8410753937007875
 31
0
  0
LINE
  5
F86
330
22
100
AcDbEntity
  8
F.Mask
  6
CONTINUOUS
100
AcDbLine
 10
4.7065317716535429
 20
-2.8410753937007875
 30
0
 11
4.7052519291338584
 21
-2.8475095275590552
 31
0
  0
LINE
  5
F87
330
22
100
AcDbEntity
  8
F.Mask
  6
CONTINUOUS
100
AcDbLine
 10
4.7052519291338584
 20
-2.8475095275590552
 30
0
 11
4.7027414566929133
 21
-2.8535703543307087
 31
0
  0
LINE
  5
F88
330
22
100
AcDbEntity
  8
F.Mask
  6
CONTINUOUS
100
AcDbLine
 10
4.7027414566929133
 20
-2.8535703543307087
 30
0
 11
4.6990968110236215
 21
-2.8590249606299212
 31
0
  0
LINE
  5
F89
330
22
100
AcDbEntity
  8
F.Mask
  6
CONTINUOUS
100
AcDbLine
 10
4.6990968110236215
 20
-2.8590249606299212
 30
0
 11
4.6944580314960627
 21
-2.86366374015748
 31
0
  0
LINE
  5
F8A
330
22
100
AcDbEntity
  8
F.Mask
  6
CONTINUOUS
100
AcDbLine
 10
4.6944580314960627
 20
-2.86366374015748
 30
0
 11
4.6890034251968506
 21
-2.8673083858267714
 31
0
  0
LINE
  5
F8B
330
22
100
AcDbEntity
  8
F.Mask
  6
CONTINUOUS
100
AcDbLine
 10
4.6890034251968506
 20
-2.8673083858267714
 30
0
 11
4.6829425984251971
 21
-2.8698188582677164
 31
0
  0
LINE
  5
F8C
330
22
100
AcDbEntity
  8
F.Mask
  6
CONTINUOUS
100
AcDbLine
 10
4.6829425984251971
 20
-2.8698188582677164
 30
0
 11
4.676508464566929
 21
-2.8710987007874014
 31
0
  0
LINE
  5
F8D
330
22
100
AcDbEntity
  8
F.Mask
  6
CONTINUOUS
100
AcDbLine
 10
4.676508464566929
 20
-2.8710987007874014
 30
0
 11
4.6732283464566926
 21
-2.8712598425196849
 31
0
  0
LINE
  5
F8E
330
22
100
AcDbEntity
  8
F.Mask
  6
CONTINUOUS
100
AcDbLine
 10
4.6732283464566926
 20
-2.8712598425196849
 30
0
 11
4.5984251968503935
 21
-2.8712598425196849
 31
0
  0
LINE
  5
F8F
330
22
100
AcDbEntity
  8
F.Mask
  6
CONTINUOUS
100
AcDbLine
 10
4.5984251968503935
 20
-2.8712598425196849
 30
0
 11
4.5951450787401571
 21
-2.8710987007874014
 31
0
  0
LINE
  5
F90
330
22
100
AcDbEntity
  8
F.Mask
  6
CONTINUOUS
100
AcDbLine
 10
4.5951450787401571
 20
-2.8710987007874014
 30
0
 11
4.5887109448818899
 21
-2.8698188582677164
 31
0
  0
LINE
  5
F91
330
22
100
AcDbEntity
  8
F.Mask
  6
CONTINUOUS
100
AcDbLine
 10
4.5887109448818899
 20
-2.8698188582677164
 30
0
 11
4.5826501181102364
 21
-2.8673083858267714
 31
0
  0
LINE
  5
F92
330
22
100
AcDbEntity
  8
F.Mask
  6
CONTINUOUS
100
AcDbLine
 10
4.5826501181102364
 20
-2.8673083858267714
 30
0
 11
4.5771955118110235
 21
-2.86366374015748
 31
0
  0
LINE
  5
F93
330
22
100
AcDbEntity
  8
F.Mask
  6
CONTINUOUS
100
AcDbLine
 10
4.5771955118110235
 20
-2.86366374015748
 30
0
 11
4.5725567322834646
 21
-2.8590249606299212
 31
0
  0
LINE
  5
F94
330
22
100
AcDbEntity
  8
F.Mask
  6
CONTINUOUS
100
AcDbLine
 10
4.5725567322834646
 20
-2.8590249606299212
 30
0
 11
4.5689120866141728
 21
-2.8535703543307087
 31
0
  0
LINE
  5
F95
330
22
100
AcDbEntity
  8
F.Mask
  6
CONTINUOUS
100
AcDbLine
 10
4.5689120866141728
 20
-2.8535703543307087
 30
0
 11
4.5664016141732287
 21
-2.8475095275590552
 31
0
  0
LINE
  5
F96
330
22
100
AcDbEntity
  8
F.Mask
  6
CONTINUOUS
100
AcDbLine
 10
4.5664016141732287
 20
-2.8475095275590552
 30
0
 11
4.5651217716535433
 21
-2.8410753937007875
 31
0
  0
LINE
  5
F97
330
22
100
AcDbEntity
  8
F.Mask
  6
CONTINUOUS
100
AcDbLine
 10
4.5651217716535433
 20
-2.8410753937007875
 30
0
 11
4.5651217716535433
 21
-2.8345151574803147
 31
0
  0
LINE
  5
F98
330
22
100
AcDbEntity
  8
F.Mask
  6
CONTINUOUS
100
AcDbLine
 10
4.5651217716535433
 20
-2.8345151574803147
 30
0
 11
4.5664016141732287
 21
-2.8280810236220471
 31
0
  0
LINE
  5
F99
330
22
100
AcDbEntity
  8
F.Mask
  6
CONTINUOUS
100
AcDbLine
 10
4.5664016141732287
 20
-2.8280810236220471
 30
0
 11
4.5689120866141728
 21
-2.8220201968503935
 31
0
  0
LINE
  5
F9A
330
22
100
AcDbEntity
  8
F.Mask
  6
CONTINUOUS
100
AcDbLine
 10
4.5689120866141728
 20
-2.8220201968503935
 30
0
 11
4.5725567322834646
 21
-2.8165655905511811
 31
0
  0
LINE
  5
F9B
330
22
100
AcDbEntity
  8
F.Mask
  6
CONTINUOUS
100
AcDbLine
 10
4.5725567322834646
 20
-2.8165655905511811
 30
0
 11
4.5771955118110235
 21
-2.8119268110236222
 31
0
  0
LINE
  5
F9C
330
22
100
AcDbEntity
  8
F.Mask
  6
CONTINUOUS
100
AcDbLine
 10
4.5771955118110235
 20
-2.8119268110236222
 30
0
 11
4.5826501181102364
 21
-2.8082821653543308
 31
0
  0
LINE
  5
F9D
330
22
100
AcDbEntity
  8
F.Mask
  6
CONTINUOUS
100
AcDbLine
 10
4.5826501181102364
 20
-2.8082821653543308
 30
0
 11
4.5887109448818899
 21
-2.8057716929133858
 31
0
  0
LINE
  5
F9E
330
22
100
AcDbEntity
  8
F.Mask
  6
CONTINUOUS
100
AcDbLine
 10
4.5887109448818899
 20
-2.8057716929133858
 30
0
 11
4.5951450787401571
 21
-2.8044918503937009
 31
0
  0
LINE
  5
F9F
330
22
100
AcDbEntity
  8
F.Mask
  6
CONTINUOUS
100
AcDbLine
 10
4.5951450787401571
 20
-2.8044918503937009
 30
0
 11
4.5984251968503935
 21
-2.8043307086614173
 31
0
  0
LINE
  5
FA0
330
22
100
AcDbEntity
  8
F.Mask
  6
CONTINUOUS
100
AcDbLine
 10
4.5984251968503935
 20
-2.8043307086614173
 30
0
 11
4.6732283464566926
 21
-2.8043307086614173
 31
0
  0
LINE
  5
FA1
330
22
100
AcDbEntity
  8
F.Mask
  6
CONTINUOUS
100
AcDbLine
 10
4.6732283464566926
 20
-2.8043307086614173
 30
0
 11
4.676508464566929
 21
-2.8044918503937009
 31
0
  0
LINE
  5
FA2
330
22
100
AcDbEntity
  8
F.Mask
  6
CONTINUOUS
100
AcDbLine
 10
5.3576108267716531
 20
-2.8044918503937009
 30
0
 11
5.3640449606299212
 21
-2.8057716929133858
 31
0
  0
LINE
  5
FA3
330
22
100
AcDbEntity
  8
F.Mask
  6
CONTINUOUS
100
AcDbLine
 10
5.3640449606299212
 20
-2.8057716929133858
 30
0
 11
5.3701057874015747
 21
-2.8082821653543308
 31
0
  0
LINE
  5
FA4
330
22
100
AcDbEntity
  8
F.Mask
  6
CONTINUOUS
100
AcDbLine
 10
5.3701057874015747
 20
-2.8082821653543308
 30
0
 11
5.3755603937007876
 21
-2.8119268110236222
 31
0
  0
LINE
  5
FA5
330
22
100
AcDbEntity
  8
F.Mask
  6
CONTINUOUS
100
AcDbLine
 10
5.3755603937007876
 20
-2.8119268110236222
 30
0
 11
5.3801991732283465
 21
-2.8165655905511811
 31
0
  0
LINE
  5
FA6
330
22
100
AcDbEntity
  8
F.Mask
  6
CONTINUOUS
100
AcDbLine
 10
5.3801991732283465
 20
-2.8165655905511811
 30
0
 11
5.3838438188976374
 21
-2.8220201968503935
 31
0
  0
LINE
  5
FA7
330
22
100
AcDbEntity
  8
F.Mask
  6
CONTINUOUS
100
AcDbLine
 10
5.3838438188976374
 20
-2.8220201968503935
 30
0
 11
5.3863542913385825
 21
-2.8280810236220471
 31
0
  0
LINE
  5
FA8
330
22
100
AcDbEntity
  8
F.Mask
  6
CONTINUOUS
100
AcDbLine
 10
5.3863542913385825
 20
-2.8280810236220471
 30
0
 11
5.3876341338582678
 21
-2.8345151574803147
 31
0
  0
LINE
  5
FA9
330
22
100
AcDbEntity
  8
F.Mask
  6
CONTINUOUS
100
AcDbLine
 10
5.3876341338582678
 20
-2.8345151574803147
 30
0
 11
5.3876341338582678
 21
-2.8410753937007875
 31
0
  0
LINE
  5
FAA
330
22
100
AcDbEntity
  8
F.Mask
  6
CONTINUOUS
100
AcDbLine
 10
5.3876341338582678
 20
-2.8410753937007875
 30
0
 11
5.3863542913385825
 21
-2.8475095275590552
 31
0
  0
LINE
  5
FAB
330
22
100
AcDbEntity
  8
F.Mask
  6
CONTINUOUS
100
AcDbLine
 10
5.3863542913385825
 20
-2.8475095275590552
 30
0
 11
5.3838438188976374
 21
-2.8535703543307087
 31
0
  0
LINE
  5
FAC
330
22
100
AcDbEntity
  8
F.Mask
  6
CONTINUOUS
100
AcDbLine
 10
5.3838438188976374
 20
-2.8535703543307087
 30
0
 11
5.3801991732283465
 21
-2.8590249606299212
 31
0
  0
LINE
  5
FAD
330
22
100
AcDbEntity
  8
F.Mask
  6
CONTINUOUS
100
AcDbLine
 10
5.3801991732283465
 20
-2.8590249606299212
 30
0
 11
5.3755603937007876
 21
-2.86366374015748
 31
0
  0
LINE
  5
FAE
330
22
100
AcDbEntity
  8
F.Mask
  6
CONTINUOUS
100
AcDbLine
 10
5.3755603937007876
 20
-2.86366374015748
 30
0
 11
5.3701057874015747
 21
-2.8673083858267714
 31
0
  0
LINE
  5
FAF
330
22
100
AcDbEntity
  8
F.Mask
  6
CONTINUOUS
100
AcDbLine
 10
5.3701057874015747
 20
-2.8673083858267714
 30
0
 11
5.3640449606299212
 21
-2.8698188582677164
 31
0
  0
LINE
  5
FB0
330
22
100
AcDbEntity
  8
F.Mask
  6
CONTINUOUS
100
AcDbLine
 10
5.3640449606299212
 20
-2.8698188582677164
 30
0
 11
5.3576108267716531
 21
-2.8710987007874014
 31
0
  0
LINE
  5
FB1
330
22
100
AcDbEntity
  8
F.Mask
  6
CONTINUOUS
100
AcDbLine
 10
5.3576108267716531
 20
-2.8710987007874014
 30
0
 11
5.3543307086614176
 21
-2.8712598425196849
 31
0
  0
LINE
  5
FB2
330
22
100
AcDbEntity
  8
F.Mask
  6
CONTINUOUS
100
AcDbLine
 10
5.3543307086614176
 20
-2.8712598425196849
 30
0
 11
5.2755905511811019
 21
-2.8712598425196849
 31
0
  0
LINE
  5
FB3
330
22
100
AcDbEntity
  8
F.Mask
  6
CONTINUOUS
100
AcDbLine
 10
5.2755905511811019
 20
-2.8712598425196849
 30
0
 11
5.2723104330708663
 21
-2.8710987007874014
 31
0
  0
LINE
  5
FB4
330
22
100
AcDbEntity
  8
F.Mask
  6
CONTINUOUS
100
AcDbLine
 10
5.2723104330708663
 20
-2.8710987007874014
 30
0
 11
5.2658762992125983
 21
-2.8698188582677164
 31
0
  0
LINE
  5
FB5
330
22
100
AcDbEntity
  8
F.Mask
  6
CONTINUOUS
100
AcDbLine
 10
5.2658762992125983
 20
-2.8698188582677164
 30
0
 11
5.2598154724409447
 21
-2.8673083858267714
 31
0
  0
LINE
  5
FB6
330
22
100
AcDbEntity
  8
F.Mask
  6
CONTINUOUS
100
AcDbLine
 10
5.2598154724409447
 20
-2.8673083858267714
 30
0
 11
5.2543608661417318
 21
-2.86366374015748
 31
0
  0
LINE
  5
FB7
330
22
100
AcDbEntity
  8
F.Mask
  6
CONTINUOUS
100
AcDbLine
 10
5.2543608661417318
 20
-2.86366374015748
 30
0
 11
5.2497220866141729
 21
-2.8590249606299212
 31
0
  0
LINE
  5
FB8
330
22
100
AcDbEntity
  8
F.Mask
  6
CONTINUOUS
100
AcDbLine
 10
5.2497220866141729
 20
-2.8590249606299212
 30
0
 11
5.246077440944882
 21
-2.8535703543307087
 31
0
  0
LINE
  5
FB9
330
22
100
AcDbEntity
  8
F.Mask
  6
CONTINUOUS
100
AcDbLine
 10
5.246077440944882
 20
-2.8535703543307087
 30
0
 11
5.243566968503937
 21
-2.8475095275590552
 31
0
  0
LINE
  5
FBA
330
22
100
AcDbEntity
  8
F.Mask
  6
CONTINUOUS
100
AcDbLine
 10
5.243566968503937
 20
-2.8475095275590552
 30
0
 11
5.2422871259842516
 21
-2.8410753937007875
 31
0
  0
LINE
  5
FBB
330
22
100
AcDbEntity
  8
F.Mask
  6
CONTINUOUS
100
AcDbLine
 10
5.2422871259842516
 20
-2.8410753937007875
 30
0
 11
5.2422871259842516
 21
-2.8345151574803147
 31
0
  0
LINE
  5
FBC
330
22
100
AcDbEntity
  8
F.Mask
  6
CONTINUOUS
100
AcDbLine
 10
5.2422871259842516
 20
-2.8345151574803147
 30
0
 11
5.243566968503937
 21
-2.8280810236220471
 31
0
  0
LINE
  5
FBD
330
22
100
AcDbEntity
  8
F.Mask
  6
CONTINUOUS
100
AcDbLine
 10
5.243566968503937
 20
-2.8280810236220471
 30
0
 11
5.246077440944882
 21
-2.8220201968503935
 31
0
  0
LINE
  5
FBE
330
22
100
AcDbEntity
  8
F.Mask
  6
CONTINUOUS
100
AcDbLine
 10
5.246077440944882
 20
-2.8220201968503935
 30
0
 11
5.2497220866141729
 21
-2.8165655905511811
 31
0
  0
LINE
  5
FBF
330
22
100
AcDbEntity
  8
F.Mask
  6
CONTINUOUS
100
AcDbLine
 10
5.2497220866141729
 20
-2.8165655905511811
 30
0
 11
5.2543608661417318
 21
-2.8119268110236222
 31
0
  0
LINE
  5
FC0
330
22
100
AcDbEntity
  8
F.Mask
  6
CONTINUOUS
100
AcDbLine
 10
5.2543608661417318
 20
-2.8119268110236222
 30
0
 11
5.2598154724409447
 21
-2.8082821653543308
 31
0
  0
LINE
  5
FC1
330
22
100
AcDbEntity
  8
F.Mask
  6
CONTINUOUS
100
AcDbLine
 10
5.2598154724409447
 20
-2.8082821653543308
 30
0
 11
5.2658762992125983
 21
-2.8057716929133858
 31
0
  0
LINE
  5
FC2
330
22
100
AcDbEntity
  8
F.Mask
  6
CONTINUOUS
100
AcDbLine
 10
5.2658762992125983
 20
-2.8057716929133858
 30
0
 11
5.2723104330708663
 21
-2.8044918503937009
 31
0
  0
LINE
  5
FC3
330
22
100
AcDbEntity
  8
F.Mask
  6
CONTINUOUS
100
AcDbLine
 10
5.2723104330708663
 20
-2.8044918503937009
 30
0
 11
5.2755905511811019
 21
-2.8043307086614173
 31
0
  0
LINE
  5
FC4
330
22
100
AcDbEntity
  8
F.Mask
  6
CONTINUOUS
100
AcDbLine
 10
5.2755905511811019
 20
-2.8043307086614173
 30
0
 11
5.3543307086614176
 21
-2.8043307086614173
 31
0
  0
LINE
  5
FC5
330
22
100
AcDbEntity
  8
F.Mask
  6
CONTINUOUS
100
AcDbLine
 10
5.3543307086614176
 20
-2.8043307086614173
 30
0
 11
5.3576108267716531
 21
-2.8044918503937009
 31
0
  0
LINE
  5
FC6
330
22
100
AcDbEntity
  8
F.Mask
  6
CONTINUOUS
100
AcDbLine
 10
6.7955429133858267
 20
-2.751590275590551
 30
0
 11
6.8020059842519682
 21
-2.753690275590551
 31
0
  0
LINE
  5
FC7
330
22
100
AcDbEntity
  8
F.Mask
  6
CONTINUOUS
100
AcDbLine
 10
6.8020059842519682
 20
-2.753690275590551
 30
0
 11
6.8080609448818894
 21
-2.756775433070866
 31
0
  0
LINE
  5
FC8
330
22
100
AcDbEntity
  8
F.Mask
  6
CONTINUOUS
100
AcDbLine
 10
6.8080609448818894
 20
-2.756775433070866
 30
0
 11
6.8135587795275585
 21
-2.7607698031496062
 31
0
  0
LINE
  5
FC9
330
22
100
AcDbEntity
  8
F.Mask
  6
CONTINUOUS
100
AcDbLine
 10
6.8135587795275585
 20
-2.7607698031496062
 30
0
 11
6.8183640551181099
 21
-2.7655750787401576
 31
0
  0
LINE
  5
FCA
330
22
100
AcDbEntity
  8
F.Mask
  6
CONTINUOUS
100
AcDbLine
 10
6.8183640551181099
 20
-2.7655750787401576
 30
0
 11
6.8223584251968505
 21
-2.7710729133858267
 31
0
  0
LINE
  5
FCB
330
22
100
AcDbEntity
  8
F.Mask
  6
CONTINUOUS
100
AcDbLine
 10
6.8223584251968505
 20
-2.7710729133858267
 30
0
 11
6.8254435826771651
 21
-2.7771278740157479
 31
0
  0
LINE
  5
FCC
330
22
100
AcDbEntity
  8
F.Mask
  6
CONTINUOUS
100
AcDbLine
 10
6.8254435826771651
 20
-2.7771278740157479
 30
0
 11
6.8275435826771655
 21
-2.7835909448818899
 31
0
  0
LINE
  5
FCD
330
22
100
AcDbEntity
  8
F.Mask
  6
CONTINUOUS
100
AcDbLine
 10
6.8275435826771655
 20
-2.7835909448818899
 30
0
 11
6.8286066535433072
 21
-2.7903029527559053
 31
0
  0
LINE
  5
FCE
330
22
100
AcDbEntity
  8
F.Mask
  6
CONTINUOUS
100
AcDbLine
 10
6.8286066535433072
 20
-2.7903029527559053
 30
0
 11
6.8286066535433072
 21
-2.797098622047244
 31
0
  0
LINE
  5
FCF
330
22
100
AcDbEntity
  8
F.Mask
  6
CONTINUOUS
100
AcDbLine
 10
6.8286066535433072
 20
-2.797098622047244
 30
0
 11
6.8275435826771655
 21
-2.80381062992126
 31
0
  0
LINE
  5
FD0
330
22
100
AcDbEntity
  8
F.Mask
  6
CONTINUOUS
100
AcDbLine
 10
6.8275435826771655
 20
-2.80381062992126
 30
0
 11
6.8254435826771651
 21
-2.8102737007874015
 31
0
  0
LINE
  5
FD1
330
22
100
AcDbEntity
  8
F.Mask
  6
CONTINUOUS
100
AcDbLine
 10
6.8254435826771651
 20
-2.8102737007874015
 30
0
 11
6.8223584251968505
 21
-2.8163286614173226
 31
0
  0
LINE
  5
FD2
330
22
100
AcDbEntity
  8
F.Mask
  6
CONTINUOUS
100
AcDbLine
 10
6.8223584251968505
 20
-2.8163286614173226
 30
0
 11
6.8183640551181099
 21
-2.8218264960629922
 31
0
  0
LINE
  5
FD3
330
22
100
AcDbEntity
  8
F.Mask
  6
CONTINUOUS
100
AcDbLine
 10
6.8183640551181099
 20
-2.8218264960629922
 30
0
 11
6.8135587795275585
 21
-2.8266317716535432
 31
0
  0
LINE
  5
FD4
330
22
100
AcDbEntity
  8
F.Mask
  6
CONTINUOUS
100
AcDbLine
 10
6.8135587795275585
 20
-2.8266317716535432
 30
0
 11
6.8080609448818894
 21
-2.8306261417322833
 31
0
  0
LINE
  5
FD5
330
22
100
AcDbEntity
  8
F.Mask
  6
CONTINUOUS
100
AcDbLine
 10
6.8080609448818894
 20
-2.8306261417322833
 30
0
 11
6.8020059842519682
 21
-2.8337112992125983
 31
0
  0
LINE
  5
FD6
330
22
100
AcDbEntity
  8
F.Mask
  6
CONTINUOUS
100
AcDbLine
 10
6.8020059842519682
 20
-2.8337112992125983
 30
0
 11
6.7955429133858267
 21
-2.8358112992125983
 31
0
  0
LINE
  5
FD7
330
22
100
AcDbEntity
  8
F.Mask
  6
CONTINUOUS
100
AcDbLine
 10
6.7955429133858267
 20
-2.8358112992125983
 30
0
 11
6.7888309055118112
 21
-2.83687437007874
 31
0
  0
LINE
  5
FD8
330
22
100
AcDbEntity
  8
F.Mask
  6
CONTINUOUS
100
AcDbLine
 10
6.7888309055118112
 20
-2.83687437007874
 30
0
 11
6.7820352362204721
 21
-2.83687437007874
 31
0
  0
LINE
  5
FD9
330
22
100
AcDbEntity
  8
F.Mask
  6
CONTINUOUS
100
AcDbLine
 10
6.7820352362204721
 20
-2.83687437007874
 30
0
 11
6.7753232283464566
 21
-2.8358112992125983
 31
0
  0
LINE
  5
FDA
330
22
100
AcDbEntity
  8
F.Mask
  6
CONTINUOUS
100
AcDbLine
 10
6.7753232283464566
 20
-2.8358112992125983
 30
0
 11
6.7688601574803151
 21
-2.8337112992125983
 31
0
  0
LINE
  5
FDB
330
22
100
AcDbEntity
  8
F.Mask
  6
CONTINUOUS
100
AcDbLine
 10
6.7688601574803151
 20
-2.8337112992125983
 30
0
 11
6.7628051968503939
 21
-2.8306261417322833
 31
0
  0
LINE
  5
FDC
330
22
100
AcDbEntity
  8
F.Mask
  6
CONTINUOUS
100
AcDbLine
 10
6.7628051968503939
 20
-2.8306261417322833
 30
0
 11
6.7573073622047239
 21
-2.8266317716535432
 31
0
  0
LINE
  5
FDD
330
22
100
AcDbEntity
  8
F.Mask
  6
CONTINUOUS
100
AcDbLine
 10
6.7573073622047239
 20
-2.8266317716535432
 30
0
 11
6.7525020866141734
 21
-2.8218264960629922
 31
0
  0
LINE
  5
FDE
330
22
100
AcDbEntity
  8
F.Mask
  6
CONTINUOUS
100
AcDbLine
 10
6.7525020866141734
 20
-2.8218264960629922
 30
0
 11
6.7485077165354328
 21
-2.8163286614173226
 31
0
  0
LINE
  5
FDF
330
22
100
AcDbEntity
  8
F.Mask
  6
CONTINUOUS
100
AcDbLine
 10
6.7485077165354328
 20
-2.8163286614173226
 30
0
 11
6.7454225590551182
 21
-2.8102737007874015
 31
0
  0
LINE
  5
FE0
330
22
100
AcDbEntity
  8
F.Mask
  6
CONTINUOUS
100
AcDbLine
 10
6.7454225590551182
 20
-2.8102737007874015
 30
0
 11
6.7433225590551178
 21
-2.80381062992126
 31
0
  0
LINE
  5
FE1
330
22
100
AcDbEntity
  8
F.Mask
  6
CONTINUOUS
100
AcDbLine
 10
6.7433225590551178
 20
-2.80381062992126
 30
0
 11
6.7422594881889761
 21
-2.797098622047244
 31
0
  0
LINE
  5
FE2
330
22
100
AcDbEntity
  8
F.Mask
  6
CONTINUOUS
100
AcDbLine
 10
6.7422594881889761
 20
-2.797098622047244
 30
0
 11
6.7422594881889761
 21
-2.7903029527559053
 31
0
  0
LINE
  5
FE3
330
22
100
AcDbEntity
  8
F.Mask
  6
CONTINUOUS
100
AcDbLine
 10
6.7422594881889761
 20
-2.7903029527559053
 30
0
 11
6.7433225590551178
 21
-2.7835909448818899
 31
0
  0
LINE
  5
FE4
330
22
100
AcDbEntity
  8
F.Mask
  6
CONTINUOUS
100
AcDbLine
 10
6.7433225590551178
 20
-2.7835909448818899
 30
0
 11
6.7454225590551182
 21
-2.7771278740157479
 31
0
  0
LINE
  5
FE5
330
22
100
AcDbEntity
  8
F.Mask
  6
CONTINUOUS
100
AcDbLine
 10
6.7454225590551182
 20
-2.7771278740157479
 30
0
 11
6.7485077165354328
 21
-2.7710729133858267
 31
0
  0
LINE
  5
FE6
330
22
100
AcDbEntity
  8
F.Mask
  6
CONTINUOUS
100
AcDbLine
 10
6.7485077165354328
 20
-2.7710729133858267
 30
0
 11
6.7525020866141734
 21
-2.7655750787401576
 31
0
  0
LINE
  5
FE7
330
22
100
AcDbEntity
  8
F.Mask
  6
CONTINUOUS
100
AcDbLine
 10
6.7525020866141734
 20
-2.7655750787401576
 30
0
 11
6.7573073622047239
 21
-2.7607698031496062
 31
0
  0
LINE
  5
FE8
330
22
100
AcDbEntity
  8
F.Mask
  6
CONTINUOUS
100
AcDbLine
 10
6.7573073622047239
 20
-2.7607698031496062
 30
0
 11
6.7628051968503939
 21
-2.756775433070866
 31
0
  0
LINE
  5
FE9
330
22
100
AcDbEntity
  8
F.Mask
  6
CONTINUOUS
100
AcDbLine
 10
6.7628051968503939
 20
-2.756775433070866
 30
0
 11
6.7688601574803151
 21
-2.753690275590551
 31
0
  0
LINE
  5
FEA
330
22
100
AcDbEntity
  8
F.Mask
  6
CONTINUOUS
100
AcDbLine
 10
6.7688601574803151
 20
-2.753690275590551
 30
0
 11
6.7753232283464566
 21
-2.751590275590551
 31
0
  0
LINE
  5
FEB
330
22
100
AcDbEntity
  8
F.Mask
  6
CONTINUOUS
100
AcDbLine
 10
6.7753232283464566
 20
-2.751590275590551
 30
0
 11
6.7820352362204721
 21
-2.7505272047244094
 31
0
  0
LINE
  5
FEC
330
22
100
AcDbEntity
  8
F.Mask
  6
CONTINUOUS
100
AcDbLine
 10
6.7820352362204721
 20
-2.7505272047244094
 30
0
 11
6.7888309055118112
 21
-2.7505272047244094
 31
0
  0
LINE
  5
FED
330
22
100
AcDbEntity
  8
F.Mask
  6
CONTINUOUS
100
AcDbLine
 10
6.7888309055118112
 20
-2.7505272047244094
 30
0
 11
6.7955429133858267
 21
-2.751590275590551
 31
0
  0
LINE
  5
FEE
330
22
100
AcDbEntity
  8
F.Mask
  6
CONTINUOUS
100
AcDbLine
 10
4.676508464566929
 20
-2.7044918503937008
 30
0
 11
4.6829425984251971
 21
-2.7057716929133857
 31
0
  0
LINE
  5
FEF
330
22
100
AcDbEntity
  8
F.Mask
  6
CONTINUOUS
100
AcDbLine
 10
4.6829425984251971
 20
-2.7057716929133857
 30
0
 11
4.6890034251968506
 21
-2.7082821653543308
 31
0
  0
LINE
  5
FF0
330
22
100
AcDbEntity
  8
F.Mask
  6
CONTINUOUS
100
AcDbLine
 10
4.6890034251968506
 20
-2.7082821653543308
 30
0
 11
4.6944580314960627
 21
-2.7119268110236221
 31
0
  0
LINE
  5
FF1
330
22
100
AcDbEntity
  8
F.Mask
  6
CONTINUOUS
100
AcDbLine
 10
4.6944580314960627
 20
-2.7119268110236221
 30
0
 11
4.6990968110236215
 21
-2.716565590551181
 31
0
  0
LINE
  5
FF2
330
22
100
AcDbEntity
  8
F.Mask
  6
CONTINUOUS
100
AcDbLine
 10
4.6990968110236215
 20
-2.716565590551181
 30
0
 11
4.7027414566929133
 21
-2.7220201968503934
 31
0
  0
LINE
  5
FF3
330
22
100
AcDbEntity
  8
F.Mask
  6
CONTINUOUS
100
AcDbLine
 10
4.7027414566929133
 20
-2.7220201968503934
 30
0
 11
4.7052519291338584
 21
-2.728081023622047
 31
0
  0
LINE
  5
FF4
330
22
100
AcDbEntity
  8
F.Mask
  6
CONTINUOUS
100
AcDbLine
 10
4.7052519291338584
 20
-2.728081023622047
 30
0
 11
4.7065317716535429
 21
-2.734515157480315
 31
0
  0
LINE
  5
FF5
330
22
100
AcDbEntity
  8
F.Mask
  6
CONTINUOUS
100
AcDbLine
 10
4.7065317716535429
 20
-2.734515157480315
 30
0
 11
4.7065317716535429
 21
-2.7410753937007875
 31
0
  0
LINE
  5
FF6
330
22
100
AcDbEntity
  8
F.Mask
  6
CONTINUOUS
100
AcDbLine
 10
4.7065317716535429
 20
-2.7410753937007875
 30
0
 11
4.7052519291338584
 21
-2.7475095275590551
 31
0
  0
LINE
  5
FF7
330
22
100
AcDbEntity
  8
F.Mask
  6
CONTINUOUS
100
AcDbLine
 10
4.7052519291338584
 20
-2.7475095275590551
 30
0
 11
4.7027414566929133
 21
-2.7535703543307086
 31
0
  0
LINE
  5
FF8
330
22
100
AcDbEntity
  8
F.Mask
  6
CONTINUOUS
100
AcDbLine
 10
4.7027414566929133
 20
-2.7535703543307086
 30
0
 11
4.6990968110236215
 21
-2.7590249606299211
 31
0
  0
LINE
  5
FF9
330
22
100
AcDbEntity
  8
F.Mask
  6
CONTINUOUS
100
AcDbLine
 10
4.6990968110236215
 20
-2.7590249606299211
 30
0
 11
4.6944580314960627
 21
-2.7636637401574804
 31
0
  0
LINE
  5
FFA
330
22
100
AcDbEntity
  8
F.Mask
  6
CONTINUOUS
100
AcDbLine
 10
4.6944580314960627
 20
-2.7636637401574804
 30
0
 11
4.6890034251968506
 21
-2.7673083858267717
 31
0
  0
LINE
  5
FFB
330
22
100
AcDbEntity
  8
F.Mask
  6
CONTINUOUS
100
AcDbLine
 10
4.6890034251968506
 20
-2.7673083858267717
 30
0
 11
4.6829425984251971
 21
-2.7698188582677163
 31
0
  0
LINE
  5
FFC
330
22
100
AcDbEntity
  8
F.Mask
  6
CONTINUOUS
100
AcDbLine
 10
4.6829425984251971
 20
-2.7698188582677163
 30
0
 11
4.676508464566929
 21
-2.7710987007874017
 31
0
  0
LINE
  5
FFD
330
22
100
AcDbEntity
  8
F.Mask
  6
CONTINUOUS
100
AcDbLine
 10
4.676508464566929
 20
-2.7710987007874017
 30
0
 11
4.6732283464566926
 21
-2.7712598425196848
 31
0
  0
LINE
  5
FFE
330
22
100
AcDbEntity
  8
F.Mask
  6
CONTINUOUS
100
AcDbLine
 10
4.6732283464566926
 20
-2.7712598425196848
 30
0
 11
4.5984251968503935
 21
-2.7712598425196848
 31
0
  0
LINE
  5
FFF
330
22
100
AcDbEntity
  8
F.Mask
  6
CONTINUOUS
100
AcDbLine
 10
4.5984251968503935
 20
-2.7712598425196848
 30
0
 11
4.5951450787401571
 21
-2.7710987007874017
 31
0
  0
LINE
  5
1000
330
22
100
AcDbEntity
  8
F.Mask
  6
CONTINUOUS
100
AcDbLine
 10
4.5951450787401571
 20
-2.7710987007874017
 30
0
 11
4.5887109448818899
 21
-2.7698188582677163
 31
0
  0
LINE
  5
1001
330
22
100
AcDbEntity
  8
F.Mask
  6
CONTINUOUS
100
AcDbLine
 10
4.5887109448818899
 20
-2.7698188582677163
 30
0
 11
4.5826501181102364
 21
-2.7673083858267717
 31
0
  0
LINE
  5
1002
330
22
100
AcDbEntity
  8
F.Mask
  6
CONTINUOUS
100
AcDbLine
 10
4.5826501181102364
 20
-2.7673083858267717
 30
0
 11
4.5771955118110235
 21
-2.7636637401574804
 31
0
  0
LINE
  5
1003
330
22
100
AcDbEntity
  8
F.Mask
  6
CONTINUOUS
100
AcDbLine
 10
4.5771955118110235
 20
-2.7636637401574804
 30
0
 11
4.5725567322834646
 21
-2.7590249606299211
 31
0
  0
LINE
  5
1004
330
22
100
AcDbEntity
  8
F.Mask
  6
CONTINUOUS
100
AcDbLine
 10
4.5725567322834646
 20
-2.7590249606299211
 30
0
 11
4.5689120866141728
 21
-2.7535703543307086
 31
0
  0
LINE
  5
1005
330
22
100
AcDbEntity
  8
F.Mask
  6
CONTINUOUS
100
AcDbLine
 10
4.5689120866141728
 20
-2.7535703543307086
 30
0
 11
4.5664016141732287
 21
-2.7475095275590551
 31
0
  0
LINE
  5
1006
330
22
100
AcDbEntity
  8
F.Mask
  6
CONTINUOUS
100
AcDbLine
 10
4.5664016141732287
 20
-2.7475095275590551
 30
0
 11
4.5651217716535433
 21
-2.7410753937007875
 31
0
  0
LINE
  5
1007
330
22
100
AcDbEntity
  8
F.Mask
  6
CONTINUOUS
100
AcDbLine
 10
4.5651217716535433
 20
-2.7410753937007875
 30
0
 11
4.5651217716535433
 21
-2.734515157480315
 31
0
  0
LINE
  5
1008
330
22
100
AcDbEntity
  8
F.Mask
  6
CONTINUOUS
100
AcDbLine
 10
4.5651217716535433
 20
-2.734515157480315
 30
0
 11
4.5664016141732287
 21
-2.728081023622047
 31
0
  0
LINE
  5
1009
330
22
100
AcDbEntity
  8
F.Mask
  6
CONTINUOUS
100
AcDbLine
 10
4.5664016141732287
 20
-2.728081023622047
 30
0
 11
4.5689120866141728
 21
-2.7220201968503934
 31
0
  0
LINE
  5
100A
330
22
100
AcDbEntity
  8
F.Mask
  6
CONTINUOUS
100
AcDbLine
 10
4.5689120866141728
 20
-2.7220201968503934
 30
0
 11
4.5725567322834646
 21
-2.716565590551181
 31
0
  0
LINE
  5
100B
330
22
100
AcDbEntity
  8
F.Mask
  6
CONTINUOUS
100
AcDbLine
 10
4.5725567322834646
 20
-2.716565590551181
 30
0
 11
4.5771955118110235
 21
-2.7119268110236221
 31
0
  0
LINE
  5
100C
330
22
100
AcDbEntity
  8
F.Mask
  6
CONTINUOUS
100
AcDbLine
 10
4.5771955118110235
 20
-2.7119268110236221
 30
0
 11
4.5826501181102364
 21
-2.7082821653543308
 31
0
  0
LINE
  5
100D
330
22
100
AcDbEntity
  8
F.Mask
  6
CONTINUOUS
100
AcDbLine
 10
4.5826501181102364
 20
-2.7082821653543308
 30
0
 11
4.5887109448818899
 21
-2.7057716929133857
 31
0
  0
LINE
  5
100E
330
22
100
AcDbEntity
  8
F.Mask
  6
CONTINUOUS
100
AcDbLine
 10
4.5887109448818899
 20
-2.7057716929133857
 30
0
 11
4.5951450787401571
 21
-2.7044918503937008
 31
0
  0
LINE
  5
100F
330
22
100
AcDbEntity
  8
F.Mask
  6
CONTINUOUS
100
AcDbLine
 10
4.5951450787401571
 20
-2.7044918503937008
 30
0
 11
4.5984251968503935
 21
-2.7043307086614172
 31
0
  0
LINE
  5
1010
330
22
100
AcDbEntity
  8
F.Mask
  6
CONTINUOUS
100
AcDbLine
 10
4.5984251968503935
 20
-2.7043307086614172
 30
0
 11
4.6732283464566926
 21
-2.7043307086614172
 31
0
  0
LINE
  5
1011
330
22
100
AcDbEntity
  8
F.Mask
  6
CONTINUOUS
100
AcDbLine
 10
4.6732283464566926
 20
-2.7043307086614172
 30
0
 11
4.676508464566929
 21
-2.7044918503937008
 31
0
  0
LINE
  5
1012
330
22
100
AcDbEntity
  8
F.Mask
  6
CONTINUOUS
100
AcDbLine
 10
5.3576108267716531
 20
-2.7044918503937008
 30
0
 11
5.3640449606299212
 21
-2.7057716929133857
 31
0
  0
LINE
  5
1013
330
22
100
AcDbEntity
  8
F.Mask
  6
CONTINUOUS
100
AcDbLine
 10
5.3640449606299212
 20
-2.7057716929133857
 30
0
 11
5.3701057874015747
 21
-2.7082821653543308
 31
0
  0
LINE
  5
1014
330
22
100
AcDbEntity
  8
F.Mask
  6
CONTINUOUS
100
AcDbLine
 10
5.3701057874015747
 20
-2.7082821653543308
 30
0
 11
5.3755603937007876
 21
-2.7119268110236221
 31
0
  0
LINE
  5
1015
330
22
100
AcDbEntity
  8
F.Mask
  6
CONTINUOUS
100
AcDbLine
 10
5.3755603937007876
 20
-2.7119268110236221
 30
0
 11
5.3801991732283465
 21
-2.716565590551181
 31
0
  0
LINE
  5
1016
330
22
100
AcDbEntity
  8
F.Mask
  6
CONTINUOUS
100
AcDbLine
 10
5.3801991732283465
 20
-2.716565590551181
 30
0
 11
5.3838438188976374
 21
-2.7220201968503934
 31
0
  0
LINE
  5
1017
330
22
100
AcDbEntity
  8
F.Mask
  6
CONTINUOUS
100
AcDbLine
 10
5.3838438188976374
 20
-2.7220201968503934
 30
0
 11
5.3863542913385825
 21
-2.728081023622047
 31
0
  0
LINE
  5
1018
330
22
100
AcDbEntity
  8
F.Mask
  6
CONTINUOUS
100
AcDbLine
 10
5.3863542913385825
 20
-2.728081023622047
 30
0
 11
5.3876341338582678
 21
-2.734515157480315
 31
0
  0
LINE
  5
1019
330
22
100
AcDbEntity
  8
F.Mask
  6
CONTINUOUS
100
AcDbLine
 10
5.3876341338582678
 20
-2.734515157480315
 30
0
 11
5.3876341338582678
 21
-2.7410753937007875
 31
0
  0
LINE
  5
101A
330
22
100
AcDbEntity
  8
F.Mask
  6
CONTINUOUS
100
AcDbLine
 10
5.3876341338582678
 20
-2.7410753937007875
 30
0
 11
5.3863542913385825
 21
-2.7475095275590551
 31
0
  0
LINE
  5
101B
330
22
100
AcDbEntity
  8
F.Mask
  6
CONTINUOUS
100
AcDbLine
 10
5.3863542913385825
 20
-2.7475095275590551
 30
0
 11
5.3838438188976374
 21
-2.7535703543307086
 31
0
  0
LINE
  5
101C
330
22
100
AcDbEntity
  8
F.Mask
  6
CONTINUOUS
100
AcDbLine
 10
5.3838438188976374
 20
-2.7535703543307086
 30
0
 11
5.3801991732283465
 21
-2.7590249606299211
 31
0
  0
LINE
  5
101D
330
22
100
AcDbEntity
  8
F.Mask
  6
CONTINUOUS
100
AcDbLine
 10
5.3801991732283465
 20
-2.7590249606299211
 30
0
 11
5.3755603937007876
 21
-2.7636637401574804
 31
0
  0
LINE
  5
101E
330
22
100
AcDbEntity
  8
F.Mask
  6
CONTINUOUS
100
AcDbLine
 10
5.3755603937007876
 20
-2.7636637401574804
 30
0
 11
5.3701057874015747
 21
-2.7673083858267717
 31
0
  0
LINE
  5
101F
330
22
100
AcDbEntity
  8
F.Mask
  6
CONTINUOUS
100
AcDbLine
 10
5.3701057874015747
 20
-2.7673083858267717
 30
0
 11
5.3640449606299212
 21
-2.7698188582677163
 31
0
  0
LINE
  5
1020
330
22
100
AcDbEntity
  8
F.Mask
  6
CONTINUOUS
100
AcDbLine
 10
5.3640449606299212
 20
-2.7698188582677163
 30
0
 11
5.3576108267716531
 21
-2.7710987007874017
 31
0
  0
LINE
  5
1021
330
22
100
AcDbEntity
  8
F.Mask
  6
CONTINUOUS
100
AcDbLine
 10
5.3576108267716531
 20
-2.7710987007874017
 30
0
 11
5.3543307086614176
 21
-2.7712598425196848
 31
0
  0
LINE
  5
1022
330
22
100
AcDbEntity
  8
F.Mask
  6
CONTINUOUS
100
AcDbLine
 10
5.3543307086614176
 20
-2.7712598425196848
 30
0
 11
5.2755905511811019
 21
-2.7712598425196848
 31
0
  0
LINE
  5
1023
330
22
100
AcDbEntity
  8
F.Mask
  6
CONTINUOUS
100
AcDbLine
 10
5.2755905511811019
 20
-2.7712598425196848
 30
0
 11
5.2723104330708663
 21
-2.7710987007874017
 31
0
  0
LINE
  5
1024
330
22
100
AcDbEntity
  8
F.Mask
  6
CONTINUOUS
100
AcDbLine
 10
5.2723104330708663
 20
-2.7710987007874017
 30
0
 11
5.2658762992125983
 21
-2.7698188582677163
 31
0
  0
LINE
  5
1025
330
22
100
AcDbEntity
  8
F.Mask
  6
CONTINUOUS
100
AcDbLine
 10
5.2658762992125983
 20
-2.7698188582677163
 30
0
 11
5.2598154724409447
 21
-2.7673083858267717
 31
0
  0
LINE
  5
1026
330
22
100
AcDbEntity
  8
F.Mask
  6
CONTINUOUS
100
AcDbLine
 10
5.2598154724409447
 20
-2.7673083858267717
 30
0
 11
5.2543608661417318
 21
-2.7636637401574804
 31
0
  0
LINE
  5
1027
330
22
100
AcDbEntity
  8
F.Mask
  6
CONTINUOUS
100
AcDbLine
 10
5.2543608661417318
 20
-2.7636637401574804
 30
0
 11
5.2497220866141729
 21
-2.7590249606299211
 31
0
  0
LINE
  5
1028
330
22
100
AcDbEntity
  8
F.Mask
  6
CONTINUOUS
100
AcDbLine
 10
5.2497220866141729
 20
-2.7590249606299211
 30
0
 11
5.246077440944882
 21
-2.7535703543307086
 31
0
  0
LINE
  5
1029
330
22
100
AcDbEntity
  8
F.Mask
  6
CONTINUOUS
100
AcDbLine
 10
5.246077440944882
 20
-2.7535703543307086
 30
0
 11
5.243566968503937
 21
-2.7475095275590551
 31
0
  0
LINE
  5
102A
330
22
100
AcDbEntity
  8
F.Mask
  6
CONTINUOUS
100
AcDbLine
 10
5.243566968503937
 20
-2.7475095275590551
 30
0
 11
5.2422871259842516
 21
-2.7410753937007875
 31
0
  0
LINE
  5
102B
330
22
100
AcDbEntity
  8
F.Mask
  6
CONTINUOUS
100
AcDbLine
 10
5.2422871259842516
 20
-2.7410753937007875
 30
0
 11
5.2422871259842516
 21
-2.734515157480315
 31
0
  0
LINE
  5
102C
330
22
100
AcDbEntity
  8
F.Mask
  6
CONTINUOUS
100
AcDbLine
 10
5.2422871259842516
 20
-2.734515157480315
 30
0
 11
5.243566968503937
 21
-2.728081023622047
 31
0
  0
LINE
  5
102D
330
22
100
AcDbEntity
  8
F.Mask
  6
CONTINUOUS
100
AcDbLine
 10
5.243566968503937
 20
-2.728081023622047
 30
0
 11
5.246077440944882
 21
-2.7220201968503934
 31
0
  0
LINE
  5
102E
330
22
100
AcDbEntity
  8
F.Mask
  6
CONTINUOUS
100
AcDbLine
 10
5.246077440944882
 20
-2.7220201968503934
 30
0
 11
5.2497220866141729
 21
-2.716565590551181
 31
0
  0
LINE
  5
102F
330
22
100
AcDbEntity
  8
F.Mask
  6
CONTINUOUS
100
AcDbLine
 10
5.2497220866141729
 20
-2.716565590551181
 30
0
 11
5.2543608661417318
 21
-2.7119268110236221
 31
0
  0
LINE
  5
1030
330
22
100
AcDbEntity
  8
F.Mask
  6
CONTINUOUS
100
AcDbLine
 10
5.2543608661417318
 20
-2.7119268110236221
 30
0
 11
5.2598154724409447
 21
-2.7082821653543308
 31
0
  0
LINE
  5
1031
330
22
100
AcDbEntity
  8
F.Mask
  6
CONTINUOUS
100
AcDbLine
 10
5.2598154724409447
 20
-2.7082821653543308
 30
0
 11
5.2658762992125983
 21
-2.7057716929133857
 31
0
  0
LINE
  5
1032
330
22
100
AcDbEntity
  8
F.Mask
  6
CONTINUOUS
100
AcDbLine
 10
5.2658762992125983
 20
-2.7057716929133857
 30
0
 11
5.2723104330708663
 21
-2.7044918503937008
 31
0
  0
LINE
  5
1033
330
22
100
AcDbEntity
  8
F.Mask
  6
CONTINUOUS
100
AcDbLine
 10
5.2723104330708663
 20
-2.7044918503937008
 30
0
 11
5.2755905511811019
 21
-2.7043307086614172
 31
0
  0
LINE
  5
1034
330
22
100
AcDbEntity
  8
F.Mask
  6
CONTINUOUS
100
AcDbLine
 10
5.2755905511811019
 20
-2.7043307086614172
 30
0
 11
5.3543307086614176
 21
-2.7043307086614172
 31
0
  0
LINE
  5
1035
330
22
100
AcDbEntity
  8
F.Mask
  6
CONTINUOUS
100
AcDbLine
 10
5.3543307086614176
 20
-2.7043307086614172
 30
0
 11
5.3576108267716531
 21
-2.7044918503937008
 31
0
  0
LINE
  5
1036
330
22
100
AcDbEntity
  8
F.Mask
  6
CONTINUOUS
100
AcDbLine
 10
4.7047244094488185
 20
-2.6712598425196852
 30
0
 11
4.5669291338582676
 21
-2.6712598425196852
 31
0
  0
LINE
  5
1037
330
22
100
AcDbEntity
  8
F.Mask
  6
CONTINUOUS
100
AcDbLine
 10
4.5669291338582676
 20
-2.6712598425196852
 30
0
 11
4.5669291338582676
 21
-2.6043307086614171
 31
0
  0
LINE
  5
1038
330
22
100
AcDbEntity
  8
F.Mask
  6
CONTINUOUS
100
AcDbLine
 10
4.5669291338582676
 20
-2.6043307086614171
 30
0
 11
4.7047244094488185
 21
-2.6043307086614171
 31
0
  0
LINE
  5
1039
330
22
100
AcDbEntity
  8
F.Mask
  6
CONTINUOUS
100
AcDbLine
 10
4.7047244094488185
 20
-2.6043307086614171
 30
0
 11
4.7047244094488185
 21
-2.6712598425196852
 31
0
  0
LINE
  5
103A
330
22
100
AcDbEntity
  8
F.Mask
  6
CONTINUOUS
100
AcDbLine
 10
5.3576108267716531
 20
-2.6044918503937007
 30
0
 11
5.3640449606299212
 21
-2.6057716929133856
 31
0
  0
LINE
  5
103B
330
22
100
AcDbEntity
  8
F.Mask
  6
CONTINUOUS
100
AcDbLine
 10
5.3640449606299212
 20
-2.6057716929133856
 30
0
 11
5.3701057874015747
 21
-2.6082821653543307
 31
0
  0
LINE
  5
103C
330
22
100
AcDbEntity
  8
F.Mask
  6
CONTINUOUS
100
AcDbLine
 10
5.3701057874015747
 20
-2.6082821653543307
 30
0
 11
5.3755603937007876
 21
-2.611926811023622
 31
0
  0
LINE
  5
103D
330
22
100
AcDbEntity
  8
F.Mask
  6
CONTINUOUS
100
AcDbLine
 10
5.3755603937007876
 20
-2.611926811023622
 30
0
 11
5.3801991732283465
 21
-2.6165655905511809
 31
0
  0
LINE
  5
103E
330
22
100
AcDbEntity
  8
F.Mask
  6
CONTINUOUS
100
AcDbLine
 10
5.3801991732283465
 20
-2.6165655905511809
 30
0
 11
5.3838438188976374
 21
-2.6220201968503938
 31
0
  0
LINE
  5
103F
330
22
100
AcDbEntity
  8
F.Mask
  6
CONTINUOUS
100
AcDbLine
 10
5.3838438188976374
 20
-2.6220201968503938
 30
0
 11
5.3863542913385825
 21
-2.6280810236220473
 31
0
  0
LINE
  5
1040
330
22
100
AcDbEntity
  8
F.Mask
  6
CONTINUOUS
100
AcDbLine
 10
5.3863542913385825
 20
-2.6280810236220473
 30
0
 11
5.3876341338582678
 21
-2.634515157480315
 31
0
  0
LINE
  5
1041
330
22
100
AcDbEntity
  8
F.Mask
  6
CONTINUOUS
100
AcDbLine
 10
5.3876341338582678
 20
-2.634515157480315
 30
0
 11
5.3876341338582678
 21
-2.6410753937007874
 31
0
  0
LINE
  5
1042
330
22
100
AcDbEntity
  8
F.Mask
  6
CONTINUOUS
100
AcDbLine
 10
5.3876341338582678
 20
-2.6410753937007874
 30
0
 11
5.3863542913385825
 21
-2.647509527559055
 31
0
  0
LINE
  5
1043
330
22
100
AcDbEntity
  8
F.Mask
  6
CONTINUOUS
100
AcDbLine
 10
5.3863542913385825
 20
-2.647509527559055
 30
0
 11
5.3838438188976374
 21
-2.6535703543307085
 31
0
  0
LINE
  5
1044
330
22
100
AcDbEntity
  8
F.Mask
  6
CONTINUOUS
100
AcDbLine
 10
5.3838438188976374
 20
-2.6535703543307085
 30
0
 11
5.3801991732283465
 21
-2.659024960629921
 31
0
  0
LINE
  5
1045
330
22
100
AcDbEntity
  8
F.Mask
  6
CONTINUOUS
100
AcDbLine
 10
5.3801991732283465
 20
-2.659024960629921
 30
0
 11
5.3755603937007876
 21
-2.6636637401574803
 31
0
  0
LINE
  5
1046
330
22
100
AcDbEntity
  8
F.Mask
  6
CONTINUOUS
100
AcDbLine
 10
5.3755603937007876
 20
-2.6636637401574803
 30
0
 11
5.3701057874015747
 21
-2.6673083858267717
 31
0
  0
LINE
  5
1047
330
22
100
AcDbEntity
  8
F.Mask
  6
CONTINUOUS
100
AcDbLine
 10
5.3701057874015747
 20
-2.6673083858267717
 30
0
 11
5.3640449606299212
 21
-2.6698188582677163
 31
0
  0
LINE
  5
1048
330
22
100
AcDbEntity
  8
F.Mask
  6
CONTINUOUS
100
AcDbLine
 10
5.3640449606299212
 20
-2.6698188582677163
 30
0
 11
5.3576108267716531
 21
-2.6710987007874016
 31
0
  0
LINE
  5
1049
330
22
100
AcDbEntity
  8
F.Mask
  6
CONTINUOUS
100
AcDbLine
 10
5.3576108267716531
 20
-2.6710987007874016
 30
0
 11
5.3543307086614176
 21
-2.6712598425196852
 31
0
  0
LINE
  5
104A
330
22
100
AcDbEntity
  8
F.Mask
  6
CONTINUOUS
100
AcDbLine
 10
5.3543307086614176
 20
-2.6712598425196852
 30
0
 11
5.2755905511811019
 21
-2.6712598425196852
 31
0
  0
LINE
  5
104B
330
22
100
AcDbEntity
  8
F.Mask
  6
CONTINUOUS
100
AcDbLine
 10
5.2755905511811019
 20
-2.6712598425196852
 30
0
 11
5.2723104330708663
 21
-2.6710987007874016
 31
0
  0
LINE
  5
104C
330
22
100
AcDbEntity
  8
F.Mask
  6
CONTINUOUS
100
AcDbLine
 10
5.2723104330708663
 20
-2.6710987007874016
 30
0
 11
5.2658762992125983
 21
-2.6698188582677163
 31
0
  0
LINE
  5
104D
330
22
100
AcDbEntity
  8
F.Mask
  6
CONTINUOUS
100
AcDbLine
 10
5.2658762992125983
 20
-2.6698188582677163
 30
0
 11
5.2598154724409447
 21
-2.6673083858267717
 31
0
  0
LINE
  5
104E
330
22
100
AcDbEntity
  8
F.Mask
  6
CONTINUOUS
100
AcDbLine
 10
5.2598154724409447
 20
-2.6673083858267717
 30
0
 11
5.2543608661417318
 21
-2.6636637401574803
 31
0
  0
LINE
  5
104F
330
22
100
AcDbEntity
  8
F.Mask
  6
CONTINUOUS
100
AcDbLine
 10
5.2543608661417318
 20
-2.6636637401574803
 30
0
 11
5.2497220866141729
 21
-2.659024960629921
 31
0
  0
LINE
  5
1050
330
22
100
AcDbEntity
  8
F.Mask
  6
CONTINUOUS
100
AcDbLine
 10
5.2497220866141729
 20
-2.659024960629921
 30
0
 11
5.246077440944882
 21
-2.6535703543307085
 31
0
  0
LINE
  5
1051
330
22
100
AcDbEntity
  8
F.Mask
  6
CONTINUOUS
100
AcDbLine
 10
5.246077440944882
 20
-2.6535703543307085
 30
0
 11
5.243566968503937
 21
-2.647509527559055
 31
0
  0
LINE
  5
1052
330
22
100
AcDbEntity
  8
F.Mask
  6
CONTINUOUS
100
AcDbLine
 10
5.243566968503937
 20
-2.647509527559055
 30
0
 11
5.2422871259842516
 21
-2.6410753937007874
 31
0
  0
LINE
  5
1053
330
22
100
AcDbEntity
  8
F.Mask
  6
CONTINUOUS
100
AcDbLine
 10
5.2422871259842516
 20
-2.6410753937007874
 30
0
 11
5.2422871259842516
 21
-2.634515157480315
 31
0
  0
LINE
  5
1054
330
22
100
AcDbEntity
  8
F.Mask
  6
CONTINUOUS
100
AcDbLine
 10
5.2422871259842516
 20
-2.634515157480315
 30
0
 11
5.243566968503937
 21
-2.6280810236220473
 31
0
  0
LINE
  5
1055
330
22
100
AcDbEntity
  8
F.Mask
  6
CONTINUOUS
100
AcDbLine
 10
5.243566968503937
 20
-2.6280810236220473
 30
0
 11
5.246077440944882
 21
-2.6220201968503938
 31
0
  0
LINE
  5
1056
330
22
100
AcDbEntity
  8
F.Mask
  6
CONTINUOUS
100
AcDbLine
 10
5.246077440944882
 20
-2.6220201968503938
 30
0
 11
5.2497220866141729
 21
-2.6165655905511809
 31
0
  0
LINE
  5
1057
330
22
100
AcDbEntity
  8
F.Mask
  6
CONTINUOUS
100
AcDbLine
 10
5.2497220866141729
 20
-2.6165655905511809
 30
0
 11
5.2543608661417318
 21
-2.611926811023622
 31
0
  0
LINE
  5
1058
330
22
100
AcDbEntity
  8
F.Mask
  6
CONTINUOUS
100
AcDbLine
 10
5.2543608661417318
 20
-2.611926811023622
 30
0
 11
5.2598154724409447
 21
-2.6082821653543307
 31
0
  0
LINE
  5
1059
330
22
100
AcDbEntity
  8
F.Mask
  6
CONTINUOUS
100
AcDbLine
 10
5.2598154724409447
 20
-2.6082821653543307
 30
0
 11
5.2658762992125983
 21
-2.6057716929133856
 31
0
  0
LINE
  5
105A
330
22
100
AcDbEntity
  8
F.Mask
  6
CONTINUOUS
100
AcDbLine
 10
5.2658762992125983
 20
-2.6057716929133856
 30
0
 11
5.2723104330708663
 21
-2.6044918503937007
 31
0
  0
LINE
  5
105B
330
22
100
AcDbEntity
  8
F.Mask
  6
CONTINUOUS
100
AcDbLine
 10
5.2723104330708663
 20
-2.6044918503937007
 30
0
 11
5.2755905511811019
 21
-2.6043307086614171
 31
0
  0
LINE
  5
105C
330
22
100
AcDbEntity
  8
F.Mask
  6
CONTINUOUS
100
AcDbLine
 10
5.2755905511811019
 20
-2.6043307086614171
 30
0
 11
5.3543307086614176
 21
-2.6043307086614171
 31
0
  0
LINE
  5
105D
330
22
100
AcDbEntity
  8
F.Mask
  6
CONTINUOUS
100
AcDbLine
 10
5.3543307086614176
 20
-2.6043307086614171
 30
0
 11
5.3576108267716531
 21
-2.6044918503937007
 31
0
  0
ENDSEC
  0
SECTION
  2
OBJECTS
  0
DICTIONARY
  5
28
330
0
100
AcDbDictionary
281
1
  3
ACAD_GROUP
350
105E
  3
ACAD_LAYOUT
350
29
  3
ACAD_PLOTSTYLENAME
350
11
  0
DICTIONARY
  5
105E
330
28
100
AcDbDictionary
281
1
  0
ACDBDICTIONARYWDFLT
  5
11
330
28
100
AcDbDictionary
281
1
  3
Normal
350
10
100
AcDbDictionaryWithDefault
340
10
  0
ACDBPLACEHOLDER
  5
10
330
11
  0
DICTIONARY
  5
29
330
28
100
AcDbDictionary
281
1
  3
Model
350
25
  3
Layout1
350
26
  3
Layout2
350
27
  0
LAYOUT
  5
25
330
29
100
AcDbPlotSettings
  1

  2
none_device
  4
A3
  6

 40
0.0
 41
0.0
 42
0.0
 43
0.0
 44
420.0
 45
297.0
 46
0.0
 47
0.0
 48
0.0
 49
0.0
140
0.0
141
0.0
142
1.0
143
1.0
 70
1024
 72
1
 73
0
 74
5
  7

 75
16
 76
0
 77
2
 78
300
147
1.0
148
0.0
149
0.0
100
AcDbLayout
  1
Model
 70
1
 71
0
 10
0.0
 20
0.0
 11
420.0
 21
297.0
 12
0.0
 22
0.0
 32
0.0
 14
1e+20
 24
1e+20
 34
1e+20
 15
-1e+20
 25
-1e+20
 35
-1e+20
146
0.0
 13
0.0
 23
0.0
 33
0.0
 16
1.0
 26
0.0
 36
0.0
 17
0.0
 27
1.0
 37
0.0
 76
0
330
22
  0
LAYOUT
  5
26
330
29
100
AcDbPlotSettings
  1

  2
none_device
  4
A3
  6

 40
0.0
 41
0.0
 42
0.0
 43
0.0
 44
420.0
 45
297.0
 46
0.0
 47
0.0
 48
0.0
 49
0.0
140
0.0
141
0.0
142
1.0
143
1.0
 70
0
 72
1
 73
0
 74
5
  7

 75
16
 76
0
 77
2
 78
300
147
1.0
148
0.0
149
0.0
100
AcDbLayout
  1
Layout1
 70
1
 71
1
 10
0.0
 20
0.0
 11
420.0
 21
297.0
 12
0.0
 22
0.0
 32
0.0
 14
1e+20
 24
1e+20
 34
1e+20
 15
-1e+20
 25
-1e+20
 35
-1e+20
146
0.0
 13
0.0
 23
0.0
 33
0.0
 16
1.0
 26
0.0
 36
0.0
 17
0.0
 27
1.0
 37
0.0
 76
0
330
23
  0
LAYOUT
  5
27
330
29
100
AcDbPlotSettings
  1

  2
none_device
  4
A3
  6

 40
0.0
 41
0.0
 42
0.0
 43
0.0
 44
420.0
 45
297.0
 46
0.0
 47
0.0
 48
0.0
 49
0.0
140
0.0
141
0.0
142
1.0
143
1.0
 70
0
 72
1
 73
0
 74
5
  7

 75
16
 76
0
 77
2
 78
300
147
1.0
148
0.0
149
0.0
100
AcDbLayout
  1
Layout2
 70
1
 71
2
 10
0.0
 20
0.0
 11
420.0
 21
297.0
 12
0.0
 22
0.0
 32
0.0
 14
1e+20
 24
1e+20
 34
1e+20
 15
-1e+20
 25
-1e+20
 35
-1e+20
146
0.0
 13
0.0
 23
0.0
 33
0.0
 16
1.0
 26
0.0
 36
0.0
 17
0.0
 27
1.0
 37
0.0
 76
0
330
24
  0
ENDSEC
  0
EOF
