ISO-10303-21;
HEADER;
/* Generated by software containing ST-Developer
 * from STEP Tools, Inc. (www.steptools.com) 
 */
/* OPTION: using custom renumber hook */

FILE_DESCRIPTION(
/* description */ ('STEP AP242 Edition 2',
'CAx-IF Rec.Pracs.---Representation and Presentation of Product Manufa
cturing Information (PMI)---4.0---2014-10-13',
'CAx-IF Rec.Pracs.---3D Tessellated Geometry---0.4---2014-09-14','2;1',
'CAx-IF Rec.Pracs.---User Defined Attributes---1.5---2016-08-15'),
/* implementation_level */ '2;1');

FILE_NAME(
/* name */ 'Part Studio 1 - Part 2',
/* time_stamp */ '2026-07-14T02:47:45Z',
/* author */ (''),
/* organization */ (''),
/* preprocessor_version */ 'ST-DEVELOPER v20',
/* originating_system */ 'ONSHAPE BY PTC INC, 1.217',
/* authorisation */ '  ');

FILE_SCHEMA (('AP242_MANAGED_MODEL_BASED_3D_ENGINEERING_MIM_LF { 1 0 10303 442 3 1 4 }'));
ENDSEC;

DATA;
#10=SHAPE_REPRESENTATION_RELATIONSHIP('','',#1491,#11);
#11=ADVANCED_BREP_SHAPE_REPRESENTATION('',(#1489),#2729);
#12=CYLINDRICAL_SURFACE('',#1546,0.000500000000000006);
#13=CYLINDRICAL_SURFACE('',#1548,0.0005);
#14=CYLINDRICAL_SURFACE('',#1550,0.000499999999999994);
#15=CYLINDRICAL_SURFACE('',#1552,0.000500000000000006);
#16=CYLINDRICAL_SURFACE('',#1553,0.0005);
#17=CYLINDRICAL_SURFACE('',#1555,0.0005);
#18=CYLINDRICAL_SURFACE('',#1557,0.0005);
#19=CYLINDRICAL_SURFACE('',#1559,0.0005);
#20=CYLINDRICAL_SURFACE('',#1560,0.000500000000000007);
#21=CYLINDRICAL_SURFACE('',#1562,0.000499999999999994);
#22=CYLINDRICAL_SURFACE('',#1564,0.000499999999999992);
#23=CYLINDRICAL_SURFACE('',#1566,0.0005);
#24=CYLINDRICAL_SURFACE('',#1567,0.0005);
#25=CYLINDRICAL_SURFACE('',#1569,0.0005);
#26=CYLINDRICAL_SURFACE('',#1571,0.0005);
#27=CYLINDRICAL_SURFACE('',#1573,0.0005);
#28=CYLINDRICAL_SURFACE('',#1583,0.0016951851394339);
#29=CYLINDRICAL_SURFACE('',#1584,0.00169518513943391);
#30=CYLINDRICAL_SURFACE('',#1585,0.00145);
#31=CYLINDRICAL_SURFACE('',#1586,0.00145);
#32=CYLINDRICAL_SURFACE('',#1589,0.00246295468790761);
#33=B_SPLINE_SURFACE_WITH_KNOTS('',3,1,((#2149,#2150),(#2151,#2152),(#2153,
#2154),(#2155,#2156),(#2157,#2158),(#2159,#2160),(#2161,#2162),(#2163,#2164),
(#2165,#2166),(#2167,#2168),(#2169,#2170),(#2171,#2172),(#2173,#2174),(#2175,
#2176),(#2177,#2178),(#2179,#2180),(#2181,#2182),(#2183,#2184),(#2185,#2186),
(#2187,#2188),(#2189,#2190),(#2191,#2192),(#2193,#2194),(#2195,#2196),(#2197,
#2198),(#2199,#2200),(#2201,#2202),(#2203,#2204),(#2205,#2206),(#2207,#2208),
(#2209,#2210),(#2211,#2212),(#2213,#2214),(#2215,#2216),(#2217,#2218),(#2219,
#2220),(#2221,#2222),(#2223,#2224),(#2225,#2226),(#2227,#2228),(#2229,#2230),
(#2231,#2232),(#2233,#2234),(#2235,#2236),(#2237,#2238),(#2239,#2240),(#2241,
#2242),(#2243,#2244),(#2245,#2246),(#2247,#2248),(#2249,#2250),(#2251,#2252),
(#2253,#2254),(#2255,#2256),(#2257,#2258),(#2259,#2260),(#2261,#2262),(#2263,
#2264),(#2265,#2266),(#2267,#2268),(#2269,#2270),(#2271,#2272),(#2273,#2274),
(#2275,#2276),(#2277,#2278),(#2279,#2280),(#2281,#2282),(#2283,#2284),(#2285,
#2286),(#2287,#2288),(#2289,#2290),(#2291,#2292),(#2293,#2294),(#2295,#2296),
(#2297,#2298)),.SURF_OF_LINEAR_EXTRUSION.,.F.,.F.,.F.,(4,1,1,1,1,1,1,1,
1,1,1,1,1,1,1,1,1,1,1,1,1,1,1,1,1,1,1,1,1,1,1,1,1,1,1,1,1,1,1,1,1,1,1,1,
1,1,1,1,1,1,1,1,1,1,1,1,1,1,1,1,1,1,1,1,1,1,1,1,1,1,1,1,4),(2,2),(14.,14.21875,
14.4375,14.65625,14.765625,14.875,14.9296875,14.95703125,14.984375,14.998046875,
15.01171875,15.0390625,15.09375,15.203125,15.3125,15.421875,15.53125,15.640625,
15.75,15.859375,15.9140625,15.96875,15.99609375,16.0234375,16.078125,16.1875,
16.40625,16.625,16.84375,16.953125,17.0078125,17.0625,17.171875,17.28125,
17.5,17.71875,17.828125,17.9375,17.96484375,17.9921875,18.01953125,18.046875,
18.1015625,18.15625,18.375,18.59375,18.8125,18.921875,18.9765625,19.00390625,
19.03125,19.0859375,19.140625,19.25,19.359375,19.46875,19.578125,19.6875,
19.796875,19.90625,19.9609375,19.98828125,20.001953125,20.015625,20.04296875,
20.0703125,20.125,20.1796875,20.234375,20.34375,20.5625,20.78125,21.),(0.,
1.),.UNSPECIFIED.);
#34=B_SPLINE_SURFACE_WITH_KNOTS('',3,1,((#2620,#2621),(#2622,#2623),(#2624,
#2625),(#2626,#2627),(#2628,#2629),(#2630,#2631),(#2632,#2633),(#2634,#2635),
(#2636,#2637),(#2638,#2639),(#2640,#2641),(#2642,#2643),(#2644,#2645),(#2646,
#2647)),.SURF_OF_LINEAR_EXTRUSION.,.F.,.F.,.F.,(4,1,1,1,1,1,1,1,1,1,1,4),
(2,2),(0.,0.5,0.75,0.875,0.9375,1.,1.0625,1.125,1.25,1.5,1.75,2.),(0.,1.),
 .UNSPECIFIED.);
#35=B_SPLINE_SURFACE_WITH_KNOTS('',3,1,((#2651,#2652),(#2653,#2654),(#2655,
#2656),(#2657,#2658)),.SURF_OF_LINEAR_EXTRUSION.,.F.,.F.,.F.,(4,4),(2,2),
(12.,13.),(0.,1.),.PIECEWISE_BEZIER_KNOTS.);
#36=B_SPLINE_SURFACE_WITH_KNOTS('',3,1,((#2660,#2661),(#2662,#2663),(#2664,
#2665),(#2666,#2667)),.SURF_OF_LINEAR_EXTRUSION.,.F.,.F.,.F.,(4,4),(2,2),
(11.,12.),(0.,1.),.PIECEWISE_BEZIER_KNOTS.);
#37=B_SPLINE_SURFACE_WITH_KNOTS('',3,1,((#2670,#2671),(#2672,#2673),(#2674,
#2675),(#2676,#2677),(#2678,#2679),(#2680,#2681),(#2682,#2683),(#2684,#2685),
(#2686,#2687),(#2688,#2689),(#2690,#2691)),.SURF_OF_LINEAR_EXTRUSION.,.F.,
 .F.,.F.,(4,1,1,1,1,1,1,1,4),(2,2),(6.,6.5,6.75,6.875,7.,7.125,7.25,7.5,
8.),(0.,1.),.UNSPECIFIED.);
#38=B_SPLINE_SURFACE_WITH_KNOTS('',3,1,((#2693,#2694),(#2695,#2696),(#2697,
#2698),(#2699,#2700)),.SURF_OF_LINEAR_EXTRUSION.,.F.,.F.,.F.,(4,4),(2,2),
(5.,6.),(0.,1.),.PIECEWISE_BEZIER_KNOTS.);
#39=B_SPLINE_SURFACE_WITH_KNOTS('',3,1,((#2706,#2707),(#2708,#2709),(#2710,
#2711),(#2712,#2713)),.SURF_OF_LINEAR_EXTRUSION.,.F.,.F.,.F.,(4,4),(2,2),
(2.,3.),(0.,1.),.PIECEWISE_BEZIER_KNOTS.);
#40=B_SPLINE_CURVE_WITH_KNOTS('',3,(#2058,#2059,#2060,#2061,#2062,#2063,
#2064,#2065,#2066,#2067,#2068,#2069,#2070,#2071,#2072,#2073,#2074,#2075,
#2076,#2077,#2078,#2079),.UNSPECIFIED.,.F.,.F.,(4,3,3,3,3,3,3,4),(14.,15.,
16.,17.,18.,19.,20.,21.),.PIECEWISE_BEZIER_KNOTS.);
#41=B_SPLINE_CURVE_WITH_KNOTS('',3,(#2098,#2099,#2100,#2101),
 .UNSPECIFIED.,.F.,.F.,(4,4),(12.,13.),.PIECEWISE_BEZIER_KNOTS.);
#42=B_SPLINE_CURVE_WITH_KNOTS('',3,(#2103,#2104,#2105,#2106),
 .UNSPECIFIED.,.F.,.F.,(4,4),(11.,12.),.PIECEWISE_BEZIER_KNOTS.);
#43=B_SPLINE_CURVE_WITH_KNOTS('',3,(#2118,#2119,#2120,#2121,#2122,#2123,
#2124),.UNSPECIFIED.,.F.,.F.,(4,3,4),(6.,7.,8.),
 .PIECEWISE_BEZIER_KNOTS.);
#44=B_SPLINE_CURVE_WITH_KNOTS('',3,(#2126,#2127,#2128,#2129),
 .UNSPECIFIED.,.F.,.F.,(4,4),(5.,6.),.PIECEWISE_BEZIER_KNOTS.);
#45=B_SPLINE_CURVE_WITH_KNOTS('',3,(#2135,#2136,#2137,#2138),
 .UNSPECIFIED.,.F.,.F.,(4,4),(2.,3.),.PIECEWISE_BEZIER_KNOTS.);
#46=B_SPLINE_CURVE_WITH_KNOTS('',3,(#2140,#2141,#2142,#2143,#2144,#2145,
#2146),.UNSPECIFIED.,.F.,.F.,(4,3,4),(0.,1.,2.),
 .PIECEWISE_BEZIER_KNOTS.);
#47=B_SPLINE_CURVE_WITH_KNOTS('',3,(#2302,#2303,#2304,#2305,#2306,#2307,
#2308,#2309,#2310,#2311,#2312,#2313,#2314,#2315,#2316,#2317,#2318,#2319,
#2320,#2321,#2322,#2323),.UNSPECIFIED.,.F.,.F.,(4,3,3,3,3,3,3,4),(14.,15.,
16.,17.,18.,19.,20.,21.),.PIECEWISE_BEZIER_KNOTS.);
#48=B_SPLINE_CURVE_WITH_KNOTS('',3,(#2328,#2329,#2330,#2331,#2332,#2333,
#2334,#2335,#2336,#2337,#2338,#2339,#2340,#2341,#2342,#2343,#2344,#2345,
#2346,#2347,#2348,#2349),.UNSPECIFIED.,.F.,.F.,(4,3,3,3,3,3,3,4),(14.,15.,
16.,17.,18.,19.,20.,21.),.PIECEWISE_BEZIER_KNOTS.);
#49=B_SPLINE_CURVE_WITH_KNOTS('',3,(#2473,#2474,#2475,#2476,#2477,#2478,
#2479),.UNSPECIFIED.,.F.,.F.,(4,3,4),(0.,1.,2.),
 .PIECEWISE_BEZIER_KNOTS.);
#50=B_SPLINE_CURVE_WITH_KNOTS('',3,(#2481,#2482,#2483,#2484),
 .UNSPECIFIED.,.F.,.F.,(4,4),(2.,3.),.PIECEWISE_BEZIER_KNOTS.);
#51=B_SPLINE_CURVE_WITH_KNOTS('',3,(#2490,#2491,#2492,#2493),
 .UNSPECIFIED.,.F.,.F.,(4,4),(5.,6.),.PIECEWISE_BEZIER_KNOTS.);
#52=B_SPLINE_CURVE_WITH_KNOTS('',3,(#2495,#2496,#2497,#2498,#2499,#2500,
#2501),.UNSPECIFIED.,.F.,.F.,(4,3,4),(6.,7.,8.),
 .PIECEWISE_BEZIER_KNOTS.);
#53=B_SPLINE_CURVE_WITH_KNOTS('',3,(#2504,#2505,#2506,#2507),
 .UNSPECIFIED.,.F.,.F.,(4,4),(11.,12.),.PIECEWISE_BEZIER_KNOTS.);
#54=B_SPLINE_CURVE_WITH_KNOTS('',3,(#2509,#2510,#2511,#2512),
 .UNSPECIFIED.,.F.,.F.,(4,4),(12.,13.),.PIECEWISE_BEZIER_KNOTS.);
#55=LINE('',#1981,#207);
#56=LINE('',#1985,#208);
#57=LINE('',#1989,#209);
#58=LINE('',#1993,#210);
#59=LINE('',#1997,#211);
#60=LINE('',#2001,#212);
#61=LINE('',#2005,#213);
#62=LINE('',#2009,#214);
#63=LINE('',#2013,#215);
#64=LINE('',#2017,#216);
#65=LINE('',#2021,#217);
#66=LINE('',#2025,#218);
#67=LINE('',#2029,#219);
#68=LINE('',#2033,#220);
#69=LINE('',#2037,#221);
#70=LINE('',#2041,#222);
#71=LINE('',#2042,#223);
#72=LINE('',#2045,#224);
#73=LINE('',#2047,#225);
#74=LINE('',#2049,#226);
#75=LINE('',#2050,#227);
#76=LINE('',#2053,#228);
#77=LINE('',#2055,#229);
#78=LINE('',#2057,#230);
#79=LINE('',#2082,#231);
#80=LINE('',#2084,#232);
#81=LINE('',#2086,#233);
#82=LINE('',#2088,#234);
#83=LINE('',#2090,#235);
#84=LINE('',#2092,#236);
#85=LINE('',#2094,#237);
#86=LINE('',#2096,#238);
#87=LINE('',#2108,#239);
#88=LINE('',#2110,#240);
#89=LINE('',#2112,#241);
#90=LINE('',#2114,#242);
#91=LINE('',#2131,#243);
#92=LINE('',#2133,#244);
#93=LINE('',#2148,#245);
#94=LINE('',#2299,#246);
#95=LINE('',#2325,#247);
#96=LINE('',#2326,#248);
#97=LINE('',#2351,#249);
#98=LINE('',#2353,#250);
#99=LINE('',#2354,#251);
#100=LINE('',#2356,#252);
#101=LINE('',#2358,#253);
#102=LINE('',#2361,#254);
#103=LINE('',#2363,#255);
#104=LINE('',#2364,#256);
#105=LINE('',#2366,#257);
#106=LINE('',#2368,#258);
#107=LINE('',#2370,#259);
#108=LINE('',#2371,#260);
#109=LINE('',#2373,#261);
#110=LINE('',#2383,#262);
#111=LINE('',#2386,#263);
#112=LINE('',#2388,#264);
#113=LINE('',#2390,#265);
#114=LINE('',#2394,#266);
#115=LINE('',#2398,#267);
#116=LINE('',#2402,#268);
#117=LINE('',#2406,#269);
#118=LINE('',#2410,#270);
#119=LINE('',#2414,#271);
#120=LINE('',#2418,#272);
#121=LINE('',#2422,#273);
#122=LINE('',#2426,#274);
#123=LINE('',#2430,#275);
#124=LINE('',#2434,#276);
#125=LINE('',#2438,#277);
#126=LINE('',#2442,#278);
#127=LINE('',#2446,#279);
#128=LINE('',#2450,#280);
#129=LINE('',#2454,#281);
#130=LINE('',#2455,#282);
#131=LINE('',#2458,#283);
#132=LINE('',#2460,#284);
#133=LINE('',#2462,#285);
#134=LINE('',#2463,#286);
#135=LINE('',#2466,#287);
#136=LINE('',#2468,#288);
#137=LINE('',#2470,#289);
#138=LINE('',#2471,#290);
#139=LINE('',#2486,#291);
#140=LINE('',#2488,#292);
#141=LINE('',#2514,#293);
#142=LINE('',#2515,#294);
#143=LINE('',#2517,#295);
#144=LINE('',#2519,#296);
#145=LINE('',#2521,#297);
#146=LINE('',#2522,#298);
#147=LINE('',#2524,#299);
#148=LINE('',#2526,#300);
#149=LINE('',#2528,#301);
#150=LINE('',#2529,#302);
#151=LINE('',#2531,#303);
#152=LINE('',#2533,#304);
#153=LINE('',#2535,#305);
#154=LINE('',#2537,#306);
#155=LINE('',#2539,#307);
#156=LINE('',#2541,#308);
#157=LINE('',#2543,#309);
#158=LINE('',#2544,#310);
#159=LINE('',#2546,#311);
#160=LINE('',#2548,#312);
#161=LINE('',#2550,#313);
#162=LINE('',#2552,#314);
#163=LINE('',#2554,#315);
#164=LINE('',#2556,#316);
#165=LINE('',#2558,#317);
#166=LINE('',#2559,#318);
#167=LINE('',#2561,#319);
#168=LINE('',#2563,#320);
#169=LINE('',#2565,#321);
#170=LINE('',#2567,#322);
#171=LINE('',#2569,#323);
#172=LINE('',#2571,#324);
#173=LINE('',#2573,#325);
#174=LINE('',#2574,#326);
#175=LINE('',#2576,#327);
#176=LINE('',#2578,#328);
#177=LINE('',#2580,#329);
#178=LINE('',#2582,#330);
#179=LINE('',#2584,#331);
#180=LINE('',#2586,#332);
#181=LINE('',#2588,#333);
#182=LINE('',#2590,#334);
#183=LINE('',#2592,#335);
#184=LINE('',#2594,#336);
#185=LINE('',#2595,#337);
#186=LINE('',#2597,#338);
#187=LINE('',#2599,#339);
#188=LINE('',#2601,#340);
#189=LINE('',#2608,#341);
#190=LINE('',#2609,#342);
#191=LINE('',#2610,#343);
#192=LINE('',#2612,#344);
#193=LINE('',#2614,#345);
#194=LINE('',#2648,#346);
#195=LINE('',#2649,#347);
#196=LINE('',#2659,#348);
#197=LINE('',#2669,#349);
#198=LINE('',#2692,#350);
#199=LINE('',#2701,#351);
#200=LINE('',#2703,#352);
#201=LINE('',#2705,#353);
#202=LINE('',#2715,#354);
#203=LINE('',#2717,#355);
#204=LINE('',#2719,#356);
#205=LINE('',#2722,#357);
#206=LINE('',#2724,#358);
#207=VECTOR('',#1614,1.);
#208=VECTOR('',#1617,1.);
#209=VECTOR('',#1620,1.);
#210=VECTOR('',#1623,1.);
#211=VECTOR('',#1626,1.);
#212=VECTOR('',#1629,1.);
#213=VECTOR('',#1632,1.);
#214=VECTOR('',#1635,1.);
#215=VECTOR('',#1638,1.);
#216=VECTOR('',#1641,1.);
#217=VECTOR('',#1644,1.);
#218=VECTOR('',#1647,1.);
#219=VECTOR('',#1650,1.);
#220=VECTOR('',#1653,1.);
#221=VECTOR('',#1656,1.);
#222=VECTOR('',#1659,1.);
#223=VECTOR('',#1660,1.);
#224=VECTOR('',#1661,1.);
#225=VECTOR('',#1662,1.);
#226=VECTOR('',#1663,1.);
#227=VECTOR('',#1664,1.);
#228=VECTOR('',#1665,1.);
#229=VECTOR('',#1666,1.);
#230=VECTOR('',#1667,1.);
#231=VECTOR('',#1668,1.);
#232=VECTOR('',#1669,1.);
#233=VECTOR('',#1670,1.);
#234=VECTOR('',#1671,1.);
#235=VECTOR('',#1672,1.);
#236=VECTOR('',#1673,1.);
#237=VECTOR('',#1674,1.);
#238=VECTOR('',#1675,1.);
#239=VECTOR('',#1676,1.);
#240=VECTOR('',#1677,1.);
#241=VECTOR('',#1678,1.);
#242=VECTOR('',#1679,1.);
#243=VECTOR('',#1682,1.);
#244=VECTOR('',#1683,1.);
#245=VECTOR('',#1684,1.);
#246=VECTOR('',#1685,1.);
#247=VECTOR('',#1686,1.);
#248=VECTOR('',#1687,1.);
#249=VECTOR('',#1690,1.);
#250=VECTOR('',#1691,1.);
#251=VECTOR('',#1692,1.);
#252=VECTOR('',#1693,1.);
#253=VECTOR('',#1696,1.);
#254=VECTOR('',#1697,1.);
#255=VECTOR('',#1698,1.);
#256=VECTOR('',#1699,1.);
#257=VECTOR('',#1700,1.);
#258=VECTOR('',#1703,1.);
#259=VECTOR('',#1704,1.);
#260=VECTOR('',#1705,1.);
#261=VECTOR('',#1706,1.);
#262=VECTOR('',#1717,1.);
#263=VECTOR('',#1718,1.);
#264=VECTOR('',#1719,1.);
#265=VECTOR('',#1720,1.);
#266=VECTOR('',#1723,1.);
#267=VECTOR('',#1726,1.);
#268=VECTOR('',#1729,1.);
#269=VECTOR('',#1732,1.);
#270=VECTOR('',#1735,1.);
#271=VECTOR('',#1738,1.);
#272=VECTOR('',#1741,1.);
#273=VECTOR('',#1744,1.);
#274=VECTOR('',#1747,1.);
#275=VECTOR('',#1750,1.);
#276=VECTOR('',#1753,1.);
#277=VECTOR('',#1756,1.);
#278=VECTOR('',#1759,1.);
#279=VECTOR('',#1762,1.);
#280=VECTOR('',#1765,1.);
#281=VECTOR('',#1768,1.);
#282=VECTOR('',#1769,1.);
#283=VECTOR('',#1770,1.);
#284=VECTOR('',#1771,1.);
#285=VECTOR('',#1772,1.);
#286=VECTOR('',#1773,1.);
#287=VECTOR('',#1774,1.);
#288=VECTOR('',#1775,1.);
#289=VECTOR('',#1776,1.);
#290=VECTOR('',#1777,1.);
#291=VECTOR('',#1778,1.);
#292=VECTOR('',#1779,1.);
#293=VECTOR('',#1784,1.);
#294=VECTOR('',#1785,1.);
#295=VECTOR('',#1788,1.);
#296=VECTOR('',#1791,1.);
#297=VECTOR('',#1794,1.);
#298=VECTOR('',#1795,1.);
#299=VECTOR('',#1798,1.);
#300=VECTOR('',#1801,1.);
#301=VECTOR('',#1804,1.);
#302=VECTOR('',#1805,1.);
#303=VECTOR('',#1808,1.);
#304=VECTOR('',#1811,1.);
#305=VECTOR('',#1814,1.);
#306=VECTOR('',#1817,1.);
#307=VECTOR('',#1820,1.);
#308=VECTOR('',#1823,1.);
#309=VECTOR('',#1826,1.);
#310=VECTOR('',#1827,1.);
#311=VECTOR('',#1830,1.);
#312=VECTOR('',#1833,1.);
#313=VECTOR('',#1836,1.);
#314=VECTOR('',#1839,1.);
#315=VECTOR('',#1842,1.);
#316=VECTOR('',#1845,1.);
#317=VECTOR('',#1848,1.);
#318=VECTOR('',#1849,1.);
#319=VECTOR('',#1852,1.);
#320=VECTOR('',#1855,1.);
#321=VECTOR('',#1858,1.);
#322=VECTOR('',#1861,1.);
#323=VECTOR('',#1864,1.);
#324=VECTOR('',#1867,1.);
#325=VECTOR('',#1870,1.);
#326=VECTOR('',#1871,1.);
#327=VECTOR('',#1874,1.);
#328=VECTOR('',#1877,1.);
#329=VECTOR('',#1880,1.);
#330=VECTOR('',#1883,1.);
#331=VECTOR('',#1886,1.);
#332=VECTOR('',#1889,1.);
#333=VECTOR('',#1892,1.);
#334=VECTOR('',#1893,1.);
#335=VECTOR('',#1894,1.);
#336=VECTOR('',#1897,1.);
#337=VECTOR('',#1898,1.);
#338=VECTOR('',#1899,1.);
#339=VECTOR('',#1902,1.);
#340=VECTOR('',#1903,1.);
#341=VECTOR('',#1916,1.);
#342=VECTOR('',#1917,1.);
#343=VECTOR('',#1918,1.);
#344=VECTOR('',#1919,1.);
#345=VECTOR('',#1920,1.);
#346=VECTOR('',#1931,1.);
#347=VECTOR('',#1932,1.);
#348=VECTOR('',#1935,1.);
#349=VECTOR('',#1938,1.);
#350=VECTOR('',#1939,1.);
#351=VECTOR('',#1940,1.);
#352=VECTOR('',#1943,1.);
#353=VECTOR('',#1946,1.);
#354=VECTOR('',#1949,1.);
#355=VECTOR('',#1950,1.);
#356=VECTOR('',#1953,1.);
#357=VECTOR('',#1958,1.);
#358=VECTOR('',#1961,1.);
#359=ORIENTED_EDGE('',*,*,#777,.T.);
#360=ORIENTED_EDGE('',*,*,#778,.T.);
#361=ORIENTED_EDGE('',*,*,#779,.T.);
#362=ORIENTED_EDGE('',*,*,#780,.T.);
#363=ORIENTED_EDGE('',*,*,#781,.T.);
#364=ORIENTED_EDGE('',*,*,#782,.T.);
#365=ORIENTED_EDGE('',*,*,#783,.T.);
#366=ORIENTED_EDGE('',*,*,#784,.T.);
#367=ORIENTED_EDGE('',*,*,#785,.T.);
#368=ORIENTED_EDGE('',*,*,#786,.F.);
#369=ORIENTED_EDGE('',*,*,#787,.T.);
#370=ORIENTED_EDGE('',*,*,#788,.F.);
#371=ORIENTED_EDGE('',*,*,#789,.T.);
#372=ORIENTED_EDGE('',*,*,#790,.T.);
#373=ORIENTED_EDGE('',*,*,#791,.T.);
#374=ORIENTED_EDGE('',*,*,#792,.T.);
#375=ORIENTED_EDGE('',*,*,#793,.T.);
#376=ORIENTED_EDGE('',*,*,#794,.F.);
#377=ORIENTED_EDGE('',*,*,#795,.T.);
#378=ORIENTED_EDGE('',*,*,#796,.F.);
#379=ORIENTED_EDGE('',*,*,#797,.T.);
#380=ORIENTED_EDGE('',*,*,#798,.T.);
#381=ORIENTED_EDGE('',*,*,#799,.T.);
#382=ORIENTED_EDGE('',*,*,#800,.T.);
#383=ORIENTED_EDGE('',*,*,#801,.T.);
#384=ORIENTED_EDGE('',*,*,#802,.F.);
#385=ORIENTED_EDGE('',*,*,#803,.T.);
#386=ORIENTED_EDGE('',*,*,#804,.F.);
#387=ORIENTED_EDGE('',*,*,#805,.T.);
#388=ORIENTED_EDGE('',*,*,#806,.T.);
#389=ORIENTED_EDGE('',*,*,#807,.T.);
#390=ORIENTED_EDGE('',*,*,#808,.T.);
#391=ORIENTED_EDGE('',*,*,#809,.T.);
#392=ORIENTED_EDGE('',*,*,#810,.F.);
#393=ORIENTED_EDGE('',*,*,#811,.T.);
#394=ORIENTED_EDGE('',*,*,#812,.F.);
#395=ORIENTED_EDGE('',*,*,#813,.T.);
#396=ORIENTED_EDGE('',*,*,#814,.T.);
#397=ORIENTED_EDGE('',*,*,#815,.F.);
#398=ORIENTED_EDGE('',*,*,#816,.F.);
#399=ORIENTED_EDGE('',*,*,#817,.T.);
#400=ORIENTED_EDGE('',*,*,#818,.T.);
#401=ORIENTED_EDGE('',*,*,#819,.F.);
#402=ORIENTED_EDGE('',*,*,#820,.F.);
#403=ORIENTED_EDGE('',*,*,#821,.F.);
#404=ORIENTED_EDGE('',*,*,#822,.T.);
#405=ORIENTED_EDGE('',*,*,#823,.T.);
#406=ORIENTED_EDGE('',*,*,#824,.F.);
#407=ORIENTED_EDGE('',*,*,#825,.F.);
#408=ORIENTED_EDGE('',*,*,#826,.T.);
#409=ORIENTED_EDGE('',*,*,#827,.T.);
#410=ORIENTED_EDGE('',*,*,#828,.F.);
#411=ORIENTED_EDGE('',*,*,#829,.F.);
#412=ORIENTED_EDGE('',*,*,#830,.F.);
#413=ORIENTED_EDGE('',*,*,#831,.F.);
#414=ORIENTED_EDGE('',*,*,#832,.F.);
#415=ORIENTED_EDGE('',*,*,#833,.F.);
#416=ORIENTED_EDGE('',*,*,#834,.F.);
#417=ORIENTED_EDGE('',*,*,#835,.F.);
#418=ORIENTED_EDGE('',*,*,#836,.F.);
#419=ORIENTED_EDGE('',*,*,#837,.F.);
#420=ORIENTED_EDGE('',*,*,#838,.F.);
#421=ORIENTED_EDGE('',*,*,#839,.F.);
#422=ORIENTED_EDGE('',*,*,#840,.F.);
#423=ORIENTED_EDGE('',*,*,#841,.F.);
#424=ORIENTED_EDGE('',*,*,#842,.F.);
#425=ORIENTED_EDGE('',*,*,#843,.F.);
#426=ORIENTED_EDGE('',*,*,#844,.F.);
#427=ORIENTED_EDGE('',*,*,#845,.T.);
#428=ORIENTED_EDGE('',*,*,#846,.F.);
#429=ORIENTED_EDGE('',*,*,#821,.T.);
#430=ORIENTED_EDGE('',*,*,#847,.T.);
#431=ORIENTED_EDGE('',*,*,#848,.F.);
#432=ORIENTED_EDGE('',*,*,#849,.T.);
#433=ORIENTED_EDGE('',*,*,#850,.T.);
#434=ORIENTED_EDGE('',*,*,#844,.T.);
#435=ORIENTED_EDGE('',*,*,#851,.F.);
#436=ORIENTED_EDGE('',*,*,#852,.F.);
#437=ORIENTED_EDGE('',*,*,#829,.T.);
#438=ORIENTED_EDGE('',*,*,#853,.F.);
#439=ORIENTED_EDGE('',*,*,#854,.T.);
#440=ORIENTED_EDGE('',*,*,#855,.T.);
#441=ORIENTED_EDGE('',*,*,#832,.T.);
#442=ORIENTED_EDGE('',*,*,#856,.T.);
#443=ORIENTED_EDGE('',*,*,#857,.F.);
#444=ORIENTED_EDGE('',*,*,#858,.T.);
#445=ORIENTED_EDGE('',*,*,#859,.T.);
#446=ORIENTED_EDGE('',*,*,#853,.T.);
#447=ORIENTED_EDGE('',*,*,#860,.F.);
#448=ORIENTED_EDGE('',*,*,#861,.F.);
#449=ORIENTED_EDGE('',*,*,#835,.T.);
#450=ORIENTED_EDGE('',*,*,#862,.F.);
#451=ORIENTED_EDGE('',*,*,#863,.F.);
#452=ORIENTED_EDGE('',*,*,#864,.F.);
#453=ORIENTED_EDGE('',*,*,#865,.F.);
#454=ORIENTED_EDGE('',*,*,#866,.F.);
#455=ORIENTED_EDGE('',*,*,#867,.T.);
#456=ORIENTED_EDGE('',*,*,#868,.T.);
#457=ORIENTED_EDGE('',*,*,#869,.T.);
#458=ORIENTED_EDGE('',*,*,#870,.F.);
#459=ORIENTED_EDGE('',*,*,#871,.T.);
#460=ORIENTED_EDGE('',*,*,#872,.F.);
#461=ORIENTED_EDGE('',*,*,#873,.T.);
#462=ORIENTED_EDGE('',*,*,#874,.F.);
#463=ORIENTED_EDGE('',*,*,#875,.F.);
#464=ORIENTED_EDGE('',*,*,#876,.F.);
#465=ORIENTED_EDGE('',*,*,#877,.F.);
#466=ORIENTED_EDGE('',*,*,#878,.F.);
#467=ORIENTED_EDGE('',*,*,#879,.T.);
#468=ORIENTED_EDGE('',*,*,#880,.F.);
#469=ORIENTED_EDGE('',*,*,#881,.T.);
#470=ORIENTED_EDGE('',*,*,#882,.F.);
#471=ORIENTED_EDGE('',*,*,#883,.F.);
#472=ORIENTED_EDGE('',*,*,#884,.F.);
#473=ORIENTED_EDGE('',*,*,#885,.F.);
#474=ORIENTED_EDGE('',*,*,#886,.F.);
#475=ORIENTED_EDGE('',*,*,#887,.T.);
#476=ORIENTED_EDGE('',*,*,#888,.F.);
#477=ORIENTED_EDGE('',*,*,#889,.T.);
#478=ORIENTED_EDGE('',*,*,#890,.F.);
#479=ORIENTED_EDGE('',*,*,#891,.F.);
#480=ORIENTED_EDGE('',*,*,#892,.F.);
#481=ORIENTED_EDGE('',*,*,#893,.F.);
#482=ORIENTED_EDGE('',*,*,#894,.F.);
#483=ORIENTED_EDGE('',*,*,#895,.T.);
#484=ORIENTED_EDGE('',*,*,#896,.F.);
#485=ORIENTED_EDGE('',*,*,#897,.T.);
#486=ORIENTED_EDGE('',*,*,#898,.F.);
#487=ORIENTED_EDGE('',*,*,#899,.F.);
#488=ORIENTED_EDGE('',*,*,#900,.F.);
#489=ORIENTED_EDGE('',*,*,#901,.F.);
#490=ORIENTED_EDGE('',*,*,#902,.F.);
#491=ORIENTED_EDGE('',*,*,#903,.T.);
#492=ORIENTED_EDGE('',*,*,#904,.T.);
#493=ORIENTED_EDGE('',*,*,#905,.F.);
#494=ORIENTED_EDGE('',*,*,#906,.F.);
#495=ORIENTED_EDGE('',*,*,#907,.T.);
#496=ORIENTED_EDGE('',*,*,#908,.T.);
#497=ORIENTED_EDGE('',*,*,#909,.F.);
#498=ORIENTED_EDGE('',*,*,#910,.T.);
#499=ORIENTED_EDGE('',*,*,#911,.T.);
#500=ORIENTED_EDGE('',*,*,#912,.T.);
#501=ORIENTED_EDGE('',*,*,#913,.T.);
#502=ORIENTED_EDGE('',*,*,#914,.T.);
#503=ORIENTED_EDGE('',*,*,#915,.T.);
#504=ORIENTED_EDGE('',*,*,#916,.T.);
#505=ORIENTED_EDGE('',*,*,#917,.T.);
#506=ORIENTED_EDGE('',*,*,#860,.T.);
#507=ORIENTED_EDGE('',*,*,#857,.T.);
#508=ORIENTED_EDGE('',*,*,#918,.T.);
#509=ORIENTED_EDGE('',*,*,#919,.T.);
#510=ORIENTED_EDGE('',*,*,#851,.T.);
#511=ORIENTED_EDGE('',*,*,#848,.T.);
#512=ORIENTED_EDGE('',*,*,#817,.F.);
#513=ORIENTED_EDGE('',*,*,#920,.F.);
#514=ORIENTED_EDGE('',*,*,#906,.T.);
#515=ORIENTED_EDGE('',*,*,#921,.T.);
#516=ORIENTED_EDGE('',*,*,#820,.T.);
#517=ORIENTED_EDGE('',*,*,#922,.F.);
#518=ORIENTED_EDGE('',*,*,#907,.F.);
#519=ORIENTED_EDGE('',*,*,#920,.T.);
#520=ORIENTED_EDGE('',*,*,#819,.T.);
#521=ORIENTED_EDGE('',*,*,#923,.F.);
#522=ORIENTED_EDGE('',*,*,#908,.F.);
#523=ORIENTED_EDGE('',*,*,#922,.T.);
#524=ORIENTED_EDGE('',*,*,#813,.F.);
#525=ORIENTED_EDGE('',*,*,#924,.F.);
#526=ORIENTED_EDGE('',*,*,#902,.T.);
#527=ORIENTED_EDGE('',*,*,#925,.T.);
#528=ORIENTED_EDGE('',*,*,#816,.T.);
#529=ORIENTED_EDGE('',*,*,#926,.F.);
#530=ORIENTED_EDGE('',*,*,#903,.F.);
#531=ORIENTED_EDGE('',*,*,#924,.T.);
#532=ORIENTED_EDGE('',*,*,#815,.T.);
#533=ORIENTED_EDGE('',*,*,#927,.F.);
#534=ORIENTED_EDGE('',*,*,#904,.F.);
#535=ORIENTED_EDGE('',*,*,#926,.T.);
#536=ORIENTED_EDGE('',*,*,#805,.F.);
#537=ORIENTED_EDGE('',*,*,#928,.F.);
#538=ORIENTED_EDGE('',*,*,#894,.T.);
#539=ORIENTED_EDGE('',*,*,#929,.T.);
#540=ORIENTED_EDGE('',*,*,#812,.T.);
#541=ORIENTED_EDGE('',*,*,#930,.F.);
#542=ORIENTED_EDGE('',*,*,#895,.F.);
#543=ORIENTED_EDGE('',*,*,#928,.T.);
#544=ORIENTED_EDGE('',*,*,#811,.F.);
#545=ORIENTED_EDGE('',*,*,#931,.F.);
#546=ORIENTED_EDGE('',*,*,#896,.T.);
#547=ORIENTED_EDGE('',*,*,#930,.T.);
#548=ORIENTED_EDGE('',*,*,#810,.T.);
#549=ORIENTED_EDGE('',*,*,#932,.F.);
#550=ORIENTED_EDGE('',*,*,#897,.F.);
#551=ORIENTED_EDGE('',*,*,#931,.T.);
#552=ORIENTED_EDGE('',*,*,#809,.F.);
#553=ORIENTED_EDGE('',*,*,#933,.F.);
#554=ORIENTED_EDGE('',*,*,#898,.T.);
#555=ORIENTED_EDGE('',*,*,#932,.T.);
#556=ORIENTED_EDGE('',*,*,#808,.F.);
#557=ORIENTED_EDGE('',*,*,#934,.F.);
#558=ORIENTED_EDGE('',*,*,#899,.T.);
#559=ORIENTED_EDGE('',*,*,#933,.T.);
#560=ORIENTED_EDGE('',*,*,#807,.F.);
#561=ORIENTED_EDGE('',*,*,#935,.F.);
#562=ORIENTED_EDGE('',*,*,#900,.T.);
#563=ORIENTED_EDGE('',*,*,#934,.T.);
#564=ORIENTED_EDGE('',*,*,#797,.F.);
#565=ORIENTED_EDGE('',*,*,#936,.F.);
#566=ORIENTED_EDGE('',*,*,#886,.T.);
#567=ORIENTED_EDGE('',*,*,#937,.T.);
#568=ORIENTED_EDGE('',*,*,#804,.T.);
#569=ORIENTED_EDGE('',*,*,#938,.F.);
#570=ORIENTED_EDGE('',*,*,#887,.F.);
#571=ORIENTED_EDGE('',*,*,#936,.T.);
#572=ORIENTED_EDGE('',*,*,#803,.F.);
#573=ORIENTED_EDGE('',*,*,#939,.F.);
#574=ORIENTED_EDGE('',*,*,#888,.T.);
#575=ORIENTED_EDGE('',*,*,#938,.T.);
#576=ORIENTED_EDGE('',*,*,#802,.T.);
#577=ORIENTED_EDGE('',*,*,#940,.F.);
#578=ORIENTED_EDGE('',*,*,#889,.F.);
#579=ORIENTED_EDGE('',*,*,#939,.T.);
#580=ORIENTED_EDGE('',*,*,#801,.F.);
#581=ORIENTED_EDGE('',*,*,#941,.F.);
#582=ORIENTED_EDGE('',*,*,#890,.T.);
#583=ORIENTED_EDGE('',*,*,#940,.T.);
#584=ORIENTED_EDGE('',*,*,#800,.F.);
#585=ORIENTED_EDGE('',*,*,#942,.F.);
#586=ORIENTED_EDGE('',*,*,#891,.T.);
#587=ORIENTED_EDGE('',*,*,#941,.T.);
#588=ORIENTED_EDGE('',*,*,#799,.F.);
#589=ORIENTED_EDGE('',*,*,#943,.F.);
#590=ORIENTED_EDGE('',*,*,#892,.T.);
#591=ORIENTED_EDGE('',*,*,#942,.T.);
#592=ORIENTED_EDGE('',*,*,#789,.F.);
#593=ORIENTED_EDGE('',*,*,#944,.F.);
#594=ORIENTED_EDGE('',*,*,#878,.T.);
#595=ORIENTED_EDGE('',*,*,#945,.T.);
#596=ORIENTED_EDGE('',*,*,#796,.T.);
#597=ORIENTED_EDGE('',*,*,#946,.F.);
#598=ORIENTED_EDGE('',*,*,#879,.F.);
#599=ORIENTED_EDGE('',*,*,#944,.T.);
#600=ORIENTED_EDGE('',*,*,#795,.F.);
#601=ORIENTED_EDGE('',*,*,#947,.F.);
#602=ORIENTED_EDGE('',*,*,#880,.T.);
#603=ORIENTED_EDGE('',*,*,#946,.T.);
#604=ORIENTED_EDGE('',*,*,#794,.T.);
#605=ORIENTED_EDGE('',*,*,#948,.F.);
#606=ORIENTED_EDGE('',*,*,#881,.F.);
#607=ORIENTED_EDGE('',*,*,#947,.T.);
#608=ORIENTED_EDGE('',*,*,#793,.F.);
#609=ORIENTED_EDGE('',*,*,#949,.F.);
#610=ORIENTED_EDGE('',*,*,#882,.T.);
#611=ORIENTED_EDGE('',*,*,#948,.T.);
#612=ORIENTED_EDGE('',*,*,#792,.F.);
#613=ORIENTED_EDGE('',*,*,#950,.F.);
#614=ORIENTED_EDGE('',*,*,#883,.T.);
#615=ORIENTED_EDGE('',*,*,#949,.T.);
#616=ORIENTED_EDGE('',*,*,#791,.F.);
#617=ORIENTED_EDGE('',*,*,#951,.F.);
#618=ORIENTED_EDGE('',*,*,#884,.T.);
#619=ORIENTED_EDGE('',*,*,#950,.T.);
#620=ORIENTED_EDGE('',*,*,#781,.F.);
#621=ORIENTED_EDGE('',*,*,#952,.F.);
#622=ORIENTED_EDGE('',*,*,#870,.T.);
#623=ORIENTED_EDGE('',*,*,#953,.T.);
#624=ORIENTED_EDGE('',*,*,#788,.T.);
#625=ORIENTED_EDGE('',*,*,#954,.F.);
#626=ORIENTED_EDGE('',*,*,#871,.F.);
#627=ORIENTED_EDGE('',*,*,#952,.T.);
#628=ORIENTED_EDGE('',*,*,#787,.F.);
#629=ORIENTED_EDGE('',*,*,#955,.F.);
#630=ORIENTED_EDGE('',*,*,#872,.T.);
#631=ORIENTED_EDGE('',*,*,#954,.T.);
#632=ORIENTED_EDGE('',*,*,#786,.T.);
#633=ORIENTED_EDGE('',*,*,#956,.F.);
#634=ORIENTED_EDGE('',*,*,#873,.F.);
#635=ORIENTED_EDGE('',*,*,#955,.T.);
#636=ORIENTED_EDGE('',*,*,#785,.F.);
#637=ORIENTED_EDGE('',*,*,#957,.F.);
#638=ORIENTED_EDGE('',*,*,#874,.T.);
#639=ORIENTED_EDGE('',*,*,#956,.T.);
#640=ORIENTED_EDGE('',*,*,#784,.F.);
#641=ORIENTED_EDGE('',*,*,#958,.F.);
#642=ORIENTED_EDGE('',*,*,#875,.T.);
#643=ORIENTED_EDGE('',*,*,#957,.T.);
#644=ORIENTED_EDGE('',*,*,#783,.F.);
#645=ORIENTED_EDGE('',*,*,#959,.F.);
#646=ORIENTED_EDGE('',*,*,#876,.T.);
#647=ORIENTED_EDGE('',*,*,#958,.T.);
#648=ORIENTED_EDGE('',*,*,#960,.F.);
#649=ORIENTED_EDGE('',*,*,#961,.T.);
#650=ORIENTED_EDGE('',*,*,#962,.T.);
#651=ORIENTED_EDGE('',*,*,#826,.F.);
#652=ORIENTED_EDGE('',*,*,#868,.F.);
#653=ORIENTED_EDGE('',*,*,#963,.T.);
#654=ORIENTED_EDGE('',*,*,#960,.T.);
#655=ORIENTED_EDGE('',*,*,#825,.T.);
#656=ORIENTED_EDGE('',*,*,#964,.F.);
#657=ORIENTED_EDGE('',*,*,#965,.T.);
#658=ORIENTED_EDGE('',*,*,#966,.F.);
#659=ORIENTED_EDGE('',*,*,#967,.T.);
#660=ORIENTED_EDGE('',*,*,#964,.T.);
#661=ORIENTED_EDGE('',*,*,#824,.T.);
#662=ORIENTED_EDGE('',*,*,#814,.F.);
#663=ORIENTED_EDGE('',*,*,#925,.F.);
#664=ORIENTED_EDGE('',*,*,#905,.T.);
#665=ORIENTED_EDGE('',*,*,#927,.T.);
#666=ORIENTED_EDGE('',*,*,#806,.F.);
#667=ORIENTED_EDGE('',*,*,#929,.F.);
#668=ORIENTED_EDGE('',*,*,#901,.T.);
#669=ORIENTED_EDGE('',*,*,#935,.T.);
#670=ORIENTED_EDGE('',*,*,#798,.F.);
#671=ORIENTED_EDGE('',*,*,#937,.F.);
#672=ORIENTED_EDGE('',*,*,#893,.T.);
#673=ORIENTED_EDGE('',*,*,#943,.T.);
#674=ORIENTED_EDGE('',*,*,#790,.F.);
#675=ORIENTED_EDGE('',*,*,#945,.F.);
#676=ORIENTED_EDGE('',*,*,#885,.T.);
#677=ORIENTED_EDGE('',*,*,#951,.T.);
#678=ORIENTED_EDGE('',*,*,#782,.F.);
#679=ORIENTED_EDGE('',*,*,#953,.F.);
#680=ORIENTED_EDGE('',*,*,#877,.T.);
#681=ORIENTED_EDGE('',*,*,#959,.T.);
#682=ORIENTED_EDGE('',*,*,#962,.F.);
#683=ORIENTED_EDGE('',*,*,#968,.T.);
#684=ORIENTED_EDGE('',*,*,#866,.T.);
#685=ORIENTED_EDGE('',*,*,#969,.T.);
#686=ORIENTED_EDGE('',*,*,#966,.T.);
#687=ORIENTED_EDGE('',*,*,#823,.F.);
#688=ORIENTED_EDGE('',*,*,#970,.F.);
#689=ORIENTED_EDGE('',*,*,#971,.T.);
#690=ORIENTED_EDGE('',*,*,#972,.T.);
#691=ORIENTED_EDGE('',*,*,#827,.F.);
#692=ORIENTED_EDGE('',*,*,#865,.T.);
#693=ORIENTED_EDGE('',*,*,#780,.F.);
#694=ORIENTED_EDGE('',*,*,#864,.T.);
#695=ORIENTED_EDGE('',*,*,#779,.F.);
#696=ORIENTED_EDGE('',*,*,#863,.T.);
#697=ORIENTED_EDGE('',*,*,#778,.F.);
#698=ORIENTED_EDGE('',*,*,#862,.T.);
#699=ORIENTED_EDGE('',*,*,#777,.F.);
#700=ORIENTED_EDGE('',*,*,#818,.F.);
#701=ORIENTED_EDGE('',*,*,#921,.F.);
#702=ORIENTED_EDGE('',*,*,#909,.T.);
#703=ORIENTED_EDGE('',*,*,#923,.T.);
#704=ORIENTED_EDGE('',*,*,#842,.T.);
#705=ORIENTED_EDGE('',*,*,#973,.T.);
#706=ORIENTED_EDGE('',*,*,#911,.F.);
#707=ORIENTED_EDGE('',*,*,#974,.F.);
#708=ORIENTED_EDGE('',*,*,#843,.T.);
#709=ORIENTED_EDGE('',*,*,#974,.T.);
#710=ORIENTED_EDGE('',*,*,#910,.F.);
#711=ORIENTED_EDGE('',*,*,#847,.F.);
#712=ORIENTED_EDGE('',*,*,#830,.T.);
#713=ORIENTED_EDGE('',*,*,#852,.T.);
#714=ORIENTED_EDGE('',*,*,#919,.F.);
#715=ORIENTED_EDGE('',*,*,#975,.F.);
#716=ORIENTED_EDGE('',*,*,#831,.T.);
#717=ORIENTED_EDGE('',*,*,#975,.T.);
#718=ORIENTED_EDGE('',*,*,#918,.F.);
#719=ORIENTED_EDGE('',*,*,#856,.F.);
#720=ORIENTED_EDGE('',*,*,#836,.T.);
#721=ORIENTED_EDGE('',*,*,#861,.T.);
#722=ORIENTED_EDGE('',*,*,#917,.F.);
#723=ORIENTED_EDGE('',*,*,#976,.F.);
#724=ORIENTED_EDGE('',*,*,#837,.T.);
#725=ORIENTED_EDGE('',*,*,#976,.T.);
#726=ORIENTED_EDGE('',*,*,#916,.F.);
#727=ORIENTED_EDGE('',*,*,#977,.F.);
#728=ORIENTED_EDGE('',*,*,#838,.T.);
#729=ORIENTED_EDGE('',*,*,#977,.T.);
#730=ORIENTED_EDGE('',*,*,#915,.F.);
#731=ORIENTED_EDGE('',*,*,#978,.F.);
#732=ORIENTED_EDGE('',*,*,#839,.T.);
#733=ORIENTED_EDGE('',*,*,#978,.T.);
#734=ORIENTED_EDGE('',*,*,#914,.F.);
#735=ORIENTED_EDGE('',*,*,#979,.F.);
#736=ORIENTED_EDGE('',*,*,#840,.T.);
#737=ORIENTED_EDGE('',*,*,#979,.T.);
#738=ORIENTED_EDGE('',*,*,#913,.F.);
#739=ORIENTED_EDGE('',*,*,#980,.F.);
#740=ORIENTED_EDGE('',*,*,#841,.T.);
#741=ORIENTED_EDGE('',*,*,#980,.T.);
#742=ORIENTED_EDGE('',*,*,#912,.F.);
#743=ORIENTED_EDGE('',*,*,#973,.F.);
#744=ORIENTED_EDGE('',*,*,#834,.T.);
#745=ORIENTED_EDGE('',*,*,#981,.F.);
#746=ORIENTED_EDGE('',*,*,#982,.F.);
#747=ORIENTED_EDGE('',*,*,#858,.F.);
#748=ORIENTED_EDGE('',*,*,#859,.F.);
#749=ORIENTED_EDGE('',*,*,#982,.T.);
#750=ORIENTED_EDGE('',*,*,#983,.T.);
#751=ORIENTED_EDGE('',*,*,#854,.F.);
#752=ORIENTED_EDGE('',*,*,#833,.T.);
#753=ORIENTED_EDGE('',*,*,#855,.F.);
#754=ORIENTED_EDGE('',*,*,#983,.F.);
#755=ORIENTED_EDGE('',*,*,#981,.T.);
#756=ORIENTED_EDGE('',*,*,#846,.T.);
#757=ORIENTED_EDGE('',*,*,#984,.T.);
#758=ORIENTED_EDGE('',*,*,#970,.T.);
#759=ORIENTED_EDGE('',*,*,#822,.F.);
#760=ORIENTED_EDGE('',*,*,#828,.T.);
#761=ORIENTED_EDGE('',*,*,#972,.F.);
#762=ORIENTED_EDGE('',*,*,#985,.F.);
#763=ORIENTED_EDGE('',*,*,#849,.F.);
#764=ORIENTED_EDGE('',*,*,#850,.F.);
#765=ORIENTED_EDGE('',*,*,#985,.T.);
#766=ORIENTED_EDGE('',*,*,#971,.F.);
#767=ORIENTED_EDGE('',*,*,#984,.F.);
#768=ORIENTED_EDGE('',*,*,#845,.F.);
#769=ORIENTED_EDGE('',*,*,#963,.F.);
#770=ORIENTED_EDGE('',*,*,#867,.F.);
#771=ORIENTED_EDGE('',*,*,#968,.F.);
#772=ORIENTED_EDGE('',*,*,#961,.F.);
#773=ORIENTED_EDGE('',*,*,#965,.F.);
#774=ORIENTED_EDGE('',*,*,#967,.F.);
#775=ORIENTED_EDGE('',*,*,#969,.F.);
#776=ORIENTED_EDGE('',*,*,#869,.F.);
#777=EDGE_CURVE('',#986,#986,#1128,.T.);
#778=EDGE_CURVE('',#987,#987,#1129,.T.);
#779=EDGE_CURVE('',#988,#988,#1130,.T.);
#780=EDGE_CURVE('',#989,#989,#1131,.T.);
#781=EDGE_CURVE('',#990,#991,#1132,.T.);
#782=EDGE_CURVE('',#991,#992,#55,.T.);
#783=EDGE_CURVE('',#992,#993,#1133,.T.);
#784=EDGE_CURVE('',#993,#994,#56,.T.);
#785=EDGE_CURVE('',#994,#995,#1134,.T.);
#786=EDGE_CURVE('',#996,#995,#57,.T.);
#787=EDGE_CURVE('',#996,#997,#1135,.T.);
#788=EDGE_CURVE('',#990,#997,#58,.T.);
#789=EDGE_CURVE('',#998,#999,#1136,.T.);
#790=EDGE_CURVE('',#999,#1000,#59,.T.);
#791=EDGE_CURVE('',#1000,#1001,#1137,.T.);
#792=EDGE_CURVE('',#1001,#1002,#60,.T.);
#793=EDGE_CURVE('',#1002,#1003,#1138,.T.);
#794=EDGE_CURVE('',#1004,#1003,#61,.T.);
#795=EDGE_CURVE('',#1004,#1005,#1139,.T.);
#796=EDGE_CURVE('',#998,#1005,#62,.T.);
#797=EDGE_CURVE('',#1006,#1007,#1140,.T.);
#798=EDGE_CURVE('',#1007,#1008,#63,.T.);
#799=EDGE_CURVE('',#1008,#1009,#1141,.T.);
#800=EDGE_CURVE('',#1009,#1010,#64,.T.);
#801=EDGE_CURVE('',#1010,#1011,#1142,.T.);
#802=EDGE_CURVE('',#1012,#1011,#65,.T.);
#803=EDGE_CURVE('',#1012,#1013,#1143,.T.);
#804=EDGE_CURVE('',#1006,#1013,#66,.T.);
#805=EDGE_CURVE('',#1014,#1015,#1144,.T.);
#806=EDGE_CURVE('',#1015,#1016,#67,.T.);
#807=EDGE_CURVE('',#1016,#1017,#1145,.T.);
#808=EDGE_CURVE('',#1017,#1018,#68,.T.);
#809=EDGE_CURVE('',#1018,#1019,#1146,.T.);
#810=EDGE_CURVE('',#1020,#1019,#69,.T.);
#811=EDGE_CURVE('',#1020,#1021,#1147,.T.);
#812=EDGE_CURVE('',#1014,#1021,#70,.T.);
#813=EDGE_CURVE('',#1022,#1023,#71,.T.);
#814=EDGE_CURVE('',#1023,#1024,#72,.T.);
#815=EDGE_CURVE('',#1025,#1024,#73,.T.);
#816=EDGE_CURVE('',#1022,#1025,#74,.T.);
#817=EDGE_CURVE('',#1026,#1027,#75,.T.);
#818=EDGE_CURVE('',#1027,#1028,#76,.T.);
#819=EDGE_CURVE('',#1029,#1028,#77,.T.);
#820=EDGE_CURVE('',#1026,#1029,#78,.T.);
#821=EDGE_CURVE('',#1030,#1031,#40,.T.);
#822=EDGE_CURVE('',#1030,#1032,#79,.T.);
#823=EDGE_CURVE('',#1032,#1033,#80,.T.);
#824=EDGE_CURVE('',#1034,#1033,#81,.T.);
#825=EDGE_CURVE('',#1035,#1034,#82,.T.);
#826=EDGE_CURVE('',#1035,#1036,#83,.T.);
#827=EDGE_CURVE('',#1036,#1037,#84,.T.);
#828=EDGE_CURVE('',#1038,#1037,#85,.T.);
#829=EDGE_CURVE('',#1039,#1038,#86,.T.);
#830=EDGE_CURVE('',#1040,#1039,#41,.T.);
#831=EDGE_CURVE('',#1041,#1040,#42,.T.);
#832=EDGE_CURVE('',#1042,#1041,#87,.T.);
#833=EDGE_CURVE('',#1043,#1042,#88,.T.);
#834=EDGE_CURVE('',#1044,#1043,#89,.T.);
#835=EDGE_CURVE('',#1045,#1044,#90,.T.);
#836=EDGE_CURVE('',#1046,#1045,#1148,.F.);
#837=EDGE_CURVE('',#1047,#1046,#43,.T.);
#838=EDGE_CURVE('',#1048,#1047,#44,.T.);
#839=EDGE_CURVE('',#1049,#1048,#91,.T.);
#840=EDGE_CURVE('',#1050,#1049,#92,.T.);
#841=EDGE_CURVE('',#1051,#1050,#45,.T.);
#842=EDGE_CURVE('',#1052,#1051,#46,.T.);
#843=EDGE_CURVE('',#1031,#1052,#93,.T.);
#844=EDGE_CURVE('',#1053,#1054,#94,.T.);
#845=EDGE_CURVE('',#1053,#1055,#47,.T.);
#846=EDGE_CURVE('',#1030,#1055,#95,.T.);
#847=EDGE_CURVE('',#1031,#1056,#96,.T.);
#848=EDGE_CURVE('',#1054,#1056,#48,.T.);
#849=EDGE_CURVE('',#1038,#1057,#97,.T.);
#850=EDGE_CURVE('',#1057,#1053,#98,.T.);
#851=EDGE_CURVE('',#1058,#1054,#99,.T.);
#852=EDGE_CURVE('',#1039,#1058,#100,.T.);
#853=EDGE_CURVE('',#1059,#1060,#101,.T.);
#854=EDGE_CURVE('',#1059,#1061,#102,.T.);
#855=EDGE_CURVE('',#1061,#1042,#103,.T.);
#856=EDGE_CURVE('',#1041,#1062,#104,.T.);
#857=EDGE_CURVE('',#1060,#1062,#105,.T.);
#858=EDGE_CURVE('',#1044,#1063,#106,.T.);
#859=EDGE_CURVE('',#1063,#1059,#107,.T.);
#860=EDGE_CURVE('',#1064,#1060,#108,.T.);
#861=EDGE_CURVE('',#1045,#1064,#109,.T.);
#862=EDGE_CURVE('',#1065,#1065,#1149,.T.);
#863=EDGE_CURVE('',#1066,#1066,#1150,.T.);
#864=EDGE_CURVE('',#1067,#1067,#1151,.T.);
#865=EDGE_CURVE('',#1068,#1068,#1152,.T.);
#866=EDGE_CURVE('',#1069,#1070,#110,.T.);
#867=EDGE_CURVE('',#1069,#1071,#111,.T.);
#868=EDGE_CURVE('',#1071,#1072,#112,.T.);
#869=EDGE_CURVE('',#1072,#1070,#113,.T.);
#870=EDGE_CURVE('',#1073,#1074,#1153,.T.);
#871=EDGE_CURVE('',#1073,#1075,#114,.T.);
#872=EDGE_CURVE('',#1076,#1075,#1154,.T.);
#873=EDGE_CURVE('',#1076,#1077,#115,.T.);
#874=EDGE_CURVE('',#1078,#1077,#1155,.T.);
#875=EDGE_CURVE('',#1079,#1078,#116,.T.);
#876=EDGE_CURVE('',#1080,#1079,#1156,.T.);
#877=EDGE_CURVE('',#1074,#1080,#117,.T.);
#878=EDGE_CURVE('',#1081,#1082,#1157,.T.);
#879=EDGE_CURVE('',#1081,#1083,#118,.T.);
#880=EDGE_CURVE('',#1084,#1083,#1158,.T.);
#881=EDGE_CURVE('',#1084,#1085,#119,.T.);
#882=EDGE_CURVE('',#1086,#1085,#1159,.T.);
#883=EDGE_CURVE('',#1087,#1086,#120,.T.);
#884=EDGE_CURVE('',#1088,#1087,#1160,.T.);
#885=EDGE_CURVE('',#1082,#1088,#121,.T.);
#886=EDGE_CURVE('',#1089,#1090,#1161,.T.);
#887=EDGE_CURVE('',#1089,#1091,#122,.T.);
#888=EDGE_CURVE('',#1092,#1091,#1162,.T.);
#889=EDGE_CURVE('',#1092,#1093,#123,.T.);
#890=EDGE_CURVE('',#1094,#1093,#1163,.T.);
#891=EDGE_CURVE('',#1095,#1094,#124,.T.);
#892=EDGE_CURVE('',#1096,#1095,#1164,.T.);
#893=EDGE_CURVE('',#1090,#1096,#125,.T.);
#894=EDGE_CURVE('',#1097,#1098,#1165,.T.);
#895=EDGE_CURVE('',#1097,#1099,#126,.T.);
#896=EDGE_CURVE('',#1100,#1099,#1166,.T.);
#897=EDGE_CURVE('',#1100,#1101,#127,.T.);
#898=EDGE_CURVE('',#1102,#1101,#1167,.T.);
#899=EDGE_CURVE('',#1103,#1102,#128,.T.);
#900=EDGE_CURVE('',#1104,#1103,#1168,.T.);
#901=EDGE_CURVE('',#1098,#1104,#129,.T.);
#902=EDGE_CURVE('',#1105,#1106,#130,.T.);
#903=EDGE_CURVE('',#1105,#1107,#131,.T.);
#904=EDGE_CURVE('',#1107,#1108,#132,.T.);
#905=EDGE_CURVE('',#1106,#1108,#133,.T.);
#906=EDGE_CURVE('',#1109,#1110,#134,.T.);
#907=EDGE_CURVE('',#1109,#1111,#135,.T.);
#908=EDGE_CURVE('',#1111,#1112,#136,.T.);
#909=EDGE_CURVE('',#1110,#1112,#137,.T.);
#910=EDGE_CURVE('',#1056,#1113,#138,.T.);
#911=EDGE_CURVE('',#1113,#1114,#49,.T.);
#912=EDGE_CURVE('',#1114,#1115,#50,.T.);
#913=EDGE_CURVE('',#1115,#1116,#139,.T.);
#914=EDGE_CURVE('',#1116,#1117,#140,.T.);
#915=EDGE_CURVE('',#1117,#1118,#51,.T.);
#916=EDGE_CURVE('',#1118,#1119,#52,.T.);
#917=EDGE_CURVE('',#1119,#1064,#1169,.F.);
#918=EDGE_CURVE('',#1062,#1120,#53,.T.);
#919=EDGE_CURVE('',#1120,#1058,#54,.T.);
#920=EDGE_CURVE('',#1109,#1026,#141,.T.);
#921=EDGE_CURVE('',#1110,#1027,#142,.T.);
#922=EDGE_CURVE('',#1111,#1029,#143,.T.);
#923=EDGE_CURVE('',#1112,#1028,#144,.T.);
#924=EDGE_CURVE('',#1105,#1022,#145,.T.);
#925=EDGE_CURVE('',#1106,#1023,#146,.T.);
#926=EDGE_CURVE('',#1107,#1025,#147,.T.);
#927=EDGE_CURVE('',#1108,#1024,#148,.T.);
#928=EDGE_CURVE('',#1097,#1014,#149,.T.);
#929=EDGE_CURVE('',#1098,#1015,#150,.T.);
#930=EDGE_CURVE('',#1099,#1021,#151,.T.);
#931=EDGE_CURVE('',#1100,#1020,#152,.T.);
#932=EDGE_CURVE('',#1101,#1019,#153,.T.);
#933=EDGE_CURVE('',#1102,#1018,#154,.T.);
#934=EDGE_CURVE('',#1103,#1017,#155,.T.);
#935=EDGE_CURVE('',#1104,#1016,#156,.T.);
#936=EDGE_CURVE('',#1089,#1006,#157,.T.);
#937=EDGE_CURVE('',#1090,#1007,#158,.T.);
#938=EDGE_CURVE('',#1091,#1013,#159,.T.);
#939=EDGE_CURVE('',#1092,#1012,#160,.T.);
#940=EDGE_CURVE('',#1093,#1011,#161,.T.);
#941=EDGE_CURVE('',#1094,#1010,#162,.T.);
#942=EDGE_CURVE('',#1095,#1009,#163,.T.);
#943=EDGE_CURVE('',#1096,#1008,#164,.T.);
#944=EDGE_CURVE('',#1081,#998,#165,.T.);
#945=EDGE_CURVE('',#1082,#999,#166,.T.);
#946=EDGE_CURVE('',#1083,#1005,#167,.T.);
#947=EDGE_CURVE('',#1084,#1004,#168,.T.);
#948=EDGE_CURVE('',#1085,#1003,#169,.T.);
#949=EDGE_CURVE('',#1086,#1002,#170,.T.);
#950=EDGE_CURVE('',#1087,#1001,#171,.T.);
#951=EDGE_CURVE('',#1088,#1000,#172,.T.);
#952=EDGE_CURVE('',#1073,#990,#173,.T.);
#953=EDGE_CURVE('',#1074,#991,#174,.T.);
#954=EDGE_CURVE('',#1075,#997,#175,.T.);
#955=EDGE_CURVE('',#1076,#996,#176,.T.);
#956=EDGE_CURVE('',#1077,#995,#177,.T.);
#957=EDGE_CURVE('',#1078,#994,#178,.T.);
#958=EDGE_CURVE('',#1079,#993,#179,.T.);
#959=EDGE_CURVE('',#1080,#992,#180,.T.);
#960=EDGE_CURVE('',#1121,#1035,#181,.T.);
#961=EDGE_CURVE('',#1121,#1122,#182,.T.);
#962=EDGE_CURVE('',#1122,#1036,#183,.T.);
#963=EDGE_CURVE('',#1071,#1121,#184,.F.);
#964=EDGE_CURVE('',#1123,#1034,#185,.T.);
#965=EDGE_CURVE('',#1123,#1072,#186,.T.);
#966=EDGE_CURVE('',#1124,#1033,#187,.T.);
#967=EDGE_CURVE('',#1124,#1123,#188,.T.);
#968=EDGE_CURVE('',#1122,#1069,#189,.F.);
#969=EDGE_CURVE('',#1070,#1124,#190,.T.);
#970=EDGE_CURVE('',#1125,#1032,#191,.T.);
#971=EDGE_CURVE('',#1125,#1126,#192,.T.);
#972=EDGE_CURVE('',#1126,#1037,#193,.T.);
#973=EDGE_CURVE('',#1051,#1114,#194,.T.);
#974=EDGE_CURVE('',#1052,#1113,#195,.T.);
#975=EDGE_CURVE('',#1040,#1120,#196,.T.);
#976=EDGE_CURVE('',#1046,#1119,#197,.T.);
#977=EDGE_CURVE('',#1047,#1118,#198,.T.);
#978=EDGE_CURVE('',#1048,#1117,#199,.T.);
#979=EDGE_CURVE('',#1049,#1116,#200,.T.);
#980=EDGE_CURVE('',#1050,#1115,#201,.T.);
#981=EDGE_CURVE('',#1127,#1043,#202,.T.);
#982=EDGE_CURVE('',#1063,#1127,#203,.T.);
#983=EDGE_CURVE('',#1127,#1061,#204,.T.);
#984=EDGE_CURVE('',#1055,#1125,#205,.T.);
#985=EDGE_CURVE('',#1057,#1126,#206,.T.);
#986=VERTEX_POINT('',#1971);
#987=VERTEX_POINT('',#1973);
#988=VERTEX_POINT('',#1975);
#989=VERTEX_POINT('',#1977);
#990=VERTEX_POINT('',#1979);
#991=VERTEX_POINT('',#1980);
#992=VERTEX_POINT('',#1982);
#993=VERTEX_POINT('',#1984);
#994=VERTEX_POINT('',#1986);
#995=VERTEX_POINT('',#1988);
#996=VERTEX_POINT('',#1990);
#997=VERTEX_POINT('',#1992);
#998=VERTEX_POINT('',#1995);
#999=VERTEX_POINT('',#1996);
#1000=VERTEX_POINT('',#1998);
#1001=VERTEX_POINT('',#2000);
#1002=VERTEX_POINT('',#2002);
#1003=VERTEX_POINT('',#2004);
#1004=VERTEX_POINT('',#2006);
#1005=VERTEX_POINT('',#2008);
#1006=VERTEX_POINT('',#2011);
#1007=VERTEX_POINT('',#2012);
#1008=VERTEX_POINT('',#2014);
#1009=VERTEX_POINT('',#2016);
#1010=VERTEX_POINT('',#2018);
#1011=VERTEX_POINT('',#2020);
#1012=VERTEX_POINT('',#2022);
#1013=VERTEX_POINT('',#2024);
#1014=VERTEX_POINT('',#2027);
#1015=VERTEX_POINT('',#2028);
#1016=VERTEX_POINT('',#2030);
#1017=VERTEX_POINT('',#2032);
#1018=VERTEX_POINT('',#2034);
#1019=VERTEX_POINT('',#2036);
#1020=VERTEX_POINT('',#2038);
#1021=VERTEX_POINT('',#2040);
#1022=VERTEX_POINT('',#2043);
#1023=VERTEX_POINT('',#2044);
#1024=VERTEX_POINT('',#2046);
#1025=VERTEX_POINT('',#2048);
#1026=VERTEX_POINT('',#2051);
#1027=VERTEX_POINT('',#2052);
#1028=VERTEX_POINT('',#2054);
#1029=VERTEX_POINT('',#2056);
#1030=VERTEX_POINT('',#2080);
#1031=VERTEX_POINT('',#2081);
#1032=VERTEX_POINT('',#2083);
#1033=VERTEX_POINT('',#2085);
#1034=VERTEX_POINT('',#2087);
#1035=VERTEX_POINT('',#2089);
#1036=VERTEX_POINT('',#2091);
#1037=VERTEX_POINT('',#2093);
#1038=VERTEX_POINT('',#2095);
#1039=VERTEX_POINT('',#2097);
#1040=VERTEX_POINT('',#2102);
#1041=VERTEX_POINT('',#2107);
#1042=VERTEX_POINT('',#2109);
#1043=VERTEX_POINT('',#2111);
#1044=VERTEX_POINT('',#2113);
#1045=VERTEX_POINT('',#2115);
#1046=VERTEX_POINT('',#2117);
#1047=VERTEX_POINT('',#2125);
#1048=VERTEX_POINT('',#2130);
#1049=VERTEX_POINT('',#2132);
#1050=VERTEX_POINT('',#2134);
#1051=VERTEX_POINT('',#2139);
#1052=VERTEX_POINT('',#2147);
#1053=VERTEX_POINT('',#2300);
#1054=VERTEX_POINT('',#2301);
#1055=VERTEX_POINT('',#2324);
#1056=VERTEX_POINT('',#2327);
#1057=VERTEX_POINT('',#2352);
#1058=VERTEX_POINT('',#2355);
#1059=VERTEX_POINT('',#2359);
#1060=VERTEX_POINT('',#2360);
#1061=VERTEX_POINT('',#2362);
#1062=VERTEX_POINT('',#2365);
#1063=VERTEX_POINT('',#2369);
#1064=VERTEX_POINT('',#2372);
#1065=VERTEX_POINT('',#2376);
#1066=VERTEX_POINT('',#2378);
#1067=VERTEX_POINT('',#2380);
#1068=VERTEX_POINT('',#2382);
#1069=VERTEX_POINT('',#2384);
#1070=VERTEX_POINT('',#2385);
#1071=VERTEX_POINT('',#2387);
#1072=VERTEX_POINT('',#2389);
#1073=VERTEX_POINT('',#2392);
#1074=VERTEX_POINT('',#2393);
#1075=VERTEX_POINT('',#2395);
#1076=VERTEX_POINT('',#2397);
#1077=VERTEX_POINT('',#2399);
#1078=VERTEX_POINT('',#2401);
#1079=VERTEX_POINT('',#2403);
#1080=VERTEX_POINT('',#2405);
#1081=VERTEX_POINT('',#2408);
#1082=VERTEX_POINT('',#2409);
#1083=VERTEX_POINT('',#2411);
#1084=VERTEX_POINT('',#2413);
#1085=VERTEX_POINT('',#2415);
#1086=VERTEX_POINT('',#2417);
#1087=VERTEX_POINT('',#2419);
#1088=VERTEX_POINT('',#2421);
#1089=VERTEX_POINT('',#2424);
#1090=VERTEX_POINT('',#2425);
#1091=VERTEX_POINT('',#2427);
#1092=VERTEX_POINT('',#2429);
#1093=VERTEX_POINT('',#2431);
#1094=VERTEX_POINT('',#2433);
#1095=VERTEX_POINT('',#2435);
#1096=VERTEX_POINT('',#2437);
#1097=VERTEX_POINT('',#2440);
#1098=VERTEX_POINT('',#2441);
#1099=VERTEX_POINT('',#2443);
#1100=VERTEX_POINT('',#2445);
#1101=VERTEX_POINT('',#2447);
#1102=VERTEX_POINT('',#2449);
#1103=VERTEX_POINT('',#2451);
#1104=VERTEX_POINT('',#2453);
#1105=VERTEX_POINT('',#2456);
#1106=VERTEX_POINT('',#2457);
#1107=VERTEX_POINT('',#2459);
#1108=VERTEX_POINT('',#2461);
#1109=VERTEX_POINT('',#2464);
#1110=VERTEX_POINT('',#2465);
#1111=VERTEX_POINT('',#2467);
#1112=VERTEX_POINT('',#2469);
#1113=VERTEX_POINT('',#2472);
#1114=VERTEX_POINT('',#2480);
#1115=VERTEX_POINT('',#2485);
#1116=VERTEX_POINT('',#2487);
#1117=VERTEX_POINT('',#2489);
#1118=VERTEX_POINT('',#2494);
#1119=VERTEX_POINT('',#2502);
#1120=VERTEX_POINT('',#2508);
#1121=VERTEX_POINT('',#2589);
#1122=VERTEX_POINT('',#2591);
#1123=VERTEX_POINT('',#2596);
#1124=VERTEX_POINT('',#2600);
#1125=VERTEX_POINT('',#2611);
#1126=VERTEX_POINT('',#2613);
#1127=VERTEX_POINT('',#2716);
#1128=CIRCLE('',#1494,0.00145);
#1129=CIRCLE('',#1495,0.00145);
#1130=CIRCLE('',#1496,0.00169518513943391);
#1131=CIRCLE('',#1497,0.0016951851394339);
#1132=CIRCLE('',#1498,0.0005);
#1133=CIRCLE('',#1499,0.0005);
#1134=CIRCLE('',#1500,0.0005);
#1135=CIRCLE('',#1501,0.0005);
#1136=CIRCLE('',#1502,0.000500000000000007);
#1137=CIRCLE('',#1503,0.0005);
#1138=CIRCLE('',#1504,0.000499999999999992);
#1139=CIRCLE('',#1505,0.000499999999999994);
#1140=CIRCLE('',#1506,0.0005);
#1141=CIRCLE('',#1507,0.0005);
#1142=CIRCLE('',#1508,0.0005);
#1143=CIRCLE('',#1509,0.0005);
#1144=CIRCLE('',#1510,0.000500000000000006);
#1145=CIRCLE('',#1511,0.000500000000000006);
#1146=CIRCLE('',#1512,0.000499999999999994);
#1147=CIRCLE('',#1513,0.0005);
#1148=CIRCLE('',#1514,0.00246295468790761);
#1149=CIRCLE('',#1519,0.00145);
#1150=CIRCLE('',#1520,0.00145);
#1151=CIRCLE('',#1521,0.00169518513943391);
#1152=CIRCLE('',#1522,0.0016951851394339);
#1153=CIRCLE('',#1523,0.0005);
#1154=CIRCLE('',#1524,0.0005);
#1155=CIRCLE('',#1525,0.0005);
#1156=CIRCLE('',#1526,0.0005);
#1157=CIRCLE('',#1527,0.000500000000000007);
#1158=CIRCLE('',#1528,0.000499999999999994);
#1159=CIRCLE('',#1529,0.000499999999999992);
#1160=CIRCLE('',#1530,0.0005);
#1161=CIRCLE('',#1531,0.0005);
#1162=CIRCLE('',#1532,0.0005);
#1163=CIRCLE('',#1533,0.0005);
#1164=CIRCLE('',#1534,0.0005);
#1165=CIRCLE('',#1535,0.000500000000000006);
#1166=CIRCLE('',#1536,0.0005);
#1167=CIRCLE('',#1537,0.000499999999999994);
#1168=CIRCLE('',#1538,0.000500000000000006);
#1169=CIRCLE('',#1539,0.00246295468790761);
#1170=EDGE_LOOP('',(#359));
#1171=EDGE_LOOP('',(#360));
#1172=EDGE_LOOP('',(#361));
#1173=EDGE_LOOP('',(#362));
#1174=EDGE_LOOP('',(#363,#364,#365,#366,#367,#368,#369,#370));
#1175=EDGE_LOOP('',(#371,#372,#373,#374,#375,#376,#377,#378));
#1176=EDGE_LOOP('',(#379,#380,#381,#382,#383,#384,#385,#386));
#1177=EDGE_LOOP('',(#387,#388,#389,#390,#391,#392,#393,#394));
#1178=EDGE_LOOP('',(#395,#396,#397,#398));
#1179=EDGE_LOOP('',(#399,#400,#401,#402));
#1180=EDGE_LOOP('',(#403,#404,#405,#406,#407,#408,#409,#410,#411,#412,#413,
#414,#415,#416,#417,#418,#419,#420,#421,#422,#423,#424,#425));
#1181=EDGE_LOOP('',(#426,#427,#428,#429,#430,#431));
#1182=EDGE_LOOP('',(#432,#433,#434,#435,#436,#437));
#1183=EDGE_LOOP('',(#438,#439,#440,#441,#442,#443));
#1184=EDGE_LOOP('',(#444,#445,#446,#447,#448,#449));
#1185=EDGE_LOOP('',(#450));
#1186=EDGE_LOOP('',(#451));
#1187=EDGE_LOOP('',(#452));
#1188=EDGE_LOOP('',(#453));
#1189=EDGE_LOOP('',(#454,#455,#456,#457));
#1190=EDGE_LOOP('',(#458,#459,#460,#461,#462,#463,#464,#465));
#1191=EDGE_LOOP('',(#466,#467,#468,#469,#470,#471,#472,#473));
#1192=EDGE_LOOP('',(#474,#475,#476,#477,#478,#479,#480,#481));
#1193=EDGE_LOOP('',(#482,#483,#484,#485,#486,#487,#488,#489));
#1194=EDGE_LOOP('',(#490,#491,#492,#493));
#1195=EDGE_LOOP('',(#494,#495,#496,#497));
#1196=EDGE_LOOP('',(#498,#499,#500,#501,#502,#503,#504,#505,#506,#507,#508,
#509,#510,#511));
#1197=EDGE_LOOP('',(#512,#513,#514,#515));
#1198=EDGE_LOOP('',(#516,#517,#518,#519));
#1199=EDGE_LOOP('',(#520,#521,#522,#523));
#1200=EDGE_LOOP('',(#524,#525,#526,#527));
#1201=EDGE_LOOP('',(#528,#529,#530,#531));
#1202=EDGE_LOOP('',(#532,#533,#534,#535));
#1203=EDGE_LOOP('',(#536,#537,#538,#539));
#1204=EDGE_LOOP('',(#540,#541,#542,#543));
#1205=EDGE_LOOP('',(#544,#545,#546,#547));
#1206=EDGE_LOOP('',(#548,#549,#550,#551));
#1207=EDGE_LOOP('',(#552,#553,#554,#555));
#1208=EDGE_LOOP('',(#556,#557,#558,#559));
#1209=EDGE_LOOP('',(#560,#561,#562,#563));
#1210=EDGE_LOOP('',(#564,#565,#566,#567));
#1211=EDGE_LOOP('',(#568,#569,#570,#571));
#1212=EDGE_LOOP('',(#572,#573,#574,#575));
#1213=EDGE_LOOP('',(#576,#577,#578,#579));
#1214=EDGE_LOOP('',(#580,#581,#582,#583));
#1215=EDGE_LOOP('',(#584,#585,#586,#587));
#1216=EDGE_LOOP('',(#588,#589,#590,#591));
#1217=EDGE_LOOP('',(#592,#593,#594,#595));
#1218=EDGE_LOOP('',(#596,#597,#598,#599));
#1219=EDGE_LOOP('',(#600,#601,#602,#603));
#1220=EDGE_LOOP('',(#604,#605,#606,#607));
#1221=EDGE_LOOP('',(#608,#609,#610,#611));
#1222=EDGE_LOOP('',(#612,#613,#614,#615));
#1223=EDGE_LOOP('',(#616,#617,#618,#619));
#1224=EDGE_LOOP('',(#620,#621,#622,#623));
#1225=EDGE_LOOP('',(#624,#625,#626,#627));
#1226=EDGE_LOOP('',(#628,#629,#630,#631));
#1227=EDGE_LOOP('',(#632,#633,#634,#635));
#1228=EDGE_LOOP('',(#636,#637,#638,#639));
#1229=EDGE_LOOP('',(#640,#641,#642,#643));
#1230=EDGE_LOOP('',(#644,#645,#646,#647));
#1231=EDGE_LOOP('',(#648,#649,#650,#651));
#1232=EDGE_LOOP('',(#652,#653,#654,#655,#656,#657));
#1233=EDGE_LOOP('',(#658,#659,#660,#661));
#1234=EDGE_LOOP('',(#662,#663,#664,#665));
#1235=EDGE_LOOP('',(#666,#667,#668,#669));
#1236=EDGE_LOOP('',(#670,#671,#672,#673));
#1237=EDGE_LOOP('',(#674,#675,#676,#677));
#1238=EDGE_LOOP('',(#678,#679,#680,#681));
#1239=EDGE_LOOP('',(#682,#683,#684,#685,#686,#687,#688,#689,#690,#691));
#1240=EDGE_LOOP('',(#692));
#1241=EDGE_LOOP('',(#693));
#1242=EDGE_LOOP('',(#694));
#1243=EDGE_LOOP('',(#695));
#1244=EDGE_LOOP('',(#696));
#1245=EDGE_LOOP('',(#697));
#1246=EDGE_LOOP('',(#698));
#1247=EDGE_LOOP('',(#699));
#1248=EDGE_LOOP('',(#700,#701,#702,#703));
#1249=EDGE_LOOP('',(#704,#705,#706,#707));
#1250=EDGE_LOOP('',(#708,#709,#710,#711));
#1251=EDGE_LOOP('',(#712,#713,#714,#715));
#1252=EDGE_LOOP('',(#716,#717,#718,#719));
#1253=EDGE_LOOP('',(#720,#721,#722,#723));
#1254=EDGE_LOOP('',(#724,#725,#726,#727));
#1255=EDGE_LOOP('',(#728,#729,#730,#731));
#1256=EDGE_LOOP('',(#732,#733,#734,#735));
#1257=EDGE_LOOP('',(#736,#737,#738,#739));
#1258=EDGE_LOOP('',(#740,#741,#742,#743));
#1259=EDGE_LOOP('',(#744,#745,#746,#747));
#1260=EDGE_LOOP('',(#748,#749,#750,#751));
#1261=EDGE_LOOP('',(#752,#753,#754,#755));
#1262=EDGE_LOOP('',(#756,#757,#758,#759));
#1263=EDGE_LOOP('',(#760,#761,#762,#763));
#1264=EDGE_LOOP('',(#764,#765,#766,#767,#768));
#1265=EDGE_LOOP('',(#769,#770,#771,#772));
#1266=EDGE_LOOP('',(#773,#774,#775,#776));
#1267=FACE_BOUND('',#1170,.T.);
#1268=FACE_BOUND('',#1171,.T.);
#1269=FACE_BOUND('',#1172,.T.);
#1270=FACE_BOUND('',#1173,.T.);
#1271=FACE_BOUND('',#1174,.T.);
#1272=FACE_BOUND('',#1175,.T.);
#1273=FACE_BOUND('',#1176,.T.);
#1274=FACE_BOUND('',#1177,.T.);
#1275=FACE_BOUND('',#1178,.T.);
#1276=FACE_BOUND('',#1179,.T.);
#1277=FACE_BOUND('',#1180,.T.);
#1278=FACE_BOUND('',#1181,.T.);
#1279=FACE_BOUND('',#1182,.T.);
#1280=FACE_BOUND('',#1183,.T.);
#1281=FACE_BOUND('',#1184,.T.);
#1282=FACE_BOUND('',#1185,.T.);
#1283=FACE_BOUND('',#1186,.T.);
#1284=FACE_BOUND('',#1187,.T.);
#1285=FACE_BOUND('',#1188,.T.);
#1286=FACE_BOUND('',#1189,.T.);
#1287=FACE_BOUND('',#1190,.T.);
#1288=FACE_BOUND('',#1191,.T.);
#1289=FACE_BOUND('',#1192,.T.);
#1290=FACE_BOUND('',#1193,.T.);
#1291=FACE_BOUND('',#1194,.T.);
#1292=FACE_BOUND('',#1195,.T.);
#1293=FACE_BOUND('',#1196,.T.);
#1294=FACE_BOUND('',#1197,.T.);
#1295=FACE_BOUND('',#1198,.T.);
#1296=FACE_BOUND('',#1199,.T.);
#1297=FACE_BOUND('',#1200,.T.);
#1298=FACE_BOUND('',#1201,.T.);
#1299=FACE_BOUND('',#1202,.T.);
#1300=FACE_BOUND('',#1203,.T.);
#1301=FACE_BOUND('',#1204,.T.);
#1302=FACE_BOUND('',#1205,.T.);
#1303=FACE_BOUND('',#1206,.T.);
#1304=FACE_BOUND('',#1207,.T.);
#1305=FACE_BOUND('',#1208,.T.);
#1306=FACE_BOUND('',#1209,.T.);
#1307=FACE_BOUND('',#1210,.T.);
#1308=FACE_BOUND('',#1211,.T.);
#1309=FACE_BOUND('',#1212,.T.);
#1310=FACE_BOUND('',#1213,.T.);
#1311=FACE_BOUND('',#1214,.T.);
#1312=FACE_BOUND('',#1215,.T.);
#1313=FACE_BOUND('',#1216,.T.);
#1314=FACE_BOUND('',#1217,.T.);
#1315=FACE_BOUND('',#1218,.T.);
#1316=FACE_BOUND('',#1219,.T.);
#1317=FACE_BOUND('',#1220,.T.);
#1318=FACE_BOUND('',#1221,.T.);
#1319=FACE_BOUND('',#1222,.T.);
#1320=FACE_BOUND('',#1223,.T.);
#1321=FACE_BOUND('',#1224,.T.);
#1322=FACE_BOUND('',#1225,.T.);
#1323=FACE_BOUND('',#1226,.T.);
#1324=FACE_BOUND('',#1227,.T.);
#1325=FACE_BOUND('',#1228,.T.);
#1326=FACE_BOUND('',#1229,.T.);
#1327=FACE_BOUND('',#1230,.T.);
#1328=FACE_BOUND('',#1231,.T.);
#1329=FACE_BOUND('',#1232,.T.);
#1330=FACE_BOUND('',#1233,.T.);
#1331=FACE_BOUND('',#1234,.T.);
#1332=FACE_BOUND('',#1235,.T.);
#1333=FACE_BOUND('',#1236,.T.);
#1334=FACE_BOUND('',#1237,.T.);
#1335=FACE_BOUND('',#1238,.T.);
#1336=FACE_BOUND('',#1239,.T.);
#1337=FACE_BOUND('',#1240,.T.);
#1338=FACE_BOUND('',#1241,.T.);
#1339=FACE_BOUND('',#1242,.T.);
#1340=FACE_BOUND('',#1243,.T.);
#1341=FACE_BOUND('',#1244,.T.);
#1342=FACE_BOUND('',#1245,.T.);
#1343=FACE_BOUND('',#1246,.T.);
#1344=FACE_BOUND('',#1247,.T.);
#1345=FACE_BOUND('',#1248,.T.);
#1346=FACE_BOUND('',#1249,.T.);
#1347=FACE_BOUND('',#1250,.T.);
#1348=FACE_BOUND('',#1251,.T.);
#1349=FACE_BOUND('',#1252,.T.);
#1350=FACE_BOUND('',#1253,.T.);
#1351=FACE_BOUND('',#1254,.T.);
#1352=FACE_BOUND('',#1255,.T.);
#1353=FACE_BOUND('',#1256,.T.);
#1354=FACE_BOUND('',#1257,.T.);
#1355=FACE_BOUND('',#1258,.T.);
#1356=FACE_BOUND('',#1259,.T.);
#1357=FACE_BOUND('',#1260,.T.);
#1358=FACE_BOUND('',#1261,.T.);
#1359=FACE_BOUND('',#1262,.T.);
#1360=FACE_BOUND('',#1263,.T.);
#1361=FACE_BOUND('',#1264,.T.);
#1362=FACE_BOUND('',#1265,.T.);
#1363=FACE_BOUND('',#1266,.T.);
#1364=PLANE('',#1493);
#1365=PLANE('',#1515);
#1366=PLANE('',#1516);
#1367=PLANE('',#1517);
#1368=PLANE('',#1518);
#1369=PLANE('',#1540);
#1370=PLANE('',#1541);
#1371=PLANE('',#1542);
#1372=PLANE('',#1543);
#1373=PLANE('',#1544);
#1374=PLANE('',#1545);
#1375=PLANE('',#1547);
#1376=PLANE('',#1549);
#1377=PLANE('',#1551);
#1378=PLANE('',#1554);
#1379=PLANE('',#1556);
#1380=PLANE('',#1558);
#1381=PLANE('',#1561);
#1382=PLANE('',#1563);
#1383=PLANE('',#1565);
#1384=PLANE('',#1568);
#1385=PLANE('',#1570);
#1386=PLANE('',#1572);
#1387=PLANE('',#1574);
#1388=PLANE('',#1575);
#1389=PLANE('',#1576);
#1390=PLANE('',#1577);
#1391=PLANE('',#1578);
#1392=PLANE('',#1579);
#1393=PLANE('',#1580);
#1394=PLANE('',#1581);
#1395=PLANE('',#1582);
#1396=PLANE('',#1587);
#1397=PLANE('',#1588);
#1398=PLANE('',#1590);
#1399=PLANE('',#1591);
#1400=PLANE('',#1592);
#1401=PLANE('',#1593);
#1402=PLANE('',#1594);
#1403=PLANE('',#1595);
#1404=PLANE('',#1596);
#1405=PLANE('',#1597);
#1406=PLANE('',#1598);
#1407=PLANE('',#1599);
#1408=ADVANCED_FACE('',(#1267,#1268,#1269,#1270,#1271,#1272,#1273,#1274,
#1275,#1276,#1277),#1364,.F.);
#1409=ADVANCED_FACE('',(#1278),#33,.T.);
#1410=ADVANCED_FACE('',(#1279),#1365,.T.);
#1411=ADVANCED_FACE('',(#1280),#1366,.T.);
#1412=ADVANCED_FACE('',(#1281),#1367,.T.);
#1413=ADVANCED_FACE('',(#1282,#1283,#1284,#1285,#1286,#1287,#1288,#1289,
#1290,#1291,#1292,#1293),#1368,.T.);
#1414=ADVANCED_FACE('',(#1294),#1369,.T.);
#1415=ADVANCED_FACE('',(#1295),#1370,.F.);
#1416=ADVANCED_FACE('',(#1296),#1371,.F.);
#1417=ADVANCED_FACE('',(#1297),#1372,.T.);
#1418=ADVANCED_FACE('',(#1298),#1373,.F.);
#1419=ADVANCED_FACE('',(#1299),#1374,.F.);
#1420=ADVANCED_FACE('',(#1300),#12,.F.);
#1421=ADVANCED_FACE('',(#1301),#1375,.F.);
#1422=ADVANCED_FACE('',(#1302),#13,.F.);
#1423=ADVANCED_FACE('',(#1303),#1376,.F.);
#1424=ADVANCED_FACE('',(#1304),#14,.F.);
#1425=ADVANCED_FACE('',(#1305),#1377,.T.);
#1426=ADVANCED_FACE('',(#1306),#15,.F.);
#1427=ADVANCED_FACE('',(#1307),#16,.F.);
#1428=ADVANCED_FACE('',(#1308),#1378,.F.);
#1429=ADVANCED_FACE('',(#1309),#17,.F.);
#1430=ADVANCED_FACE('',(#1310),#1379,.F.);
#1431=ADVANCED_FACE('',(#1311),#18,.F.);
#1432=ADVANCED_FACE('',(#1312),#1380,.T.);
#1433=ADVANCED_FACE('',(#1313),#19,.F.);
#1434=ADVANCED_FACE('',(#1314),#20,.F.);
#1435=ADVANCED_FACE('',(#1315),#1381,.F.);
#1436=ADVANCED_FACE('',(#1316),#21,.F.);
#1437=ADVANCED_FACE('',(#1317),#1382,.F.);
#1438=ADVANCED_FACE('',(#1318),#22,.F.);
#1439=ADVANCED_FACE('',(#1319),#1383,.T.);
#1440=ADVANCED_FACE('',(#1320),#23,.F.);
#1441=ADVANCED_FACE('',(#1321),#24,.F.);
#1442=ADVANCED_FACE('',(#1322),#1384,.F.);
#1443=ADVANCED_FACE('',(#1323),#25,.F.);
#1444=ADVANCED_FACE('',(#1324),#1385,.F.);
#1445=ADVANCED_FACE('',(#1325),#26,.F.);
#1446=ADVANCED_FACE('',(#1326),#1386,.T.);
#1447=ADVANCED_FACE('',(#1327),#27,.F.);
#1448=ADVANCED_FACE('',(#1328),#1387,.T.);
#1449=ADVANCED_FACE('',(#1329),#1388,.F.);
#1450=ADVANCED_FACE('',(#1330),#1389,.F.);
#1451=ADVANCED_FACE('',(#1331),#1390,.T.);
#1452=ADVANCED_FACE('',(#1332),#1391,.T.);
#1453=ADVANCED_FACE('',(#1333),#1392,.T.);
#1454=ADVANCED_FACE('',(#1334),#1393,.T.);
#1455=ADVANCED_FACE('',(#1335),#1394,.T.);
#1456=ADVANCED_FACE('',(#1336),#1395,.T.);
#1457=ADVANCED_FACE('',(#1337,#1338),#28,.F.);
#1458=ADVANCED_FACE('',(#1339,#1340),#29,.F.);
#1459=ADVANCED_FACE('',(#1341,#1342),#30,.F.);
#1460=ADVANCED_FACE('',(#1343,#1344),#31,.F.);
#1461=ADVANCED_FACE('',(#1345),#1396,.T.);
#1462=ADVANCED_FACE('',(#1346),#34,.T.);
#1463=ADVANCED_FACE('',(#1347),#1397,.T.);
#1464=ADVANCED_FACE('',(#1348),#35,.T.);
#1465=ADVANCED_FACE('',(#1349),#36,.T.);
#1466=ADVANCED_FACE('',(#1350),#32,.F.);
#1467=ADVANCED_FACE('',(#1351),#37,.T.);
#1468=ADVANCED_FACE('',(#1352),#38,.T.);
#1469=ADVANCED_FACE('',(#1353),#1398,.T.);
#1470=ADVANCED_FACE('',(#1354),#1399,.T.);
#1471=ADVANCED_FACE('',(#1355),#39,.T.);
#1472=ADVANCED_FACE('',(#1356),#1400,.T.);
#1473=ADVANCED_FACE('',(#1357),#1401,.T.);
#1474=ADVANCED_FACE('',(#1358),#1402,.T.);
#1475=ADVANCED_FACE('',(#1359),#1403,.F.);
#1476=ADVANCED_FACE('',(#1360),#1404,.T.);
#1477=ADVANCED_FACE('',(#1361),#1405,.T.);
#1478=ADVANCED_FACE('',(#1362),#1406,.F.);
#1479=ADVANCED_FACE('',(#1363),#1407,.T.);
#1480=CLOSED_SHELL('',(#1408,#1409,#1410,#1411,#1412,#1413,#1414,#1415,
#1416,#1417,#1418,#1419,#1420,#1421,#1422,#1423,#1424,#1425,#1426,#1427,
#1428,#1429,#1430,#1431,#1432,#1433,#1434,#1435,#1436,#1437,#1438,#1439,
#1440,#1441,#1442,#1443,#1444,#1445,#1446,#1447,#1448,#1449,#1450,#1451,
#1452,#1453,#1454,#1455,#1456,#1457,#1458,#1459,#1460,#1461,#1462,#1463,
#1464,#1465,#1466,#1467,#1468,#1469,#1470,#1471,#1472,#1473,#1474,#1475,
#1476,#1477,#1478,#1479));
#1481=STYLED_ITEM('',(#1482),#1489);
#1482=PRESENTATION_STYLE_ASSIGNMENT((#1483));
#1483=SURFACE_STYLE_USAGE(.BOTH.,#1484);
#1484=SURFACE_SIDE_STYLE('',(#1485));
#1485=SURFACE_STYLE_FILL_AREA(#1486);
#1486=FILL_AREA_STYLE('',(#1487));
#1487=FILL_AREA_STYLE_COLOUR('',#1488);
#1488=COLOUR_RGB('',0.647058823529412,0.647058823529412,0.647058823529412);
#1489=MANIFOLD_SOLID_BREP('Part 2',#1480);
#1490=SHAPE_DEFINITION_REPRESENTATION(#2734,#1491);
#1491=SHAPE_REPRESENTATION('Part 2',(#1492),#2729);
#1492=AXIS2_PLACEMENT_3D('',#1968,#1600,#1601);
#1493=AXIS2_PLACEMENT_3D('',#1969,#1602,#1603);
#1494=AXIS2_PLACEMENT_3D('',#1970,#1604,#1605);
#1495=AXIS2_PLACEMENT_3D('',#1972,#1606,#1607);
#1496=AXIS2_PLACEMENT_3D('',#1974,#1608,#1609);
#1497=AXIS2_PLACEMENT_3D('',#1976,#1610,#1611);
#1498=AXIS2_PLACEMENT_3D('',#1978,#1612,#1613);
#1499=AXIS2_PLACEMENT_3D('',#1983,#1615,#1616);
#1500=AXIS2_PLACEMENT_3D('',#1987,#1618,#1619);
#1501=AXIS2_PLACEMENT_3D('',#1991,#1621,#1622);
#1502=AXIS2_PLACEMENT_3D('',#1994,#1624,#1625);
#1503=AXIS2_PLACEMENT_3D('',#1999,#1627,#1628);
#1504=AXIS2_PLACEMENT_3D('',#2003,#1630,#1631);
#1505=AXIS2_PLACEMENT_3D('',#2007,#1633,#1634);
#1506=AXIS2_PLACEMENT_3D('',#2010,#1636,#1637);
#1507=AXIS2_PLACEMENT_3D('',#2015,#1639,#1640);
#1508=AXIS2_PLACEMENT_3D('',#2019,#1642,#1643);
#1509=AXIS2_PLACEMENT_3D('',#2023,#1645,#1646);
#1510=AXIS2_PLACEMENT_3D('',#2026,#1648,#1649);
#1511=AXIS2_PLACEMENT_3D('',#2031,#1651,#1652);
#1512=AXIS2_PLACEMENT_3D('',#2035,#1654,#1655);
#1513=AXIS2_PLACEMENT_3D('',#2039,#1657,#1658);
#1514=AXIS2_PLACEMENT_3D('',#2116,#1680,#1681);
#1515=AXIS2_PLACEMENT_3D('',#2350,#1688,#1689);
#1516=AXIS2_PLACEMENT_3D('',#2357,#1694,#1695);
#1517=AXIS2_PLACEMENT_3D('',#2367,#1701,#1702);
#1518=AXIS2_PLACEMENT_3D('',#2374,#1707,#1708);
#1519=AXIS2_PLACEMENT_3D('',#2375,#1709,#1710);
#1520=AXIS2_PLACEMENT_3D('',#2377,#1711,#1712);
#1521=AXIS2_PLACEMENT_3D('',#2379,#1713,#1714);
#1522=AXIS2_PLACEMENT_3D('',#2381,#1715,#1716);
#1523=AXIS2_PLACEMENT_3D('',#2391,#1721,#1722);
#1524=AXIS2_PLACEMENT_3D('',#2396,#1724,#1725);
#1525=AXIS2_PLACEMENT_3D('',#2400,#1727,#1728);
#1526=AXIS2_PLACEMENT_3D('',#2404,#1730,#1731);
#1527=AXIS2_PLACEMENT_3D('',#2407,#1733,#1734);
#1528=AXIS2_PLACEMENT_3D('',#2412,#1736,#1737);
#1529=AXIS2_PLACEMENT_3D('',#2416,#1739,#1740);
#1530=AXIS2_PLACEMENT_3D('',#2420,#1742,#1743);
#1531=AXIS2_PLACEMENT_3D('',#2423,#1745,#1746);
#1532=AXIS2_PLACEMENT_3D('',#2428,#1748,#1749);
#1533=AXIS2_PLACEMENT_3D('',#2432,#1751,#1752);
#1534=AXIS2_PLACEMENT_3D('',#2436,#1754,#1755);
#1535=AXIS2_PLACEMENT_3D('',#2439,#1757,#1758);
#1536=AXIS2_PLACEMENT_3D('',#2444,#1760,#1761);
#1537=AXIS2_PLACEMENT_3D('',#2448,#1763,#1764);
#1538=AXIS2_PLACEMENT_3D('',#2452,#1766,#1767);
#1539=AXIS2_PLACEMENT_3D('',#2503,#1780,#1781);
#1540=AXIS2_PLACEMENT_3D('',#2513,#1782,#1783);
#1541=AXIS2_PLACEMENT_3D('',#2516,#1786,#1787);
#1542=AXIS2_PLACEMENT_3D('',#2518,#1789,#1790);
#1543=AXIS2_PLACEMENT_3D('',#2520,#1792,#1793);
#1544=AXIS2_PLACEMENT_3D('',#2523,#1796,#1797);
#1545=AXIS2_PLACEMENT_3D('',#2525,#1799,#1800);
#1546=AXIS2_PLACEMENT_3D('',#2527,#1802,#1803);
#1547=AXIS2_PLACEMENT_3D('',#2530,#1806,#1807);
#1548=AXIS2_PLACEMENT_3D('',#2532,#1809,#1810);
#1549=AXIS2_PLACEMENT_3D('',#2534,#1812,#1813);
#1550=AXIS2_PLACEMENT_3D('',#2536,#1815,#1816);
#1551=AXIS2_PLACEMENT_3D('',#2538,#1818,#1819);
#1552=AXIS2_PLACEMENT_3D('',#2540,#1821,#1822);
#1553=AXIS2_PLACEMENT_3D('',#2542,#1824,#1825);
#1554=AXIS2_PLACEMENT_3D('',#2545,#1828,#1829);
#1555=AXIS2_PLACEMENT_3D('',#2547,#1831,#1832);
#1556=AXIS2_PLACEMENT_3D('',#2549,#1834,#1835);
#1557=AXIS2_PLACEMENT_3D('',#2551,#1837,#1838);
#1558=AXIS2_PLACEMENT_3D('',#2553,#1840,#1841);
#1559=AXIS2_PLACEMENT_3D('',#2555,#1843,#1844);
#1560=AXIS2_PLACEMENT_3D('',#2557,#1846,#1847);
#1561=AXIS2_PLACEMENT_3D('',#2560,#1850,#1851);
#1562=AXIS2_PLACEMENT_3D('',#2562,#1853,#1854);
#1563=AXIS2_PLACEMENT_3D('',#2564,#1856,#1857);
#1564=AXIS2_PLACEMENT_3D('',#2566,#1859,#1860);
#1565=AXIS2_PLACEMENT_3D('',#2568,#1862,#1863);
#1566=AXIS2_PLACEMENT_3D('',#2570,#1865,#1866);
#1567=AXIS2_PLACEMENT_3D('',#2572,#1868,#1869);
#1568=AXIS2_PLACEMENT_3D('',#2575,#1872,#1873);
#1569=AXIS2_PLACEMENT_3D('',#2577,#1875,#1876);
#1570=AXIS2_PLACEMENT_3D('',#2579,#1878,#1879);
#1571=AXIS2_PLACEMENT_3D('',#2581,#1881,#1882);
#1572=AXIS2_PLACEMENT_3D('',#2583,#1884,#1885);
#1573=AXIS2_PLACEMENT_3D('',#2585,#1887,#1888);
#1574=AXIS2_PLACEMENT_3D('',#2587,#1890,#1891);
#1575=AXIS2_PLACEMENT_3D('',#2593,#1895,#1896);
#1576=AXIS2_PLACEMENT_3D('',#2598,#1900,#1901);
#1577=AXIS2_PLACEMENT_3D('',#2602,#1904,#1905);
#1578=AXIS2_PLACEMENT_3D('',#2603,#1906,#1907);
#1579=AXIS2_PLACEMENT_3D('',#2604,#1908,#1909);
#1580=AXIS2_PLACEMENT_3D('',#2605,#1910,#1911);
#1581=AXIS2_PLACEMENT_3D('',#2606,#1912,#1913);
#1582=AXIS2_PLACEMENT_3D('',#2607,#1914,#1915);
#1583=AXIS2_PLACEMENT_3D('',#2615,#1921,#1922);
#1584=AXIS2_PLACEMENT_3D('',#2616,#1923,#1924);
#1585=AXIS2_PLACEMENT_3D('',#2617,#1925,#1926);
#1586=AXIS2_PLACEMENT_3D('',#2618,#1927,#1928);
#1587=AXIS2_PLACEMENT_3D('',#2619,#1929,#1930);
#1588=AXIS2_PLACEMENT_3D('',#2650,#1933,#1934);
#1589=AXIS2_PLACEMENT_3D('',#2668,#1936,#1937);
#1590=AXIS2_PLACEMENT_3D('',#2702,#1941,#1942);
#1591=AXIS2_PLACEMENT_3D('',#2704,#1944,#1945);
#1592=AXIS2_PLACEMENT_3D('',#2714,#1947,#1948);
#1593=AXIS2_PLACEMENT_3D('',#2718,#1951,#1952);
#1594=AXIS2_PLACEMENT_3D('',#2720,#1954,#1955);
#1595=AXIS2_PLACEMENT_3D('',#2721,#1956,#1957);
#1596=AXIS2_PLACEMENT_3D('',#2723,#1959,#1960);
#1597=AXIS2_PLACEMENT_3D('',#2725,#1962,#1963);
#1598=AXIS2_PLACEMENT_3D('',#2726,#1964,#1965);
#1599=AXIS2_PLACEMENT_3D('',#2727,#1966,#1967);
#1600=DIRECTION('',(0.,0.,1.));
#1601=DIRECTION('',(1.,0.,0.));
#1602=DIRECTION('',(0.,0.,1.));
#1603=DIRECTION('',(1.,0.,0.));
#1604=DIRECTION('',(0.,0.,1.));
#1605=DIRECTION('',(1.,0.,0.));
#1606=DIRECTION('',(0.,0.,1.));
#1607=DIRECTION('',(1.,0.,0.));
#1608=DIRECTION('',(0.,0.,1.));
#1609=DIRECTION('',(1.,0.,0.));
#1610=DIRECTION('',(0.,0.,1.));
#1611=DIRECTION('',(1.,0.,0.));
#1612=DIRECTION('',(0.,0.,1.));
#1613=DIRECTION('',(1.,0.,0.));
#1614=DIRECTION('',(0.,-1.,0.));
#1615=DIRECTION('',(0.,0.,1.));
#1616=DIRECTION('',(1.,0.,0.));
#1617=DIRECTION('',(1.,0.,0.));
#1618=DIRECTION('',(0.,0.,1.));
#1619=DIRECTION('',(1.,0.,0.));
#1620=DIRECTION('',(0.,-1.,0.));
#1621=DIRECTION('',(0.,0.,1.));
#1622=DIRECTION('',(1.,0.,0.));
#1623=DIRECTION('',(1.,0.,0.));
#1624=DIRECTION('',(0.,0.,1.));
#1625=DIRECTION('',(1.,0.,0.));
#1626=DIRECTION('',(0.,-1.,0.));
#1627=DIRECTION('',(0.,0.,1.));
#1628=DIRECTION('',(1.,0.,0.));
#1629=DIRECTION('',(1.,0.,0.));
#1630=DIRECTION('',(0.,0.,1.));
#1631=DIRECTION('',(1.,0.,0.));
#1632=DIRECTION('',(0.,-1.,0.));
#1633=DIRECTION('',(0.,0.,1.));
#1634=DIRECTION('',(1.,0.,0.));
#1635=DIRECTION('',(1.,0.,0.));
#1636=DIRECTION('',(0.,0.,1.));
#1637=DIRECTION('',(1.,0.,0.));
#1638=DIRECTION('',(0.,-1.,0.));
#1639=DIRECTION('',(0.,0.,1.));
#1640=DIRECTION('',(1.,0.,0.));
#1641=DIRECTION('',(1.,0.,0.));
#1642=DIRECTION('',(0.,0.,1.));
#1643=DIRECTION('',(1.,0.,0.));
#1644=DIRECTION('',(0.,-1.,0.));
#1645=DIRECTION('',(0.,0.,1.));
#1646=DIRECTION('',(1.,0.,0.));
#1647=DIRECTION('',(1.,0.,0.));
#1648=DIRECTION('',(0.,0.,1.));
#1649=DIRECTION('',(1.,0.,0.));
#1650=DIRECTION('',(0.,-1.,0.));
#1651=DIRECTION('',(0.,0.,1.));
#1652=DIRECTION('',(1.,0.,0.));
#1653=DIRECTION('',(1.,0.,0.));
#1654=DIRECTION('',(0.,0.,1.));
#1655=DIRECTION('',(1.,0.,0.));
#1656=DIRECTION('',(0.,-1.,0.));
#1657=DIRECTION('',(0.,0.,1.));
#1658=DIRECTION('',(1.,0.,0.));
#1659=DIRECTION('',(1.,0.,0.));
#1660=DIRECTION('',(0.,-1.,0.));
#1661=DIRECTION('',(1.,0.,0.));
#1662=DIRECTION('',(0.,-1.,0.));
#1663=DIRECTION('',(1.,0.,0.));
#1664=DIRECTION('',(0.,-1.,0.));
#1665=DIRECTION('',(1.,0.,0.));
#1666=DIRECTION('',(0.,-1.,0.));
#1667=DIRECTION('',(1.,0.,0.));
#1668=DIRECTION('',(1.,5.92814515498268E-17,0.));
#1669=DIRECTION('',(5.92814515498268E-17,-1.,0.));
#1670=DIRECTION('',(1.,0.,0.));
#1671=DIRECTION('',(0.,-1.,0.));
#1672=DIRECTION('',(1.,0.,0.));
#1673=DIRECTION('',(5.92814515498268E-17,-1.,0.));
#1674=DIRECTION('',(1.,5.92814515498268E-17,0.));
#1675=DIRECTION('',(0.793184052841719,-0.608981985215971,0.));
#1676=DIRECTION('',(-0.775061137958377,0.631886249594549,0.));
#1677=DIRECTION('',(1.,5.92814515498268E-17,0.));
#1678=DIRECTION('',(-5.92814515498268E-17,1.,0.));
#1679=DIRECTION('',(0.999999079306652,0.00135697673105532,0.));
#1680=DIRECTION('',(0.,0.,1.));
#1681=DIRECTION('',(1.,0.,0.));
#1682=DIRECTION('',(-0.999999093059673,-0.00134680356111329,0.));
#1683=DIRECTION('',(0.794086328718965,0.607804987262886,0.));
#1684=DIRECTION('',(-0.774037453907587,-0.633139810743457,0.));
#1685=DIRECTION('',(0.,0.,1.));
#1686=DIRECTION('',(0.,0.,1.));
#1687=DIRECTION('',(0.,0.,1.));
#1688=DIRECTION('',(-0.608981985215971,-0.793184052841719,0.));
#1689=DIRECTION('',(0.793184052841719,-0.608981985215971,0.));
#1690=DIRECTION('',(0.,0.,1.));
#1691=DIRECTION('',(0.793184052841719,-0.608981985215971,0.));
#1692=DIRECTION('',(0.793184052841719,-0.608981985215971,0.));
#1693=DIRECTION('',(0.,0.,1.));
#1694=DIRECTION('',(0.631886249594549,0.775061137958377,0.));
#1695=DIRECTION('',(-0.775061137958377,0.631886249594549,0.));
#1696=DIRECTION('',(0.,0.,1.));
#1697=DIRECTION('',(-0.775061137958377,0.631886249594549,0.));
#1698=DIRECTION('',(0.,0.,-1.));
#1699=DIRECTION('',(0.,0.,1.));
#1700=DIRECTION('',(-0.775061137958377,0.631886249594549,0.));
#1701=DIRECTION('',(0.00135697673105532,-0.999999079306652,0.));
#1702=DIRECTION('',(0.999999079306652,0.00135697673105532,0.));
#1703=DIRECTION('',(0.,0.,1.));
#1704=DIRECTION('',(0.999999079306652,0.00135697673105532,0.));
#1705=DIRECTION('',(0.999999079306652,0.00135697673105532,0.));
#1706=DIRECTION('',(0.,0.,1.));
#1707=DIRECTION('',(0.,0.,1.));
#1708=DIRECTION('',(1.,0.,0.));
#1709=DIRECTION('',(0.,0.,1.));
#1710=DIRECTION('',(1.,0.,0.));
#1711=DIRECTION('',(0.,0.,1.));
#1712=DIRECTION('',(1.,0.,0.));
#1713=DIRECTION('',(0.,0.,1.));
#1714=DIRECTION('',(1.,0.,0.));
#1715=DIRECTION('',(0.,0.,1.));
#1716=DIRECTION('',(1.,0.,0.));
#1717=DIRECTION('',(5.92814515498268E-17,-1.,0.));
#1718=DIRECTION('',(-1.,0.,0.));
#1719=DIRECTION('',(0.,-1.,0.));
#1720=DIRECTION('',(1.,0.,0.));
#1721=DIRECTION('',(0.,0.,1.));
#1722=DIRECTION('',(1.,0.,0.));
#1723=DIRECTION('',(1.,0.,0.));
#1724=DIRECTION('',(0.,0.,1.));
#1725=DIRECTION('',(1.,0.,0.));
#1726=DIRECTION('',(0.,-1.,0.));
#1727=DIRECTION('',(0.,0.,1.));
#1728=DIRECTION('',(1.,0.,0.));
#1729=DIRECTION('',(1.,0.,0.));
#1730=DIRECTION('',(0.,0.,1.));
#1731=DIRECTION('',(1.,0.,0.));
#1732=DIRECTION('',(0.,-1.,0.));
#1733=DIRECTION('',(0.,0.,1.));
#1734=DIRECTION('',(1.,0.,0.));
#1735=DIRECTION('',(1.,0.,0.));
#1736=DIRECTION('',(0.,0.,1.));
#1737=DIRECTION('',(1.,0.,0.));
#1738=DIRECTION('',(0.,-1.,0.));
#1739=DIRECTION('',(0.,0.,1.));
#1740=DIRECTION('',(1.,0.,0.));
#1741=DIRECTION('',(1.,0.,0.));
#1742=DIRECTION('',(0.,0.,1.));
#1743=DIRECTION('',(1.,0.,0.));
#1744=DIRECTION('',(0.,-1.,0.));
#1745=DIRECTION('',(0.,0.,1.));
#1746=DIRECTION('',(1.,0.,0.));
#1747=DIRECTION('',(1.,0.,0.));
#1748=DIRECTION('',(0.,0.,1.));
#1749=DIRECTION('',(1.,0.,0.));
#1750=DIRECTION('',(0.,-1.,0.));
#1751=DIRECTION('',(0.,0.,1.));
#1752=DIRECTION('',(1.,0.,0.));
#1753=DIRECTION('',(1.,0.,0.));
#1754=DIRECTION('',(0.,0.,1.));
#1755=DIRECTION('',(1.,0.,0.));
#1756=DIRECTION('',(0.,-1.,0.));
#1757=DIRECTION('',(0.,0.,1.));
#1758=DIRECTION('',(1.,0.,0.));
#1759=DIRECTION('',(1.,0.,0.));
#1760=DIRECTION('',(0.,0.,1.));
#1761=DIRECTION('',(1.,0.,0.));
#1762=DIRECTION('',(0.,-1.,0.));
#1763=DIRECTION('',(0.,0.,1.));
#1764=DIRECTION('',(1.,0.,0.));
#1765=DIRECTION('',(1.,0.,0.));
#1766=DIRECTION('',(0.,0.,1.));
#1767=DIRECTION('',(1.,0.,0.));
#1768=DIRECTION('',(0.,-1.,0.));
#1769=DIRECTION('',(0.,-1.,0.));
#1770=DIRECTION('',(1.,0.,0.));
#1771=DIRECTION('',(0.,-1.,0.));
#1772=DIRECTION('',(1.,0.,0.));
#1773=DIRECTION('',(0.,-1.,0.));
#1774=DIRECTION('',(1.,0.,0.));
#1775=DIRECTION('',(0.,-1.,0.));
#1776=DIRECTION('',(1.,0.,0.));
#1777=DIRECTION('',(-0.774037453907587,-0.633139810743457,0.));
#1778=DIRECTION('',(0.794086328718965,0.607804987262886,0.));
#1779=DIRECTION('',(-0.999999093059673,-0.00134680356111329,0.));
#1780=DIRECTION('',(0.,0.,1.));
#1781=DIRECTION('',(1.,0.,0.));
#1782=DIRECTION('',(1.,0.,0.));
#1783=DIRECTION('',(0.,0.,-1.));
#1784=DIRECTION('',(0.,0.,-1.));
#1785=DIRECTION('',(0.,0.,-1.));
#1786=DIRECTION('',(0.,1.,0.));
#1787=DIRECTION('',(0.,0.,1.));
#1788=DIRECTION('',(0.,0.,-1.));
#1789=DIRECTION('',(1.,0.,0.));
#1790=DIRECTION('',(0.,0.,-1.));
#1791=DIRECTION('',(0.,0.,-1.));
#1792=DIRECTION('',(1.,0.,0.));
#1793=DIRECTION('',(0.,0.,-1.));
#1794=DIRECTION('',(0.,0.,-1.));
#1795=DIRECTION('',(0.,0.,-1.));
#1796=DIRECTION('',(0.,1.,0.));
#1797=DIRECTION('',(0.,0.,1.));
#1798=DIRECTION('',(0.,0.,-1.));
#1799=DIRECTION('',(1.,0.,0.));
#1800=DIRECTION('',(0.,0.,-1.));
#1801=DIRECTION('',(0.,0.,-1.));
#1802=DIRECTION('',(0.,0.,-1.));
#1803=DIRECTION('',(-1.,0.,0.));
#1804=DIRECTION('',(0.,0.,-1.));
#1805=DIRECTION('',(0.,0.,-1.));
#1806=DIRECTION('',(0.,1.,0.));
#1807=DIRECTION('',(0.,0.,1.));
#1808=DIRECTION('',(0.,0.,-1.));
#1809=DIRECTION('',(0.,0.,-1.));
#1810=DIRECTION('',(-1.,0.,0.));
#1811=DIRECTION('',(0.,0.,-1.));
#1812=DIRECTION('',(1.,0.,0.));
#1813=DIRECTION('',(0.,0.,-1.));
#1814=DIRECTION('',(0.,0.,-1.));
#1815=DIRECTION('',(0.,0.,-1.));
#1816=DIRECTION('',(-1.,0.,0.));
#1817=DIRECTION('',(0.,0.,-1.));
#1818=DIRECTION('',(0.,1.,0.));
#1819=DIRECTION('',(0.,0.,1.));
#1820=DIRECTION('',(0.,0.,-1.));
#1821=DIRECTION('',(0.,0.,-1.));
#1822=DIRECTION('',(-1.,0.,0.));
#1823=DIRECTION('',(0.,0.,-1.));
#1824=DIRECTION('',(0.,0.,-1.));
#1825=DIRECTION('',(-1.,0.,0.));
#1826=DIRECTION('',(0.,0.,-1.));
#1827=DIRECTION('',(0.,0.,-1.));
#1828=DIRECTION('',(0.,1.,0.));
#1829=DIRECTION('',(0.,0.,1.));
#1830=DIRECTION('',(0.,0.,-1.));
#1831=DIRECTION('',(0.,0.,-1.));
#1832=DIRECTION('',(-1.,0.,0.));
#1833=DIRECTION('',(0.,0.,-1.));
#1834=DIRECTION('',(1.,0.,0.));
#1835=DIRECTION('',(0.,0.,-1.));
#1836=DIRECTION('',(0.,0.,-1.));
#1837=DIRECTION('',(0.,0.,-1.));
#1838=DIRECTION('',(-1.,0.,0.));
#1839=DIRECTION('',(0.,0.,-1.));
#1840=DIRECTION('',(0.,1.,0.));
#1841=DIRECTION('',(0.,0.,1.));
#1842=DIRECTION('',(0.,0.,-1.));
#1843=DIRECTION('',(0.,0.,-1.));
#1844=DIRECTION('',(-1.,0.,0.));
#1845=DIRECTION('',(0.,0.,-1.));
#1846=DIRECTION('',(0.,0.,-1.));
#1847=DIRECTION('',(-1.,0.,0.));
#1848=DIRECTION('',(0.,0.,-1.));
#1849=DIRECTION('',(0.,0.,-1.));
#1850=DIRECTION('',(0.,1.,0.));
#1851=DIRECTION('',(0.,0.,1.));
#1852=DIRECTION('',(0.,0.,-1.));
#1853=DIRECTION('',(0.,0.,-1.));
#1854=DIRECTION('',(-1.,0.,0.));
#1855=DIRECTION('',(0.,0.,-1.));
#1856=DIRECTION('',(1.,0.,0.));
#1857=DIRECTION('',(0.,0.,-1.));
#1858=DIRECTION('',(0.,0.,-1.));
#1859=DIRECTION('',(0.,0.,-1.));
#1860=DIRECTION('',(-1.,0.,0.));
#1861=DIRECTION('',(0.,0.,-1.));
#1862=DIRECTION('',(0.,1.,0.));
#1863=DIRECTION('',(0.,0.,1.));
#1864=DIRECTION('',(0.,0.,-1.));
#1865=DIRECTION('',(0.,0.,-1.));
#1866=DIRECTION('',(-1.,0.,0.));
#1867=DIRECTION('',(0.,0.,-1.));
#1868=DIRECTION('',(0.,0.,-1.));
#1869=DIRECTION('',(-1.,0.,0.));
#1870=DIRECTION('',(0.,0.,-1.));
#1871=DIRECTION('',(0.,0.,-1.));
#1872=DIRECTION('',(0.,1.,0.));
#1873=DIRECTION('',(0.,0.,1.));
#1874=DIRECTION('',(0.,0.,-1.));
#1875=DIRECTION('',(0.,0.,-1.));
#1876=DIRECTION('',(-1.,0.,0.));
#1877=DIRECTION('',(0.,0.,-1.));
#1878=DIRECTION('',(1.,0.,0.));
#1879=DIRECTION('',(0.,0.,-1.));
#1880=DIRECTION('',(0.,0.,-1.));
#1881=DIRECTION('',(0.,0.,-1.));
#1882=DIRECTION('',(-1.,0.,0.));
#1883=DIRECTION('',(0.,0.,-1.));
#1884=DIRECTION('',(0.,1.,0.));
#1885=DIRECTION('',(0.,0.,1.));
#1886=DIRECTION('',(0.,0.,-1.));
#1887=DIRECTION('',(0.,0.,-1.));
#1888=DIRECTION('',(-1.,0.,0.));
#1889=DIRECTION('',(0.,0.,-1.));
#1890=DIRECTION('',(0.,1.,0.));
#1891=DIRECTION('',(0.,0.,1.));
#1892=DIRECTION('',(0.,0.,-1.));
#1893=DIRECTION('',(1.,0.,0.));
#1894=DIRECTION('',(0.,0.,-1.));
#1895=DIRECTION('',(1.,0.,0.));
#1896=DIRECTION('',(0.,0.,-1.));
#1897=DIRECTION('',(0.,-0.707106781186548,0.707106781186548));
#1898=DIRECTION('',(0.,0.,-1.));
#1899=DIRECTION('',(0.,0.707106781186547,0.707106781186548));
#1900=DIRECTION('',(0.,1.,0.));
#1901=DIRECTION('',(0.,0.,1.));
#1902=DIRECTION('',(0.,0.,-1.));
#1903=DIRECTION('',(-1.,0.,0.));
#1904=DIRECTION('',(0.,1.,0.));
#1905=DIRECTION('',(0.,0.,1.));
#1906=DIRECTION('',(1.,0.,0.));
#1907=DIRECTION('',(0.,0.,-1.));
#1908=DIRECTION('',(1.,0.,0.));
#1909=DIRECTION('',(0.,0.,-1.));
#1910=DIRECTION('',(1.,0.,0.));
#1911=DIRECTION('',(0.,0.,-1.));
#1912=DIRECTION('',(1.,0.,0.));
#1913=DIRECTION('',(0.,0.,-1.));
#1914=DIRECTION('',(1.,5.92814515498268E-17,0.));
#1915=DIRECTION('',(-5.92814515498268E-17,1.,0.));
#1916=DIRECTION('',(-4.19183163894643E-17,0.707106781186548,-0.707106781186548));
#1917=DIRECTION('',(4.19183163894643E-17,-0.707106781186547,-0.707106781186548));
#1918=DIRECTION('',(0.,0.,-1.));
#1919=DIRECTION('',(-5.92814515498268E-17,1.,0.));
#1920=DIRECTION('',(0.,0.,-1.));
#1921=DIRECTION('',(0.,0.,-1.));
#1922=DIRECTION('',(-1.,0.,0.));
#1923=DIRECTION('',(0.,0.,-1.));
#1924=DIRECTION('',(-1.,0.,0.));
#1925=DIRECTION('',(0.,0.,-1.));
#1926=DIRECTION('',(-1.,0.,0.));
#1927=DIRECTION('',(0.,0.,-1.));
#1928=DIRECTION('',(-1.,0.,0.));
#1929=DIRECTION('',(0.,1.,0.));
#1930=DIRECTION('',(0.,0.,1.));
#1931=DIRECTION('',(0.,0.,1.));
#1932=DIRECTION('',(0.,0.,1.));
#1933=DIRECTION('',(-0.633139810743457,0.774037453907587,0.));
#1934=DIRECTION('',(-0.774037453907587,-0.633139810743457,0.));
#1935=DIRECTION('',(0.,0.,1.));
#1936=DIRECTION('',(0.,0.,1.));
#1937=DIRECTION('',(-0.376687656749602,0.926340331224164,0.));
#1938=DIRECTION('',(0.,0.,1.));
#1939=DIRECTION('',(0.,0.,1.));
#1940=DIRECTION('',(0.,0.,1.));
#1941=DIRECTION('',(-0.00134680356111329,0.999999093059673,0.));
#1942=DIRECTION('',(-0.999999093059673,-0.00134680356111329,0.));
#1943=DIRECTION('',(0.,0.,1.));
#1944=DIRECTION('',(0.607804987262886,-0.794086328718965,0.));
#1945=DIRECTION('',(0.794086328718965,0.607804987262886,0.));
#1946=DIRECTION('',(0.,0.,1.));
#1947=DIRECTION('',(1.,5.92814515498268E-17,0.));
#1948=DIRECTION('',(-5.92814515498268E-17,1.,0.));
#1949=DIRECTION('',(0.,0.,-1.));
#1950=DIRECTION('',(-5.92814515498268E-17,1.,0.));
#1951=DIRECTION('',(0.,0.,-1.));
#1952=DIRECTION('',(-1.,0.,0.));
#1953=DIRECTION('',(1.,5.92814515498268E-17,0.));
#1954=DIRECTION('',(5.92814515498268E-17,-1.,0.));
#1955=DIRECTION('',(1.,5.92814515498268E-17,0.));
#1956=DIRECTION('',(5.92814515498268E-17,-1.,0.));
#1957=DIRECTION('',(1.,5.92814515498268E-17,0.));
#1958=DIRECTION('',(1.,5.92814515498268E-17,0.));
#1959=DIRECTION('',(5.92814515498268E-17,-1.,0.));
#1960=DIRECTION('',(1.,5.92814515498268E-17,0.));
#1961=DIRECTION('',(1.,5.92814515498268E-17,0.));
#1962=DIRECTION('',(0.,0.,-1.));
#1963=DIRECTION('',(-1.,0.,0.));
#1964=DIRECTION('',(0.,-0.707106781186548,-0.707106781186548));
#1965=DIRECTION('',(1.,0.,0.));
#1966=DIRECTION('',(0.,-0.707106781186548,0.707106781186547));
#1967=DIRECTION('',(-1.,0.,0.));
#1968=CARTESIAN_POINT('',(0.,0.,0.));
#1969=CARTESIAN_POINT('',(-0.0395125,0.0192625,0.01));
#1970=CARTESIAN_POINT('',(0.00519387599229813,-0.005,0.01));
#1971=CARTESIAN_POINT('',(0.00664387599229813,-0.005,0.01));
#1972=CARTESIAN_POINT('',(-0.0838311240077019,-0.005,0.01));
#1973=CARTESIAN_POINT('',(-0.0823811240077019,-0.005,0.01));
#1974=CARTESIAN_POINT('',(0.00519387599229813,0.043525,0.01));
#1975=CARTESIAN_POINT('',(0.00688906113173204,0.043525,0.01));
#1976=CARTESIAN_POINT('',(-0.0838311240077019,0.043525,0.01));
#1977=CARTESIAN_POINT('',(-0.082135938868268,0.043525,0.01));
#1978=CARTESIAN_POINT('',(-0.076,0.035075,0.01));
#1979=CARTESIAN_POINT('',(-0.076,0.035575,0.01));
#1980=CARTESIAN_POINT('',(-0.0765,0.035075,0.01));
#1981=CARTESIAN_POINT('',(-0.0765,0.028575,0.01));
#1982=CARTESIAN_POINT('',(-0.0765,0.022075,0.01));
#1983=CARTESIAN_POINT('',(-0.076,0.022075,0.01));
#1984=CARTESIAN_POINT('',(-0.076,0.021575,0.01));
#1985=CARTESIAN_POINT('',(-0.0695,0.021575,0.01));
#1986=CARTESIAN_POINT('',(-0.063,0.021575,0.01));
#1987=CARTESIAN_POINT('',(-0.063,0.022075,0.01));
#1988=CARTESIAN_POINT('',(-0.0625,0.022075,0.01));
#1989=CARTESIAN_POINT('',(-0.0625,0.028575,0.01));
#1990=CARTESIAN_POINT('',(-0.0625,0.035075,0.01));
#1991=CARTESIAN_POINT('',(-0.063,0.035075,0.01));
#1992=CARTESIAN_POINT('',(-0.063,0.035575,0.01));
#1993=CARTESIAN_POINT('',(-0.0695,0.035575,0.01));
#1994=CARTESIAN_POINT('',(-0.05695,0.035075,0.01));
#1995=CARTESIAN_POINT('',(-0.05695,0.035575,0.01));
#1996=CARTESIAN_POINT('',(-0.05745,0.035075,0.01));
#1997=CARTESIAN_POINT('',(-0.05745,0.028575,0.01));
#1998=CARTESIAN_POINT('',(-0.05745,0.022075,0.01));
#1999=CARTESIAN_POINT('',(-0.05695,0.022075,0.01));
#2000=CARTESIAN_POINT('',(-0.05695,0.021575,0.01));
#2001=CARTESIAN_POINT('',(-0.05045,0.021575,0.01));
#2002=CARTESIAN_POINT('',(-0.04395,0.021575,0.01));
#2003=CARTESIAN_POINT('',(-0.04395,0.022075,0.01));
#2004=CARTESIAN_POINT('',(-0.04345,0.022075,0.01));
#2005=CARTESIAN_POINT('',(-0.04345,0.028575,0.01));
#2006=CARTESIAN_POINT('',(-0.04345,0.035075,0.01));
#2007=CARTESIAN_POINT('',(-0.04395,0.035075,0.01));
#2008=CARTESIAN_POINT('',(-0.04395,0.035575,0.01));
#2009=CARTESIAN_POINT('',(-0.05045,0.035575,0.01));
#2010=CARTESIAN_POINT('',(-0.076,0.016025,0.01));
#2011=CARTESIAN_POINT('',(-0.076,0.016525,0.01));
#2012=CARTESIAN_POINT('',(-0.0765,0.016025,0.01));
#2013=CARTESIAN_POINT('',(-0.0765,0.009525,0.01));
#2014=CARTESIAN_POINT('',(-0.0765,0.003025,0.01));
#2015=CARTESIAN_POINT('',(-0.076,0.003025,0.01));
#2016=CARTESIAN_POINT('',(-0.076,0.002525,0.01));
#2017=CARTESIAN_POINT('',(-0.0695,0.002525,0.01));
#2018=CARTESIAN_POINT('',(-0.063,0.002525,0.01));
#2019=CARTESIAN_POINT('',(-0.063,0.003025,0.01));
#2020=CARTESIAN_POINT('',(-0.0625,0.003025,0.01));
#2021=CARTESIAN_POINT('',(-0.0625,0.009525,0.01));
#2022=CARTESIAN_POINT('',(-0.0625,0.016025,0.01));
#2023=CARTESIAN_POINT('',(-0.063,0.016025,0.01));
#2024=CARTESIAN_POINT('',(-0.063,0.016525,0.01));
#2025=CARTESIAN_POINT('',(-0.0695,0.016525,0.01));
#2026=CARTESIAN_POINT('',(-0.05695,0.016025,0.01));
#2027=CARTESIAN_POINT('',(-0.05695,0.016525,0.01));
#2028=CARTESIAN_POINT('',(-0.05745,0.016025,0.01));
#2029=CARTESIAN_POINT('',(-0.05745,0.009525,0.01));
#2030=CARTESIAN_POINT('',(-0.05745,0.003025,0.01));
#2031=CARTESIAN_POINT('',(-0.05695,0.003025,0.01));
#2032=CARTESIAN_POINT('',(-0.05695,0.002525,0.01));
#2033=CARTESIAN_POINT('',(-0.05045,0.002525,0.01));
#2034=CARTESIAN_POINT('',(-0.04395,0.002525,0.01));
#2035=CARTESIAN_POINT('',(-0.04395,0.003025,0.01));
#2036=CARTESIAN_POINT('',(-0.04345,0.003025,0.01));
#2037=CARTESIAN_POINT('',(-0.04345,0.009525,0.01));
#2038=CARTESIAN_POINT('',(-0.04345,0.016025,0.01));
#2039=CARTESIAN_POINT('',(-0.04395,0.016025,0.01));
#2040=CARTESIAN_POINT('',(-0.04395,0.016525,0.01));
#2041=CARTESIAN_POINT('',(-0.05045,0.016525,0.01));
#2042=CARTESIAN_POINT('',(-0.036925,0.032215,0.01));
#2043=CARTESIAN_POINT('',(-0.036925,0.038215,0.01));
#2044=CARTESIAN_POINT('',(-0.036925,0.026215,0.01));
#2045=CARTESIAN_POINT('',(-0.020425,0.026215,0.01));
#2046=CARTESIAN_POINT('',(-0.003925,0.026215,0.01));
#2047=CARTESIAN_POINT('',(-0.003925,0.032215,0.01));
#2048=CARTESIAN_POINT('',(-0.003925,0.038215,0.01));
#2049=CARTESIAN_POINT('',(-0.020425,0.038215,0.01));
#2050=CARTESIAN_POINT('',(-0.037726,0.0159745,0.01));
#2051=CARTESIAN_POINT('',(-0.037726,0.021875,0.01));
#2052=CARTESIAN_POINT('',(-0.037726,0.010074,0.01));
#2053=CARTESIAN_POINT('',(-0.0316255,0.010074,0.01));
#2054=CARTESIAN_POINT('',(-0.025525,0.010074,0.01));
#2055=CARTESIAN_POINT('',(-0.025525,0.0159745,0.01));
#2056=CARTESIAN_POINT('',(-0.025525,0.021875,0.01));
#2057=CARTESIAN_POINT('',(-0.0316255,0.021875,0.01));
#2058=CARTESIAN_POINT('',(-0.000871290649823676,0.014644102791438,0.01));
#2059=CARTESIAN_POINT('',(0.000361152980003232,0.0136978709986608,0.01));
#2060=CARTESIAN_POINT('',(0.00134228913209016,0.0124635143478594,0.01));
#2061=CARTESIAN_POINT('',(0.00199080902805376,0.0110652509431667,0.01));
#2062=CARTESIAN_POINT('',(0.00319890661539197,0.00846049100259035,0.01));
#2063=CARTESIAN_POINT('',(0.00308991604191565,0.00546830191296388,0.01));
#2064=CARTESIAN_POINT('',(0.00171289830779757,0.00295121101687675,0.01));
#2065=CARTESIAN_POINT('',(0.000923093513055728,0.00150750378691591,0.01));
#2066=CARTESIAN_POINT('',(-0.000229583279890698,0.000283751788841918,0.01));
#2067=CARTESIAN_POINT('',(-0.00161096332688902,-0.000624878678374487,0.01));
#2068=CARTESIAN_POINT('',(-0.00339334516900399,-0.00179727612937133,0.01));
#2069=CARTESIAN_POINT('',(-0.00545953895245905,-0.00242164934995391,0.01));
#2070=CARTESIAN_POINT('',(-0.00759661238915354,-0.00246540611513034,0.01));
#2071=CARTESIAN_POINT('',(-0.0107165828203164,-0.00252928778207248,0.01));
#2072=CARTESIAN_POINT('',(-0.0137696871153678,-0.00137206604832653,0.01));
#2073=CARTESIAN_POINT('',(-0.0159180620306851,0.000900989636292778,0.01));
#2074=CARTESIAN_POINT('',(-0.0173341310891618,0.0023992401512447,0.01));
#2075=CARTESIAN_POINT('',(-0.0183079173958928,0.0043427448162268,0.01));
#2076=CARTESIAN_POINT('',(-0.0184343162322679,0.00641969557861113,0.01));
#2077=CARTESIAN_POINT('',(-0.0184547245994768,0.0067550402308979,0.01));
#2078=CARTESIAN_POINT('',(-0.0184020391148428,0.00706498996764594,0.01));
#2079=CARTESIAN_POINT('',(-0.0183604754743036,0.00744476817983991,0.01));
#2080=CARTESIAN_POINT('',(0.00275981572212734,0.00619459195434487,0.01));
#2081=CARTESIAN_POINT('',(-0.0183604754743036,0.00744476817983991,0.01));
#2082=CARTESIAN_POINT('',(-0.0395125,0.00619459195435047,0.01));
#2083=CARTESIAN_POINT('',(0.01,0.00619459195435047,0.01));
#2084=CARTESIAN_POINT('',(0.01,0.0192625,0.01));
#2085=CARTESIAN_POINT('',(0.01,-0.01,0.01));
#2086=CARTESIAN_POINT('',(-0.0395125,-0.01,0.01));
#2087=CARTESIAN_POINT('',(-0.089025,-0.01,0.01));
#2088=CARTESIAN_POINT('',(-0.089025,0.0192625,0.01));
#2089=CARTESIAN_POINT('',(-0.089025,0.048525,0.01));
#2090=CARTESIAN_POINT('',(-0.0395125,0.048525,0.01));
#2091=CARTESIAN_POINT('',(0.01,0.048525,0.01));
#2092=CARTESIAN_POINT('',(0.01,0.0192625,0.01));
#2093=CARTESIAN_POINT('',(0.01,0.0201945919543505,0.01));
#2094=CARTESIAN_POINT('',(-0.0395125,0.0201945919543505,0.01));
#2095=CARTESIAN_POINT('',(-0.0081006662249288,0.0201945919543505,0.01));
#2096=CARTESIAN_POINT('',(-0.0274129040561977,0.035021926028093,0.01));
#2097=CARTESIAN_POINT('',(-0.0106233602006966,0.0221314377340564,0.01));
#2098=CARTESIAN_POINT('',(-0.013240982533983,0.0217201482231545,0.01));
#2099=CARTESIAN_POINT('',(-0.0127098444916854,0.0224812407092952,0.01));
#2100=CARTESIAN_POINT('',(-0.0112622373847696,0.0226219477165167,0.01));
#2101=CARTESIAN_POINT('',(-0.0106233602006966,0.0221314377340564,0.01));
#2102=CARTESIAN_POINT('',(-0.013240982533983,0.0217201482231545,0.01));
#2103=CARTESIAN_POINT('',(-0.0130672864365256,0.020270080974595,0.01));
#2104=CARTESIAN_POINT('',(-0.0135260255179285,0.0206440784613576,0.01));
#2105=CARTESIAN_POINT('',(-0.0135900208881589,0.0212555510417233,0.01));
#2106=CARTESIAN_POINT('',(-0.013240982533983,0.0217201482231545,0.01));
#2107=CARTESIAN_POINT('',(-0.0130672864365256,0.020270080974595,0.01));
#2108=CARTESIAN_POINT('',(-0.0284599857201881,0.0328193297308397,0.01));
#2109=CARTESIAN_POINT('',(-0.0129746928628891,0.0201945919543505,0.01));
#2110=CARTESIAN_POINT('',(-0.0395125,0.0201945919543505,0.01));
#2111=CARTESIAN_POINT('',(-0.015,0.0201945919543505,0.01));
#2112=CARTESIAN_POINT('',(-0.015,0.0192625,0.01));
#2113=CARTESIAN_POINT('',(-0.015,0.0169956585548922,0.01));
#2114=CARTESIAN_POINT('',(-0.0395093788147675,0.0169623998675269,0.01));
#2115=CARTESIAN_POINT('',(-0.0212149130366702,0.016987165431357,0.01));
#2116=CARTESIAN_POINT('',(-0.0212213040095336,0.0145241594109642,0.01));
#2117=CARTESIAN_POINT('',(-0.0229361561263884,0.0162931632494992,0.01));
#2118=CARTESIAN_POINT('',(-0.0228985854176529,0.0142315458239336,0.01));
#2119=CARTESIAN_POINT('',(-0.0233437304131698,0.0145380378527857,0.01));
#2120=CARTESIAN_POINT('',(-0.0235291727620382,0.0150566900689509,0.01));
#2121=CARTESIAN_POINT('',(-0.0233727143115189,0.0155739440592682,0.01));
#2122=CARTESIAN_POINT('',(-0.0232891079841316,0.0158503478349246,0.01));
#2123=CARTESIAN_POINT('',(-0.0231360685657781,0.0160814776098151,0.01));
#2124=CARTESIAN_POINT('',(-0.0229361561263884,0.0162931632494992,0.01));
#2125=CARTESIAN_POINT('',(-0.0228985854176529,0.0142315458239336,0.01));
#2126=CARTESIAN_POINT('',(-0.0219009890184719,0.0139342151478632,0.01));
#2127=CARTESIAN_POINT('',(-0.0222763219828105,0.0139337096476228,0.01));
#2128=CARTESIAN_POINT('',(-0.0226032358484915,0.0140445384505533,0.01));
#2129=CARTESIAN_POINT('',(-0.0228985854176529,0.0142315458239336,0.01));
#2130=CARTESIAN_POINT('',(-0.0219009890184719,0.0139342151478632,0.01));
#2131=CARTESIAN_POINT('',(-0.0395052919083304,0.0139105055885954,0.01));
#2132=CARTESIAN_POINT('',(-0.015700367063172,0.0139425661753167,0.01));
#2133=CARTESIAN_POINT('',(-0.0281479933890834,0.0044149756764426,0.01));
#2134=CARTESIAN_POINT('',(-0.0269174430276828,0.00535685645093925,0.01));
#2135=CARTESIAN_POINT('',(-0.0278073263260574,0.00380759688294382,0.01));
#2136=CARTESIAN_POINT('',(-0.0276891026715214,0.00438397037273116,0.01));
#2137=CARTESIAN_POINT('',(-0.0274140379896291,0.00497675559334072,0.01));
#2138=CARTESIAN_POINT('',(-0.0269174430276828,0.00535685645093925,0.01));
#2139=CARTESIAN_POINT('',(-0.0278073263260574,0.00380759688294382,0.01));
#2140=CARTESIAN_POINT('',(-0.0244466019747285,0.00246649618387849,0.01));
#2141=CARTESIAN_POINT('',(-0.0249996310593813,0.00201413470159795,0.01));
#2142=CARTESIAN_POINT('',(-0.0257135851191546,0.00183036677200763,0.01));
#2143=CARTESIAN_POINT('',(-0.0263765310591852,0.00191703691735763,0.01));
#2144=CARTESIAN_POINT('',(-0.0273369637614198,0.00204259895322691,0.01));
#2145=CARTESIAN_POINT('',(-0.0279400686807139,0.00285363054873848,0.01));
#2146=CARTESIAN_POINT('',(-0.0278073263260574,0.00380759688294382,0.01));
#2147=CARTESIAN_POINT('',(-0.0244466019747285,0.00246649618387849,0.01));
#2148=CARTESIAN_POINT('',(-0.0252418098722879,0.00181603957447763,0.01));
#2149=CARTESIAN_POINT('',(-0.000871290649823676,0.014644102791438,0.01));
#2150=CARTESIAN_POINT('',(-0.000871290649823676,0.014644102791438,0.013));
#2151=CARTESIAN_POINT('',(-0.00060169360579904,0.014437114586768,0.01));
#2152=CARTESIAN_POINT('',(-0.00060169360579904,0.014437114586768,0.013));
#2153=CARTESIAN_POINT('',(-8.65580214733181E-5,0.0139955802818074,0.01));
#2154=CARTESIAN_POINT('',(-8.65580214733181E-5,0.0139955802818074,0.013));
#2155=CARTESIAN_POINT('',(0.000608931566637382,0.0132582576942274,0.01));
#2156=CARTESIAN_POINT('',(0.000608931566637382,0.0132582576942274,0.013));
#2157=CARTESIAN_POINT('',(0.00111973505236973,0.0125881783372056,0.01));
#2158=CARTESIAN_POINT('',(0.00111973505236973,0.0125881783372056,0.013));
#2159=CARTESIAN_POINT('',(0.00148493767429451,0.012021809893814,0.01));
#2160=CARTESIAN_POINT('',(0.00148493767429451,0.012021809893814,0.013));
#2161=CARTESIAN_POINT('',(0.00169376006415659,0.0116577533480198,0.01));
#2162=CARTESIAN_POINT('',(0.00169376006415659,0.0116577533480198,0.013));
#2163=CARTESIAN_POINT('',(0.0018311602154286,0.0113943351045059,0.01));
#2164=CARTESIAN_POINT('',(0.0018311602154286,0.0113943351045059,0.013));
#2165=CARTESIAN_POINT('',(0.00190462890507347,0.0112468674934724,0.01));
#2166=CARTESIAN_POINT('',(0.00190462890507347,0.0112468674934724,0.013));
#2167=CARTESIAN_POINT('',(0.00195427665632917,0.0111432533229146,0.01));
#2168=CARTESIAN_POINT('',(0.00195427665632917,0.0111432533229146,0.013));
#2169=CARTESIAN_POINT('',(0.00198187529562341,0.0110847925726048,0.01));
#2170=CARTESIAN_POINT('',(0.00198187529562341,0.0110847925726048,0.013));
#2171=CARTESIAN_POINT('',(0.00205051397715572,0.0109355273703699,0.01));
#2172=CARTESIAN_POINT('',(0.00205051397715572,0.0109355273703699,0.013));
#2173=CARTESIAN_POINT('',(0.00215770317607039,0.0106884977747018,0.01));
#2174=CARTESIAN_POINT('',(0.00215770317607039,0.0106884977747018,0.013));
#2175=CARTESIAN_POINT('',(0.00235694155124955,0.0101777620463397,0.01));
#2176=CARTESIAN_POINT('',(0.00235694155124955,0.0101777620463397,0.013));
#2177=CARTESIAN_POINT('',(0.00257980811884291,0.00944020387729659,0.01));
#2178=CARTESIAN_POINT('',(0.00257980811884291,0.00944020387729659,0.013));
#2179=CARTESIAN_POINT('',(0.00275465782916011,0.00853740117110894,0.01));
#2180=CARTESIAN_POINT('',(0.00275465782916011,0.00853740117110894,0.013));
#2181=CARTESIAN_POINT('',(0.00283575296636882,0.00762682810383575,0.01));
#2182=CARTESIAN_POINT('',(0.00283575296636882,0.00762682810383575,0.013));
#2183=CARTESIAN_POINT('',(0.00282383678181326,0.0067142986759101,0.01));
#2184=CARTESIAN_POINT('',(0.00282383678181326,0.0067142986759101,0.013));
#2185=CARTESIAN_POINT('',(0.00271941163598509,0.00580722272937491,0.01));
#2186=CARTESIAN_POINT('',(0.00271941163598509,0.00580722272937491,0.013));
#2187=CARTESIAN_POINT('',(0.00252203579912835,0.00491077528165096,0.01));
#2188=CARTESIAN_POINT('',(0.00252203579912835,0.00491077528165096,0.013));
#2189=CARTESIAN_POINT('',(0.00228307662762982,0.00418302488614001,0.01));
#2190=CARTESIAN_POINT('',(0.00228307662762982,0.00418302488614001,0.013));
#2191=CARTESIAN_POINT('',(0.00204144700844152,0.00360508779198994,0.01));
#2192=CARTESIAN_POINT('',(0.00204144700844152,0.00360508779198994,0.013));
#2193=CARTESIAN_POINT('',(0.00188212069020717,0.00326907442540945,0.01));
#2194=CARTESIAN_POINT('',(0.00188212069020717,0.00326907442540945,0.013));
#2195=CARTESIAN_POINT('',(0.00171872525541692,0.00296031004199974,0.01));
#2196=CARTESIAN_POINT('',(0.00171872525541692,0.00296031004199974,0.013));
#2197=CARTESIAN_POINT('',(0.00163734526343605,0.00281490430398411,0.01));
#2198=CARTESIAN_POINT('',(0.00163734526343605,0.00281490430398411,0.013));
#2199=CARTESIAN_POINT('',(0.00147558149653743,0.00253541885777997,0.01));
#2200=CARTESIAN_POINT('',(0.00147558149653743,0.00253541885777997,0.013));
#2201=CARTESIAN_POINT('',(0.00113961535380003,0.00201095457435576,0.01));
#2202=CARTESIAN_POINT('',(0.00113961535380003,0.00201095457435576,0.013));
#2203=CARTESIAN_POINT('',(0.000594266533917665,0.00129396850108041,0.01));
#2204=CARTESIAN_POINT('',(0.000594266533917665,0.00129396850108041,0.013));
#2205=CARTESIAN_POINT('',(-0.000147820180607895,0.000511636640677341,0.01));
#2206=CARTESIAN_POINT('',(-0.000147820180607895,0.000511636640677341,0.013));
#2207=CARTESIAN_POINT('',(-0.000829476193938777,-7.22199908257754E-5,0.01));
#2208=CARTESIAN_POINT('',(-0.000829476193938777,-7.22199908257754E-5,0.013));
#2209=CARTESIAN_POINT('',(-0.00134573890742213,-0.000447450016923278,0.01));
#2210=CARTESIAN_POINT('',(-0.00134573890742213,-0.000447450016923278,0.013));
#2211=CARTESIAN_POINT('',(-0.00163695842775784,-0.000643809566475686,0.01));
#2212=CARTESIAN_POINT('',(-0.00163695842775784,-0.000643809566475686,0.013));
#2213=CARTESIAN_POINT('',(-0.00205482866441578,-0.000907743639082169,0.01));
#2214=CARTESIAN_POINT('',(-0.00205482866441578,-0.000907743639082169,0.013));
#2215=CARTESIAN_POINT('',(-0.00254825775223763,-0.00118535568188277,0.01));
#2216=CARTESIAN_POINT('',(-0.00254825775223763,-0.00118535568188277,0.013));
#2217=CARTESIAN_POINT('',(-0.00338428314596794,-0.00159199393096117,0.01));
#2218=CARTESIAN_POINT('',(-0.00338428314596794,-0.00159199393096117,0.013));
#2219=CARTESIAN_POINT('',(-0.00446207400487143,-0.00199500450344661,0.01));
#2220=CARTESIAN_POINT('',(-0.00446207400487143,-0.00199500450344661,0.013));
#2221=CARTESIAN_POINT('',(-0.00558338738968756,-0.00226490582837434,0.01));
#2222=CARTESIAN_POINT('',(-0.00558338738968756,-0.00226490582837434,0.013));
#2223=CARTESIAN_POINT('',(-0.00650252966501386,-0.00239845389068686,0.01));
#2224=CARTESIAN_POINT('',(-0.00650252966501386,-0.00239845389068686,0.013));
#2225=CARTESIAN_POINT('',(-0.00701737341811992,-0.00244252299085741,0.01));
#2226=CARTESIAN_POINT('',(-0.00701737341811992,-0.00244252299085741,0.013));
#2227=CARTESIAN_POINT('',(-0.00737523831868795,-0.00245913905736777,0.01));
#2228=CARTESIAN_POINT('',(-0.00737523831868795,-0.00245913905736777,0.013));
#2229=CARTESIAN_POINT('',(-0.00753168080327059,-0.00246445094951738,0.01));
#2230=CARTESIAN_POINT('',(-0.00753168080327059,-0.00246445094951738,0.013));
#2231=CARTESIAN_POINT('',(-0.00777726533103274,-0.00246870274919951,0.01));
#2232=CARTESIAN_POINT('',(-0.00777726533103274,-0.00246870274919951,0.013));
#2233=CARTESIAN_POINT('',(-0.00812131185432211,-0.0024667700132875,0.01));
#2234=CARTESIAN_POINT('',(-0.00812131185432211,-0.0024667700132875,0.013));
#2235=CARTESIAN_POINT('',(-0.00854433414284571,-0.00245082190515387,0.01));
#2236=CARTESIAN_POINT('',(-0.00854433414284571,-0.00245082190515387,0.013));
#2237=CARTESIAN_POINT('',(-0.00955895549061283,-0.00236900572656343,0.01));
#2238=CARTESIAN_POINT('',(-0.00955895549061283,-0.00236900572656343,0.013));
#2239=CARTESIAN_POINT('',(-0.011052091802067,-0.00208437674631718,0.01));
#2240=CARTESIAN_POINT('',(-0.011052091802067,-0.00208437674631718,0.013));
#2241=CARTESIAN_POINT('',(-0.0129355040762483,-0.00136463883292428,0.01));
#2242=CARTESIAN_POINT('',(-0.0129355040762483,-0.00136463883292428,0.013));
#2243=CARTESIAN_POINT('',(-0.0143672906905827,-0.000490515066408662,0.01));
#2244=CARTESIAN_POINT('',(-0.0143672906905827,-0.000490515066408662,0.013));
#2245=CARTESIAN_POINT('',(-0.01528043694226,0.000269593910947959,0.01));
#2246=CARTESIAN_POINT('',(-0.01528043694226,0.000269593910947959,0.013));
#2247=CARTESIAN_POINT('',(-0.0157041547483992,0.000677323850080361,0.01));
#2248=CARTESIAN_POINT('',(-0.0157041547483992,0.000677323850080361,0.013));
#2249=CARTESIAN_POINT('',(-0.015948794393967,0.000932616238374998,0.01));
#2250=CARTESIAN_POINT('',(-0.015948794393967,0.000932616238374998,0.013));
#2251=CARTESIAN_POINT('',(-0.0160801694455618,0.00107551970404666,0.01));
#2252=CARTESIAN_POINT('',(-0.0160801694455618,0.00107551970404666,0.013));
#2253=CARTESIAN_POINT('',(-0.0162771588979064,0.00129842490111377,0.01));
#2254=CARTESIAN_POINT('',(-0.0162771588979064,0.00129842490111377,0.013));
#2255=CARTESIAN_POINT('',(-0.016559759763587,0.00164306918138376,0.01));
#2256=CARTESIAN_POINT('',(-0.016559759763587,0.00164306918138376,0.013));
#2257=CARTESIAN_POINT('',(-0.0168978775483088,0.00209943563767308,0.01));
#2258=CARTESIAN_POINT('',(-0.0168978775483088,0.00209943563767308,0.013));
#2259=CARTESIAN_POINT('',(-0.0172614898842944,0.00267020560807217,0.01));
#2260=CARTESIAN_POINT('',(-0.0172614898842944,0.00267020560807217,0.013));
#2261=CARTESIAN_POINT('',(-0.0175837402212048,0.00326574074797144,0.01));
#2262=CARTESIAN_POINT('',(-0.0175837402212048,0.00326574074797144,0.013));
#2263=CARTESIAN_POINT('',(-0.0178603942576957,0.00388258144778233,0.01));
#2264=CARTESIAN_POINT('',(-0.0178603942576957,0.00388258144778233,0.013));
#2265=CARTESIAN_POINT('',(-0.0180885401877423,0.00451824382954433,0.01));
#2266=CARTESIAN_POINT('',(-0.0180885401877423,0.00451824382954433,0.013));
#2267=CARTESIAN_POINT('',(-0.0182649775319917,0.00517143564502158,0.01));
#2268=CARTESIAN_POINT('',(-0.0182649775319917,0.00517143564502158,0.013));
#2269=CARTESIAN_POINT('',(-0.0183661112629019,0.00572450793704656,0.01));
#2270=CARTESIAN_POINT('',(-0.0183661112629019,0.00572450793704656,0.013));
#2271=CARTESIAN_POINT('',(-0.0184117550701559,0.00612270008271437,0.01));
#2272=CARTESIAN_POINT('',(-0.0184117550701559,0.00612270008271437,0.013));
#2273=CARTESIAN_POINT('',(-0.018427682066632,0.0063148338395808,0.01));
#2274=CARTESIAN_POINT('',(-0.018427682066632,0.0063148338395808,0.013));
#2275=CARTESIAN_POINT('',(-0.0184354833386727,0.00643797977519976,0.01));
#2276=CARTESIAN_POINT('',(-0.0184354833386727,0.00643797977519976,0.013));
#2277=CARTESIAN_POINT('',(-0.0184348977147655,0.00643056909938745,0.01));
#2278=CARTESIAN_POINT('',(-0.0184348977147655,0.00643056909938745,0.013));
#2279=CARTESIAN_POINT('',(-0.0184367987767795,0.00646592856917157,0.01));
#2280=CARTESIAN_POINT('',(-0.0184367987767795,0.00646592856917157,0.013));
#2281=CARTESIAN_POINT('',(-0.0184378407978614,0.00649739911707235,0.01));
#2282=CARTESIAN_POINT('',(-0.0184378407978614,0.00649739911707235,0.013));
#2283=CARTESIAN_POINT('',(-0.0184389334683628,0.00654509704698842,0.01));
#2284=CARTESIAN_POINT('',(-0.0184389334683628,0.00654509704698842,0.013));
#2285=CARTESIAN_POINT('',(-0.0184388893394713,0.00659842479938702,0.01));
#2286=CARTESIAN_POINT('',(-0.0184388893394713,0.00659842479938702,0.013));
#2287=CARTESIAN_POINT('',(-0.0184375248684074,0.00667060957985596,0.01));
#2288=CARTESIAN_POINT('',(-0.0184375248684074,0.00667060957985596,0.013));
#2289=CARTESIAN_POINT('',(-0.0184317482185786,0.00679614361385507,0.01));
#2290=CARTESIAN_POINT('',(-0.0184317482185786,0.00679614361385507,0.013));
#2291=CARTESIAN_POINT('',(-0.0184155941646335,0.00697710656090365,0.01));
#2292=CARTESIAN_POINT('',(-0.0184155941646335,0.00697710656090365,0.013));
#2293=CARTESIAN_POINT('',(-0.0183888156029536,0.00720221513478757,0.01));
#2294=CARTESIAN_POINT('',(-0.0183888156029536,0.00720221513478757,0.013));
#2295=CARTESIAN_POINT('',(-0.0183695675206715,0.00736169169592248,0.01));
#2296=CARTESIAN_POINT('',(-0.0183695675206715,0.00736169169592248,0.013));
#2297=CARTESIAN_POINT('',(-0.0183604754743036,0.00744476817983991,0.01));
#2298=CARTESIAN_POINT('',(-0.0183604754743036,0.00744476817983991,0.013));
#2299=CARTESIAN_POINT('',(-0.000871290649823676,0.014644102791438,-0.012));
#2300=CARTESIAN_POINT('',(-0.000871290649823676,0.0146441027913038,0.0110690349936485));
#2301=CARTESIAN_POINT('',(-0.000871290649823676,0.014644102791438,0.013));
#2302=CARTESIAN_POINT('',(-0.000871290649823676,0.014644102791438,0.0110690349936485));
#2303=CARTESIAN_POINT('',(0.000361152980003232,0.0136978709986608,0.0110690349936485));
#2304=CARTESIAN_POINT('',(0.00134228913209016,0.0124635143478594,0.0110690349936485));
#2305=CARTESIAN_POINT('',(0.00199080902805376,0.0110652509431667,0.0110690349936485));
#2306=CARTESIAN_POINT('',(0.00319890661539197,0.00846049100259035,0.0110690349936485));
#2307=CARTESIAN_POINT('',(0.00308991604191565,0.00546830191296388,0.0110690349936485));
#2308=CARTESIAN_POINT('',(0.00171289830779757,0.00295121101687675,0.0110690349936485));
#2309=CARTESIAN_POINT('',(0.000923093513055728,0.00150750378691591,0.0110690349936485));
#2310=CARTESIAN_POINT('',(-0.000229583279890698,0.000283751788841918,0.0110690349936485));
#2311=CARTESIAN_POINT('',(-0.00161096332688902,-0.000624878678374487,0.0110690349936485));
#2312=CARTESIAN_POINT('',(-0.00339334516900399,-0.00179727612937133,0.0110690349936485));
#2313=CARTESIAN_POINT('',(-0.00545953895245905,-0.00242164934995391,0.0110690349936485));
#2314=CARTESIAN_POINT('',(-0.00759661238915354,-0.00246540611513034,0.0110690349936485));
#2315=CARTESIAN_POINT('',(-0.0107165828203164,-0.00252928778207248,0.0110690349936485));
#2316=CARTESIAN_POINT('',(-0.0137696871153678,-0.00137206604832653,0.0110690349936485));
#2317=CARTESIAN_POINT('',(-0.0159180620306851,0.000900989636292778,0.0110690349936485));
#2318=CARTESIAN_POINT('',(-0.0173341310891618,0.0023992401512447,0.0110690349936485));
#2319=CARTESIAN_POINT('',(-0.0183079173958928,0.0043427448162268,0.0110690349936485));
#2320=CARTESIAN_POINT('',(-0.0184343162322679,0.00641969557861113,0.0110690349936485));
#2321=CARTESIAN_POINT('',(-0.0184547245994768,0.0067550402308979,0.0110690349936485));
#2322=CARTESIAN_POINT('',(-0.0184020391148428,0.00706498996764594,0.0110690349936485));
#2323=CARTESIAN_POINT('',(-0.0183604754743036,0.00744476817983991,0.0110690349936485));
#2324=CARTESIAN_POINT('',(0.00275981572212734,0.00619459195435047,0.0110690349936485));
#2325=CARTESIAN_POINT('',(0.00275981572212734,0.00619459195434487,0.0115));
#2326=CARTESIAN_POINT('',(-0.0183604754743036,0.00744476817983991,-0.012));
#2327=CARTESIAN_POINT('',(-0.0183604754743036,0.00744476817983991,0.013));
#2328=CARTESIAN_POINT('',(-0.000871290649823676,0.014644102791438,0.013));
#2329=CARTESIAN_POINT('',(0.000361152980003232,0.0136978709986608,0.013));
#2330=CARTESIAN_POINT('',(0.00134228913209016,0.0124635143478594,0.013));
#2331=CARTESIAN_POINT('',(0.00199080902805376,0.0110652509431667,0.013));
#2332=CARTESIAN_POINT('',(0.00319890661539197,0.00846049100259035,0.013));
#2333=CARTESIAN_POINT('',(0.00308991604191565,0.00546830191296388,0.013));
#2334=CARTESIAN_POINT('',(0.00171289830779757,0.00295121101687675,0.013));
#2335=CARTESIAN_POINT('',(0.000923093513055728,0.00150750378691591,0.013));
#2336=CARTESIAN_POINT('',(-0.000229583279890698,0.000283751788841918,0.013));
#2337=CARTESIAN_POINT('',(-0.00161096332688902,-0.000624878678374487,0.013));
#2338=CARTESIAN_POINT('',(-0.00339334516900399,-0.00179727612937133,0.013));
#2339=CARTESIAN_POINT('',(-0.00545953895245905,-0.00242164934995391,0.013));
#2340=CARTESIAN_POINT('',(-0.00759661238915354,-0.00246540611513034,0.013));
#2341=CARTESIAN_POINT('',(-0.0107165828203164,-0.00252928778207248,0.013));
#2342=CARTESIAN_POINT('',(-0.0137696871153678,-0.00137206604832653,0.013));
#2343=CARTESIAN_POINT('',(-0.0159180620306851,0.000900989636292778,0.013));
#2344=CARTESIAN_POINT('',(-0.0173341310891618,0.0023992401512447,0.013));
#2345=CARTESIAN_POINT('',(-0.0183079173958928,0.0043427448162268,0.013));
#2346=CARTESIAN_POINT('',(-0.0184343162322679,0.00641969557861113,0.013));
#2347=CARTESIAN_POINT('',(-0.0184547245994768,0.0067550402308979,0.013));
#2348=CARTESIAN_POINT('',(-0.0184020391148428,0.00706498996764594,0.013));
#2349=CARTESIAN_POINT('',(-0.0183604754743036,0.00744476817983991,0.013));
#2350=CARTESIAN_POINT('',(-0.00574732542521989,0.018387770262762,-0.012));
#2351=CARTESIAN_POINT('',(-0.0081006662249288,0.0201945919543505,-0.012));
#2352=CARTESIAN_POINT('',(-0.0081006662249288,0.0201945919543505,0.0110690349936485));
#2353=CARTESIAN_POINT('',(-0.00574732542521989,0.018387770262762,0.0110690349936485));
#2354=CARTESIAN_POINT('',(-0.00574732542521989,0.018387770262762,0.013));
#2355=CARTESIAN_POINT('',(-0.0106233602006966,0.0221314377340564,0.013));
#2356=CARTESIAN_POINT('',(-0.0106233602006966,0.0221314377340564,-0.012));
#2357=CARTESIAN_POINT('',(-0.0110640531884175,0.0186368994329468,-0.012));
#2358=CARTESIAN_POINT('',(-0.00906081994028562,0.0170037178912289,-0.012));
#2359=CARTESIAN_POINT('',(-0.00906081994028562,0.0170037178914549,0.0110690349936485));
#2360=CARTESIAN_POINT('',(-0.00906081994028562,0.0170037178912289,0.013));
#2361=CARTESIAN_POINT('',(-0.0110640531884175,0.0186368994329468,0.0110690349936485));
#2362=CARTESIAN_POINT('',(-0.0129746928628891,0.0201945919543505,0.0110690349936485));
#2363=CARTESIAN_POINT('',(-0.0129746928628891,0.0201945919543505,-0.012));
#2364=CARTESIAN_POINT('',(-0.0130672864365256,0.020270080974595,-0.012));
#2365=CARTESIAN_POINT('',(-0.0130672864365256,0.020270080974595,0.013));
#2366=CARTESIAN_POINT('',(-0.0110640531884175,0.0186368994329468,0.013));
#2367=CARTESIAN_POINT('',(-0.0151378664111319,0.016995471473208,-0.012));
#2368=CARTESIAN_POINT('',(-0.015,0.0169956585548922,-0.012));
#2369=CARTESIAN_POINT('',(-0.015,0.0169956585548922,0.0110690349936485));
#2370=CARTESIAN_POINT('',(-0.0151378664111319,0.016995471473208,0.0110690349936485));
#2371=CARTESIAN_POINT('',(-0.0151378664111319,0.016995471473208,0.013));
#2372=CARTESIAN_POINT('',(-0.0212149130366707,0.016987165431357,0.01299999975));
#2373=CARTESIAN_POINT('',(-0.0212149128819595,0.0169872250552302,-0.012));
#2374=CARTESIAN_POINT('',(-0.0395125,0.0192625,0.013));
#2375=CARTESIAN_POINT('',(0.00519387599229813,-0.005,0.013));
#2376=CARTESIAN_POINT('',(0.00664387599229813,-0.005,0.013));
#2377=CARTESIAN_POINT('',(-0.0838311240077019,-0.005,0.013));
#2378=CARTESIAN_POINT('',(-0.0823811240077019,-0.005,0.013));
#2379=CARTESIAN_POINT('',(0.00519387599229813,0.043525,0.013));
#2380=CARTESIAN_POINT('',(0.00688906113173204,0.043525,0.013));
#2381=CARTESIAN_POINT('',(-0.0838311240077019,0.043525,0.013));
#2382=CARTESIAN_POINT('',(-0.082135938868268,0.043525,0.013));
#2383=CARTESIAN_POINT('',(0.01,0.0192625,0.013));
#2384=CARTESIAN_POINT('',(0.01,0.046525,0.013));
#2385=CARTESIAN_POINT('',(0.01,-0.008,0.013));
#2386=CARTESIAN_POINT('',(-0.0395125,0.046525,0.013));
#2387=CARTESIAN_POINT('',(-0.089025,0.046525,0.013));
#2388=CARTESIAN_POINT('',(-0.089025,0.0192625,0.013));
#2389=CARTESIAN_POINT('',(-0.089025,-0.008,0.013));
#2390=CARTESIAN_POINT('',(0.01,-0.008,0.013));
#2391=CARTESIAN_POINT('',(-0.076,0.035075,0.013));
#2392=CARTESIAN_POINT('',(-0.076,0.035575,0.013));
#2393=CARTESIAN_POINT('',(-0.0765,0.035075,0.013));
#2394=CARTESIAN_POINT('',(-0.0695,0.035575,0.013));
#2395=CARTESIAN_POINT('',(-0.063,0.035575,0.013));
#2396=CARTESIAN_POINT('',(-0.063,0.035075,0.013));
#2397=CARTESIAN_POINT('',(-0.0625,0.035075,0.013));
#2398=CARTESIAN_POINT('',(-0.0625,0.028575,0.013));
#2399=CARTESIAN_POINT('',(-0.0625,0.022075,0.013));
#2400=CARTESIAN_POINT('',(-0.063,0.022075,0.013));
#2401=CARTESIAN_POINT('',(-0.063,0.021575,0.013));
#2402=CARTESIAN_POINT('',(-0.0695,0.021575,0.013));
#2403=CARTESIAN_POINT('',(-0.076,0.021575,0.013));
#2404=CARTESIAN_POINT('',(-0.076,0.022075,0.013));
#2405=CARTESIAN_POINT('',(-0.0765,0.022075,0.013));
#2406=CARTESIAN_POINT('',(-0.0765,0.028575,0.013));
#2407=CARTESIAN_POINT('',(-0.05695,0.035075,0.013));
#2408=CARTESIAN_POINT('',(-0.05695,0.035575,0.013));
#2409=CARTESIAN_POINT('',(-0.05745,0.035075,0.013));
#2410=CARTESIAN_POINT('',(-0.05045,0.035575,0.013));
#2411=CARTESIAN_POINT('',(-0.04395,0.035575,0.013));
#2412=CARTESIAN_POINT('',(-0.04395,0.035075,0.013));
#2413=CARTESIAN_POINT('',(-0.04345,0.035075,0.013));
#2414=CARTESIAN_POINT('',(-0.04345,0.028575,0.013));
#2415=CARTESIAN_POINT('',(-0.04345,0.022075,0.013));
#2416=CARTESIAN_POINT('',(-0.04395,0.022075,0.013));
#2417=CARTESIAN_POINT('',(-0.04395,0.021575,0.013));
#2418=CARTESIAN_POINT('',(-0.05045,0.021575,0.013));
#2419=CARTESIAN_POINT('',(-0.05695,0.021575,0.013));
#2420=CARTESIAN_POINT('',(-0.05695,0.022075,0.013));
#2421=CARTESIAN_POINT('',(-0.05745,0.022075,0.013));
#2422=CARTESIAN_POINT('',(-0.05745,0.028575,0.013));
#2423=CARTESIAN_POINT('',(-0.076,0.016025,0.013));
#2424=CARTESIAN_POINT('',(-0.076,0.016525,0.013));
#2425=CARTESIAN_POINT('',(-0.0765,0.016025,0.013));
#2426=CARTESIAN_POINT('',(-0.0695,0.016525,0.013));
#2427=CARTESIAN_POINT('',(-0.063,0.016525,0.013));
#2428=CARTESIAN_POINT('',(-0.063,0.016025,0.013));
#2429=CARTESIAN_POINT('',(-0.0625,0.016025,0.013));
#2430=CARTESIAN_POINT('',(-0.0625,0.009525,0.013));
#2431=CARTESIAN_POINT('',(-0.0625,0.003025,0.013));
#2432=CARTESIAN_POINT('',(-0.063,0.003025,0.013));
#2433=CARTESIAN_POINT('',(-0.063,0.002525,0.013));
#2434=CARTESIAN_POINT('',(-0.0695,0.002525,0.013));
#2435=CARTESIAN_POINT('',(-0.076,0.002525,0.013));
#2436=CARTESIAN_POINT('',(-0.076,0.003025,0.013));
#2437=CARTESIAN_POINT('',(-0.0765,0.003025,0.013));
#2438=CARTESIAN_POINT('',(-0.0765,0.009525,0.013));
#2439=CARTESIAN_POINT('',(-0.05695,0.016025,0.013));
#2440=CARTESIAN_POINT('',(-0.05695,0.016525,0.013));
#2441=CARTESIAN_POINT('',(-0.05745,0.016025,0.013));
#2442=CARTESIAN_POINT('',(-0.05045,0.016525,0.013));
#2443=CARTESIAN_POINT('',(-0.04395,0.016525,0.013));
#2444=CARTESIAN_POINT('',(-0.04395,0.016025,0.013));
#2445=CARTESIAN_POINT('',(-0.04345,0.016025,0.013));
#2446=CARTESIAN_POINT('',(-0.04345,0.009525,0.013));
#2447=CARTESIAN_POINT('',(-0.04345,0.003025,0.013));
#2448=CARTESIAN_POINT('',(-0.04395,0.003025,0.013));
#2449=CARTESIAN_POINT('',(-0.04395,0.002525,0.013));
#2450=CARTESIAN_POINT('',(-0.05045,0.002525,0.013));
#2451=CARTESIAN_POINT('',(-0.05695,0.002525,0.013));
#2452=CARTESIAN_POINT('',(-0.05695,0.003025,0.013));
#2453=CARTESIAN_POINT('',(-0.05745,0.003025,0.013));
#2454=CARTESIAN_POINT('',(-0.05745,0.009525,0.013));
#2455=CARTESIAN_POINT('',(-0.036925,0.032215,0.013));
#2456=CARTESIAN_POINT('',(-0.036925,0.038215,0.013));
#2457=CARTESIAN_POINT('',(-0.036925,0.026215,0.013));
#2458=CARTESIAN_POINT('',(-0.020425,0.038215,0.013));
#2459=CARTESIAN_POINT('',(-0.003925,0.038215,0.013));
#2460=CARTESIAN_POINT('',(-0.003925,0.032215,0.013));
#2461=CARTESIAN_POINT('',(-0.003925,0.026215,0.013));
#2462=CARTESIAN_POINT('',(-0.020425,0.026215,0.013));
#2463=CARTESIAN_POINT('',(-0.037726,0.0159745,0.013));
#2464=CARTESIAN_POINT('',(-0.037726,0.021875,0.013));
#2465=CARTESIAN_POINT('',(-0.037726,0.010074,0.013));
#2466=CARTESIAN_POINT('',(-0.0316255,0.021875,0.013));
#2467=CARTESIAN_POINT('',(-0.025525,0.021875,0.013));
#2468=CARTESIAN_POINT('',(-0.025525,0.0159745,0.013));
#2469=CARTESIAN_POINT('',(-0.025525,0.010074,0.013));
#2470=CARTESIAN_POINT('',(-0.0316255,0.010074,0.013));
#2471=CARTESIAN_POINT('',(-0.0214035387244608,0.00495563218184964,0.013));
#2472=CARTESIAN_POINT('',(-0.0244466019747285,0.00246649618387849,0.013));
#2473=CARTESIAN_POINT('',(-0.0244466019747285,0.00246649618387849,0.013));
#2474=CARTESIAN_POINT('',(-0.0249996310593813,0.00201413470159795,0.013));
#2475=CARTESIAN_POINT('',(-0.0257135851191546,0.00183036677200763,0.013));
#2476=CARTESIAN_POINT('',(-0.0263765310591852,0.00191703691735763,0.013));
#2477=CARTESIAN_POINT('',(-0.0273369637614198,0.00204259895322691,0.013));
#2478=CARTESIAN_POINT('',(-0.0279400686807139,0.00285363054873848,0.013));
#2479=CARTESIAN_POINT('',(-0.0278073263260574,0.00380759688294382,0.013));
#2480=CARTESIAN_POINT('',(-0.0278073263260574,0.00380759688294382,0.013));
#2481=CARTESIAN_POINT('',(-0.0278073263260574,0.00380759688294382,0.013));
#2482=CARTESIAN_POINT('',(-0.0276891026715214,0.00438397037273116,0.013));
#2483=CARTESIAN_POINT('',(-0.0274140379896291,0.00497675559334072,0.013));
#2484=CARTESIAN_POINT('',(-0.0269174430276828,0.00535685645093925,0.013));
#2485=CARTESIAN_POINT('',(-0.0269174430276828,0.00535685645093925,0.013));
#2486=CARTESIAN_POINT('',(-0.0213089050455453,0.0096497113131079,0.013));
#2487=CARTESIAN_POINT('',(-0.015700367063172,0.0139425661753167,0.013));
#2488=CARTESIAN_POINT('',(-0.0188006780408313,0.0139383906615737,0.013));
#2489=CARTESIAN_POINT('',(-0.0219009890184719,0.0139342151478632,0.013));
#2490=CARTESIAN_POINT('',(-0.0219009890184719,0.0139342151478632,0.013));
#2491=CARTESIAN_POINT('',(-0.0222763219828105,0.0139337096476228,0.013));
#2492=CARTESIAN_POINT('',(-0.0226032358484915,0.0140445384505533,0.013));
#2493=CARTESIAN_POINT('',(-0.0228985854176529,0.0142315458239336,0.013));
#2494=CARTESIAN_POINT('',(-0.0228985854176529,0.0142315458239336,0.013));
#2495=CARTESIAN_POINT('',(-0.0228985854176529,0.0142315458239336,0.013));
#2496=CARTESIAN_POINT('',(-0.0233437304131698,0.0145380378527857,0.013));
#2497=CARTESIAN_POINT('',(-0.0235291727620382,0.0150566900689509,0.013));
#2498=CARTESIAN_POINT('',(-0.0233727143115189,0.0155739440592682,0.013));
#2499=CARTESIAN_POINT('',(-0.0232891079841316,0.0158503478349246,0.013));
#2500=CARTESIAN_POINT('',(-0.0231360685657781,0.0160814776098151,0.013));
#2501=CARTESIAN_POINT('',(-0.0229361561263884,0.0162931632494992,0.013));
#2502=CARTESIAN_POINT('',(-0.0229361561263884,0.0162931632494992,0.013));
#2503=CARTESIAN_POINT('',(-0.0212213040095336,0.0145241594109642,0.013));
#2504=CARTESIAN_POINT('',(-0.0130672864365256,0.020270080974595,0.013));
#2505=CARTESIAN_POINT('',(-0.0135260255179285,0.0206440784613576,0.013));
#2506=CARTESIAN_POINT('',(-0.0135900208881589,0.0212555510417233,0.013));
#2507=CARTESIAN_POINT('',(-0.013240982533983,0.0217201482231545,0.013));
#2508=CARTESIAN_POINT('',(-0.013240982533983,0.0217201482231545,0.013));
#2509=CARTESIAN_POINT('',(-0.013240982533983,0.0217201482231545,0.013));
#2510=CARTESIAN_POINT('',(-0.0127098444916854,0.0224812407092952,0.013));
#2511=CARTESIAN_POINT('',(-0.0112622373847696,0.0226219477165167,0.013));
#2512=CARTESIAN_POINT('',(-0.0106233602006966,0.0221314377340564,0.013));
#2513=CARTESIAN_POINT('',(-0.037726,0.0159745,0.013));
#2514=CARTESIAN_POINT('',(-0.037726,0.021875,0.013));
#2515=CARTESIAN_POINT('',(-0.037726,0.010074,0.013));
#2516=CARTESIAN_POINT('',(-0.0316255,0.021875,0.013));
#2517=CARTESIAN_POINT('',(-0.025525,0.021875,0.013));
#2518=CARTESIAN_POINT('',(-0.025525,0.0159745,0.013));
#2519=CARTESIAN_POINT('',(-0.025525,0.010074,0.013));
#2520=CARTESIAN_POINT('',(-0.036925,0.032215,0.013));
#2521=CARTESIAN_POINT('',(-0.036925,0.038215,0.013));
#2522=CARTESIAN_POINT('',(-0.036925,0.026215,0.013));
#2523=CARTESIAN_POINT('',(-0.020425,0.038215,0.013));
#2524=CARTESIAN_POINT('',(-0.003925,0.038215,0.013));
#2525=CARTESIAN_POINT('',(-0.003925,0.032215,0.013));
#2526=CARTESIAN_POINT('',(-0.003925,0.026215,0.013));
#2527=CARTESIAN_POINT('',(-0.05695,0.016025,0.013));
#2528=CARTESIAN_POINT('',(-0.05695,0.016525,0.013));
#2529=CARTESIAN_POINT('',(-0.05745,0.016025,0.013));
#2530=CARTESIAN_POINT('',(-0.05045,0.016525,0.013));
#2531=CARTESIAN_POINT('',(-0.04395,0.016525,0.013));
#2532=CARTESIAN_POINT('',(-0.04395,0.016025,0.013));
#2533=CARTESIAN_POINT('',(-0.04345,0.016025,0.013));
#2534=CARTESIAN_POINT('',(-0.04345,0.009525,0.013));
#2535=CARTESIAN_POINT('',(-0.04345,0.003025,0.013));
#2536=CARTESIAN_POINT('',(-0.04395,0.003025,0.013));
#2537=CARTESIAN_POINT('',(-0.04395,0.002525,0.013));
#2538=CARTESIAN_POINT('',(-0.05045,0.002525,0.013));
#2539=CARTESIAN_POINT('',(-0.05695,0.002525,0.013));
#2540=CARTESIAN_POINT('',(-0.05695,0.003025,0.013));
#2541=CARTESIAN_POINT('',(-0.05745,0.003025,0.013));
#2542=CARTESIAN_POINT('',(-0.076,0.016025,0.013));
#2543=CARTESIAN_POINT('',(-0.076,0.016525,0.013));
#2544=CARTESIAN_POINT('',(-0.0765,0.016025,0.013));
#2545=CARTESIAN_POINT('',(-0.0695,0.016525,0.013));
#2546=CARTESIAN_POINT('',(-0.063,0.016525,0.013));
#2547=CARTESIAN_POINT('',(-0.063,0.016025,0.013));
#2548=CARTESIAN_POINT('',(-0.0625,0.016025,0.013));
#2549=CARTESIAN_POINT('',(-0.0625,0.009525,0.013));
#2550=CARTESIAN_POINT('',(-0.0625,0.003025,0.013));
#2551=CARTESIAN_POINT('',(-0.063,0.003025,0.013));
#2552=CARTESIAN_POINT('',(-0.063,0.002525,0.013));
#2553=CARTESIAN_POINT('',(-0.0695,0.002525,0.013));
#2554=CARTESIAN_POINT('',(-0.076,0.002525,0.013));
#2555=CARTESIAN_POINT('',(-0.076,0.003025,0.013));
#2556=CARTESIAN_POINT('',(-0.0765,0.003025,0.013));
#2557=CARTESIAN_POINT('',(-0.05695,0.035075,0.013));
#2558=CARTESIAN_POINT('',(-0.05695,0.035575,0.013));
#2559=CARTESIAN_POINT('',(-0.05745,0.035075,0.013));
#2560=CARTESIAN_POINT('',(-0.05045,0.035575,0.013));
#2561=CARTESIAN_POINT('',(-0.04395,0.035575,0.013));
#2562=CARTESIAN_POINT('',(-0.04395,0.035075,0.013));
#2563=CARTESIAN_POINT('',(-0.04345,0.035075,0.013));
#2564=CARTESIAN_POINT('',(-0.04345,0.028575,0.013));
#2565=CARTESIAN_POINT('',(-0.04345,0.022075,0.013));
#2566=CARTESIAN_POINT('',(-0.04395,0.022075,0.013));
#2567=CARTESIAN_POINT('',(-0.04395,0.021575,0.013));
#2568=CARTESIAN_POINT('',(-0.05045,0.021575,0.013));
#2569=CARTESIAN_POINT('',(-0.05695,0.021575,0.013));
#2570=CARTESIAN_POINT('',(-0.05695,0.022075,0.013));
#2571=CARTESIAN_POINT('',(-0.05745,0.022075,0.013));
#2572=CARTESIAN_POINT('',(-0.076,0.035075,0.013));
#2573=CARTESIAN_POINT('',(-0.076,0.035575,0.013));
#2574=CARTESIAN_POINT('',(-0.0765,0.035075,0.013));
#2575=CARTESIAN_POINT('',(-0.0695,0.035575,0.013));
#2576=CARTESIAN_POINT('',(-0.063,0.035575,0.013));
#2577=CARTESIAN_POINT('',(-0.063,0.035075,0.013));
#2578=CARTESIAN_POINT('',(-0.0625,0.035075,0.013));
#2579=CARTESIAN_POINT('',(-0.0625,0.028575,0.013));
#2580=CARTESIAN_POINT('',(-0.0625,0.022075,0.013));
#2581=CARTESIAN_POINT('',(-0.063,0.022075,0.013));
#2582=CARTESIAN_POINT('',(-0.063,0.021575,0.013));
#2583=CARTESIAN_POINT('',(-0.0695,0.021575,0.013));
#2584=CARTESIAN_POINT('',(-0.076,0.021575,0.013));
#2585=CARTESIAN_POINT('',(-0.076,0.022075,0.013));
#2586=CARTESIAN_POINT('',(-0.0765,0.022075,0.013));
#2587=CARTESIAN_POINT('',(-0.0395125,0.048525,0.013));
#2588=CARTESIAN_POINT('',(-0.089025,0.048525,0.013));
#2589=CARTESIAN_POINT('',(-0.089025,0.048525,0.011));
#2590=CARTESIAN_POINT('',(-0.0395125,0.048525,0.011));
#2591=CARTESIAN_POINT('',(0.01,0.048525,0.011));
#2592=CARTESIAN_POINT('',(0.01,0.048525,0.013));
#2593=CARTESIAN_POINT('',(-0.089025,0.0192625,0.013));
#2594=CARTESIAN_POINT('',(-0.089025,0.048525,0.011));
#2595=CARTESIAN_POINT('',(-0.089025,-0.01,0.013));
#2596=CARTESIAN_POINT('',(-0.089025,-0.01,0.011));
#2597=CARTESIAN_POINT('',(-0.089025,-0.008,0.013));
#2598=CARTESIAN_POINT('',(-0.0395125,-0.01,0.013));
#2599=CARTESIAN_POINT('',(0.01,-0.01,0.013));
#2600=CARTESIAN_POINT('',(0.01,-0.01,0.011));
#2601=CARTESIAN_POINT('',(-0.089025,-0.01,0.011));
#2602=CARTESIAN_POINT('',(-0.020425,0.026215,0.013));
#2603=CARTESIAN_POINT('',(-0.05745,0.009525,0.013));
#2604=CARTESIAN_POINT('',(-0.0765,0.009525,0.013));
#2605=CARTESIAN_POINT('',(-0.05745,0.028575,0.013));
#2606=CARTESIAN_POINT('',(-0.0765,0.028575,0.013));
#2607=CARTESIAN_POINT('',(0.01,0.0192625,0.013));
#2608=CARTESIAN_POINT('',(0.01,0.03289375,0.02663125));
#2609=CARTESIAN_POINT('',(0.01,0.00563125,0.02663125));
#2610=CARTESIAN_POINT('',(0.01,0.00619459195435047,0.00806903499364853));
#2611=CARTESIAN_POINT('',(0.01,0.00619459195435047,0.0110690349936485));
#2612=CARTESIAN_POINT('',(0.01,0.0131945919543505,0.0110690349936485));
#2613=CARTESIAN_POINT('',(0.01,0.0201945919543505,0.0110690349936485));
#2614=CARTESIAN_POINT('',(0.01,0.0201945919543505,0.00806903499364853));
#2615=CARTESIAN_POINT('',(-0.0838311240077019,0.043525,0.013));
#2616=CARTESIAN_POINT('',(0.00519387599229813,0.043525,0.013));
#2617=CARTESIAN_POINT('',(-0.0838311240077019,-0.005,0.013));
#2618=CARTESIAN_POINT('',(0.00519387599229813,-0.005,0.013));
#2619=CARTESIAN_POINT('',(-0.0316255,0.010074,0.013));
#2620=CARTESIAN_POINT('',(-0.0244466019747285,0.00246649618387849,0.01));
#2621=CARTESIAN_POINT('',(-0.0244466019747285,0.00246649618387849,0.013));
#2622=CARTESIAN_POINT('',(-0.0247231165170549,0.00224031544273822,0.01));
#2623=CARTESIAN_POINT('',(-0.0247231165170549,0.00224031544273822,0.013));
#2624=CARTESIAN_POINT('',(-0.0251970077910119,0.00200153581397449,0.01));
#2625=CARTESIAN_POINT('',(-0.0251970077910119,0.00200153581397449,0.013));
#2626=CARTESIAN_POINT('',(-0.0257902433303424,0.00190063818082563,0.01));
#2627=CARTESIAN_POINT('',(-0.0257902433303424,0.00190063818082563,0.013));
#2628=CARTESIAN_POINT('',(-0.026081815250944,0.00189347139719748,0.01));
#2629=CARTESIAN_POINT('',(-0.026081815250944,0.00189347139719748,0.013));
#2630=CARTESIAN_POINT('',(-0.0262558704032867,0.0019036597644675,0.01));
#2631=CARTESIAN_POINT('',(-0.0262558704032867,0.0019036597644675,0.013));
#2632=CARTESIAN_POINT('',(-0.0263612854608504,0.00191307251894939,0.01));
#2633=CARTESIAN_POINT('',(-0.0263612854608504,0.00191307251894939,0.013));
#2634=CARTESIAN_POINT('',(-0.0265581741084229,0.00194627166388071,0.01));
#2635=CARTESIAN_POINT('',(-0.0265581741084229,0.00194627166388071,0.013));
#2636=CARTESIAN_POINT('',(-0.0267739581891048,0.00200820540496937,0.01));
#2637=CARTESIAN_POINT('',(-0.0267739581891048,0.00200820540496937,0.013));
#2638=CARTESIAN_POINT('',(-0.0271346148058331,0.00216851107822146,0.01));
#2639=CARTESIAN_POINT('',(-0.0271346148058331,0.00216851107822146,0.013));
#2640=CARTESIAN_POINT('',(-0.0275354215637611,0.00252573052521089,0.01));
#2641=CARTESIAN_POINT('',(-0.0275354215637611,0.00252573052521089,0.013));
#2642=CARTESIAN_POINT('',(-0.0278150763244408,0.00311000243998105,0.01));
#2643=CARTESIAN_POINT('',(-0.0278150763244408,0.00311000243998105,0.013));
#2644=CARTESIAN_POINT('',(-0.0278405119147215,0.00356910529939249,0.01));
#2645=CARTESIAN_POINT('',(-0.0278405119147215,0.00356910529939249,0.013));
#2646=CARTESIAN_POINT('',(-0.0278073263260574,0.00380759688294382,0.01));
#2647=CARTESIAN_POINT('',(-0.0278073263260574,0.00380759688294382,0.013));
#2648=CARTESIAN_POINT('',(-0.0278073263260574,0.00380759688294382,-0.012));
#2649=CARTESIAN_POINT('',(-0.0244466019747285,0.00246649618387849,-0.012));
#2650=CARTESIAN_POINT('',(-0.0214035387244608,0.00495563218184964,-0.012));
#2651=CARTESIAN_POINT('',(-0.013240982533983,0.0217201482231545,0.01));
#2652=CARTESIAN_POINT('',(-0.013240982533983,0.0217201482231545,0.013));
#2653=CARTESIAN_POINT('',(-0.0127098444916854,0.0224812407092952,0.01));
#2654=CARTESIAN_POINT('',(-0.0127098444916854,0.0224812407092952,0.013));
#2655=CARTESIAN_POINT('',(-0.0112622373847696,0.0226219477165167,0.01));
#2656=CARTESIAN_POINT('',(-0.0112622373847696,0.0226219477165167,0.013));
#2657=CARTESIAN_POINT('',(-0.0106233602006966,0.0221314377340564,0.01));
#2658=CARTESIAN_POINT('',(-0.0106233602006966,0.0221314377340564,0.013));
#2659=CARTESIAN_POINT('',(-0.013240982533983,0.0217201482231545,-0.012));
#2660=CARTESIAN_POINT('',(-0.0130672864365256,0.020270080974595,0.01));
#2661=CARTESIAN_POINT('',(-0.0130672864365256,0.020270080974595,0.013));
#2662=CARTESIAN_POINT('',(-0.0135260255179285,0.0206440784613576,0.01));
#2663=CARTESIAN_POINT('',(-0.0135260255179285,0.0206440784613576,0.013));
#2664=CARTESIAN_POINT('',(-0.0135900208881589,0.0212555510417232,0.01));
#2665=CARTESIAN_POINT('',(-0.0135900208881589,0.0212555510417232,0.013));
#2666=CARTESIAN_POINT('',(-0.013240982533983,0.0217201482231545,0.01));
#2667=CARTESIAN_POINT('',(-0.013240982533983,0.0217201482231545,0.013));
#2668=CARTESIAN_POINT('',(-0.0212213040095336,0.0145241594109642,-0.012));
#2669=CARTESIAN_POINT('',(-0.0229361561263884,0.0162931632494992,-0.012));
#2670=CARTESIAN_POINT('',(-0.0228985854176529,0.0142315458239336,0.01));
#2671=CARTESIAN_POINT('',(-0.0228985854176529,0.0142315458239336,0.013));
#2672=CARTESIAN_POINT('',(-0.0231211579154114,0.0143847918383597,0.01));
#2673=CARTESIAN_POINT('',(-0.0231211579154114,0.0143847918383597,0.013));
#2674=CARTESIAN_POINT('',(-0.0233587481727872,0.0146912689770201,0.01));
#2675=CARTESIAN_POINT('',(-0.0233587481727872,0.0146912689770201,0.013));
#2676=CARTESIAN_POINT('',(-0.023434615664352,0.01512831374367,0.01));
#2677=CARTESIAN_POINT('',(-0.023434615664352,0.01512831374367,0.013));
#2678=CARTESIAN_POINT('',(-0.0234233151713558,0.0153730422274924,0.01));
#2679=CARTESIAN_POINT('',(-0.0234233151713558,0.0153730422274924,0.013));
#2680=CARTESIAN_POINT('',(-0.0233680698160301,0.0156002874894345,0.01));
#2681=CARTESIAN_POINT('',(-0.0233680698160301,0.0156002874894345,0.013));
#2682=CARTESIAN_POINT('',(-0.0233406914336371,0.0156694721703787,0.01));
#2683=CARTESIAN_POINT('',(-0.0233406914336371,0.0156694721703787,0.013));
#2684=CARTESIAN_POINT('',(-0.0232838660566524,0.0158101306910845,0.01));
#2685=CARTESIAN_POINT('',(-0.0232838660566524,0.0158101306910845,0.013));
#2686=CARTESIAN_POINT('',(-0.0231691118408717,0.0160183895810902,0.01));
#2687=CARTESIAN_POINT('',(-0.0231691118408717,0.0160183895810902,0.013));
#2688=CARTESIAN_POINT('',(-0.0230361123460832,0.0161873204296572,0.01));
#2689=CARTESIAN_POINT('',(-0.0230361123460832,0.0161873204296572,0.013));
#2690=CARTESIAN_POINT('',(-0.0229361561263884,0.0162931632494992,0.01));
#2691=CARTESIAN_POINT('',(-0.0229361561263884,0.0162931632494992,0.013));
#2692=CARTESIAN_POINT('',(-0.0228985854176529,0.0142315458239336,-0.012));
#2693=CARTESIAN_POINT('',(-0.0219009890184719,0.0139342151478632,0.01));
#2694=CARTESIAN_POINT('',(-0.0219009890184719,0.0139342151478632,0.013));
#2695=CARTESIAN_POINT('',(-0.0222763219828105,0.0139337096476228,0.01));
#2696=CARTESIAN_POINT('',(-0.0222763219828105,0.0139337096476228,0.013));
#2697=CARTESIAN_POINT('',(-0.0226032358484914,0.0140445384505533,0.01));
#2698=CARTESIAN_POINT('',(-0.0226032358484914,0.0140445384505533,0.013));
#2699=CARTESIAN_POINT('',(-0.0228985854176529,0.0142315458239336,0.01));
#2700=CARTESIAN_POINT('',(-0.0228985854176529,0.0142315458239336,0.013));
#2701=CARTESIAN_POINT('',(-0.0219009890184719,0.0139342151478632,-0.012));
#2702=CARTESIAN_POINT('',(-0.0188006780408313,0.0139383906615737,-0.012));
#2703=CARTESIAN_POINT('',(-0.015700367063172,0.0139425661753167,-0.012));
#2704=CARTESIAN_POINT('',(-0.0213089050455453,0.0096497113131079,-0.012));
#2705=CARTESIAN_POINT('',(-0.0269174430276828,0.00535685645093925,-0.012));
#2706=CARTESIAN_POINT('',(-0.0278073263260574,0.00380759688294382,0.01));
#2707=CARTESIAN_POINT('',(-0.0278073263260574,0.00380759688294382,0.013));
#2708=CARTESIAN_POINT('',(-0.0276891026715213,0.00438397037273116,0.01));
#2709=CARTESIAN_POINT('',(-0.0276891026715213,0.00438397037273116,0.013));
#2710=CARTESIAN_POINT('',(-0.0274140379896291,0.00497675559334072,0.01));
#2711=CARTESIAN_POINT('',(-0.0274140379896291,0.00497675559334072,0.013));
#2712=CARTESIAN_POINT('',(-0.0269174430276828,0.00535685645093925,0.01));
#2713=CARTESIAN_POINT('',(-0.0269174430276828,0.00535685645093925,0.013));
#2714=CARTESIAN_POINT('',(-0.015,0.0192625,0.00403451749682427));
#2715=CARTESIAN_POINT('',(-0.015,0.0201945919543505,0.00806903499364853));
#2716=CARTESIAN_POINT('',(-0.015,0.0201945919543505,0.0110690349936485));
#2717=CARTESIAN_POINT('',(-0.015,0.0131945919543505,0.0110690349936485));
#2718=CARTESIAN_POINT('',(-0.015,0.0131945919543505,0.0110690349936485));
#2719=CARTESIAN_POINT('',(-0.015,0.0201945919543505,0.0110690349936485));
#2720=CARTESIAN_POINT('',(-0.015,0.0201945919543505,0.00806903499364853));
#2721=CARTESIAN_POINT('',(-0.015,0.00619459195435047,0.00806903499364853));
#2722=CARTESIAN_POINT('',(-0.015,0.00619459195435047,0.0110690349936485));
#2723=CARTESIAN_POINT('',(-0.015,0.0201945919543505,0.00806903499364853));
#2724=CARTESIAN_POINT('',(-0.015,0.0201945919543505,0.0110690349936485));
#2725=CARTESIAN_POINT('',(-0.015,0.0131945919543505,0.0110690349936485));
#2726=CARTESIAN_POINT('',(-0.0395125,0.048525,0.011));
#2727=CARTESIAN_POINT('',(-0.0395125,-0.008,0.013));
#2728=MECHANICAL_DESIGN_GEOMETRIC_PRESENTATION_REPRESENTATION('',(#1481),
#2729);
#2729=(
GEOMETRIC_REPRESENTATION_CONTEXT(3)
GLOBAL_UNCERTAINTY_ASSIGNED_CONTEXT((#2730))
GLOBAL_UNIT_ASSIGNED_CONTEXT((#2733,#2732,#2731))
REPRESENTATION_CONTEXT('Part 2','TOP_LEVEL_ASSEMBLY_PART')
);
#2730=UNCERTAINTY_MEASURE_WITH_UNIT(LENGTH_MEASURE(2.E-5),#2733,
'DISTANCE_ACCURACY_VALUE','Maximum Tolerance applied to model');
#2731=(
NAMED_UNIT(*)
SI_UNIT($,.STERADIAN.)
SOLID_ANGLE_UNIT()
);
#2732=(
NAMED_UNIT(*)
PLANE_ANGLE_UNIT()
SI_UNIT($,.RADIAN.)
);
#2733=(
LENGTH_UNIT()
NAMED_UNIT(*)
SI_UNIT($,.METRE.)
);
#2734=PRODUCT_DEFINITION_SHAPE('','',#2735);
#2735=PRODUCT_DEFINITION('','',#2737,#2736);
#2736=PRODUCT_DEFINITION_CONTEXT('',#2743,'design');
#2737=PRODUCT_DEFINITION_FORMATION_WITH_SPECIFIED_SOURCE('','',#2739,
 .NOT_KNOWN.);
#2738=PRODUCT_RELATED_PRODUCT_CATEGORY('','',(#2739));
#2739=PRODUCT('Part 2','Part 2','Part 2',(#2741));
#2740=PRODUCT_CATEGORY('','');
#2741=PRODUCT_CONTEXT('',#2743,'mechanical');
#2742=APPLICATION_PROTOCOL_DEFINITION('international standard',
'ap242_managed_model_based_3d_engineering',2020,#2743);
#2743=APPLICATION_CONTEXT('managed model based 3d engineering');
ENDSEC;
END-ISO-10303-21;
